index,true_label,pred_label,prob_class0,prob_class1,prob_class2,prob_class3
32454,0,0,1.000000,0.000000,0.000000,0.000000
845,3,3,0.000001,0.000016,0.000001,0.999982
24570,0,0,1.000000,0.000000,0.000000,0.000000
21936,0,0,1.000000,0.000000,0.000000,0.000000
2159,3,3,0.000017,0.000000,0.000004,0.999979
2596,3,3,0.000001,0.000002,0.000001,0.999997
14825,1,1,0.000016,0.999959,0.000003,0.000021
15362,1,1,0.000011,0.999973,0.000002,0.000014
4508,3,3,0.000000,0.000002,0.000001,0.999998
10927,1,1,0.000004,0.999984,0.000000,0.000012
7678,2,2,0.000001,0.000025,0.999961,0.000013
22184,0,0,1.000000,0.000000,0.000000,0.000000
6459,3,3,0.060158,0.000010,0.000186,0.939646
27708,0,0,1.000000,0.000000,0.000000,0.000000
1279,3,3,0.000008,0.000003,0.000004,0.999985
4722,3,3,0.000001,0.000002,0.000002,0.999995
3023,3,3,0.000010,0.000002,0.000004,0.999983
18777,1,1,0.000007,0.999983,0.000001,0.000009
16222,1,1,0.000010,0.999976,0.000002,0.000012
8335,2,2,0.000000,0.000012,0.999976,0.000012
13134,1,1,0.000003,0.999994,0.000001,0.000002
20518,1,1,0.000004,0.999989,0.000001,0.000005
8235,2,2,0.000003,0.000036,0.999824,0.000137
10520,1,1,0.000006,0.999976,0.000000,0.000017
30053,0,0,1.000000,0.000000,0.000000,0.000000
5965,3,3,0.061029,0.000010,0.000189,0.938772
18304,1,1,0.000020,0.999946,0.000002,0.000031
28066,0,0,1.000000,0.000000,0.000000,0.000000
20410,1,1,0.000010,0.999974,0.000001,0.000014
16174,1,1,0.000035,0.999907,0.000004,0.000053
9924,1,1,0.000005,0.999979,0.000000,0.000016
28207,0,0,1.000000,0.000000,0.000000,0.000000
52,3,3,0.000001,0.000002,0.000001,0.999997
3325,3,3,0.000002,0.000002,0.000002,0.999994
29174,0,0,1.000000,0.000000,0.000000,0.000000
3246,3,3,0.000001,0.000002,0.000001,0.999996
16414,1,1,0.000022,0.999942,0.000002,0.000033
33042,0,0,0.946397,0.000031,0.000080,0.053493
878,3,3,0.000001,0.000002,0.000001,0.999995
32304,0,0,1.000000,0.000000,0.000000,0.000000
24099,0,0,1.000000,0.000000,0.000000,0.000000
1115,3,3,0.000000,0.000002,0.000001,0.999997
19267,1,1,0.000025,0.999937,0.000003,0.000035
9537,1,1,0.000017,0.999959,0.000003,0.000020
14849,1,1,0.000002,0.999996,0.000001,0.000002
636,3,3,0.000004,0.000005,0.000003,0.999989
23951,0,0,1.000000,0.000000,0.000000,0.000000
4062,3,3,0.000001,0.000003,0.000001,0.999995
7494,2,2,0.000023,0.001036,0.998810,0.000132
17419,1,1,0.000024,0.999936,0.000002,0.000038
31265,0,0,1.000000,0.000000,0.000000,0.000000
6717,2,2,0.000002,0.000037,0.999929,0.000033
4566,3,3,0.000000,0.000001,0.000001,0.999998
18291,1,1,0.000027,0.999927,0.000003,0.000043
5743,3,3,0.063404,0.000011,0.000196,0.936388
32802,0,0,1.000000,0.000000,0.000000,0.000000
19540,1,1,0.000007,0.999983,0.000002,0.000008
5601,3,3,0.060904,0.000010,0.000189,0.938896
14652,1,1,0.000016,0.999961,0.000006,0.000017
10268,1,1,0.000005,0.999980,0.000000,0.000016
939,3,3,0.000000,0.000010,0.000001,0.999990
28187,0,0,1.000000,0.000000,0.000000,0.000000
31220,0,0,1.000000,0.000000,0.000000,0.000000
735,3,3,0.000001,0.000004,0.000001,0.999994
29977,0,0,1.000000,0.000000,0.000000,0.000000
26733,0,0,1.000000,0.000000,0.000000,0.000000
25365,0,0,1.000000,0.000000,0.000000,0.000000
30564,0,0,1.000000,0.000000,0.000000,0.000000
1709,3,3,0.000001,0.000004,0.000001,0.999994
21062,1,1,0.000018,0.999958,0.000003,0.000022
335,3,3,0.000000,0.000001,0.000001,0.999998
6241,3,3,0.061786,0.000010,0.000187,0.938017
16772,1,1,0.000030,0.999927,0.000005,0.000038
10364,1,1,0.000006,0.999976,0.000000,0.000017
16798,1,1,0.000022,0.999945,0.000003,0.000030
17035,1,1,0.000041,0.999882,0.000005,0.000072
2698,3,3,0.000002,0.000003,0.000002,0.999994
29636,0,0,1.000000,0.000000,0.000000,0.000000
9904,1,1,0.000007,0.999969,0.000000,0.000023
91,3,3,0.000427,0.001898,0.000043,0.997633
5578,3,3,0.064265,0.000011,0.000192,0.935532
12758,1,1,0.000007,0.999961,0.000000,0.000031
21404,0,0,1.000000,0.000000,0.000000,0.000000
32357,0,0,1.000000,0.000000,0.000000,0.000000
18956,1,1,0.000044,0.999871,0.000004,0.000081
7059,2,2,0.000001,0.000020,0.999956,0.000023
6792,2,2,0.000006,0.000106,0.999790,0.000099
14755,1,1,0.000003,0.999993,0.000001,0.000003
3077,3,3,0.000001,0.000002,0.000001,0.999997
31083,0,0,1.000000,0.000000,0.000000,0.000000
13376,1,1,0.000009,0.999977,0.000001,0.000012
15503,1,1,0.000005,0.999987,0.000001,0.000006
506,3,3,0.000000,0.000003,0.000001,0.999996
908,3,3,0.000001,0.000006,0.000001,0.999992
1182,3,3,0.000000,0.000003,0.000001,0.999996
19159,1,1,0.000019,0.999950,0.000002,0.000029
13799,1,1,0.000018,0.999947,0.000001,0.000034
10612,1,1,0.000005,0.999978,0.000000,0.000017
31273,0,0,1.000000,0.000000,0.000000,0.000000
29526,0,0,1.000000,0.000000,0.000000,0.000000
12695,1,1,0.000087,0.999345,0.000005,0.000564
906,3,3,0.000001,0.000003,0.000003,0.999993
5238,3,3,0.190319,0.000014,0.000213,0.809454
620,3,3,0.000001,0.000006,0.000001,0.999991
28718,0,0,1.000000,0.000000,0.000000,0.000000
15885,1,1,0.000005,0.999988,0.000001,0.000005
31453,0,0,1.000000,0.000000,0.000000,0.000000
5334,3,3,0.178939,0.000013,0.000203,0.820845
1755,3,3,0.000000,0.000002,0.000001,0.999997
8425,2,2,0.000000,0.000010,0.999982,0.000008
11365,1,1,0.000006,0.999976,0.000000,0.000018
8052,2,2,0.000001,0.000024,0.999947,0.000028
21756,0,0,1.000000,0.000000,0.000000,0.000000
20816,1,1,0.000011,0.999975,0.000001,0.000013
32057,0,0,1.000000,0.000000,0.000000,0.000000
277,3,3,0.000002,0.000020,0.000002,0.999977
27245,0,0,1.000000,0.000000,0.000000,0.000000
29408,0,0,1.000000,0.000000,0.000000,0.000000
15019,1,1,0.000012,0.999971,0.000003,0.000014
28396,0,0,1.000000,0.000000,0.000000,0.000000
21465,0,0,1.000000,0.000000,0.000000,0.000000
12029,1,1,0.000006,0.999981,0.000001,0.000012
3176,3,3,0.000005,0.000002,0.000003,0.999990
14919,1,1,0.000024,0.999937,0.000004,0.000035
29603,0,0,1.000000,0.000000,0.000000,0.000000
15439,1,1,0.000020,0.999953,0.000004,0.000024
20439,1,1,0.000018,0.999958,0.000003,0.000021
21381,1,1,0.000046,0.999860,0.000003,0.000091
7398,2,2,0.000001,0.000036,0.999947,0.000016
30371,0,0,1.000000,0.000000,0.000000,0.000000
14700,1,1,0.000002,0.999996,0.000001,0.000001
10108,1,1,0.000007,0.999971,0.000000,0.000022
11789,1,1,0.000008,0.999966,0.000000,0.000026
9069,2,2,0.000001,0.000040,0.999943,0.000016
15073,1,1,0.000009,0.999978,0.000002,0.000011
30728,0,0,1.000000,0.000000,0.000000,0.000000
32611,0,0,1.000000,0.000000,0.000000,0.000000
13399,1,1,0.000011,0.999971,0.000001,0.000017
1591,3,3,0.000003,0.000012,0.000002,0.999983
14609,1,1,0.000017,0.999957,0.000004,0.000022
28678,0,0,1.000000,0.000000,0.000000,0.000000
20883,1,1,0.000012,0.999969,0.000002,0.000017
23329,0,0,1.000000,0.000000,0.000000,0.000000
12485,1,1,0.000008,0.999962,0.000000,0.000029
8943,2,2,0.000027,0.001410,0.998444,0.000120
22354,0,0,1.000000,0.000000,0.000000,0.000000
24188,0,0,1.000000,0.000000,0.000000,0.000000
6937,2,2,0.000001,0.000033,0.999947,0.000020
2901,3,3,0.000000,0.000001,0.000001,0.999997
12085,1,1,0.000015,0.999940,0.000001,0.000043
22151,0,0,1.000000,0.000000,0.000000,0.000000
27541,0,0,1.000000,0.000000,0.000000,0.000000
23756,0,0,1.000000,0.000000,0.000000,0.000000
16482,1,1,0.000024,0.999942,0.000004,0.000030
31202,0,0,1.000000,0.000000,0.000000,0.000000
11243,1,1,0.000006,0.999977,0.000000,0.000017
20590,1,1,0.000009,0.999978,0.000002,0.000011
1011,3,3,0.000001,0.000003,0.000002,0.999994
9595,1,1,0.000027,0.999884,0.000002,0.000087
28329,0,0,1.000000,0.000000,0.000000,0.000000
11728,1,1,0.000006,0.999969,0.000000,0.000024
18027,1,1,0.000019,0.999953,0.000002,0.000026
587,3,3,0.000004,0.000015,0.000002,0.999978
32755,0,0,1.000000,0.000000,0.000000,0.000000
32593,0,0,1.000000,0.000000,0.000000,0.000000
9467,1,1,0.000022,0.999941,0.000003,0.000034
3415,3,3,0.000001,0.000002,0.000001,0.999996
19039,1,1,0.000023,0.999942,0.000003,0.000033
2120,3,3,0.000533,0.000000,0.000006,0.999462
29716,0,0,1.000000,0.000000,0.000000,0.000000
27473,0,0,1.000000,0.000000,0.000000,0.000000
24314,0,0,1.000000,0.000000,0.000000,0.000000
16027,1,1,0.000019,0.999955,0.000002,0.000024
8997,2,2,0.000000,0.000014,0.999979,0.000007
31407,0,0,1.000000,0.000000,0.000000,0.000000
17051,1,1,0.000029,0.999926,0.000003,0.000042
12971,1,1,0.000035,0.999897,0.000003,0.000065
32986,0,0,0.944559,0.000033,0.000084,0.055325
8069,2,2,0.000000,0.000013,0.999977,0.000010
22515,0,0,1.000000,0.000000,0.000000,0.000000
30145,0,0,1.000000,0.000000,0.000000,0.000000
4860,3,3,0.000001,0.000001,0.000001,0.999997
15598,1,1,0.000011,0.999974,0.000003,0.000012
18142,1,1,0.000014,0.999965,0.000002,0.000019
5906,3,3,0.061014,0.000010,0.000191,0.938784
14980,1,1,0.000012,0.999972,0.000002,0.000014
22339,0,0,1.000000,0.000000,0.000000,0.000000
19562,1,1,0.000013,0.999970,0.000002,0.000015
23553,0,0,1.000000,0.000000,0.000000,0.000000
28036,0,0,1.000000,0.000000,0.000000,0.000000
13837,1,1,0.000012,0.999971,0.000002,0.000016
1521,3,3,0.000002,0.000002,0.000002,0.999994
29729,0,0,1.000000,0.000000,0.000000,0.000000
3199,3,3,0.000001,0.000002,0.000001,0.999997
5631,3,3,0.063157,0.000011,0.000192,0.936640
5141,3,3,0.208650,0.000014,0.000212,0.791124
3678,3,3,0.000001,0.000000,0.000001,0.999997
11977,1,1,0.000006,0.999969,0.000000,0.000025
10615,1,1,0.000005,0.999977,0.000000,0.000018
9331,1,1,0.000025,0.999941,0.000004,0.000030
6084,3,3,0.059904,0.000010,0.000186,0.939900
24908,0,0,1.000000,0.000000,0.000000,0.000000
10344,1,1,0.000007,0.999974,0.000000,0.000019
8590,2,2,0.000000,0.000011,0.999983,0.000006
29712,0,0,1.000000,0.000000,0.000000,0.000000
6687,2,2,0.000001,0.000026,0.999956,0.000017
5773,3,3,0.058857,0.000010,0.000190,0.940943
23990,0,0,1.000000,0.000000,0.000000,0.000000
13157,1,1,0.000014,0.999960,0.000001,0.000025
3877,3,3,0.000002,0.000007,0.000002,0.999989
24887,0,0,1.000000,0.000000,0.000000,0.000000
15732,1,1,0.000018,0.999952,0.000003,0.000027
27848,0,0,1.000000,0.000000,0.000000,0.000000
2419,3,3,0.000009,0.000003,0.000006,0.999983
5968,3,3,0.061742,0.000010,0.000190,0.938058
18993,1,1,0.000014,0.999963,0.000002,0.000022
26640,0,0,1.000000,0.000000,0.000000,0.000000
15482,1,1,0.000007,0.999984,0.000003,0.000006
7271,2,2,0.000000,0.000011,0.999982,0.000007
10872,1,1,0.000006,0.999972,0.000000,0.000021
14256,1,1,0.000026,0.999926,0.000004,0.000044
3739,3,3,0.000001,0.000001,0.000001,0.999997
3694,3,3,0.000000,0.000001,0.000001,0.999998
32580,0,0,1.000000,0.000000,0.000000,0.000000
16505,1,1,0.000024,0.999934,0.000003,0.000039
9659,1,1,0.000011,0.999975,0.000001,0.000013
29364,0,0,1.000000,0.000000,0.000000,0.000000
2274,3,3,0.000034,0.000006,0.000017,0.999943
23949,0,0,1.000000,0.000000,0.000000,0.000000
1858,3,3,0.000001,0.000002,0.000001,0.999997
21139,1,1,0.000012,0.999971,0.000002,0.000015
19228,1,1,0.000023,0.999946,0.000003,0.000028
11153,1,1,0.000004,0.999983,0.000000,0.000013
18869,1,1,0.000036,0.999891,0.000003,0.000069
3684,3,3,0.000000,0.000001,0.000001,0.999998
10003,1,1,0.000009,0.999972,0.000001,0.000019
7958,2,2,0.000000,0.000011,0.999981,0.000008
19013,1,1,0.000029,0.999924,0.000004,0.000042
18549,1,1,0.000018,0.999956,0.000003,0.000024
27663,0,0,1.000000,0.000000,0.000000,0.000000
16356,1,1,0.000015,0.999963,0.000002,0.000019
4216,3,3,0.000000,0.000001,0.000001,0.999998
5107,3,3,0.000018,0.000034,0.000010,0.999938
7523,2,2,0.000000,0.000014,0.999975,0.000010
1666,3,3,0.000001,0.000005,0.000001,0.999993
32407,0,0,1.000000,0.000000,0.000000,0.000000
26200,0,0,1.000000,0.000000,0.000000,0.000000
18094,1,1,0.000005,0.999989,0.000001,0.000006
29910,0,0,1.000000,0.000000,0.000000,0.000000
11259,1,1,0.000006,0.999969,0.000000,0.000024
6145,3,3,0.062927,0.000011,0.000192,0.936871
10030,1,1,0.000005,0.999977,0.000000,0.000018
31646,0,0,1.000000,0.000000,0.000000,0.000000
11325,1,1,0.000005,0.999977,0.000000,0.000017
18328,1,1,0.000016,0.999959,0.000002,0.000022
522,3,3,0.000008,0.000008,0.000004,0.999981
32326,0,0,1.000000,0.000000,0.000000,0.000000
28384,0,0,1.000000,0.000000,0.000000,0.000000
7300,2,2,0.000000,0.000017,0.999974,0.000009
24902,0,0,1.000000,0.000000,0.000000,0.000000
9837,1,1,0.000010,0.999967,0.000001,0.000022
19861,1,1,0.000015,0.999963,0.000003,0.000019
27620,0,0,1.000000,0.000000,0.000000,0.000000
4709,3,3,0.000000,0.000001,0.000001,0.999998
17706,1,1,0.000018,0.999958,0.000002,0.000023
20081,1,1,0.000027,0.999931,0.000003,0.000039
6884,2,2,0.000000,0.000013,0.999977,0.000010
32891,0,0,0.952323,0.000036,0.000077,0.047565
10134,1,1,0.000005,0.999973,0.000000,0.000022
26427,0,0,1.000000,0.000000,0.000000,0.000000
2329,3,3,0.000049,0.000001,0.000027,0.999923
30598,0,0,1.000000,0.000000,0.000000,0.000000
24036,0,0,1.000000,0.000000,0.000000,0.000000
13251,1,1,0.000037,0.999883,0.000003,0.000077
5441,3,3,0.110347,0.000011,0.000189,0.889454
7017,2,2,0.000001,0.000020,0.999963,0.000016
22891,0,0,1.000000,0.000000,0.000000,0.000000
24564,0,0,1.000000,0.000000,0.000000,0.000000
29570,0,0,1.000000,0.000000,0.000000,0.000000
32379,0,0,1.000000,0.000000,0.000000,0.000000
17167,1,1,0.000020,0.999949,0.000002,0.000029
27082,0,0,1.000000,0.000000,0.000000,0.000000
32682,0,0,1.000000,0.000000,0.000000,0.000000
589,3,3,0.000005,0.000009,0.000003,0.999984
20946,1,1,0.000008,0.999981,0.000001,0.000010
270,3,3,0.000397,0.000156,0.000062,0.999384
2042,3,3,0.000002,0.000008,0.000002,0.999988
9965,1,1,0.000006,0.999976,0.000000,0.000017
18554,1,1,0.000027,0.999926,0.000003,0.000044
28158,0,0,1.000000,0.000000,0.000000,0.000000
29473,0,0,1.000000,0.000000,0.000000,0.000000
24322,0,0,1.000000,0.000000,0.000000,0.000000
15275,1,1,0.000003,0.999993,0.000000,0.000004
30306,0,0,1.000000,0.000000,0.000000,0.000000
32064,0,0,1.000000,0.000000,0.000000,0.000000
24827,0,0,1.000000,0.000000,0.000000,0.000000
12904,1,1,0.000012,0.999956,0.000001,0.000031
30387,0,0,1.000000,0.000000,0.000000,0.000000
18513,1,1,0.000027,0.999926,0.000003,0.000043
3323,3,3,0.000001,0.000003,0.000001,0.999994
106,3,3,0.000009,0.000010,0.000004,0.999977
11501,1,1,0.000006,0.999972,0.000000,0.000021
31598,0,0,1.000000,0.000000,0.000000,0.000000
22593,0,0,1.000000,0.000000,0.000000,0.000000
12373,1,1,0.000007,0.999971,0.000000,0.000022
19357,1,1,0.000035,0.999903,0.000003,0.000059
21597,0,0,1.000000,0.000000,0.000000,0.000000
16434,1,1,0.000025,0.999933,0.000004,0.000037
15324,1,1,0.000030,0.999919,0.000003,0.000048
20944,1,1,0.000017,0.999959,0.000003,0.000021
26211,0,0,1.000000,0.000000,0.000000,0.000000
22575,0,0,1.000000,0.000000,0.000000,0.000000
1911,3,3,0.000000,0.000000,0.000000,1.000000
26459,0,0,1.000000,0.000000,0.000000,0.000000
20928,1,1,0.000026,0.999933,0.000004,0.000036
25646,0,0,1.000000,0.000000,0.000000,0.000000
10067,1,1,0.000006,0.999974,0.000000,0.000019
5799,3,3,0.056895,0.000010,0.000184,0.942910
412,3,3,0.000001,0.000002,0.000001,0.999997
27711,0,0,1.000000,0.000000,0.000000,0.000000
31917,0,0,1.000000,0.000000,0.000000,0.000000
6920,2,2,0.000000,0.000016,0.999976,0.000007
6992,2,2,0.000001,0.000033,0.999937,0.000028
23266,0,0,1.000000,0.000000,0.000000,0.000000
32535,0,0,1.000000,0.000000,0.000000,0.000000
17959,1,1,0.000013,0.999968,0.000002,0.000018
6673,2,2,0.000001,0.000022,0.999965,0.000013
26901,0,0,1.000000,0.000000,0.000000,0.000000
19650,1,1,0.000018,0.999952,0.000003,0.000027
15279,1,1,0.000015,0.999965,0.000003,0.000018
30228,0,0,1.000000,0.000000,0.000000,0.000000
29058,0,0,1.000000,0.000000,0.000000,0.000000
21084,1,1,0.000017,0.999958,0.000003,0.000022
15388,1,1,0.000005,0.999989,0.000001,0.000006
6901,2,2,0.000001,0.000031,0.999947,0.000020
16242,1,1,0.000022,0.999943,0.000002,0.000033
20441,1,1,0.000018,0.999956,0.000002,0.000024
9460,1,1,0.000010,0.999978,0.000002,0.000011
19325,1,1,0.000023,0.999942,0.000003,0.000032
18680,1,1,0.000036,0.999901,0.000004,0.000059
22632,0,0,1.000000,0.000000,0.000000,0.000000
22697,0,0,1.000000,0.000000,0.000000,0.000000
22940,0,0,1.000000,0.000000,0.000000,0.000000
21072,1,1,0.000017,0.999958,0.000002,0.000023
17486,1,1,0.000046,0.999877,0.000006,0.000071
24880,0,0,1.000000,0.000000,0.000000,0.000000
964,3,3,0.000000,0.000007,0.000001,0.999992
26128,0,0,1.000000,0.000000,0.000000,0.000000
13259,1,1,0.000020,0.999954,0.000003,0.000023
7214,2,2,0.000000,0.000015,0.999977,0.000007
27767,0,0,1.000000,0.000000,0.000000,0.000000
27626,0,0,1.000000,0.000000,0.000000,0.000000
2154,3,3,0.000169,0.000000,0.000028,0.999803
19476,1,1,0.000015,0.999962,0.000002,0.000020
6662,2,2,0.000001,0.000020,0.999965,0.000015
25534,0,0,1.000000,0.000000,0.000000,0.000000
32507,0,0,1.000000,0.000000,0.000000,0.000000
15015,1,1,0.000003,0.999994,0.000001,0.000002
33067,0,0,0.934392,0.000031,0.000092,0.065485
3778,3,3,0.000001,0.000003,0.000001,0.999995
25078,0,0,1.000000,0.000000,0.000000,0.000000
6494,3,3,0.062737,0.000010,0.000190,0.937063
14590,1,1,0.000027,0.999925,0.000004,0.000044
3521,3,3,0.000002,0.000000,0.000003,0.999995
28542,0,0,1.000000,0.000000,0.000000,0.000000
8324,2,2,0.000002,0.000028,0.999915,0.000056
24739,0,0,1.000000,0.000000,0.000000,0.000000
6372,3,3,0.063834,0.000011,0.000194,0.935962
19332,1,1,0.000021,0.999951,0.000003,0.000025
33263,0,0,0.929743,0.000033,0.000100,0.070124
5900,3,3,0.063398,0.000011,0.000193,0.936398
10018,1,1,0.000005,0.999976,0.000000,0.000019
27010,0,0,1.000000,0.000000,0.000000,0.000000
6340,3,3,0.061951,0.000011,0.000191,0.937847
9802,1,1,0.000007,0.999975,0.000000,0.000018
9012,2,2,0.000001,0.000027,0.999961,0.000011
10164,1,1,0.000006,0.999976,0.000000,0.000018
30897,0,0,1.000000,0.000000,0.000000,0.000000
33150,0,0,0.939617,0.000034,0.000091,0.060258
27559,0,0,1.000000,0.000000,0.000000,0.000000
15674,1,1,0.000027,0.999938,0.000005,0.000030
6993,2,2,0.000098,0.001367,0.997522,0.001014
30058,0,0,1.000000,0.000000,0.000000,0.000000
23534,0,0,1.000000,0.000000,0.000000,0.000000
24433,0,0,1.000000,0.000000,0.000000,0.000000
32462,0,0,1.000000,0.000000,0.000000,0.000000
3670,3,3,0.000005,0.000000,0.000000,0.999995
6413,3,3,0.062315,0.000011,0.000191,0.937483
19414,1,1,0.000016,0.999959,0.000002,0.000024
28609,0,0,1.000000,0.000000,0.000000,0.000000
16932,1,1,0.000028,0.999924,0.000003,0.000045
11047,1,1,0.000006,0.999979,0.000000,0.000015
17432,1,1,0.000043,0.999883,0.000005,0.000069
29224,0,0,1.000000,0.000000,0.000000,0.000000
5171,3,3,0.200906,0.000014,0.000211,0.798869
25222,0,0,1.000000,0.000000,0.000000,0.000000
23473,0,0,1.000000,0.000000,0.000000,0.000000
30297,0,0,1.000000,0.000000,0.000000,0.000000
6114,3,3,0.062518,0.000011,0.000191,0.937280
28583,0,0,1.000000,0.000000,0.000000,0.000000
31377,0,0,1.000000,0.000000,0.000000,0.000000
28581,0,0,1.000000,0.000000,0.000000,0.000000
26932,0,0,1.000000,0.000000,0.000000,0.000000
29623,0,0,1.000000,0.000000,0.000000,0.000000
6612,2,2,0.000022,0.000266,0.999331,0.000380
26998,0,0,1.000000,0.000000,0.000000,0.000000
2427,3,3,0.000149,0.000001,0.000036,0.999814
25241,0,0,1.000000,0.000000,0.000000,0.000000
12074,1,1,0.000006,0.999974,0.000000,0.000020
29945,0,0,1.000000,0.000000,0.000000,0.000000
17530,1,1,0.000012,0.999971,0.000001,0.000016
27148,0,0,1.000000,0.000000,0.000000,0.000000
23988,0,0,1.000000,0.000000,0.000000,0.000000
15907,1,1,0.000009,0.999978,0.000002,0.000011
25673,0,0,1.000000,0.000000,0.000000,0.000000
1024,3,3,0.000002,0.000006,0.000002,0.999990
14560,1,1,0.000006,0.999987,0.000002,0.000005
27674,0,0,1.000000,0.000000,0.000000,0.000000
16923,1,1,0.000027,0.999928,0.000004,0.000041
11233,1,1,0.000005,0.999981,0.000000,0.000014
22778,0,0,1.000000,0.000000,0.000000,0.000000
28390,0,0,1.000000,0.000000,0.000000,0.000000
22454,0,0,1.000000,0.000000,0.000000,0.000000
22378,0,0,1.000000,0.000000,0.000000,0.000000
18565,1,1,0.000021,0.999948,0.000003,0.000028
24243,0,0,1.000000,0.000000,0.000000,0.000000
31596,0,0,1.000000,0.000000,0.000000,0.000000
29899,0,0,1.000000,0.000000,0.000000,0.000000
9421,1,1,0.000010,0.999976,0.000002,0.000012
4155,3,3,0.000001,0.000001,0.000001,0.999997
25674,0,0,1.000000,0.000000,0.000000,0.000000
14357,1,1,0.000026,0.999928,0.000004,0.000042
13330,1,1,0.000020,0.999944,0.000002,0.000034
15922,1,1,0.000024,0.999941,0.000003,0.000033
24355,0,0,1.000000,0.000000,0.000000,0.000000
19554,1,1,0.000028,0.999925,0.000004,0.000043
16196,1,1,0.000030,0.999921,0.000004,0.000045
20246,1,1,0.000019,0.999954,0.000003,0.000025
22107,0,0,1.000000,0.000000,0.000000,0.000000
4459,3,3,0.000000,0.000001,0.000001,0.999998
18268,1,1,0.000024,0.999940,0.000003,0.000033
8763,2,2,0.000014,0.000101,0.999351,0.000533
28315,0,0,1.000000,0.000000,0.000000,0.000000
13628,1,1,0.000004,0.999992,0.000002,0.000002
6917,2,2,0.000001,0.000019,0.999971,0.000010
32502,0,0,1.000000,0.000000,0.000000,0.000000
26799,0,0,1.000000,0.000000,0.000000,0.000000
8575,2,2,0.000000,0.000014,0.999977,0.000008
22715,0,0,1.000000,0.000000,0.000000,0.000000
4024,3,3,0.000001,0.000001,0.000001,0.999997
21627,0,0,1.000000,0.000000,0.000000,0.000000
17986,1,1,0.000003,0.999993,0.000001,0.000003
3057,3,3,0.000002,0.000005,0.000002,0.999991
29423,0,0,1.000000,0.000000,0.000000,0.000000
8008,2,2,0.000000,0.000011,0.999983,0.000006
19296,1,1,0.000022,0.999946,0.000003,0.000029
16169,1,1,0.000031,0.999918,0.000004,0.000048
12382,1,1,0.000006,0.999976,0.000000,0.000018
27939,0,0,1.000000,0.000000,0.000000,0.000000
19822,1,1,0.000003,0.999994,0.000001,0.000003
3821,3,3,0.000000,0.000001,0.000001,0.999997
5623,3,3,0.062894,0.000011,0.000192,0.936903
31912,0,0,1.000000,0.000000,0.000000,0.000000
13836,1,1,0.000013,0.999966,0.000002,0.000020
15452,1,1,0.000009,0.999977,0.000002,0.000012
24897,0,0,1.000000,0.000000,0.000000,0.000000
2020,3,3,0.000001,0.000002,0.000001,0.999996
7158,2,2,0.000000,0.000018,0.999974,0.000008
7240,2,2,0.000000,0.000012,0.999981,0.000006
12082,1,1,0.000008,0.999965,0.000000,0.000026
1452,3,3,0.000057,0.000038,0.000029,0.999875
8186,2,2,0.000007,0.000182,0.999736,0.000076
30465,0,0,1.000000,0.000000,0.000000,0.000000
14470,1,1,0.000004,0.999992,0.000001,0.000004
33221,0,0,0.943274,0.000030,0.000084,0.056611
23759,0,0,1.000000,0.000000,0.000000,0.000000
24263,0,0,1.000000,0.000000,0.000000,0.000000
17659,1,1,0.000024,0.999939,0.000003,0.000034
13291,1,1,0.000015,0.999959,0.000001,0.000025
28139,0,0,1.000000,0.000000,0.000000,0.000000
2933,3,3,0.000001,0.000001,0.000001,0.999997
9515,1,1,0.000016,0.999964,0.000003,0.000018
7886,2,2,0.000000,0.000011,0.999981,0.000007
22313,0,0,1.000000,0.000000,0.000000,0.000000
31186,0,0,1.000000,0.000000,0.000000,0.000000
26598,0,0,1.000000,0.000000,0.000000,0.000000
28630,0,0,1.000000,0.000000,0.000000,0.000000
1898,3,3,0.000005,0.000001,0.000004,0.999990
28531,0,0,1.000000,0.000000,0.000000,0.000000
21588,0,0,1.000000,0.000000,0.000000,0.000000
5089,3,3,0.000255,0.000154,0.000019,0.999572
13225,1,1,0.000050,0.999832,0.000005,0.000113
4316,3,3,0.000001,0.000002,0.000001,0.999996
8936,2,2,0.000001,0.000016,0.999971,0.000013
23162,0,0,1.000000,0.000000,0.000000,0.000000
6795,2,2,0.000000,0.000012,0.999982,0.000005
14791,1,1,0.000212,0.998984,0.000008,0.000796
7814,2,2,0.000000,0.000011,0.999978,0.000010
13963,1,1,0.000064,0.999735,0.000007,0.000194
26826,0,0,1.000000,0.000000,0.000000,0.000000
2130,3,3,0.000000,0.000000,0.000000,1.000000
14622,1,1,0.000003,0.999995,0.000001,0.000002
24135,0,0,1.000000,0.000000,0.000000,0.000000
9839,1,1,0.000008,0.999971,0.000000,0.000020
20899,1,1,0.000012,0.999971,0.000002,0.000015
30572,0,0,1.000000,0.000000,0.000000,0.000000
23153,0,0,1.000000,0.000000,0.000000,0.000000
14922,1,1,0.000003,0.999993,0.000001,0.000003
5007,3,3,0.000035,0.000004,0.000011,0.999950
8175,2,2,0.000777,0.001713,0.945336,0.052174
9597,1,1,0.000179,0.997738,0.000006,0.002077
30489,0,0,1.000000,0.000000,0.000000,0.000000
32766,0,0,1.000000,0.000000,0.000000,0.000000
17118,1,1,0.000025,0.999933,0.000003,0.000039
27900,0,0,1.000000,0.000000,0.000000,0.000000
33058,0,0,0.953463,0.000028,0.000072,0.046437
30664,0,0,1.000000,0.000000,0.000000,0.000000
21615,0,0,1.000000,0.000000,0.000000,0.000000
8795,2,2,0.000002,0.000037,0.999924,0.000038
27847,0,0,1.000000,0.000000,0.000000,0.000000
18145,1,1,0.000020,0.999946,0.000002,0.000032
32989,0,0,0.946948,0.000031,0.000080,0.052941
7763,2,2,0.000001,0.000016,0.999968,0.000015
4159,3,3,0.000000,0.000001,0.000001,0.999997
25934,0,0,1.000000,0.000000,0.000000,0.000000
3327,3,3,0.000000,0.000001,0.000001,0.999998
32557,0,0,1.000000,0.000000,0.000000,0.000000
22098,0,0,1.000000,0.000000,0.000000,0.000000
29593,0,0,1.000000,0.000000,0.000000,0.000000
8308,2,2,0.000000,0.000015,0.999975,0.000010
3677,3,3,0.000001,0.000000,0.000001,0.999997
26873,0,0,1.000000,0.000000,0.000000,0.000000
879,3,3,0.000001,0.000004,0.000001,0.999994
2748,3,3,0.000001,0.000003,0.000001,0.999996
12053,1,1,0.000008,0.999966,0.000000,0.000025
8903,2,2,0.000001,0.000049,0.999930,0.000020
3588,3,3,0.000000,0.000002,0.000001,0.999997
27440,0,0,1.000000,0.000000,0.000000,0.000000
33242,0,0,0.917718,0.000037,0.000115,0.082130
24995,0,0,1.000000,0.000000,0.000000,0.000000
18895,1,1,0.000014,0.999963,0.000002,0.000021
27046,0,0,1.000000,0.000000,0.000000,0.000000
27670,0,0,1.000000,0.000000,0.000000,0.000000
13403,1,1,0.000026,0.999934,0.000003,0.000036
28577,0,0,1.000000,0.000000,0.000000,0.000000
20936,1,1,0.000019,0.999952,0.000003,0.000027
16145,1,1,0.000026,0.999933,0.000003,0.000038
30954,0,0,1.000000,0.000000,0.000000,0.000000
5585,3,3,0.059564,0.000010,0.000187,0.940239
22511,0,0,1.000000,0.000000,0.000000,0.000000
2876,3,3,0.000015,0.000001,0.000006,0.999978
5399,3,3,0.172868,0.000013,0.000204,0.826915
32944,0,0,0.950602,0.000033,0.000077,0.049288
32667,0,0,1.000000,0.000000,0.000000,0.000000
5240,3,3,0.194415,0.000014,0.000213,0.805358
18593,1,1,0.000017,0.999956,0.000002,0.000024
19299,1,1,0.000028,0.999922,0.000003,0.000046
1878,3,3,0.000002,0.000001,0.000002,0.999995
16879,1,1,0.000016,0.999962,0.000002,0.000021
15788,1,1,0.000026,0.999934,0.000004,0.000037
16571,1,1,0.000029,0.999920,0.000003,0.000048
1901,3,3,0.000051,0.000001,0.000018,0.999930
26614,0,0,1.000000,0.000000,0.000000,0.000000
26667,0,0,1.000000,0.000000,0.000000,0.000000
1466,3,3,0.000008,0.000012,0.000005,0.999976
24767,0,0,1.000000,0.000000,0.000000,0.000000
28450,0,0,1.000000,0.000000,0.000000,0.000000
25498,0,0,1.000000,0.000000,0.000000,0.000000
22290,0,0,1.000000,0.000000,0.000000,0.000000
6572,2,3,0.000177,0.000052,0.000058,0.999713
8695,2,2,0.000002,0.000034,0.999920,0.000045
2043,3,3,0.000001,0.000003,0.000001,0.999995
8716,2,2,0.000001,0.000015,0.999969,0.000016
29625,0,0,1.000000,0.000000,0.000000,0.000000
1353,3,3,0.000000,0.000003,0.000000,0.999997
15338,1,1,0.000002,0.999996,0.000001,0.000001
31758,0,0,1.000000,0.000000,0.000000,0.000000
26639,0,0,1.000000,0.000000,0.000000,0.000000
18000,1,1,0.000014,0.999965,0.000002,0.000019
9751,1,1,0.000005,0.999976,0.000000,0.000019
15686,1,1,0.000017,0.999957,0.000003,0.000023
6334,3,3,0.070164,0.000012,0.000202,0.929622
27362,0,0,1.000000,0.000000,0.000000,0.000000
2982,3,3,0.000056,0.000001,0.000019,0.999923
12928,1,1,0.000005,0.999987,0.000001,0.000007
17698,1,1,0.000010,0.999973,0.000001,0.000015
4967,3,3,0.000004,0.000007,0.000002,0.999987
15424,1,1,0.000010,0.999975,0.000002,0.000012
14999,1,1,0.000006,0.999985,0.000001,0.000008
15618,1,1,0.000010,0.999975,0.000002,0.000013
22883,0,0,1.000000,0.000000,0.000000,0.000000
9169,1,1,0.000036,0.999859,0.000003,0.000102
11517,1,1,0.000005,0.999969,0.000000,0.000025
13731,1,1,0.000349,0.998342,0.000078,0.001230
5332,3,3,0.178852,0.000013,0.000203,0.820931
17018,1,1,0.000020,0.999952,0.000003,0.000025
11647,1,1,0.000006,0.999971,0.000000,0.000023
29982,0,0,1.000000,0.000000,0.000000,0.000000
28812,0,0,1.000000,0.000000,0.000000,0.000000
18151,1,1,0.000019,0.999950,0.000002,0.000028
32434,0,0,1.000000,0.000000,0.000000,0.000000
10967,1,1,0.000006,0.999977,0.000000,0.000017
23547,0,0,1.000000,0.000000,0.000000,0.000000
8541,2,2,0.000002,0.000032,0.999874,0.000092
12499,1,1,0.000007,0.999969,0.000000,0.000024
11767,1,1,0.000106,0.999677,0.000028,0.000189
10193,1,1,0.000007,0.999971,0.000000,0.000022
21176,1,1,0.000011,0.999972,0.000002,0.000015
30540,0,0,1.000000,0.000000,0.000000,0.000000
7268,2,2,0.000000,0.000011,0.999980,0.000009
19703,1,1,0.000018,0.999955,0.000003,0.000023
9549,1,1,0.000034,0.999916,0.000006,0.000044
13908,1,1,0.000012,0.999973,0.000002,0.000014
11077,1,1,0.000008,0.999966,0.000000,0.000026
11773,1,1,0.000007,0.999971,0.000000,0.000022
2711,3,3,0.000003,0.000003,0.000003,0.999991
13460,1,1,0.000005,0.999989,0.000001,0.000006
12809,1,1,0.000006,0.999971,0.000000,0.000023
9655,1,1,0.000005,0.999988,0.000001,0.000006
7971,2,2,0.000001,0.000014,0.999971,0.000015
31332,0,0,1.000000,0.000000,0.000000,0.000000
3187,3,3,0.000003,0.000006,0.000002,0.999989
29352,0,0,1.000000,0.000000,0.000000,0.000000
7934,2,2,0.000001,0.000013,0.999970,0.000016
18542,1,1,0.000029,0.999916,0.000003,0.000052
8345,2,2,0.000001,0.000022,0.999944,0.000032
24577,0,0,1.000000,0.000000,0.000000,0.000000
15040,1,1,0.000002,0.999996,0.000001,0.000001
22833,0,0,1.000000,0.000000,0.000000,0.000000
22691,0,0,1.000000,0.000000,0.000000,0.000000
6768,2,2,0.000004,0.000073,0.999846,0.000077
30027,0,0,1.000000,0.000000,0.000000,0.000000
21088,1,1,0.000014,0.999966,0.000003,0.000017
20633,1,1,0.000025,0.999935,0.000003,0.000036
16872,1,1,0.000015,0.999965,0.000002,0.000018
11847,1,1,0.000007,0.999967,0.000000,0.000026
27125,0,0,1.000000,0.000000,0.000000,0.000000
27991,0,0,1.000000,0.000000,0.000000,0.000000
23031,0,0,1.000000,0.000000,0.000000,0.000000
21040,1,1,0.000018,0.999956,0.000003,0.000023
19386,1,1,0.000020,0.999950,0.000002,0.000028
11457,1,1,0.000006,0.999976,0.000000,0.000018
14616,1,1,0.000040,0.999882,0.000007,0.000071
20987,1,1,0.000025,0.999938,0.000004,0.000034
4961,3,3,0.000011,0.000024,0.000003,0.999962
13583,1,1,0.000020,0.999947,0.000002,0.000031
7391,2,2,0.000000,0.000016,0.999975,0.000009
31771,0,0,1.000000,0.000000,0.000000,0.000000
12575,1,1,0.000006,0.999974,0.000000,0.000020
1603,3,3,0.000001,0.000002,0.000001,0.999996
26476,0,0,1.000000,0.000000,0.000000,0.000000
24282,0,0,1.000000,0.000000,0.000000,0.000000
6986,2,2,0.000000,0.000014,0.999975,0.000011
550,3,3,0.000003,0.000001,0.000003,0.999992
23982,0,0,1.000000,0.000000,0.000000,0.000000
1478,3,3,0.000016,0.000001,0.000007,0.999976
2193,3,3,0.000002,0.000001,0.000002,0.999995
29318,0,0,1.000000,0.000000,0.000000,0.000000
20646,1,1,0.000029,0.999921,0.000004,0.000047
15328,1,1,0.000043,0.999913,0.000005,0.000040
23183,0,0,1.000000,0.000000,0.000000,0.000000
11441,1,1,0.000005,0.999975,0.000000,0.000020
32706,0,0,1.000000,0.000000,0.000000,0.000000
8798,2,2,0.000008,0.000119,0.999707,0.000166
33215,0,0,0.924530,0.000038,0.000110,0.075321
3084,3,3,0.000001,0.000001,0.000001,0.999997
5701,3,3,0.059164,0.000011,0.000196,0.940629
19387,1,1,0.000024,0.999935,0.000003,0.000039
30496,0,0,1.000000,0.000000,0.000000,0.000000
761,3,3,0.000006,0.000006,0.000005,0.999982
22951,0,0,1.000000,0.000000,0.000000,0.000000
3509,3,3,0.000001,0.000003,0.000001,0.999996
22169,0,0,1.000000,0.000000,0.000000,0.000000
31153,0,0,1.000000,0.000000,0.000000,0.000000
16437,1,1,0.000046,0.999864,0.000005,0.000085
21097,1,1,0.000015,0.999962,0.000002,0.000020
2513,3,3,0.000020,0.000000,0.000005,0.999976
11009,1,1,0.000006,0.999974,0.000000,0.000019
27163,0,0,1.000000,0.000000,0.000000,0.000000
32424,0,0,1.000000,0.000000,0.000000,0.000000
315,3,3,0.000001,0.000002,0.000001,0.999996
5088,3,3,0.000008,0.000013,0.000003,0.999976
664,3,3,0.000000,0.000002,0.000001,0.999997
6706,2,2,0.000004,0.000060,0.999803,0.000133
30641,0,0,1.000000,0.000000,0.000000,0.000000
32843,0,0,1.000000,0.000000,0.000000,0.000000
14249,1,1,0.000021,0.999954,0.000003,0.000022
2959,3,3,0.000000,0.000001,0.000001,0.999997
7160,2,2,0.000000,0.000017,0.999976,0.000007
16012,1,1,0.000026,0.999931,0.000004,0.000038
6818,2,2,0.000014,0.000177,0.999547,0.000262
15145,1,1,0.000002,0.999996,0.000001,0.000001
25935,0,0,1.000000,0.000000,0.000000,0.000000
2611,3,3,0.000027,0.000042,0.000015,0.999917
15380,1,1,0.000006,0.999987,0.000001,0.000006
29084,0,0,1.000000,0.000000,0.000000,0.000000
12338,1,1,0.000006,0.999974,0.000000,0.000020
13334,1,1,0.000014,0.999966,0.000002,0.000018
24131,0,0,1.000000,0.000000,0.000000,0.000000
6727,2,2,0.000001,0.000027,0.999949,0.000023
10506,1,1,0.000003,0.999989,0.000000,0.000008
12665,1,1,0.000008,0.999964,0.000000,0.000027
2290,3,3,0.000034,0.000008,0.000021,0.999937
24381,0,0,1.000000,0.000000,0.000000,0.000000
14189,1,1,0.000007,0.999984,0.000002,0.000007
3188,3,3,0.000002,0.000003,0.000002,0.999994
6331,3,3,0.066772,0.000011,0.000203,0.933014
18589,1,1,0.000012,0.999969,0.000001,0.000018
18389,1,1,0.000011,0.999974,0.000002,0.000013
21516,0,0,1.000000,0.000000,0.000000,0.000000
28426,0,0,1.000000,0.000000,0.000000,0.000000
13890,1,1,0.000057,0.999863,0.000007,0.000073
21849,0,0,1.000000,0.000000,0.000000,0.000000
16114,1,1,0.000025,0.999937,0.000003,0.000035
23095,0,0,1.000000,0.000000,0.000000,0.000000
14027,1,1,0.000025,0.999932,0.000004,0.000039
28128,0,0,1.000000,0.000000,0.000000,0.000000
518,3,3,0.000001,0.000002,0.000001,0.999996
20411,1,1,0.000008,0.999980,0.000001,0.000010
2421,3,3,0.000040,0.000012,0.000014,0.999934
14927,1,1,0.000003,0.999993,0.000001,0.000003
9318,1,1,0.000024,0.999948,0.000005,0.000023
7563,2,2,0.000001,0.000016,0.999971,0.000013
18958,1,1,0.000044,0.999880,0.000005,0.000071
29266,0,0,1.000000,0.000000,0.000000,0.000000
19210,1,1,0.000018,0.999954,0.000002,0.000026
10529,1,1,0.000005,0.999975,0.000000,0.000019
30537,0,0,1.000000,0.000000,0.000000,0.000000
28605,0,0,1.000000,0.000000,0.000000,0.000000
1491,3,3,0.000000,0.000002,0.000001,0.999997
32925,0,0,0.948438,0.000034,0.000080,0.051447
4057,3,3,0.000001,0.000002,0.000001,0.999996
3960,3,3,0.000001,0.000003,0.000001,0.999995
19239,1,1,0.000024,0.999941,0.000004,0.000031
4892,3,3,0.000000,0.000001,0.000001,0.999998
18704,1,1,0.000021,0.999946,0.000003,0.000030
26710,0,0,1.000000,0.000000,0.000000,0.000000
25127,0,0,1.000000,0.000000,0.000000,0.000000
25473,0,0,1.000000,0.000000,0.000000,0.000000
32946,0,0,0.949550,0.000033,0.000079,0.050338
11574,1,1,0.000007,0.999973,0.000000,0.000019
9561,1,1,0.000039,0.999899,0.000010,0.000053
8473,2,2,0.000001,0.000023,0.999957,0.000019
8625,2,2,0.000001,0.000048,0.999940,0.000011
17869,1,1,0.000022,0.999943,0.000003,0.000032
19513,1,1,0.000026,0.999928,0.000003,0.000042
6259,3,3,0.062620,0.000010,0.000189,0.937181
17814,1,1,0.000020,0.999948,0.000002,0.000030
32362,0,0,1.000000,0.000000,0.000000,0.000000
11713,1,1,0.000006,0.999972,0.000000,0.000021
5143,3,3,0.203522,0.000014,0.000210,0.796254
12767,1,1,0.000006,0.999971,0.000000,0.000022
1026,3,3,0.000003,0.000006,0.000002,0.999989
24867,0,0,1.000000,0.000000,0.000000,0.000000
24568,0,0,1.000000,0.000000,0.000000,0.000000
23915,0,0,1.000000,0.000000,0.000000,0.000000
1042,3,3,0.000001,0.000002,0.000001,0.999997
8210,2,2,0.000001,0.000016,0.999971,0.000012
21016,1,1,0.000007,0.999984,0.000001,0.000008
32387,0,0,1.000000,0.000000,0.000000,0.000000
32325,0,0,1.000000,0.000000,0.000000,0.000000
28050,0,0,1.000000,0.000000,0.000000,0.000000
22171,0,0,1.000000,0.000000,0.000000,0.000000
7293,2,2,0.000000,0.000012,0.999981,0.000007
30505,0,0,1.000000,0.000000,0.000000,0.000000
26649,0,0,1.000000,0.000000,0.000000,0.000000
9148,2,2,0.000000,0.000010,0.999983,0.000007
32942,0,0,0.951747,0.000031,0.000075,0.048147
24842,0,0,1.000000,0.000000,0.000000,0.000000
5242,3,3,0.196335,0.000014,0.000210,0.803441
31541,0,0,1.000000,0.000000,0.000000,0.000000
25537,0,0,1.000000,0.000000,0.000000,0.000000
15856,1,1,0.000014,0.999968,0.000003,0.000015
9950,1,1,0.000005,0.999979,0.000000,0.000016
17462,1,1,0.000041,0.999875,0.000004,0.000080
21927,0,0,1.000000,0.000000,0.000000,0.000000
23073,0,0,1.000000,0.000000,0.000000,0.000000
5975,3,3,0.062184,0.000010,0.000191,0.937614
23784,0,0,1.000000,0.000000,0.000000,0.000000
4714,3,3,0.000002,0.000007,0.000002,0.999989
14426,1,1,0.000011,0.999975,0.000001,0.000013
2610,3,3,0.000024,0.000040,0.000016,0.999920
19283,1,1,0.000019,0.999953,0.000002,0.000026
12431,1,1,0.000007,0.999972,0.000000,0.000020
21112,1,1,0.000013,0.999967,0.000002,0.000019
451,3,3,0.000000,0.000002,0.000001,0.999997
16531,1,1,0.000034,0.999916,0.000005,0.000045
11562,1,1,0.000007,0.999976,0.000000,0.000017
10906,1,1,0.000007,0.999971,0.000000,0.000022
13222,1,1,0.000035,0.999892,0.000003,0.000070
1160,3,3,0.000001,0.000003,0.000001,0.999996
29756,0,0,1.000000,0.000000,0.000000,0.000000
14899,1,1,0.000015,0.999966,0.000002,0.000017
30453,0,0,1.000000,0.000000,0.000000,0.000000
18835,1,1,0.000026,0.999937,0.000004,0.000032
6886,2,2,0.000001,0.000018,0.999968,0.000014
1951,3,3,0.007237,0.000006,0.000218,0.992540
12377,1,1,0.000006,0.999968,0.000000,0.000026
10990,1,1,0.000005,0.999975,0.000000,0.000020
16636,1,1,0.000020,0.999949,0.000004,0.000027
18557,1,1,0.000016,0.999956,0.000002,0.000025
2093,3,3,0.000113,0.000008,0.000025,0.999854
7401,2,2,0.000001,0.000023,0.999956,0.000020
5722,3,3,0.096642,0.000014,0.000232,0.903112
29313,0,0,1.000000,0.000000,0.000000,0.000000
20819,1,1,0.000020,0.999947,0.000003,0.000030
24657,0,0,1.000000,0.000000,0.000000,0.000000
28029,0,0,1.000000,0.000000,0.000000,0.000000
27811,0,0,1.000000,0.000000,0.000000,0.000000
18878,1,1,0.000018,0.999958,0.000003,0.000021
17798,1,1,0.000026,0.999928,0.000002,0.000043
4116,3,3,0.000000,0.000001,0.000001,0.999997
16985,1,1,0.000016,0.999962,0.000002,0.000020
20757,1,1,0.000023,0.999941,0.000003,0.000033
17923,1,1,0.000013,0.999970,0.000002,0.000016
12968,1,1,0.000039,0.999878,0.000003,0.000080
12137,1,1,0.000005,0.999977,0.000000,0.000018
29260,0,0,1.000000,0.000000,0.000000,0.000000
23740,0,0,1.000000,0.000000,0.000000,0.000000
19632,1,1,0.000014,0.999966,0.000002,0.000019
2134,3,3,0.000004,0.000002,0.000003,0.999991
13843,1,1,0.000025,0.999933,0.000003,0.000040
9800,1,1,0.000008,0.999969,0.000000,0.000023
25831,0,0,1.000000,0.000000,0.000000,0.000000
9250,1,1,0.000036,0.999903,0.000009,0.000053
27970,0,0,1.000000,0.000000,0.000000,0.000000
26806,0,0,1.000000,0.000000,0.000000,0.000000
18615,1,1,0.000013,0.999969,0.000002,0.000016
20695,1,1,0.000013,0.999968,0.000002,0.000018
22308,0,0,1.000000,0.000000,0.000000,0.000000
6382,3,3,0.062493,0.000011,0.000192,0.937304
4814,3,3,0.000000,0.000002,0.000001,0.999997
11121,1,1,0.000006,0.999975,0.000000,0.000019
4241,3,3,0.000005,0.000001,0.000006,0.999989
26033,0,0,1.000000,0.000000,0.000000,0.000000
20170,1,1,0.000017,0.999957,0.000003,0.000024
32779,0,0,1.000000,0.000000,0.000000,0.000000
21463,0,0,1.000000,0.000000,0.000000,0.000000
16731,1,1,0.000019,0.999954,0.000002,0.000025
17543,1,1,0.000019,0.999953,0.000003,0.000025
3284,3,3,0.000000,0.000002,0.000001,0.999997
13797,1,1,0.000019,0.999945,0.000002,0.000035
16348,1,1,0.000019,0.999957,0.000003,0.000021
9026,2,2,0.000001,0.000015,0.999969,0.000015
2899,3,3,0.000000,0.000002,0.000001,0.999997
7472,2,2,0.000000,0.000012,0.999977,0.000010
18496,1,1,0.000044,0.999868,0.000004,0.000084
1333,3,3,0.000000,0.000002,0.000001,0.999997
4148,3,3,0.000001,0.000002,0.000001,0.999996
31388,0,0,1.000000,0.000000,0.000000,0.000000
18653,1,1,0.000045,0.999867,0.000004,0.000085
18498,1,1,0.000029,0.999924,0.000003,0.000044
11556,1,1,0.000006,0.999977,0.000000,0.000017
18278,1,1,0.000021,0.999947,0.000003,0.000029
4228,3,3,0.000001,0.000002,0.000001,0.999996
13227,1,1,0.000032,0.999895,0.000003,0.000069
2357,3,3,0.000001,0.000002,0.000001,0.999996
32660,0,0,1.000000,0.000000,0.000000,0.000000
21928,0,0,1.000000,0.000000,0.000000,0.000000
9345,1,1,0.000012,0.999970,0.000003,0.000015
6082,3,3,0.061169,0.000010,0.000190,0.938631
21172,1,1,0.000013,0.999967,0.000002,0.000018
32937,0,0,0.943359,0.000034,0.000087,0.056520
29826,0,0,1.000000,0.000000,0.000000,0.000000
23885,0,0,1.000000,0.000000,0.000000,0.000000
44,3,3,0.000445,0.000990,0.000065,0.998500
23388,0,0,1.000000,0.000000,0.000000,0.000000
16648,1,1,0.000028,0.999920,0.000003,0.000048
14462,1,1,0.000054,0.999833,0.000009,0.000104
25885,0,0,1.000000,0.000000,0.000000,0.000000
33142,0,0,0.940581,0.000034,0.000090,0.059294
20416,1,1,0.000003,0.999994,0.000001,0.000003
29196,0,0,1.000000,0.000000,0.000000,0.000000
2688,3,3,0.000001,0.000002,0.000001,0.999997
7319,2,2,0.000000,0.000011,0.999984,0.000004
6169,3,3,0.062763,0.000010,0.000189,0.937038
16963,1,1,0.000032,0.999914,0.000003,0.000051
419,3,3,0.000000,0.000001,0.000001,0.999998
1729,3,3,0.000001,0.000003,0.000001,0.999994
25826,0,0,1.000000,0.000000,0.000000,0.000000
21845,0,0,1.000000,0.000000,0.000000,0.000000
30899,0,0,1.000000,0.000000,0.000000,0.000000
23234,0,0,1.000000,0.000000,0.000000,0.000000
5075,3,3,0.000074,0.000024,0.000009,0.999894
31393,0,0,1.000000,0.000000,0.000000,0.000000
17131,1,1,0.000020,0.999946,0.000002,0.000032
501,3,3,0.000000,0.000002,0.000001,0.999997
10146,1,1,0.000007,0.999969,0.000000,0.000023
19096,1,1,0.000021,0.999947,0.000002,0.000030
14283,1,1,0.000024,0.999932,0.000003,0.000041
23349,0,0,1.000000,0.000000,0.000000,0.000000
31663,0,0,1.000000,0.000000,0.000000,0.000000
20617,1,1,0.000017,0.999956,0.000003,0.000024
23417,0,0,1.000000,0.000000,0.000000,0.000000
10545,1,1,0.000006,0.999974,0.000000,0.000020
20621,1,1,0.000008,0.999982,0.000001,0.000009
4624,3,3,0.000001,0.000003,0.000001,0.999995
807,3,3,0.000001,0.000006,0.000001,0.999992
1075,3,3,0.000001,0.000002,0.000001,0.999997
11558,1,1,0.000006,0.999973,0.000000,0.000020
31397,0,0,1.000000,0.000000,0.000000,0.000000
14410,1,1,0.000095,0.999661,0.000013,0.000231
16562,1,1,0.000022,0.999949,0.000003,0.000025
4727,3,3,0.000000,0.000001,0.000001,0.999998
4245,3,3,0.000001,0.000001,0.000002,0.999996
26464,0,0,1.000000,0.000000,0.000000,0.000000
20735,1,1,0.000006,0.999986,0.000001,0.000007
1266,3,3,0.000035,0.000037,0.000006,0.999921
29844,0,0,1.000000,0.000000,0.000000,0.000000
14935,1,1,0.000005,0.999989,0.000001,0.000005
9626,1,1,0.000070,0.999506,0.000003,0.000421
16440,1,1,0.000073,0.999798,0.000009,0.000120
16586,1,1,0.000013,0.999970,0.000002,0.000015
1756,3,3,0.000001,0.000002,0.000001,0.999997
4452,3,3,0.000001,0.000002,0.000001,0.999997
32445,0,0,1.000000,0.000000,0.000000,0.000000
16633,1,1,0.000014,0.999966,0.000002,0.000017
9943,1,1,0.000007,0.999974,0.000000,0.000019
7318,2,2,0.000001,0.000041,0.999947,0.000011
27937,0,0,0.999998,0.000000,0.000000,0.000002
26706,0,0,1.000000,0.000000,0.000000,0.000000
25132,0,0,1.000000,0.000000,0.000000,0.000000
23762,0,0,1.000000,0.000000,0.000000,0.000000
3858,3,3,0.000005,0.000011,0.000007,0.999977
31711,0,0,1.000000,0.000000,0.000000,0.000000
9405,1,1,0.000006,0.999986,0.000002,0.000006
5407,3,3,0.081042,0.000014,0.000263,0.918682
24197,0,0,1.000000,0.000000,0.000000,0.000000
12324,1,1,0.000007,0.999961,0.000000,0.000032
27642,0,0,1.000000,0.000000,0.000000,0.000000
26690,0,0,1.000000,0.000000,0.000000,0.000000
28489,0,0,1.000000,0.000000,0.000000,0.000000
9840,1,1,0.000006,0.999974,0.000000,0.000020
1560,3,3,0.000001,0.000002,0.000001,0.999996
22716,0,0,1.000000,0.000000,0.000000,0.000000
17291,1,1,0.000024,0.999935,0.000002,0.000039
30542,0,0,1.000000,0.000000,0.000000,0.000000
18077,1,1,0.000021,0.999946,0.000002,0.000030
25816,0,0,1.000000,0.000000,0.000000,0.000000
16398,1,1,0.000010,0.999977,0.000002,0.000012
27787,0,0,1.000000,0.000000,0.000000,0.000000
29234,0,0,1.000000,0.000000,0.000000,0.000000
1110,3,3,0.000001,0.000004,0.000001,0.999995
10033,1,1,0.000006,0.999975,0.000000,0.000019
21733,0,0,1.000000,0.000000,0.000000,0.000000
25597,0,0,1.000000,0.000000,0.000000,0.000000
176,3,3,0.000022,0.000000,0.000008,0.999970
30618,0,0,1.000000,0.000000,0.000000,0.000000
1446,3,3,0.000299,0.000010,0.000032,0.999658
13042,1,1,0.000021,0.999941,0.000002,0.000036
12217,1,1,0.000008,0.999967,0.000000,0.000024
28395,0,0,1.000000,0.000000,0.000000,0.000000
16028,1,1,0.000021,0.999951,0.000003,0.000026
3342,3,3,0.000001,0.000001,0.000001,0.999998
17150,1,1,0.000026,0.999934,0.000003,0.000037
1259,3,3,0.000002,0.000009,0.000002,0.999987
9820,1,1,0.000007,0.999976,0.000000,0.000017
30760,0,0,1.000000,0.000000,0.000000,0.000000
23680,0,0,1.000000,0.000000,0.000000,0.000000
27342,0,0,1.000000,0.000000,0.000000,0.000000
8674,2,2,0.000001,0.000041,0.999932,0.000027
7327,2,2,0.000000,0.000016,0.999975,0.000009
4993,3,3,0.000002,0.000005,0.000001,0.999992
2082,3,3,0.000428,0.000000,0.000001,0.999571
18076,1,1,0.000037,0.999893,0.000003,0.000067
29383,0,0,1.000000,0.000000,0.000000,0.000000
29444,0,0,1.000000,0.000000,0.000000,0.000000
15800,1,1,0.000011,0.999974,0.000002,0.000013
15317,1,1,0.000037,0.999899,0.000004,0.000060
22513,0,0,1.000000,0.000000,0.000000,0.000000
22345,0,0,1.000000,0.000000,0.000000,0.000000
23195,0,0,1.000000,0.000000,0.000000,0.000000
16047,1,1,0.000015,0.999964,0.000002,0.000018
18774,1,1,0.000023,0.999943,0.000004,0.000030
14828,1,1,0.000079,0.999783,0.000019,0.000120
13371,1,1,0.000048,0.999853,0.000008,0.000091
10630,1,1,0.000006,0.999975,0.000000,0.000018
8501,2,2,0.000000,0.000015,0.999973,0.000012
13915,1,1,0.000043,0.999806,0.000004,0.000148
6064,3,3,0.062290,0.000010,0.000189,0.937510
16723,1,1,0.000018,0.999958,0.000003,0.000022
880,3,3,0.000001,0.000004,0.000001,0.999993
20429,1,1,0.000023,0.999941,0.000003,0.000034
24682,0,0,1.000000,0.000000,0.000000,0.000000
32687,0,0,1.000000,0.000000,0.000000,0.000000
10249,1,1,0.000007,0.999968,0.000000,0.000024
28917,0,0,1.000000,0.000000,0.000000,0.000000
883,3,3,0.000002,0.000014,0.000002,0.999982
21468,0,0,1.000000,0.000000,0.000000,0.000000
31305,0,0,1.000000,0.000000,0.000000,0.000000
26513,0,0,1.000000,0.000000,0.000000,0.000000
8703,2,2,0.000000,0.000010,0.999986,0.000004
28937,0,0,1.000000,0.000000,0.000000,0.000000
1215,3,3,0.000007,0.000037,0.000003,0.999952
31474,0,0,1.000000,0.000000,0.000000,0.000000
31142,0,0,1.000000,0.000000,0.000000,0.000000
31156,0,0,1.000000,0.000000,0.000000,0.000000
16443,1,1,0.000018,0.999957,0.000003,0.000023
5571,3,3,0.058308,0.000010,0.000185,0.941497
2703,3,3,0.001013,0.000002,0.000093,0.998892
8960,2,2,0.000001,0.000018,0.999970,0.000012
27957,0,0,1.000000,0.000000,0.000000,0.000000
11978,1,1,0.000006,0.999975,0.000000,0.000019
6290,3,3,0.061875,0.000010,0.000189,0.937926
2131,3,3,0.000004,0.000000,0.000002,0.999994
13704,1,1,0.000021,0.999944,0.000002,0.000032
22254,0,0,1.000000,0.000000,0.000000,0.000000
9824,1,1,0.000006,0.999974,0.000000,0.000020
3264,3,3,0.000000,0.000002,0.000001,0.999997
12468,1,1,0.000010,0.999947,0.000000,0.000043
19187,1,1,0.000013,0.999969,0.000002,0.000016
25769,0,0,1.000000,0.000000,0.000000,0.000000
7698,2,2,0.000001,0.000023,0.999954,0.000022
21128,1,1,0.000005,0.999989,0.000001,0.000005
20378,1,1,0.000011,0.999972,0.000002,0.000016
30885,0,0,1.000000,0.000000,0.000000,0.000000
25609,0,0,1.000000,0.000000,0.000000,0.000000
33227,0,0,0.920912,0.000036,0.000112,0.078941
16919,1,1,0.000016,0.999961,0.000002,0.000020
22976,0,0,1.000000,0.000000,0.000000,0.000000
9019,2,2,0.000001,0.000017,0.999967,0.000016
2785,3,3,0.000001,0.000001,0.000001,0.999997
18172,1,1,0.000025,0.999930,0.000003,0.000042
18994,1,1,0.000013,0.999964,0.000002,0.000021
20191,1,1,0.000019,0.999950,0.000002,0.000029
7194,2,2,0.000001,0.000016,0.999972,0.000011
27545,0,0,1.000000,0.000000,0.000000,0.000000
6056,3,3,0.063594,0.000011,0.000192,0.936203
11057,1,1,0.000005,0.999976,0.000000,0.000019
1455,3,3,0.020161,0.000047,0.000171,0.979621
19837,1,1,0.000009,0.999977,0.000001,0.000013
25384,0,0,1.000000,0.000000,0.000000,0.000000
13496,1,1,0.000011,0.999973,0.000002,0.000014
24349,0,0,1.000000,0.000000,0.000000,0.000000
9565,1,1,0.000024,0.999944,0.000007,0.000025
6415,3,3,0.062423,0.000011,0.000191,0.937375
8509,2,2,0.000001,0.000026,0.999961,0.000012
9954,1,1,0.000009,0.999967,0.000001,0.000024
30950,0,0,1.000000,0.000000,0.000000,0.000000
2808,3,3,0.000001,0.000002,0.000001,0.999997
31608,0,0,1.000000,0.000000,0.000000,0.000000
25577,0,0,1.000000,0.000000,0.000000,0.000000
32277,0,0,1.000000,0.000000,0.000000,0.000000
27576,0,0,1.000000,0.000000,0.000000,0.000000
19655,1,1,0.000020,0.999949,0.000003,0.000029
2317,3,3,0.000000,0.000002,0.000001,0.999997
30544,0,0,1.000000,0.000000,0.000000,0.000000
24589,0,0,1.000000,0.000000,0.000000,0.000000
18451,1,1,0.000017,0.999959,0.000003,0.000021
17835,1,1,0.000015,0.999962,0.000002,0.000021
7115,2,2,0.000000,0.000017,0.999975,0.000008
27979,0,0,1.000000,0.000000,0.000000,0.000000
14732,1,1,0.000010,0.999966,0.000001,0.000023
2293,3,3,0.000263,0.000014,0.000060,0.999663
14647,1,1,0.000003,0.999995,0.000001,0.000002
1142,3,3,0.000000,0.000001,0.000001,0.999998
13720,1,1,0.000010,0.999976,0.000001,0.000013
7629,2,2,0.000001,0.000015,0.999971,0.000013
3079,3,3,0.000001,0.000002,0.000001,0.999996
23076,0,0,1.000000,0.000000,0.000000,0.000000
8557,2,2,0.000001,0.000026,0.999967,0.000007
27667,0,0,1.000000,0.000000,0.000000,0.000000
9555,1,1,0.000024,0.999943,0.000006,0.000027
23676,0,0,1.000000,0.000000,0.000000,0.000000
29710,0,0,1.000000,0.000000,0.000000,0.000000
32519,0,0,1.000000,0.000000,0.000000,0.000000
27187,0,0,1.000000,0.000000,0.000000,0.000000
31311,0,0,1.000000,0.000000,0.000000,0.000000
11000,1,1,0.000008,0.999974,0.000001,0.000018
26624,0,0,1.000000,0.000000,0.000000,0.000000
25179,0,0,1.000000,0.000000,0.000000,0.000000
26545,0,0,1.000000,0.000000,0.000000,0.000000
683,3,3,0.000003,0.000002,0.000005,0.999991
28361,0,0,1.000000,0.000000,0.000000,0.000000
17196,1,1,0.000022,0.999943,0.000003,0.000031
1167,3,3,0.000098,0.000727,0.000012,0.999162
28644,0,0,1.000000,0.000000,0.000000,0.000000
4940,3,3,0.000001,0.000002,0.000001,0.999996
26785,0,0,1.000000,0.000000,0.000000,0.000000
18435,1,1,0.000035,0.999905,0.000005,0.000055
27678,0,0,1.000000,0.000000,0.000000,0.000000
3410,3,3,0.000000,0.000001,0.000001,0.999998
1044,3,3,0.000001,0.000002,0.000001,0.999996
15255,1,1,0.000003,0.999994,0.000002,0.000002
4780,3,3,0.000000,0.000002,0.000001,0.999997
22221,0,0,1.000000,0.000000,0.000000,0.000000
16298,1,1,0.000016,0.999961,0.000003,0.000020
1310,3,3,0.000124,0.000566,0.000040,0.999270
2207,3,3,0.000015,0.000000,0.000010,0.999975
23350,0,0,1.000000,0.000000,0.000000,0.000000
27490,0,0,1.000000,0.000000,0.000000,0.000000
24205,0,0,1.000000,0.000000,0.000000,0.000000
25067,0,0,1.000000,0.000000,0.000000,0.000000
16056,1,1,0.000028,0.999931,0.000005,0.000036
26966,0,0,1.000000,0.000000,0.000000,0.000000
179,3,3,0.000000,0.000002,0.000001,0.999997
2619,3,3,0.000001,0.000004,0.000001,0.999994
1865,3,3,0.000001,0.000002,0.000001,0.999997
18430,1,1,0.000020,0.999949,0.000002,0.000028
35,3,3,0.000001,0.000003,0.000001,0.999995
11331,1,1,0.000006,0.999972,0.000000,0.000021
14332,1,1,0.000034,0.999908,0.000005,0.000053
21810,0,0,1.000000,0.000000,0.000000,0.000000
24528,0,0,1.000000,0.000000,0.000000,0.000000
4762,3,3,0.000004,0.000006,0.000003,0.999987
87,3,3,0.000004,0.000006,0.000002,0.999987
17040,1,1,0.000028,0.999928,0.000004,0.000040
26623,0,0,1.000000,0.000000,0.000000,0.000000
23551,0,0,1.000000,0.000000,0.000000,0.000000
8496,2,2,0.000000,0.000014,0.999978,0.000008
5149,3,3,0.195041,0.000013,0.000209,0.804737
4773,3,3,0.011900,0.000001,0.000064,0.988035
22875,0,0,1.000000,0.000000,0.000000,0.000000
29168,0,0,1.000000,0.000000,0.000000,0.000000
15484,1,1,0.000007,0.999984,0.000002,0.000007
10069,1,1,0.000006,0.999973,0.000000,0.000020
17695,1,1,0.000018,0.999959,0.000002,0.000020
10038,1,1,0.000006,0.999968,0.000000,0.000026
26284,0,0,1.000000,0.000000,0.000000,0.000000
2580,3,3,0.000649,0.000001,0.000073,0.999277
9613,1,1,0.000016,0.999952,0.000002,0.000030
15262,1,1,0.000012,0.999969,0.000001,0.000018
29373,0,0,1.000000,0.000000,0.000000,0.000000
10044,1,1,0.000006,0.999975,0.000000,0.000019
31041,0,0,1.000000,0.000000,0.000000,0.000000
3830,3,3,0.000000,0.000001,0.000001,0.999998
6151,3,3,0.062705,0.000011,0.000191,0.937093
17042,1,1,0.000020,0.999950,0.000002,0.000028
8023,2,2,0.000000,0.000016,0.999975,0.000008
8805,2,2,0.000000,0.000012,0.999979,0.000008
15840,1,1,0.000014,0.999966,0.000002,0.000018
27905,0,0,1.000000,0.000000,0.000000,0.000000
3897,3,3,0.000000,0.000001,0.000001,0.999998
16568,1,1,0.000021,0.999947,0.000003,0.000029
11559,1,1,0.000006,0.999976,0.000000,0.000018
7574,2,2,0.000000,0.000011,0.999981,0.000007
13869,1,1,0.000010,0.999976,0.000002,0.000012
5136,3,3,0.001632,0.000043,0.000209,0.998116
22670,0,0,1.000000,0.000000,0.000000,0.000000
22213,0,0,1.000000,0.000000,0.000000,0.000000
5266,3,3,0.177693,0.000013,0.000205,0.822089
23550,0,0,1.000000,0.000000,0.000000,0.000000
20748,1,1,0.000011,0.999974,0.000002,0.000013
17723,1,1,0.000027,0.999927,0.000003,0.000043
27175,0,0,1.000000,0.000000,0.000000,0.000000
30499,0,0,1.000000,0.000000,0.000000,0.000000
12879,1,1,0.000008,0.999965,0.000000,0.000026
407,3,3,0.000001,0.000002,0.000002,0.999996
21014,1,1,0.000016,0.999961,0.000002,0.000020
16096,1,1,0.000035,0.999906,0.000005,0.000054
32643,0,0,1.000000,0.000000,0.000000,0.000000
19918,1,1,0.000024,0.999937,0.000003,0.000036
12712,1,1,0.000007,0.999962,0.000000,0.000030
15574,1,1,0.000006,0.999984,0.000001,0.000008
27557,0,0,1.000000,0.000000,0.000000,0.000000
14916,1,1,0.000026,0.999937,0.000006,0.000031
29856,0,0,1.000000,0.000000,0.000000,0.000000
15556,1,1,0.000009,0.999977,0.000001,0.000012
31645,0,0,1.000000,0.000000,0.000000,0.000000
32670,0,0,1.000000,0.000000,0.000000,0.000000
8832,2,2,0.000000,0.000011,0.999978,0.000010
7532,2,2,0.000000,0.000012,0.999981,0.000006
6045,3,3,0.062162,0.000010,0.000190,0.937638
10139,1,1,0.000006,0.999978,0.000000,0.000016
30529,0,0,1.000000,0.000000,0.000000,0.000000
30701,0,0,1.000000,0.000000,0.000000,0.000000
29378,0,0,1.000000,0.000000,0.000000,0.000000
32313,0,0,1.000000,0.000000,0.000000,0.000000
3124,3,3,0.000001,0.000005,0.000002,0.999992
22703,0,0,1.000000,0.000000,0.000000,0.000000
29401,0,0,1.000000,0.000000,0.000000,0.000000
28575,0,0,1.000000,0.000000,0.000000,0.000000
21796,0,0,1.000000,0.000000,0.000000,0.000000
3868,3,3,0.000002,0.000002,0.000002,0.999994
12279,1,1,0.000006,0.999968,0.000000,0.000025
32470,0,0,1.000000,0.000000,0.000000,0.000000
9693,1,1,0.000016,0.999959,0.000002,0.000023
9470,1,1,0.000006,0.999985,0.000002,0.000007
3744,3,3,0.000000,0.000001,0.000001,0.999998
30858,0,0,1.000000,0.000000,0.000000,0.000000
14592,1,1,0.000047,0.999856,0.000007,0.000090
17797,1,1,0.000019,0.999953,0.000002,0.000026
30703,0,0,1.000000,0.000000,0.000000,0.000000
3168,3,3,0.000001,0.000002,0.000001,0.999996
22456,0,0,1.000000,0.000000,0.000000,0.000000
5691,3,3,0.072298,0.000012,0.000211,0.927479
23069,0,0,1.000000,0.000000,0.000000,0.000000
641,3,3,0.000001,0.000008,0.000002,0.999990
7883,2,2,0.000000,0.000017,0.999974,0.000009
9877,1,1,0.000006,0.999976,0.000000,0.000018
5854,3,3,0.060400,0.000010,0.000190,0.939400
10228,1,1,0.000005,0.999976,0.000000,0.000019
31893,0,0,1.000000,0.000000,0.000000,0.000000
32623,0,0,1.000000,0.000000,0.000000,0.000000
5792,3,3,0.054368,0.000010,0.000181,0.945440
500,3,3,0.000001,0.000006,0.000001,0.999993
7826,2,2,0.000000,0.000012,0.999983,0.000005
23024,0,0,1.000000,0.000000,0.000000,0.000000
23882,0,0,1.000000,0.000000,0.000000,0.000000
28671,0,0,1.000000,0.000000,0.000000,0.000000
32785,0,0,1.000000,0.000000,0.000000,0.000000
28945,0,0,1.000000,0.000000,0.000000,0.000000
28379,0,0,1.000000,0.000000,0.000000,0.000000
10942,1,1,0.000008,0.999970,0.000000,0.000022
29494,0,0,1.000000,0.000000,0.000000,0.000000
28514,0,0,1.000000,0.000000,0.000000,0.000000
9080,2,2,0.000000,0.000016,0.999977,0.000007
33078,0,0,0.933270,0.000032,0.000094,0.066603
17720,1,1,0.000029,0.999923,0.000003,0.000046
28952,0,0,1.000000,0.000000,0.000000,0.000000
12957,1,1,0.000084,0.999599,0.000009,0.000308
21731,0,0,1.000000,0.000000,0.000000,0.000000
27645,0,0,1.000000,0.000000,0.000000,0.000000
11092,1,1,0.000006,0.999975,0.000000,0.000019
748,3,3,0.000002,0.000002,0.000002,0.999995
5498,3,3,0.062485,0.000010,0.000190,0.937315
20951,1,1,0.000020,0.999950,0.000003,0.000027
26613,0,0,1.000000,0.000000,0.000000,0.000000
8720,2,2,0.000000,0.000012,0.999978,0.000009
12671,1,1,0.000009,0.999964,0.000001,0.000026
13758,1,1,0.000028,0.999927,0.000003,0.000042
12766,1,1,0.000007,0.999967,0.000000,0.000026
32685,0,0,1.000000,0.000000,0.000000,0.000000
13647,1,1,0.000049,0.999861,0.000005,0.000085
676,3,3,0.000026,0.000017,0.000013,0.999944
8367,2,2,0.000000,0.000013,0.999970,0.000016
31743,0,0,1.000000,0.000000,0.000000,0.000000
17893,1,1,0.000025,0.999933,0.000003,0.000038
24102,0,0,1.000000,0.000000,0.000000,0.000000
3475,3,3,0.000001,0.000001,0.000001,0.999997
4092,3,3,0.000001,0.000003,0.000001,0.999996
19421,1,1,0.000017,0.999959,0.000003,0.000022
8905,2,2,0.000001,0.000022,0.999961,0.000016
26061,0,0,1.000000,0.000000,0.000000,0.000000
30795,0,0,1.000000,0.000000,0.000000,0.000000
12293,1,1,0.000007,0.999965,0.000000,0.000028
5081,3,3,0.001378,0.000608,0.000202,0.997812
33219,0,0,0.932062,0.000036,0.000100,0.067803
6228,3,3,0.060736,0.000010,0.000187,0.939066
26300,0,0,1.000000,0.000000,0.000000,0.000000
26934,0,0,1.000000,0.000000,0.000000,0.000000
14861,1,1,0.000004,0.999992,0.000002,0.000003
20401,1,1,0.000022,0.999943,0.000003,0.000033
22768,0,0,1.000000,0.000000,0.000000,0.000000
28516,0,0,1.000000,0.000000,0.000000,0.000000
28371,0,0,1.000000,0.000000,0.000000,0.000000
28934,0,0,1.000000,0.000000,0.000000,0.000000
18051,1,1,0.000012,0.999972,0.000002,0.000014
13070,1,1,0.000014,0.999965,0.000001,0.000020
32037,0,0,1.000000,0.000000,0.000000,0.000000
31469,0,0,1.000000,0.000000,0.000000,0.000000
27976,0,0,1.000000,0.000000,0.000000,0.000000
2113,3,3,0.001040,0.000001,0.000054,0.998905
13723,1,1,0.000009,0.999980,0.000001,0.000010
28210,0,0,1.000000,0.000000,0.000000,0.000000
5530,3,3,0.060887,0.000010,0.000189,0.938913
3837,3,3,0.000000,0.000001,0.000001,0.999998
10056,1,1,0.000004,0.999982,0.000000,0.000014
16877,1,1,0.000020,0.999950,0.000002,0.000028
4328,3,3,0.000001,0.000002,0.000002,0.999995
26317,0,0,1.000000,0.000000,0.000000,0.000000
30305,0,0,1.000000,0.000000,0.000000,0.000000
13639,1,1,0.000002,0.999995,0.000001,0.000002
10964,1,1,0.000006,0.999977,0.000000,0.000017
18251,1,1,0.000017,0.999954,0.000002,0.000027
9380,1,1,0.000023,0.999945,0.000006,0.000026
21872,0,0,1.000000,0.000000,0.000000,0.000000
28026,0,0,1.000000,0.000000,0.000000,0.000000
9547,1,1,0.000058,0.999851,0.000009,0.000082
6330,3,3,0.073380,0.000012,0.000204,0.926404
27431,0,0,1.000000,0.000000,0.000000,0.000000
7534,2,2,0.000000,0.000012,0.999981,0.000007
10901,1,1,0.000007,0.999971,0.000000,0.000022
14648,1,1,0.000003,0.999995,0.000001,0.000002
4704,3,3,0.000005,0.000001,0.000005,0.999990
29029,0,0,1.000000,0.000000,0.000000,0.000000
30500,0,0,1.000000,0.000000,0.000000,0.000000
17464,1,1,0.000062,0.999815,0.000006,0.000117
27761,0,0,1.000000,0.000000,0.000000,0.000000
1419,3,3,0.000000,0.000003,0.000001,0.999996
33269,0,0,0.928410,0.000036,0.000103,0.071451
1380,3,3,0.000001,0.000004,0.000002,0.999994
20052,1,1,0.000011,0.999973,0.000002,0.000014
20241,1,1,0.000037,0.999895,0.000004,0.000064
5402,3,3,0.142322,0.000014,0.000228,0.857436
9045,2,2,0.000000,0.000012,0.999980,0.000008
23911,0,0,1.000000,0.000000,0.000000,0.000000
30286,0,0,1.000000,0.000000,0.000000,0.000000
29070,0,0,1.000000,0.000000,0.000000,0.000000
9054,2,2,0.000000,0.000017,0.999972,0.000011
14303,1,1,0.000010,0.999978,0.000002,0.000011
24191,0,0,1.000000,0.000000,0.000000,0.000000
28065,0,0,1.000000,0.000000,0.000000,0.000000
32737,0,0,1.000000,0.000000,0.000000,0.000000
786,3,3,0.000031,0.000002,0.000011,0.999956
28510,0,0,1.000000,0.000000,0.000000,0.000000
14483,1,1,0.000010,0.999978,0.000002,0.000010
6250,3,3,0.060221,0.000010,0.000187,0.939582
8022,2,2,0.000000,0.000011,0.999982,0.000007
2460,3,3,0.000001,0.000002,0.000001,0.999997
17433,1,1,0.000038,0.999893,0.000004,0.000065
14519,1,1,0.000003,0.999995,0.000001,0.000002
10332,1,1,0.000006,0.999973,0.000000,0.000020
12922,1,1,0.000005,0.999987,0.000001,0.000007
22404,0,0,1.000000,0.000000,0.000000,0.000000
18824,1,1,0.000020,0.999950,0.000003,0.000027
8170,2,2,0.000000,0.000010,0.999983,0.000007
22560,0,0,1.000000,0.000000,0.000000,0.000000
15974,1,1,0.000018,0.999955,0.000002,0.000025
11776,1,1,0.000006,0.999968,0.000000,0.000025
20782,1,1,0.000013,0.999968,0.000002,0.000017
14581,1,1,0.000016,0.999963,0.000002,0.000019
24065,0,0,1.000000,0.000000,0.000000,0.000000
10723,1,1,0.000005,0.999976,0.000000,0.000019
8998,2,2,0.000000,0.000013,0.999979,0.000007
5553,3,3,0.058726,0.000010,0.000185,0.941079
22080,0,0,1.000000,0.000000,0.000000,0.000000
26391,0,0,1.000000,0.000000,0.000000,0.000000
8899,2,2,0.000002,0.000106,0.999872,0.000019
8765,2,2,0.000007,0.000072,0.999659,0.000262
25515,0,0,1.000000,0.000000,0.000000,0.000000
26362,0,0,1.000000,0.000000,0.000000,0.000000
1719,3,3,0.000001,0.000002,0.000001,0.999995
12254,1,1,0.000007,0.999972,0.000000,0.000021
27270,0,0,1.000000,0.000000,0.000000,0.000000
32292,0,0,1.000000,0.000000,0.000000,0.000000
20293,1,1,0.000019,0.999951,0.000003,0.000027
31556,0,0,1.000000,0.000000,0.000000,0.000000
20117,1,1,0.000019,0.999954,0.000003,0.000023
22403,0,0,1.000000,0.000000,0.000000,0.000000
21395,0,1,0.004899,0.978504,0.000351,0.016246
13213,1,1,0.000034,0.999895,0.000005,0.000067
4246,3,3,0.000001,0.000002,0.000001,0.999996
32475,0,0,1.000000,0.000000,0.000000,0.000000
3717,3,3,0.000001,0.000003,0.000001,0.999995
12493,1,1,0.000006,0.999976,0.000000,0.000018
32629,0,0,1.000000,0.000000,0.000000,0.000000
17427,1,1,0.000017,0.999960,0.000003,0.000021
14894,1,1,0.000062,0.999819,0.000011,0.000107
4105,3,3,0.000000,0.000001,0.000001,0.999998
20373,1,1,0.000012,0.999971,0.000002,0.000015
3926,3,3,0.000001,0.000002,0.000001,0.999996
13382,1,1,0.000017,0.999954,0.000001,0.000028
3501,3,3,0.000001,0.000003,0.000002,0.999994
16710,1,1,0.000021,0.999947,0.000002,0.000030
7392,2,2,0.000001,0.000021,0.999967,0.000012
16264,1,1,0.000028,0.999920,0.000003,0.000049
27280,0,0,1.000000,0.000000,0.000000,0.000000
20964,1,1,0.000011,0.999976,0.000002,0.000011
20525,1,1,0.000012,0.999972,0.000002,0.000015
12362,1,1,0.000006,0.999975,0.000000,0.000019
13394,1,1,0.000014,0.999962,0.000002,0.000022
32556,0,0,1.000000,0.000000,0.000000,0.000000
25219,0,0,1.000000,0.000000,0.000000,0.000000
14390,1,1,0.000003,0.999994,0.000001,0.000002
25479,0,0,1.000000,0.000000,0.000000,0.000000
4535,3,3,0.000000,0.000002,0.000001,0.999997
12400,1,1,0.000006,0.999969,0.000000,0.000025
872,3,3,0.000002,0.000004,0.000002,0.999993
11834,1,1,0.000007,0.999969,0.000000,0.000023
12,3,3,0.000056,0.000652,0.000009,0.999282
29798,0,0,1.000000,0.000000,0.000000,0.000000
2585,3,3,0.000182,0.000001,0.000036,0.999781
14427,1,1,0.000102,0.999707,0.000007,0.000185
9267,1,1,0.000026,0.999925,0.000006,0.000043
17445,1,1,0.000018,0.999956,0.000002,0.000024
10470,1,1,0.000008,0.999972,0.000001,0.000019
22077,0,0,1.000000,0.000000,0.000000,0.000000
20536,1,1,0.000014,0.999966,0.000002,0.000018
31167,0,0,1.000000,0.000000,0.000000,0.000000
5624,3,3,0.061893,0.000010,0.000190,0.937906
18272,1,1,0.000021,0.999942,0.000002,0.000034
23118,0,0,1.000000,0.000000,0.000000,0.000000
30788,0,0,1.000000,0.000000,0.000000,0.000000
7909,2,2,0.000001,0.000019,0.999954,0.000026
28702,0,0,1.000000,0.000000,0.000000,0.000000
16078,1,1,0.000030,0.999929,0.000004,0.000037
30298,0,0,1.000000,0.000000,0.000000,0.000000
6547,3,3,0.000006,0.000007,0.000004,0.999983
7047,2,2,0.000001,0.000049,0.999930,0.000020
1308,3,3,0.000008,0.000020,0.000010,0.999961
28764,0,0,1.000000,0.000000,0.000000,0.000000
27377,0,0,1.000000,0.000000,0.000000,0.000000
23219,0,0,1.000000,0.000000,0.000000,0.000000
12057,1,1,0.000008,0.999962,0.000000,0.000030
30759,0,0,1.000000,0.000000,0.000000,0.000000
17752,1,1,0.000039,0.999887,0.000004,0.000069
7671,2,2,0.000001,0.000032,0.999949,0.000018
28517,0,0,1.000000,0.000000,0.000000,0.000000
16773,1,1,0.000017,0.999958,0.000003,0.000022
13261,1,1,0.000017,0.999964,0.000002,0.000017
5688,3,3,0.064013,0.000011,0.000203,0.935773
11045,1,1,0.000007,0.999974,0.000000,0.000019
31994,0,0,1.000000,0.000000,0.000000,0.000000
17192,1,1,0.000015,0.999963,0.000002,0.000021
702,3,3,0.000001,0.000002,0.000002,0.999995
5917,3,3,0.060549,0.000010,0.000188,0.939253
29429,0,0,1.000000,0.000000,0.000000,0.000000
8080,2,2,0.000001,0.000018,0.999966,0.000015
10917,1,1,0.000004,0.999982,0.000000,0.000014
21508,0,0,1.000000,0.000000,0.000000,0.000000
16762,1,1,0.000004,0.999990,0.000001,0.000005
8969,2,2,0.000001,0.000019,0.999939,0.000040
14510,1,1,0.000013,0.999968,0.000003,0.000016
23126,0,0,1.000000,0.000000,0.000000,0.000000
27954,0,0,1.000000,0.000000,0.000000,0.000000
23291,0,0,1.000000,0.000000,0.000000,0.000000
8383,2,2,0.000002,0.000041,0.999931,0.000027
4708,3,3,0.000000,0.000001,0.000001,0.999997
4263,3,3,0.000001,0.000001,0.000001,0.999997
1706,3,3,0.000001,0.000001,0.000001,0.999997
2428,3,3,0.000001,0.000003,0.000002,0.999995
6101,3,3,0.061828,0.000010,0.000190,0.937972
30513,0,0,1.000000,0.000000,0.000000,0.000000
23634,0,0,1.000000,0.000000,0.000000,0.000000
14393,1,1,0.000003,0.999992,0.000001,0.000004
6696,2,2,0.000000,0.000012,0.999980,0.000007
32075,0,0,1.000000,0.000000,0.000000,0.000000
15569,1,1,0.000011,0.999973,0.000002,0.000013
4188,3,3,0.000001,0.000001,0.000002,0.999996
32550,0,0,1.000000,0.000000,0.000000,0.000000
30337,0,0,1.000000,0.000000,0.000000,0.000000
947,3,3,0.000001,0.000006,0.000001,0.999993
24262,0,0,1.000000,0.000000,0.000000,0.000000
30901,0,0,1.000000,0.000000,0.000000,0.000000
25922,0,0,1.000000,0.000000,0.000000,0.000000
667,3,3,0.000001,0.000001,0.000001,0.999997
23591,0,0,1.000000,0.000000,0.000000,0.000000
1464,3,3,0.000002,0.000008,0.000002,0.999988
17717,1,1,0.000022,0.999941,0.000003,0.000034
28291,0,0,1.000000,0.000000,0.000000,0.000000
13749,1,1,0.000015,0.999954,0.000002,0.000029
1612,3,3,0.000001,0.000002,0.000001,0.999996
25813,0,0,1.000000,0.000000,0.000000,0.000000
25063,0,0,1.000000,0.000000,0.000000,0.000000
6037,3,3,0.032909,0.000007,0.000139,0.966945
3570,3,3,0.000000,0.000002,0.000001,0.999997
26501,0,0,1.000000,0.000000,0.000000,0.000000
1067,3,3,0.000001,0.000002,0.000001,0.999996
30594,0,0,1.000000,0.000000,0.000000,0.000000
25147,0,0,1.000000,0.000000,0.000000,0.000000
20064,1,1,0.000011,0.999974,0.000002,0.000013
14835,1,1,0.000003,0.999993,0.000002,0.000002
21275,1,1,0.000014,0.999963,0.000002,0.000021
24484,0,0,1.000000,0.000000,0.000000,0.000000
12007,1,1,0.000006,0.999975,0.000000,0.000019
7389,2,2,0.000000,0.000013,0.999979,0.000008
26552,0,0,1.000000,0.000000,0.000000,0.000000
19855,1,1,0.000024,0.999940,0.000003,0.000033
4190,3,3,0.000001,0.000001,0.000001,0.999997
23821,0,0,1.000000,0.000000,0.000000,0.000000
14100,1,1,0.000006,0.999986,0.000001,0.000007
26151,0,0,1.000000,0.000000,0.000000,0.000000
18856,1,1,0.000018,0.999956,0.000002,0.000024
1057,3,3,0.000000,0.000002,0.000001,0.999997
18540,1,1,0.000018,0.999952,0.000002,0.000028
14606,1,1,0.000015,0.999968,0.000002,0.000015
12615,1,1,0.000007,0.999970,0.000000,0.000023
28545,0,0,1.000000,0.000000,0.000000,0.000000
18902,1,1,0.000052,0.999842,0.000005,0.000101
14460,1,1,0.000023,0.999940,0.000004,0.000033
24633,0,0,1.000000,0.000000,0.000000,0.000000
16611,1,1,0.000024,0.999939,0.000003,0.000034
3822,3,3,0.000000,0.000001,0.000001,0.999998
8613,2,2,0.000001,0.000025,0.999947,0.000027
1376,3,3,0.000001,0.000005,0.000001,0.999993
13716,1,1,0.000001,0.999997,0.000000,0.000001
23322,0,0,1.000000,0.000000,0.000000,0.000000
13950,1,1,0.000079,0.999683,0.000009,0.000228
24736,0,0,1.000000,0.000000,0.000000,0.000000
2547,3,3,0.000001,0.000003,0.000001,0.999995
18153,1,1,0.000016,0.999960,0.000002,0.000021
1690,3,3,0.000001,0.000002,0.000001,0.999997
27286,0,0,1.000000,0.000000,0.000000,0.000000
4095,3,3,0.000001,0.000003,0.000001,0.999995
19826,1,1,0.000011,0.999974,0.000002,0.000014
7714,2,2,0.000000,0.000012,0.999980,0.000007
31814,0,0,1.000000,0.000000,0.000000,0.000000
30749,0,0,1.000000,0.000000,0.000000,0.000000
5481,3,3,0.068543,0.000011,0.000201,0.931245
8907,2,2,0.000003,0.000069,0.999874,0.000054
10347,1,1,0.000006,0.999971,0.000000,0.000023
12118,1,1,0.000007,0.999961,0.000000,0.000031
22315,0,0,1.000000,0.000000,0.000000,0.000000
5904,3,3,0.061570,0.000011,0.000191,0.938228
8542,2,2,0.000001,0.000018,0.999947,0.000034
18067,1,1,0.000024,0.999937,0.000003,0.000036
23377,0,0,1.000000,0.000000,0.000000,0.000000
13196,1,1,0.000018,0.999946,0.000002,0.000033
28203,0,0,1.000000,0.000000,0.000000,0.000000
19144,1,1,0.000027,0.999928,0.000004,0.000041
2778,3,3,0.000001,0.000001,0.000001,0.999997
25321,0,0,1.000000,0.000000,0.000000,0.000000
25018,0,0,1.000000,0.000000,0.000000,0.000000
20612,1,1,0.000015,0.999966,0.000003,0.000017
14886,1,1,0.000003,0.999994,0.000002,0.000002
31679,0,0,1.000000,0.000000,0.000000,0.000000
28487,0,0,1.000000,0.000000,0.000000,0.000000
31797,0,0,1.000000,0.000000,0.000000,0.000000
1803,3,3,0.000001,0.000001,0.000001,0.999997
9536,1,1,0.000022,0.999945,0.000004,0.000029
16699,1,1,0.000029,0.999918,0.000003,0.000049
31056,0,0,1.000000,0.000000,0.000000,0.000000
33197,0,0,0.934405,0.000035,0.000098,0.065462
31309,0,0,1.000000,0.000000,0.000000,0.000000
1246,3,3,0.000013,0.000312,0.000003,0.999672
552,3,3,0.000003,0.000003,0.000002,0.999992
30232,0,0,1.000000,0.000000,0.000000,0.000000
1216,3,3,0.000012,0.000038,0.000004,0.999946
22643,0,0,1.000000,0.000000,0.000000,0.000000
15429,1,1,0.000016,0.999962,0.000003,0.000018
3037,3,3,0.000000,0.000001,0.000001,0.999997
32601,0,0,1.000000,0.000000,0.000000,0.000000
14109,1,1,0.000002,0.999996,0.000001,0.000001
25234,0,0,1.000000,0.000000,0.000000,0.000000
234,3,3,0.000001,0.000003,0.000001,0.999995
5790,3,3,0.054020,0.000010,0.000182,0.945789
2014,3,3,0.000002,0.000003,0.000002,0.999994
12451,1,1,0.000011,0.999939,0.000000,0.000050
9682,1,1,0.000016,0.999957,0.000001,0.000026
10540,1,1,0.000006,0.999975,0.000000,0.000019
20296,1,1,0.000025,0.999936,0.000003,0.000036
8273,2,2,0.000000,0.000012,0.999978,0.000010
27202,0,0,1.000000,0.000000,0.000000,0.000000
33190,0,0,0.935440,0.000037,0.000098,0.064426
29657,0,0,1.000000,0.000000,0.000000,0.000000
10542,1,1,0.000006,0.999975,0.000000,0.000019
3110,3,3,0.000002,0.000011,0.000002,0.999985
2753,3,3,0.000008,0.000008,0.000005,0.999980
1964,3,3,0.000001,0.000003,0.000001,0.999995
18244,1,1,0.000039,0.999888,0.000003,0.000070
27095,0,0,1.000000,0.000000,0.000000,0.000000
23570,0,0,1.000000,0.000000,0.000000,0.000000
12182,1,1,0.000007,0.999969,0.000000,0.000024
19983,1,1,0.000012,0.999970,0.000002,0.000016
28470,0,0,1.000000,0.000000,0.000000,0.000000
27427,0,0,1.000000,0.000000,0.000000,0.000000
18128,1,1,0.000034,0.999904,0.000003,0.000059
15717,1,1,0.000012,0.999971,0.000003,0.000014
4257,3,3,0.000000,0.000001,0.000001,0.999997
20933,1,1,0.000016,0.999962,0.000002,0.000020
29258,0,0,1.000000,0.000000,0.000000,0.000000
26634,0,0,1.000000,0.000000,0.000000,0.000000
8157,2,2,0.000000,0.000011,0.999981,0.000008
8780,2,2,0.000001,0.000020,0.999967,0.000013
10830,1,1,0.000007,0.999973,0.000000,0.000020
10011,1,1,0.000004,0.999981,0.000000,0.000014
22733,0,0,1.000000,0.000000,0.000000,0.000000
26738,0,0,1.000000,0.000000,0.000000,0.000000
27832,0,0,1.000000,0.000000,0.000000,0.000000
31076,0,0,1.000000,0.000000,0.000000,0.000000
2250,3,3,0.000022,0.000000,0.000000,0.999978
1055,3,3,0.000000,0.000002,0.000001,0.999997
3026,3,3,0.000003,0.000001,0.000003,0.999994
23571,0,0,1.000000,0.000000,0.000000,0.000000
14488,1,1,0.000040,0.999878,0.000006,0.000076
21649,0,0,1.000000,0.000000,0.000000,0.000000
14054,1,1,0.000043,0.999867,0.000006,0.000083
7466,2,2,0.000002,0.000042,0.999889,0.000067
22916,0,0,1.000000,0.000000,0.000000,0.000000
13063,1,1,0.000010,0.999974,0.000001,0.000015
26833,0,0,1.000000,0.000000,0.000000,0.000000
13248,1,1,0.000002,0.999996,0.000000,0.000002
33258,0,0,0.937661,0.000033,0.000092,0.062214
13776,1,1,0.000010,0.999972,0.000001,0.000016
23029,0,0,1.000000,0.000000,0.000000,0.000000
22539,0,0,1.000000,0.000000,0.000000,0.000000
15895,1,1,0.000019,0.999951,0.000002,0.000028
14800,1,1,0.000051,0.999826,0.000004,0.000118
30722,0,0,1.000000,0.000000,0.000000,0.000000
9952,1,1,0.000007,0.999973,0.000000,0.000020
19741,1,1,0.000024,0.999940,0.000003,0.000033
12102,1,1,0.000010,0.999940,0.000000,0.000049
16604,1,1,0.000029,0.999922,0.000004,0.000045
23133,0,0,1.000000,0.000000,0.000000,0.000000
15673,1,1,0.000023,0.999942,0.000003,0.000032
31299,0,0,1.000000,0.000000,0.000000,0.000000
30970,0,0,1.000000,0.000000,0.000000,0.000000
23324,0,0,1.000000,0.000000,0.000000,0.000000
7098,2,2,0.000000,0.000013,0.999976,0.000010
1760,3,3,0.000001,0.000002,0.000001,0.999997
15528,1,1,0.000045,0.999895,0.000006,0.000055
26226,0,0,1.000000,0.000000,0.000000,0.000000
4376,3,3,0.000001,0.000000,0.000001,0.999998
18585,1,1,0.000034,0.999902,0.000003,0.000060
30380,0,0,1.000000,0.000000,0.000000,0.000000
26139,0,0,1.000000,0.000000,0.000000,0.000000
13449,1,1,0.000005,0.999989,0.000002,0.000004
14699,1,1,0.000001,0.999997,0.000001,0.000001
2837,3,3,0.000000,0.000002,0.000001,0.999997
3017,3,3,0.000002,0.000001,0.000002,0.999995
21803,0,0,1.000000,0.000000,0.000000,0.000000
20083,1,1,0.000020,0.999948,0.000003,0.000029
956,3,3,0.000004,0.000014,0.000002,0.999980
10512,1,1,0.000004,0.999983,0.000000,0.000013
15982,1,1,0.000028,0.999928,0.000004,0.000040
7966,2,2,0.000001,0.000019,0.999966,0.000015
31270,0,0,1.000000,0.000000,0.000000,0.000000
7068,2,2,0.000001,0.000019,0.999966,0.000014
3101,3,3,0.000001,0.000002,0.000001,0.999996
32957,0,0,0.946153,0.000031,0.000081,0.053734
28682,0,0,1.000000,0.000000,0.000000,0.000000
262,3,3,0.000000,0.000001,0.000001,0.999997
6165,3,3,0.060347,0.000010,0.000187,0.939456
18757,1,1,0.000009,0.999978,0.000002,0.000011
32621,0,0,1.000000,0.000000,0.000000,0.000000
30946,0,0,1.000000,0.000000,0.000000,0.000000
28538,0,0,1.000000,0.000000,0.000000,0.000000
23316,0,0,1.000000,0.000000,0.000000,0.000000
31391,0,0,1.000000,0.000000,0.000000,0.000000
27932,0,0,1.000000,0.000000,0.000000,0.000000
26120,0,0,1.000000,0.000000,0.000000,0.000000
20176,1,1,0.000025,0.999940,0.000004,0.000031
338,3,3,0.000008,0.000001,0.000005,0.999985
14843,1,1,0.000008,0.999979,0.000001,0.000012
23954,0,0,1.000000,0.000000,0.000000,0.000000
7292,2,2,0.000000,0.000012,0.999981,0.000007
7705,2,2,0.000000,0.000012,0.999979,0.000009
30746,0,0,1.000000,0.000000,0.000000,0.000000
18186,1,1,0.000020,0.999950,0.000002,0.000027
5453,3,3,0.111573,0.000011,0.000187,0.888229
33097,0,0,0.943987,0.000033,0.000085,0.055896
13299,1,1,0.000005,0.999988,0.000001,0.000006
3969,3,3,0.000000,0.000002,0.000001,0.999997
28284,0,0,1.000000,0.000000,0.000000,0.000000
31922,0,0,1.000000,0.000000,0.000000,0.000000
15203,1,1,0.000009,0.999978,0.000001,0.000012
20018,1,1,0.000012,0.999973,0.000002,0.000013
23244,0,0,1.000000,0.000000,0.000000,0.000000
15182,1,1,0.000036,0.999865,0.000002,0.000098
26496,0,0,1.000000,0.000000,0.000000,0.000000
14781,1,1,0.000003,0.999994,0.000001,0.000002
30108,0,0,1.000000,0.000000,0.000000,0.000000
11180,1,1,0.000006,0.999976,0.000000,0.000017
510,3,3,0.000000,0.000001,0.000001,0.999998
28555,0,0,1.000000,0.000000,0.000000,0.000000
24464,0,0,1.000000,0.000000,0.000000,0.000000
26642,0,0,1.000000,0.000000,0.000000,0.000000
4200,3,3,0.000002,0.000001,0.000002,0.999995
26643,0,0,1.000000,0.000000,0.000000,0.000000
6344,3,3,0.064713,0.000011,0.000193,0.935084
17303,1,1,0.000014,0.999964,0.000002,0.000020
9334,1,1,0.000034,0.999916,0.000006,0.000044
30125,0,0,1.000000,0.000000,0.000000,0.000000
22161,0,0,1.000000,0.000000,0.000000,0.000000
9607,1,1,0.000066,0.999637,0.000003,0.000294
9358,1,1,0.000021,0.999946,0.000004,0.000028
23077,0,0,1.000000,0.000000,0.000000,0.000000
9485,1,1,0.000013,0.999969,0.000003,0.000015
32874,0,3,0.009878,0.000144,0.000136,0.989841
12262,1,1,0.000011,0.999936,0.000000,0.000052
19575,1,1,0.000022,0.999943,0.000003,0.000031
2021,3,3,0.000001,0.000001,0.000001,0.999997
3195,3,3,0.000001,0.000003,0.000001,0.999995
21553,0,0,1.000000,0.000000,0.000000,0.000000
22739,0,0,1.000000,0.000000,0.000000,0.000000
19290,1,1,0.000015,0.999965,0.000003,0.000017
14528,1,1,0.000027,0.999921,0.000003,0.000050
7930,2,2,0.000001,0.000017,0.999959,0.000023
7920,2,2,0.000001,0.000018,0.999952,0.000029
15460,1,1,0.000005,0.999987,0.000001,0.000006
889,3,3,0.000004,0.000003,0.000004,0.999988
30835,0,0,1.000000,0.000000,0.000000,0.000000
25166,0,0,1.000000,0.000000,0.000000,0.000000
23959,0,0,1.000000,0.000000,0.000000,0.000000
5522,3,3,0.061136,0.000010,0.000189,0.938665
4367,3,3,0.000001,0.000001,0.000001,0.999997
2714,3,3,0.000031,0.000002,0.000011,0.999956
5420,3,3,0.083324,0.000012,0.000211,0.916454
33225,0,0,0.920635,0.000037,0.000112,0.079216
15894,1,1,0.000016,0.999957,0.000002,0.000026
14756,1,1,0.000005,0.999988,0.000001,0.000005
8457,2,2,0.000000,0.000010,0.999984,0.000006
29748,0,0,1.000000,0.000000,0.000000,0.000000
12306,1,1,0.000007,0.999965,0.000000,0.000028
14947,1,1,0.000020,0.999951,0.000002,0.000027
7550,2,2,0.000000,0.000015,0.999976,0.000009
28558,0,0,1.000000,0.000000,0.000000,0.000000
8959,2,2,0.000001,0.000018,0.999969,0.000012
5549,3,3,0.059922,0.000010,0.000187,0.939881
23785,0,0,1.000000,0.000000,0.000000,0.000000
21950,0,0,1.000000,0.000000,0.000000,0.000000
23884,0,0,1.000000,0.000000,0.000000,0.000000
18550,1,1,0.000020,0.999950,0.000003,0.000028
33027,0,0,0.948046,0.000032,0.000079,0.051843
20882,1,1,0.000012,0.999970,0.000002,0.000017
28335,0,0,1.000000,0.000000,0.000000,0.000000
22090,0,0,1.000000,0.000000,0.000000,0.000000
16956,1,1,0.000041,0.999880,0.000004,0.000076
7529,2,2,0.000008,0.000117,0.999743,0.000133
27493,0,0,1.000000,0.000000,0.000000,0.000000
14989,1,1,0.000001,0.999997,0.000001,0.000001
17304,1,1,0.000016,0.999959,0.000002,0.000023
20692,1,1,0.000021,0.999945,0.000003,0.000030
3095,3,3,0.000001,0.000002,0.000001,0.999996
17691,1,1,0.000018,0.999955,0.000002,0.000026
26743,0,0,1.000000,0.000000,0.000000,0.000000
28512,0,0,1.000000,0.000000,0.000000,0.000000
30375,0,0,1.000000,0.000000,0.000000,0.000000
22831,0,0,1.000000,0.000000,0.000000,0.000000
7053,2,2,0.000103,0.000465,0.996331,0.003101
24215,0,0,1.000000,0.000000,0.000000,0.000000
32358,0,0,1.000000,0.000000,0.000000,0.000000
13510,1,1,0.000003,0.999993,0.000000,0.000004
18826,1,1,0.000028,0.999919,0.000003,0.000050
21697,0,0,1.000000,0.000000,0.000000,0.000000
23286,0,0,1.000000,0.000000,0.000000,0.000000
2955,3,3,0.000001,0.000002,0.000002,0.999995
5768,3,3,0.058540,0.000010,0.000189,0.941261
5861,3,3,0.062354,0.000011,0.000192,0.937443
28224,0,0,1.000000,0.000000,0.000000,0.000000
461,3,3,0.000001,0.000003,0.000001,0.999995
32485,0,0,1.000000,0.000000,0.000000,0.000000
27753,0,0,1.000000,0.000000,0.000000,0.000000
24208,0,0,1.000000,0.000000,0.000000,0.000000
18562,1,1,0.000016,0.999960,0.000002,0.000022
33035,0,0,0.945306,0.000031,0.000081,0.054582
3098,3,3,0.000001,0.000001,0.000001,0.999997
29983,0,0,1.000000,0.000000,0.000000,0.000000
1933,3,3,0.000003,0.000009,0.000002,0.999986
15990,1,1,0.000018,0.999955,0.000003,0.000024
15694,1,1,0.000013,0.999963,0.000001,0.000022
28661,0,0,1.000000,0.000000,0.000000,0.000000
22285,0,0,1.000000,0.000000,0.000000,0.000000
2618,3,3,0.000739,0.000005,0.000106,0.999151
26732,0,0,1.000000,0.000000,0.000000,0.000000
27563,0,0,1.000000,0.000000,0.000000,0.000000
30244,0,0,1.000000,0.000000,0.000000,0.000000
21581,0,0,1.000000,0.000000,0.000000,0.000000
17700,1,1,0.000012,0.999970,0.000001,0.000016
4089,3,3,0.000002,0.000001,0.000003,0.999994
21134,1,1,0.000012,0.999970,0.000002,0.000016
20539,1,1,0.000011,0.999973,0.000002,0.000015
11916,1,1,0.000007,0.999967,0.000000,0.000025
19061,1,1,0.000025,0.999932,0.000003,0.000039
16975,1,1,0.000024,0.999943,0.000004,0.000030
32460,0,0,1.000000,0.000000,0.000000,0.000000
8482,2,2,0.000091,0.000382,0.994390,0.005137
7309,2,2,0.000000,0.000012,0.999979,0.000008
12910,1,1,0.000016,0.999947,0.000001,0.000036
13882,1,1,0.000059,0.999788,0.000006,0.000148
6316,3,3,0.066671,0.000011,0.000190,0.933128
31297,0,0,1.000000,0.000000,0.000000,0.000000
29034,0,0,1.000000,0.000000,0.000000,0.000000
7904,2,2,0.000001,0.000021,0.999951,0.000027
3856,3,3,0.000002,0.000001,0.000002,0.999995
12857,1,1,0.000012,0.999951,0.000001,0.000037
32571,0,0,1.000000,0.000000,0.000000,0.000000
22334,0,0,1.000000,0.000000,0.000000,0.000000
32830,0,0,1.000000,0.000000,0.000000,0.000000
15719,1,1,0.000010,0.999976,0.000002,0.000012
14785,1,1,0.000013,0.999968,0.000004,0.000015
995,3,3,0.000001,0.000006,0.000001,0.999993
25205,0,0,1.000000,0.000000,0.000000,0.000000
22908,0,0,1.000000,0.000000,0.000000,0.000000
23237,0,0,1.000000,0.000000,0.000000,0.000000
21623,0,0,1.000000,0.000000,0.000000,0.000000
4035,3,3,0.000001,0.000002,0.000001,0.999997
17796,1,1,0.000030,0.999916,0.000003,0.000052
5811,3,3,0.057275,0.000010,0.000185,0.942529
31237,0,0,1.000000,0.000000,0.000000,0.000000
28282,0,0,1.000000,0.000000,0.000000,0.000000
24683,0,0,1.000000,0.000000,0.000000,0.000000
32141,0,0,1.000000,0.000000,0.000000,0.000000
1778,3,3,0.000001,0.000003,0.000001,0.999996
7455,2,2,0.000001,0.000032,0.999945,0.000023
11151,1,1,0.000005,0.999982,0.000000,0.000012
16123,1,1,0.000017,0.999958,0.000003,0.000022
24341,0,0,1.000000,0.000000,0.000000,0.000000
13627,1,1,0.000006,0.999986,0.000005,0.000004
10561,1,1,0.000006,0.999977,0.000000,0.000017
28122,0,0,1.000000,0.000000,0.000000,0.000000
12203,1,1,0.000009,0.999957,0.000000,0.000033
16702,1,1,0.000036,0.999898,0.000004,0.000062
15179,1,1,0.000023,0.999930,0.000003,0.000045
32398,0,0,1.000000,0.000000,0.000000,0.000000
9462,1,1,0.000012,0.999971,0.000002,0.000015
14432,1,1,0.000009,0.999980,0.000002,0.000009
27858,0,0,1.000000,0.000000,0.000000,0.000000
25652,0,0,1.000000,0.000000,0.000000,0.000000
21192,1,1,0.000015,0.999961,0.000002,0.000022
29218,0,0,1.000000,0.000000,0.000000,0.000000
16526,1,1,0.000027,0.999935,0.000004,0.000035
1627,3,3,0.000012,0.000048,0.000004,0.999936
16827,1,1,0.000018,0.999956,0.000002,0.000025
15422,1,1,0.000008,0.999981,0.000002,0.000009
15161,1,1,0.000003,0.999994,0.000001,0.000002
2426,3,3,0.000045,0.000001,0.000014,0.999940
27916,0,0,1.000000,0.000000,0.000000,0.000000
19987,1,1,0.000017,0.999957,0.000003,0.000023
20230,1,1,0.000026,0.999937,0.000004,0.000033
27647,0,0,1.000000,0.000000,0.000000,0.000000
11672,1,1,0.000007,0.999964,0.000000,0.000030
704,3,3,0.000005,0.000004,0.000004,0.999987
25203,0,0,1.000000,0.000000,0.000000,0.000000
6423,3,3,0.060931,0.000010,0.000188,0.938871
13996,1,1,0.000053,0.999857,0.000023,0.000068
21965,0,0,1.000000,0.000000,0.000000,0.000000
6923,2,2,0.000001,0.000021,0.999970,0.000009
5615,3,3,0.064163,0.000011,0.000192,0.935634
5837,3,3,0.061585,0.000010,0.000190,0.938215
4167,3,3,0.000000,0.000002,0.000001,0.999997
27676,0,0,1.000000,0.000000,0.000000,0.000000
9739,1,1,0.000005,0.999971,0.000000,0.000023
25160,0,0,1.000000,0.000000,0.000000,0.000000
15804,1,1,0.000020,0.999950,0.000003,0.000027
32640,0,0,1.000000,0.000000,0.000000,0.000000
33090,0,0,0.908373,0.000037,0.000124,0.091466
19596,1,1,0.000017,0.999952,0.000002,0.000028
11,3,3,0.000050,0.000671,0.000008,0.999270
27115,0,0,1.000000,0.000000,0.000000,0.000000
30157,0,0,1.000000,0.000000,0.000000,0.000000
26422,0,0,1.000000,0.000000,0.000000,0.000000
29085,0,0,1.000000,0.000000,0.000000,0.000000
7468,2,2,0.000001,0.000018,0.999965,0.000016
21920,0,0,1.000000,0.000000,0.000000,0.000000
17528,1,1,0.000030,0.999924,0.000003,0.000043
7683,2,2,0.000000,0.000014,0.999978,0.000008
16341,1,1,0.000020,0.999949,0.000002,0.000029
6347,3,3,0.062970,0.000011,0.000193,0.936827
11367,1,1,0.000007,0.999973,0.000000,0.000020
31542,0,0,1.000000,0.000000,0.000000,0.000000
21814,0,0,1.000000,0.000000,0.000000,0.000000
7729,2,2,0.000000,0.000013,0.999979,0.000007
25938,0,0,1.000000,0.000000,0.000000,0.000000
30174,0,0,1.000000,0.000000,0.000000,0.000000
4173,3,3,0.000001,0.000001,0.000001,0.999997
10465,1,1,0.000006,0.999974,0.000000,0.000020
19193,1,1,0.000012,0.999972,0.000002,0.000014
29307,0,0,1.000000,0.000000,0.000000,0.000000
17963,1,1,0.000038,0.999892,0.000004,0.000066
29833,0,0,1.000000,0.000000,0.000000,0.000000
31406,0,0,1.000000,0.000000,0.000000,0.000000
3672,3,3,0.000003,0.000000,0.000004,0.999993
2372,3,3,0.000026,0.000001,0.000013,0.999961
2444,3,3,0.000002,0.000002,0.000002,0.999995
2048,3,3,0.001857,0.000008,0.000077,0.998059
11444,1,1,0.000004,0.999984,0.000000,0.000011
27429,0,0,1.000000,0.000000,0.000000,0.000000
7060,2,2,0.000000,0.000013,0.999979,0.000008
28272,0,0,1.000000,0.000000,0.000000,0.000000
16624,1,1,0.000014,0.999963,0.000002,0.000021
32314,0,0,1.000000,0.000000,0.000000,0.000000
5554,3,3,0.057032,0.000010,0.000184,0.942774
2677,3,3,0.000008,0.000001,0.000006,0.999985
3648,3,3,0.000001,0.000001,0.000001,0.999996
9436,1,1,0.000017,0.999960,0.000004,0.000020
10158,1,1,0.000006,0.999974,0.000000,0.000020
5715,3,3,0.073974,0.000012,0.000213,0.925801
14286,1,1,0.000003,0.999995,0.000001,0.000002
13469,1,1,0.000041,0.999889,0.000005,0.000065
6050,3,3,0.061363,0.000010,0.000190,0.938436
8443,2,2,0.000001,0.000032,0.999912,0.000055
24863,0,0,1.000000,0.000000,0.000000,0.000000
29269,0,0,1.000000,0.000000,0.000000,0.000000
23165,0,0,1.000000,0.000000,0.000000,0.000000
9224,1,1,0.000013,0.999967,0.000003,0.000017
1605,3,3,0.000001,0.000002,0.000001,0.999996
16910,1,1,0.000033,0.999907,0.000004,0.000056
16492,1,1,0.000024,0.999938,0.000003,0.000035
4723,3,3,0.000000,0.000001,0.000001,0.999998
33200,0,0,0.936867,0.000035,0.000094,0.063004
4030,3,3,0.000001,0.000001,0.000002,0.999997
24515,0,0,1.000000,0.000000,0.000000,0.000000
6465,3,3,0.061237,0.000010,0.000188,0.938565
2485,3,3,0.000007,0.000002,0.000005,0.999987
31521,0,0,1.000000,0.000000,0.000000,0.000000
25061,0,0,1.000000,0.000000,0.000000,0.000000
33101,0,0,0.937379,0.000034,0.000093,0.062494
16824,1,1,0.000031,0.999916,0.000004,0.000049
6765,2,2,0.000003,0.000058,0.999862,0.000076
13668,1,1,0.000010,0.999977,0.000002,0.000011
22527,0,0,1.000000,0.000000,0.000000,0.000000
33,3,3,0.000001,0.000003,0.000001,0.999995
27619,0,0,1.000000,0.000000,0.000000,0.000000
22995,0,0,1.000000,0.000000,0.000000,0.000000
18912,1,1,0.000036,0.999901,0.000003,0.000060
27964,0,0,1.000000,0.000000,0.000000,0.000000
6401,3,3,0.063548,0.000011,0.000192,0.936249
28995,0,0,1.000000,0.000000,0.000000,0.000000
6759,2,2,0.000001,0.000017,0.999970,0.000012
8654,2,2,0.000002,0.000027,0.999916,0.000055
25267,0,0,1.000000,0.000000,0.000000,0.000000
25153,0,0,1.000000,0.000000,0.000000,0.000000
18637,1,1,0.000040,0.999892,0.000005,0.000064
15534,1,1,0.000012,0.999973,0.000002,0.000014
12285,1,1,0.000009,0.999958,0.000000,0.000033
20907,1,1,0.000020,0.999950,0.000003,0.000026
4274,3,3,0.000000,0.000002,0.000001,0.999997
15769,1,1,0.000026,0.999935,0.000003,0.000036
24499,0,0,1.000000,0.000000,0.000000,0.000000
29375,0,0,1.000000,0.000000,0.000000,0.000000
18793,1,1,0.000048,0.999841,0.000004,0.000107
28243,0,0,1.000000,0.000000,0.000000,0.000000
7064,2,2,0.000049,0.000466,0.998730,0.000756
26408,0,0,1.000000,0.000000,0.000000,0.000000
454,3,3,0.000000,0.000001,0.000001,0.999997
1007,3,3,0.000001,0.000010,0.000001,0.999988
3240,3,3,0.000008,0.000004,0.000005,0.999984
255,3,3,0.000001,0.000002,0.000001,0.999997
17140,1,1,0.000029,0.999918,0.000004,0.000049
19394,1,1,0.000021,0.999942,0.000002,0.000034
24104,0,0,1.000000,0.000000,0.000000,0.000000
21640,0,0,1.000000,0.000000,0.000000,0.000000
27684,0,0,1.000000,0.000000,0.000000,0.000000
25221,0,0,1.000000,0.000000,0.000000,0.000000
27156,0,0,1.000000,0.000000,0.000000,0.000000
32161,0,0,1.000000,0.000000,0.000000,0.000000
18399,1,1,0.000023,0.999939,0.000003,0.000035
32131,0,0,1.000000,0.000000,0.000000,0.000000
1082,3,3,0.000002,0.000019,0.000001,0.999978
9665,1,1,0.000010,0.999974,0.000001,0.000015
19684,1,1,0.000048,0.999870,0.000004,0.000078
5863,3,3,0.061311,0.000010,0.000191,0.938488
12568,1,1,0.000005,0.999978,0.000000,0.000017
25131,0,0,1.000000,0.000000,0.000000,0.000000
15813,1,1,0.000009,0.999978,0.000002,0.000011
30575,0,0,1.000000,0.000000,0.000000,0.000000
20173,1,1,0.000016,0.999959,0.000002,0.000023
29650,0,0,1.000000,0.000000,0.000000,0.000000
23189,0,0,1.000000,0.000000,0.000000,0.000000
21544,0,0,1.000000,0.000000,0.000000,0.000000
2911,3,3,0.000000,0.000001,0.000001,0.999997
19516,1,1,0.000017,0.999955,0.000003,0.000025
14580,1,1,0.000006,0.999987,0.000001,0.000006
10833,1,1,0.000006,0.999976,0.000000,0.000018
89,3,3,0.000018,0.000018,0.000007,0.999957
28068,0,0,1.000000,0.000000,0.000000,0.000000
29380,0,0,1.000000,0.000000,0.000000,0.000000
10180,1,1,0.000006,0.999969,0.000000,0.000025
29713,0,0,1.000000,0.000000,0.000000,0.000000
24453,0,0,1.000000,0.000000,0.000000,0.000000
13450,1,1,0.000005,0.999988,0.000004,0.000003
930,3,3,0.000015,0.000004,0.000005,0.999976
22707,0,0,1.000000,0.000000,0.000000,0.000000
9533,1,1,0.000014,0.999968,0.000004,0.000015
32596,0,0,1.000000,0.000000,0.000000,0.000000
14373,1,1,0.000013,0.999968,0.000001,0.000018
26778,0,0,1.000000,0.000000,0.000000,0.000000
23455,0,0,1.000000,0.000000,0.000000,0.000000
6735,2,2,0.000001,0.000022,0.999961,0.000017
17143,1,1,0.000057,0.999813,0.000008,0.000122
17770,1,1,0.000013,0.999970,0.000002,0.000015
30856,0,0,1.000000,0.000000,0.000000,0.000000
29617,0,0,1.000000,0.000000,0.000000,0.000000
10938,1,1,0.000007,0.999969,0.000000,0.000024
30038,0,0,1.000000,0.000000,0.000000,0.000000
19524,1,1,0.000028,0.999927,0.000003,0.000042
9010,2,2,0.000011,0.000460,0.999461,0.000068
5359,3,3,0.178860,0.000013,0.000201,0.820926
21673,0,0,1.000000,0.000000,0.000000,0.000000
27632,0,0,1.000000,0.000000,0.000000,0.000000
280,3,3,0.000001,0.000015,0.000001,0.999982
30826,0,0,1.000000,0.000000,0.000000,0.000000
21326,1,1,0.000012,0.999972,0.000002,0.000014
27439,0,0,1.000000,0.000000,0.000000,0.000000
28259,0,0,1.000000,0.000000,0.000000,0.000000
20568,1,1,0.000019,0.999954,0.000003,0.000024
16555,1,1,0.000010,0.999976,0.000002,0.000012
25588,0,0,1.000000,0.000000,0.000000,0.000000
23530,0,0,1.000000,0.000000,0.000000,0.000000
17839,1,1,0.000021,0.999950,0.000003,0.000026
8559,2,2,0.000001,0.000034,0.999959,0.000006
3587,3,3,0.000000,0.000001,0.000001,0.999997
25533,0,0,1.000000,0.000000,0.000000,0.000000
26628,0,0,1.000000,0.000000,0.000000,0.000000
19541,1,1,0.000006,0.999986,0.000002,0.000006
9755,1,1,0.000006,0.999971,0.000000,0.000023
6704,2,2,0.000003,0.000046,0.999877,0.000074
18778,1,1,0.000014,0.999964,0.000002,0.000020
25541,0,0,1.000000,0.000000,0.000000,0.000000
14,3,3,0.000096,0.000800,0.000012,0.999092
7757,2,2,0.000002,0.000035,0.999918,0.000046
13556,1,1,0.000014,0.999965,0.000003,0.000017
32027,0,0,1.000000,0.000000,0.000000,0.000000
6232,3,3,0.063230,0.000010,0.000190,0.936570
12926,1,1,0.000024,0.999933,0.000019,0.000024
2096,3,3,0.000001,0.000003,0.000001,0.999995
23289,0,0,1.000000,0.000000,0.000000,0.000000
31375,0,0,1.000000,0.000000,0.000000,0.000000
22309,0,0,1.000000,0.000000,0.000000,0.000000
21617,0,0,1.000000,0.000000,0.000000,0.000000
30868,0,0,1.000000,0.000000,0.000000,0.000000
5204,3,3,0.180913,0.000013,0.000208,0.818867
15782,1,1,0.000106,0.999629,0.000022,0.000242
23817,0,0,1.000000,0.000000,0.000000,0.000000
28046,0,0,1.000000,0.000000,0.000000,0.000000
6002,3,3,0.063886,0.000011,0.000193,0.935911
27317,0,0,1.000000,0.000000,0.000000,0.000000
1394,3,3,0.000001,0.000019,0.000001,0.999979
20422,1,1,0.000010,0.999974,0.000001,0.000015
5926,3,3,0.062097,0.000010,0.000191,0.937701
9188,1,1,0.000006,0.999987,0.000001,0.000006
431,3,3,0.000000,0.000001,0.000001,0.999997
11651,1,1,0.000007,0.999968,0.000000,0.000025
14842,1,1,0.000004,0.999991,0.000000,0.000005
20285,1,1,0.000020,0.999950,0.000003,0.000028
7195,2,2,0.000000,0.000017,0.999976,0.000007
24254,0,0,1.000000,0.000000,0.000000,0.000000
29563,0,0,1.000000,0.000000,0.000000,0.000000
6677,2,2,0.000001,0.000023,0.999967,0.000009
121,3,3,0.000006,0.000025,0.000002,0.999967
5945,3,3,0.059676,0.000010,0.000187,0.940126
19036,1,1,0.000032,0.999914,0.000004,0.000050
5817,3,3,0.058847,0.000010,0.000186,0.940957
3487,3,3,0.000000,0.000001,0.000001,0.999997
19221,1,1,0.000004,0.999992,0.000001,0.000004
9517,1,1,0.000030,0.999918,0.000006,0.000046
27179,0,0,1.000000,0.000000,0.000000,0.000000
18576,1,1,0.000029,0.999926,0.000003,0.000042
1974,3,3,0.000167,0.000000,0.000009,0.999824
7359,2,2,0.000000,0.000014,0.999979,0.000007
2583,3,3,0.001513,0.000002,0.000106,0.998379
10907,1,1,0.000006,0.999975,0.000000,0.000019
13118,1,1,0.000007,0.999984,0.000001,0.000008
9152,2,2,0.000001,0.000018,0.999968,0.000014
3183,3,3,0.000001,0.000003,0.000001,0.999995
17239,1,1,0.000026,0.999934,0.000003,0.000038
27214,0,0,1.000000,0.000000,0.000000,0.000000
31638,0,0,1.000000,0.000000,0.000000,0.000000
2258,3,3,0.000001,0.000002,0.000001,0.999996
3103,3,3,0.000002,0.000006,0.000002,0.999990
29971,0,0,1.000000,0.000000,0.000000,0.000000
27379,0,0,1.000000,0.000000,0.000000,0.000000
23401,0,0,1.000000,0.000000,0.000000,0.000000
2478,3,3,0.000018,0.000002,0.000009,0.999971
384,3,3,0.000001,0.000002,0.000001,0.999995
32642,0,0,1.000000,0.000000,0.000000,0.000000
793,3,3,0.000002,0.000009,0.000002,0.999987
25065,0,0,1.000000,0.000000,0.000000,0.000000
1315,3,3,0.000036,0.000040,0.000019,0.999904
24094,0,0,1.000000,0.000000,0.000000,0.000000
14792,1,1,0.000026,0.999934,0.000005,0.000035
18733,1,1,0.000026,0.999934,0.000004,0.000037
2805,3,3,0.000000,0.000001,0.000001,0.999997
10211,1,1,0.000005,0.999979,0.000000,0.000016
32447,0,0,1.000000,0.000000,0.000000,0.000000
5803,3,3,0.059521,0.000010,0.000189,0.940280
31207,0,0,1.000000,0.000000,0.000000,0.000000
11617,1,1,0.000007,0.999964,0.000000,0.000028
4834,3,3,0.000001,0.000002,0.000001,0.999996
18865,1,1,0.000025,0.999936,0.000003,0.000037
22982,0,0,1.000000,0.000000,0.000000,0.000000
1290,3,3,0.000001,0.000004,0.000001,0.999995
1384,3,3,0.000000,0.000002,0.000001,0.999998
24508,0,0,1.000000,0.000000,0.000000,0.000000
19842,1,1,0.000010,0.999974,0.000002,0.000014
5429,3,3,0.111128,0.000011,0.000190,0.888671
27792,0,0,1.000000,0.000000,0.000000,0.000000
32360,0,0,1.000000,0.000000,0.000000,0.000000
20531,1,1,0.000016,0.999959,0.000002,0.000022
6938,2,2,0.000001,0.000024,0.999965,0.000011
9743,1,1,0.000006,0.999976,0.000000,0.000017
16068,1,1,0.000025,0.999939,0.000004,0.000032
9923,1,1,0.000005,0.999975,0.000000,0.000019
18248,1,1,0.000013,0.999966,0.000002,0.000020
24001,0,0,1.000000,0.000000,0.000000,0.000000
20,3,3,0.000016,0.000034,0.000005,0.999944
8630,2,2,0.000001,0.000047,0.999941,0.000010
25882,0,0,1.000000,0.000000,0.000000,0.000000
29112,0,0,1.000000,0.000000,0.000000,0.000000
3343,3,3,0.000001,0.000001,0.000001,0.999998
23528,0,0,1.000000,0.000000,0.000000,0.000000
236,3,3,0.000001,0.000003,0.000001,0.999995
27188,0,0,1.000000,0.000000,0.000000,0.000000
12236,1,1,0.000005,0.999978,0.000000,0.000016
23440,0,0,1.000000,0.000000,0.000000,0.000000
25231,0,0,1.000000,0.000000,0.000000,0.000000
7287,2,2,0.000001,0.000024,0.999963,0.000012
11283,1,1,0.000008,0.999971,0.000000,0.000021
7170,2,2,0.000001,0.000018,0.999967,0.000014
20512,1,1,0.000010,0.999976,0.000001,0.000013
10521,1,1,0.000006,0.999978,0.000000,0.000015
10271,1,1,0.000006,0.999974,0.000000,0.000020
11638,1,1,0.000006,0.999965,0.000000,0.000029
13781,1,1,0.000007,0.999984,0.000001,0.000008
30060,0,0,1.000000,0.000000,0.000000,0.000000
10265,1,1,0.000005,0.999974,0.000000,0.000021
17224,1,1,0.000030,0.999922,0.000004,0.000044
1408,3,3,0.000000,0.000003,0.000001,0.999996
2227,3,3,0.000008,0.000001,0.000007,0.999985
32117,0,0,1.000000,0.000000,0.000000,0.000000
18974,1,1,0.000011,0.999972,0.000002,0.000015
5195,3,3,0.184500,0.000013,0.000206,0.815281
20970,1,1,0.000016,0.999960,0.000002,0.000022
29478,0,0,1.000000,0.000000,0.000000,0.000000
26566,0,0,1.000000,0.000000,0.000000,0.000000
26303,0,0,1.000000,0.000000,0.000000,0.000000
6565,3,3,0.000167,0.000104,0.000060,0.999668
2244,3,3,0.000003,0.000021,0.000002,0.999974
5052,3,3,0.000003,0.000000,0.000005,0.999993
28179,0,0,1.000000,0.000000,0.000000,0.000000
8227,2,2,0.000001,0.000015,0.999968,0.000017
5957,3,3,0.059721,0.000010,0.000186,0.940082
20005,1,1,0.000011,0.999972,0.000002,0.000014
28859,0,0,1.000000,0.000000,0.000000,0.000000
10806,1,1,0.000006,0.999976,0.000000,0.000018
6736,2,2,0.000001,0.000027,0.999944,0.000028
7887,2,2,0.000000,0.000013,0.999978,0.000009
19871,1,1,0.000016,0.999965,0.000003,0.000016
809,3,3,0.000001,0.000002,0.000002,0.999995
10638,1,1,0.000006,0.999973,0.000000,0.000020
17269,1,1,0.000022,0.999945,0.000002,0.000031
15505,1,1,0.000007,0.999984,0.000001,0.000008
25316,0,0,1.000000,0.000000,0.000000,0.000000
1202,3,3,0.000001,0.000004,0.000001,0.999995
1382,3,3,0.000001,0.000006,0.000001,0.999992
7677,2,2,0.000001,0.000023,0.999967,0.000009
27117,0,0,1.000000,0.000000,0.000000,0.000000
10378,1,1,0.000005,0.999980,0.000000,0.000014
18642,1,1,0.000040,0.999880,0.000004,0.000076
31639,0,0,1.000000,0.000000,0.000000,0.000000
31170,0,0,1.000000,0.000000,0.000000,0.000000
11285,1,1,0.000006,0.999976,0.000000,0.000018
1651,3,3,0.000002,0.000006,0.000002,0.999990
6557,3,3,0.059278,0.000009,0.000180,0.940533
2036,3,3,0.000002,0.000017,0.000001,0.999980
30211,0,0,1.000000,0.000000,0.000000,0.000000
7262,2,2,0.000000,0.000016,0.999975,0.000009
6627,2,2,0.000025,0.000189,0.999205,0.000581
19217,1,1,0.000021,0.999953,0.000003,0.000023
3895,3,3,0.000000,0.000002,0.000001,0.999997
11498,1,1,0.000008,0.999971,0.000001,0.000020
12697,1,1,0.000163,0.998414,0.000011,0.001412
339,3,3,0.000002,0.000001,0.000003,0.999994
31969,0,0,1.000000,0.000000,0.000000,0.000000
29521,0,0,1.000000,0.000000,0.000000,0.000000
24257,0,0,1.000000,0.000000,0.000000,0.000000
30409,0,0,1.000000,0.000000,0.000000,0.000000
33265,0,0,0.936862,0.000032,0.000093,0.063014
30591,0,0,1.000000,0.000000,0.000000,0.000000
25859,0,0,1.000000,0.000000,0.000000,0.000000
2904,3,3,0.000001,0.000001,0.000001,0.999997
25967,0,0,1.000000,0.000000,0.000000,0.000000
16704,1,1,0.000044,0.999877,0.000004,0.000075
26187,0,0,1.000000,0.000000,0.000000,0.000000
660,3,3,0.000001,0.000003,0.000001,0.999995
1700,3,3,0.000000,0.000001,0.000001,0.999998
26860,0,0,1.000000,0.000000,0.000000,0.000000
22117,0,0,1.000000,0.000000,0.000000,0.000000
16529,1,1,0.000023,0.999940,0.000003,0.000033
32394,0,0,1.000000,0.000000,0.000000,0.000000
14217,1,1,0.000004,0.999990,0.000001,0.000005
23330,0,0,1.000000,0.000000,0.000000,0.000000
8360,2,2,0.000000,0.000017,0.999975,0.000008
616,3,3,0.000006,0.000005,0.000004,0.999984
16973,1,1,0.000020,0.999951,0.000003,0.000027
19198,1,1,0.000023,0.999941,0.000003,0.000033
21233,1,1,0.000020,0.999949,0.000003,0.000028
17688,1,1,0.000030,0.999923,0.000004,0.000043
17967,1,1,0.000033,0.999914,0.000004,0.000050
13175,1,1,0.000018,0.999947,0.000001,0.000033
4851,3,3,0.000001,0.000001,0.000001,0.999997
5252,3,3,0.186942,0.000013,0.000209,0.812835
22350,0,0,1.000000,0.000000,0.000000,0.000000
4075,3,3,0.000004,0.000014,0.000003,0.999979
11981,1,1,0.000005,0.999975,0.000000,0.000019
25842,0,0,1.000000,0.000000,0.000000,0.000000
17937,1,1,0.000028,0.999923,0.000003,0.000046
1256,3,3,0.000001,0.000003,0.000002,0.999995
15816,1,1,0.000018,0.999953,0.000002,0.000026
25031,0,0,1.000000,0.000000,0.000000,0.000000
21528,0,0,1.000000,0.000000,0.000000,0.000000
14322,1,1,0.000018,0.999956,0.000002,0.000024
11019,1,1,0.000007,0.999975,0.000000,0.000018
16939,1,1,0.000016,0.999961,0.000002,0.000021
2623,3,3,0.000001,0.000003,0.000001,0.999995
1029,3,3,0.000002,0.000015,0.000003,0.999980
15128,1,1,0.000037,0.999887,0.000005,0.000070
23834,0,0,1.000000,0.000000,0.000000,0.000000
27513,0,0,1.000000,0.000000,0.000000,0.000000
13264,1,1,0.000007,0.999982,0.000001,0.000010
3486,3,3,0.000000,0.000001,0.000001,0.999998
30501,0,0,1.000000,0.000000,0.000000,0.000000
18599,1,1,0.000038,0.999897,0.000004,0.000061
28192,0,0,1.000000,0.000000,0.000000,0.000000
23610,0,0,1.000000,0.000000,0.000000,0.000000
17058,1,1,0.000017,0.999956,0.000002,0.000025
30738,0,0,1.000000,0.000000,0.000000,0.000000
30057,0,0,1.000000,0.000000,0.000000,0.000000
17722,1,1,0.000025,0.999938,0.000003,0.000034
17965,1,1,0.000031,0.999908,0.000003,0.000058
321,3,3,0.000004,0.000003,0.000008,0.999985
14408,1,1,0.000028,0.999923,0.000004,0.000045
9781,1,1,0.000006,0.999975,0.000000,0.000019
7594,2,2,0.000001,0.000023,0.999953,0.000023
16850,1,1,0.000016,0.999960,0.000002,0.000022
24781,0,0,1.000000,0.000000,0.000000,0.000000
27694,0,0,1.000000,0.000000,0.000000,0.000000
18525,1,1,0.000018,0.999951,0.000002,0.000028
28135,0,0,1.000000,0.000000,0.000000,0.000000
9095,2,2,0.000000,0.000012,0.999980,0.000007
20681,1,1,0.000065,0.999833,0.000011,0.000091
2411,3,3,0.000023,0.000003,0.000010,0.999963
8280,2,2,0.000001,0.000019,0.999962,0.000018
5421,3,3,0.100130,0.000012,0.000213,0.899645
24269,0,0,1.000000,0.000000,0.000000,0.000000
8262,2,2,0.000000,0.000011,0.999979,0.000010
20279,1,1,0.000015,0.999966,0.000002,0.000017
33044,0,0,0.949509,0.000030,0.000076,0.050385
15221,1,1,0.000055,0.999686,0.000002,0.000257
20361,1,1,0.000020,0.999946,0.000002,0.000031
20387,1,1,0.000012,0.999972,0.000002,0.000015
7315,2,2,0.000000,0.000017,0.999976,0.000007
31689,0,0,1.000000,0.000000,0.000000,0.000000
9566,1,1,0.000024,0.999941,0.000008,0.000026
21914,0,0,1.000000,0.000000,0.000000,0.000000
1817,3,3,0.000001,0.000003,0.000001,0.999995
30546,0,0,1.000000,0.000000,0.000000,0.000000
26126,0,0,1.000000,0.000000,0.000000,0.000000
28001,0,0,1.000000,0.000000,0.000000,0.000000
28505,0,0,1.000000,0.000000,0.000000,0.000000
10133,1,1,0.000006,0.999974,0.000000,0.000020
32728,0,0,1.000000,0.000000,0.000000,0.000000
2356,3,3,0.000008,0.000004,0.000005,0.999983
10386,1,1,0.000006,0.999975,0.000000,0.000019
31256,0,0,1.000000,0.000000,0.000000,0.000000
28370,0,0,1.000000,0.000000,0.000000,0.000000
26814,0,0,1.000000,0.000000,0.000000,0.000000
9407,1,1,0.000012,0.999971,0.000003,0.000014
4353,3,3,0.000003,0.000002,0.000004,0.999992
5403,3,3,0.118203,0.000011,0.000193,0.881593
14611,1,1,0.000007,0.999984,0.000002,0.000007
10093,1,1,0.000007,0.999969,0.000000,0.000024
14107,1,1,0.000004,0.999993,0.000001,0.000003
6829,2,2,0.000001,0.000020,0.999962,0.000017
15055,1,1,0.000008,0.999983,0.000002,0.000008
22365,0,0,1.000000,0.000000,0.000000,0.000000
30526,0,0,1.000000,0.000000,0.000000,0.000000
17207,1,1,0.000025,0.999934,0.000003,0.000037
27696,0,0,1.000000,0.000000,0.000000,0.000000
26579,0,0,1.000000,0.000000,0.000000,0.000000
27022,0,0,1.000000,0.000000,0.000000,0.000000
17414,1,1,0.000014,0.999967,0.000002,0.000017
8609,2,2,0.000001,0.000019,0.999969,0.000011
701,3,3,0.000002,0.000002,0.000003,0.999992
27523,0,0,1.000000,0.000000,0.000000,0.000000
16755,1,1,0.000002,0.999995,0.000001,0.000002
1018,3,3,0.000003,0.000041,0.000001,0.999954
32743,0,0,1.000000,0.000000,0.000000,0.000000
16236,1,1,0.000011,0.999974,0.000002,0.000013
5872,3,3,0.064203,0.000011,0.000194,0.935593
3207,3,3,0.000003,0.000005,0.000002,0.999991
7588,2,2,0.000001,0.000026,0.999953,0.000020
32391,0,0,1.000000,0.000000,0.000000,0.000000
23462,0,0,1.000000,0.000000,0.000000,0.000000
17136,1,1,0.000030,0.999917,0.000003,0.000050
11640,1,1,0.000007,0.999964,0.000000,0.000029
1667,3,3,0.000001,0.000004,0.000001,0.999994
3440,3,3,0.000001,0.000002,0.000001,0.999997
16343,1,1,0.000020,0.999949,0.000003,0.000029
33109,0,0,0.932530,0.000034,0.000098,0.067337
27481,0,0,1.000000,0.000000,0.000000,0.000000
3167,3,3,0.000019,0.000007,0.000007,0.999968
29601,0,0,1.000000,0.000000,0.000000,0.000000
29836,0,0,1.000000,0.000000,0.000000,0.000000
14883,1,1,0.000001,0.999998,0.000000,0.000001
15142,1,1,0.000023,0.999936,0.000004,0.000037
6728,2,2,0.000001,0.000030,0.999948,0.000021
27669,0,0,1.000000,0.000000,0.000000,0.000000
19986,1,1,0.000014,0.999964,0.000002,0.000019
21400,0,0,1.000000,0.000000,0.000000,0.000000
8567,2,2,0.000000,0.000010,0.999982,0.000008
22237,0,0,1.000000,0.000000,0.000000,0.000000
3958,3,3,0.000000,0.000003,0.000001,0.999996
19087,1,1,0.000035,0.999898,0.000004,0.000064
16153,1,1,0.000040,0.999892,0.000004,0.000064
29747,0,0,1.000000,0.000000,0.000000,0.000000
3498,3,3,0.000000,0.000001,0.000001,0.999998
26443,0,0,1.000000,0.000000,0.000000,0.000000
15986,1,1,0.000018,0.999957,0.000004,0.000021
21984,0,0,1.000000,0.000000,0.000000,0.000000
11096,1,1,0.000006,0.999971,0.000000,0.000022
3638,3,3,0.000000,0.000001,0.000001,0.999998
33068,0,0,0.956396,0.000027,0.000067,0.043510
18896,1,1,0.000018,0.999949,0.000002,0.000031
16669,1,1,0.000026,0.999937,0.000004,0.000033
23715,0,0,1.000000,0.000000,0.000000,0.000000
28123,0,0,1.000000,0.000000,0.000000,0.000000
12327,1,1,0.000009,0.999960,0.000000,0.000030
17632,1,1,0.000026,0.999932,0.000003,0.000039
8540,2,2,0.000003,0.000041,0.999861,0.000096
30332,0,0,1.000000,0.000000,0.000000,0.000000
25230,0,0,1.000000,0.000000,0.000000,0.000000
24114,0,0,1.000000,0.000000,0.000000,0.000000
20563,1,1,0.000020,0.999951,0.000003,0.000027
8039,2,2,0.000001,0.000016,0.999971,0.000013
525,3,3,0.000001,0.000003,0.000001,0.999995
26186,0,0,1.000000,0.000000,0.000000,0.000000
23169,0,0,1.000000,0.000000,0.000000,0.000000
20488,1,1,0.000016,0.999962,0.000003,0.000019
23365,0,0,1.000000,0.000000,0.000000,0.000000
5543,3,3,0.061912,0.000010,0.000190,0.937887
17642,1,1,0.000030,0.999917,0.000004,0.000050
11723,1,1,0.000007,0.999966,0.000000,0.000026
18529,1,1,0.000024,0.999944,0.000003,0.000029
18618,1,1,0.000008,0.999983,0.000001,0.000008
27380,0,0,1.000000,0.000000,0.000000,0.000000
11930,1,1,0.000009,0.999958,0.000000,0.000033
4187,3,3,0.000001,0.000001,0.000002,0.999996
31869,0,0,1.000000,0.000000,0.000000,0.000000
3668,3,3,0.000048,0.000000,0.000021,0.999931
13431,1,1,0.000021,0.999935,0.000002,0.000043
17457,1,1,0.000015,0.999965,0.000003,0.000017
3761,3,3,0.000000,0.000001,0.000001,0.999998
25074,0,0,1.000000,0.000000,0.000000,0.000000
8393,2,2,0.000004,0.000087,0.999857,0.000053
4878,3,3,0.000001,0.000001,0.000001,0.999997
20194,1,1,0.000016,0.999958,0.000002,0.000024
8682,2,2,0.000000,0.000016,0.999975,0.000008
25039,0,0,1.000000,0.000000,0.000000,0.000000
16675,1,1,0.000020,0.999950,0.000003,0.000027
26956,0,0,1.000000,0.000000,0.000000,0.000000
24546,0,0,1.000000,0.000000,0.000000,0.000000
31179,0,0,1.000000,0.000000,0.000000,0.000000
19970,1,1,0.000012,0.999971,0.000002,0.000015
9344,1,1,0.000011,0.999976,0.000003,0.000010
31691,0,0,1.000000,0.000000,0.000000,0.000000
8497,2,2,0.000000,0.000012,0.999982,0.000006
22341,0,0,1.000000,0.000000,0.000000,0.000000
19743,1,1,0.000017,0.999958,0.000002,0.000023
9098,2,2,0.000000,0.000011,0.999982,0.000007
22570,0,0,1.000000,0.000000,0.000000,0.000000
10709,1,1,0.000006,0.999974,0.000000,0.000020
14986,1,1,0.000010,0.999972,0.000001,0.000017
30014,0,0,1.000000,0.000000,0.000000,0.000000
23191,0,0,1.000000,0.000000,0.000000,0.000000
24582,0,0,1.000000,0.000000,0.000000,0.000000
9780,1,1,0.000005,0.999976,0.000000,0.000019
15795,1,1,0.000007,0.999983,0.000001,0.000008
1360,3,3,0.000001,0.000012,0.000001,0.999986
21469,0,0,1.000000,0.000000,0.000000,0.000000
32020,0,0,1.000000,0.000000,0.000000,0.000000
22516,0,0,1.000000,0.000000,0.000000,0.000000
17573,1,1,0.000019,0.999952,0.000002,0.000027
15039,1,1,0.000001,0.999997,0.000000,0.000001
29581,0,0,1.000000,0.000000,0.000000,0.000000
11937,1,1,0.000004,0.999981,0.000000,0.000015
29395,0,0,1.000000,0.000000,0.000000,0.000000
20675,1,1,0.000033,0.999906,0.000004,0.000057
3994,3,3,0.000003,0.000002,0.000003,0.999992
246,3,3,0.000019,0.000004,0.000007,0.999970
26979,0,0,1.000000,0.000000,0.000000,0.000000
1066,3,3,0.000000,0.000003,0.000001,0.999996
17782,1,1,0.000014,0.999964,0.000002,0.000020
31464,0,0,1.000000,0.000000,0.000000,0.000000
23750,0,0,1.000000,0.000000,0.000000,0.000000
12504,1,1,0.000006,0.999972,0.000000,0.000021
8734,2,2,0.000002,0.000089,0.999894,0.000015
11002,1,1,0.000010,0.999968,0.000001,0.000021
20472,1,1,0.000010,0.999974,0.000002,0.000013
3616,3,3,0.000000,0.000004,0.000001,0.999995
29867,0,0,1.000000,0.000000,0.000000,0.000000
13855,1,1,0.000006,0.999986,0.000001,0.000007
11064,1,1,0.000008,0.999975,0.000001,0.000017
9427,1,1,0.000020,0.999948,0.000004,0.000028
26250,0,0,1.000000,0.000000,0.000000,0.000000
5826,3,3,0.058562,0.000010,0.000187,0.941241
1058,3,3,0.000000,0.000003,0.000001,0.999997
14086,1,1,0.000005,0.999990,0.000002,0.000004
15110,1,1,0.000007,0.999985,0.000001,0.000007
21521,0,0,1.000000,0.000000,0.000000,0.000000
24884,0,0,1.000000,0.000000,0.000000,0.000000
28503,0,0,1.000000,0.000000,0.000000,0.000000
17094,1,1,0.000025,0.999936,0.000003,0.000036
32881,0,0,0.951477,0.000034,0.000078,0.048411
25209,0,0,1.000000,0.000000,0.000000,0.000000
21736,0,0,1.000000,0.000000,0.000000,0.000000
4329,3,3,0.000001,0.000001,0.000002,0.999995
14928,1,1,0.000003,0.999993,0.000001,0.000003
15633,1,1,0.000009,0.999980,0.000001,0.000010
26569,0,0,1.000000,0.000000,0.000000,0.000000
8661,2,2,0.000001,0.000024,0.999953,0.000023
30719,0,0,1.000000,0.000000,0.000000,0.000000
22436,0,0,1.000000,0.000000,0.000000,0.000000
17728,1,1,0.000019,0.999951,0.000002,0.000028
4614,3,3,0.000001,0.000001,0.000001,0.999997
21282,1,1,0.000021,0.999947,0.000003,0.000029
26110,0,0,1.000000,0.000000,0.000000,0.000000
2470,3,3,0.000013,0.000002,0.000008,0.999977
574,3,3,0.000007,0.000006,0.000004,0.999983
31354,0,0,1.000000,0.000000,0.000000,0.000000
6885,2,2,0.000000,0.000014,0.999974,0.000011
30991,0,0,1.000000,0.000000,0.000000,0.000000
25412,0,0,1.000000,0.000000,0.000000,0.000000
7044,2,2,0.000000,0.000015,0.999975,0.000010
4954,3,3,0.000004,0.000016,0.000002,0.999978
7824,2,2,0.000000,0.000012,0.999983,0.000005
27084,0,0,1.000000,0.000000,0.000000,0.000000
0,3,3,0.000094,0.000291,0.000022,0.999593
8642,2,2,0.000000,0.000015,0.999977,0.000009
8071,2,2,0.000001,0.000020,0.999970,0.000010
11252,1,1,0.000005,0.999977,0.000000,0.000018
28748,0,0,1.000000,0.000000,0.000000,0.000000
27310,0,0,1.000000,0.000000,0.000000,0.000000
6451,3,3,0.061063,0.000010,0.000188,0.938738
19546,1,1,0.000024,0.999940,0.000003,0.000033
25562,0,0,1.000000,0.000000,0.000000,0.000000
7838,2,2,0.000000,0.000010,0.999985,0.000005
29064,0,0,1.000000,0.000000,0.000000,0.000000
24474,0,0,1.000000,0.000000,0.000000,0.000000
16280,1,1,0.000022,0.999945,0.000003,0.000031
10681,1,1,0.000008,0.999961,0.000000,0.000030
19750,1,1,0.000014,0.999968,0.000002,0.000016
1429,3,3,0.000428,0.000001,0.000039,0.999532
6664,2,2,0.000000,0.000016,0.999974,0.000009
14934,1,1,0.000183,0.999256,0.000030,0.000530
12752,1,1,0.000010,0.999952,0.000000,0.000038
3266,3,3,0.000002,0.000003,0.000002,0.999993
21012,1,1,0.000013,0.999966,0.000002,0.000019
1617,3,3,0.000001,0.000003,0.000001,0.999995
25590,0,0,1.000000,0.000000,0.000000,0.000000
30023,0,0,1.000000,0.000000,0.000000,0.000000
14471,1,1,0.000012,0.999969,0.000002,0.000017
30554,0,0,1.000000,0.000000,0.000000,0.000000
2551,3,3,0.000016,0.000004,0.000008,0.999973
3950,3,3,0.000001,0.000001,0.000001,0.999997
13895,1,1,0.000130,0.999674,0.000014,0.000183
29239,0,0,1.000000,0.000000,0.000000,0.000000
2185,3,3,0.000011,0.000002,0.000006,0.999980
16379,1,1,0.000016,0.999962,0.000003,0.000020
9497,1,1,0.000010,0.999979,0.000002,0.000009
19929,1,1,0.000005,0.999989,0.000001,0.000005
12297,1,1,0.000008,0.999968,0.000000,0.000024
32855,0,0,1.000000,0.000000,0.000000,0.000000
5914,3,3,0.060657,0.000010,0.000189,0.939144
23451,0,0,1.000000,0.000000,0.000000,0.000000
23201,0,0,1.000000,0.000000,0.000000,0.000000
14773,1,1,0.000004,0.999992,0.000000,0.000004
10286,1,1,0.000004,0.999987,0.000000,0.000009
4418,3,3,0.000000,0.000002,0.000001,0.999997
25254,0,0,1.000000,0.000000,0.000000,0.000000
11941,1,1,0.000004,0.999987,0.000000,0.000009
17634,1,1,0.000024,0.999937,0.000003,0.000037
16964,1,1,0.000033,0.999914,0.000004,0.000050
29926,0,0,1.000000,0.000000,0.000000,0.000000
8228,2,2,0.000001,0.000016,0.999967,0.000016
13829,1,1,0.000001,0.999997,0.000000,0.000001
107,3,3,0.000005,0.000013,0.000002,0.999980
20756,1,1,0.000015,0.999965,0.000003,0.000017
32338,0,0,1.000000,0.000000,0.000000,0.000000
12060,1,1,0.000005,0.999978,0.000000,0.000016
14901,1,1,0.000003,0.999994,0.000001,0.000002
28546,0,0,1.000000,0.000000,0.000000,0.000000
15508,1,1,0.000022,0.999943,0.000004,0.000031
16323,1,1,0.000020,0.999951,0.000003,0.000026
22647,0,0,1.000000,0.000000,0.000000,0.000000
17810,1,1,0.000021,0.999944,0.000003,0.000031
31972,0,0,1.000000,0.000000,0.000000,0.000000
18906,1,1,0.000024,0.999935,0.000003,0.000038
12861,1,1,0.000019,0.999902,0.000001,0.000078
24619,0,0,1.000000,0.000000,0.000000,0.000000
11012,1,1,0.000006,0.999971,0.000000,0.000022
8667,2,2,0.000001,0.000032,0.999929,0.000037
15191,1,1,0.000018,0.999956,0.000002,0.000024
19192,1,1,0.000014,0.999967,0.000002,0.000017
28285,0,0,1.000000,0.000000,0.000000,0.000000
2328,3,3,0.000343,0.000000,0.000007,0.999650
25138,0,0,1.000000,0.000000,0.000000,0.000000
13141,1,1,0.000020,0.999953,0.000003,0.000024
32521,0,0,1.000000,0.000000,0.000000,0.000000
5494,3,3,0.061970,0.000010,0.000189,0.937831
31290,0,0,1.000000,0.000000,0.000000,0.000000
5607,3,3,0.061711,0.000011,0.000191,0.938087
32403,0,0,1.000000,0.000000,0.000000,0.000000
11826,1,1,0.000007,0.999959,0.000000,0.000034
15995,1,1,0.000017,0.999958,0.000002,0.000024
882,3,3,0.000002,0.000009,0.000002,0.999987
18423,1,1,0.000029,0.999926,0.000003,0.000042
16662,1,1,0.000020,0.999951,0.000003,0.000026
23819,0,0,1.000000,0.000000,0.000000,0.000000
4796,3,3,0.000001,0.000002,0.000001,0.999996
10960,1,1,0.000006,0.999974,0.000000,0.000019
26991,0,0,1.000000,0.000000,0.000000,0.000000
15401,1,1,0.000014,0.999963,0.000002,0.000021
8046,2,2,0.000000,0.000010,0.999984,0.000005
12807,1,1,0.000007,0.999965,0.000000,0.000028
14794,1,1,0.000005,0.999988,0.000001,0.000005
9766,1,1,0.000006,0.999974,0.000000,0.000020
31966,0,0,1.000000,0.000000,0.000000,0.000000
12920,1,1,0.000009,0.999969,0.000001,0.000022
21685,0,0,1.000000,0.000000,0.000000,0.000000
25968,0,0,1.000000,0.000000,0.000000,0.000000
27627,0,0,1.000000,0.000000,0.000000,0.000000
4435,3,3,0.000001,0.000002,0.000001,0.999996
25623,0,0,1.000000,0.000000,0.000000,0.000000
30521,0,0,1.000000,0.000000,0.000000,0.000000
14333,1,1,0.000045,0.999867,0.000006,0.000082
2409,3,3,0.000035,0.000003,0.000015,0.999947
25107,0,0,1.000000,0.000000,0.000000,0.000000
15953,1,1,0.000015,0.999963,0.000003,0.000019
27246,0,0,1.000000,0.000000,0.000000,0.000000
29088,0,0,1.000000,0.000000,0.000000,0.000000
15965,1,1,0.000019,0.999953,0.000003,0.000025
6575,2,2,0.000003,0.000075,0.999887,0.000035
15173,1,1,0.000004,0.999990,0.000001,0.000004
29946,0,0,1.000000,0.000000,0.000000,0.000000
29501,0,0,1.000000,0.000000,0.000000,0.000000
13960,1,1,0.000053,0.999838,0.000007,0.000102
10322,1,1,0.000006,0.999972,0.000000,0.000022
2469,3,3,0.000037,0.000002,0.000016,0.999945
5471,3,3,0.107299,0.000013,0.000214,0.892474
1543,3,3,0.000001,0.000002,0.000001,0.999997
28167,0,0,1.000000,0.000000,0.000000,0.000000
3401,3,3,0.000001,0.000002,0.000001,0.999997
32153,0,0,1.000000,0.000000,0.000000,0.000000
26295,0,0,1.000000,0.000000,0.000000,0.000000
25288,0,0,1.000000,0.000000,0.000000,0.000000
27375,0,0,1.000000,0.000000,0.000000,0.000000
21160,1,1,0.000013,0.999971,0.000002,0.000014
25526,0,0,1.000000,0.000000,0.000000,0.000000
31741,0,0,1.000000,0.000000,0.000000,0.000000
7286,2,2,0.000000,0.000017,0.999974,0.000009
29780,0,0,1.000000,0.000000,0.000000,0.000000
31291,0,0,1.000000,0.000000,0.000000,0.000000
30178,0,0,1.000000,0.000000,0.000000,0.000000
3594,3,3,0.000001,0.000001,0.000001,0.999998
6646,2,2,0.000000,0.000019,0.999971,0.000009
11836,1,1,0.000011,0.999955,0.000001,0.000033
23584,0,0,1.000000,0.000000,0.000000,0.000000
18982,1,1,0.000012,0.999968,0.000001,0.000018
15607,1,1,0.000019,0.999952,0.000004,0.000025
13877,1,1,0.000064,0.999852,0.000008,0.000076
464,3,3,0.000000,0.000002,0.000001,0.999997
15096,1,1,0.000003,0.999992,0.000001,0.000003
23734,0,0,1.000000,0.000000,0.000000,0.000000
12378,1,1,0.000006,0.999971,0.000000,0.000023
23243,0,0,1.000000,0.000000,0.000000,0.000000
20087,1,1,0.000017,0.999958,0.000002,0.000023
13570,1,1,0.000009,0.999974,0.000001,0.000016
2024,3,3,0.000002,0.000001,0.000003,0.999994
22060,0,0,1.000000,0.000000,0.000000,0.000000
9686,1,1,0.000014,0.999964,0.000002,0.000020
13835,1,1,0.000010,0.999974,0.000001,0.000015
3646,3,3,0.000001,0.000001,0.000002,0.999996
18269,1,1,0.000033,0.999907,0.000003,0.000057
16241,1,1,0.000018,0.999954,0.000002,0.000026
15778,1,1,0.000051,0.999853,0.000015,0.000080
27488,0,0,1.000000,0.000000,0.000000,0.000000
7575,2,2,0.000000,0.000013,0.999979,0.000008
26960,0,0,1.000000,0.000000,0.000000,0.000000
30107,0,0,1.000000,0.000000,0.000000,0.000000
19880,1,1,0.000019,0.999951,0.000003,0.000026
31956,0,0,1.000000,0.000000,0.000000,0.000000
17569,1,1,0.000032,0.999912,0.000003,0.000054
32926,0,0,0.951491,0.000032,0.000076,0.048401
13525,1,1,0.000037,0.999899,0.000005,0.000059
21085,1,1,0.000010,0.999976,0.000002,0.000013
31024,0,0,1.000000,0.000000,0.000000,0.000000
12764,1,1,0.000008,0.999953,0.000000,0.000039
7801,2,2,0.000000,0.000014,0.999970,0.000016
13509,1,1,0.000009,0.999977,0.000001,0.000013
4370,3,3,0.000001,0.000003,0.000001,0.999995
21071,1,1,0.000015,0.999964,0.000002,0.000019
7250,2,2,0.000001,0.000019,0.999969,0.000012
7528,2,2,0.000001,0.000027,0.999951,0.000021
31503,0,0,1.000000,0.000000,0.000000,0.000000
23596,0,0,1.000000,0.000000,0.000000,0.000000
6550,3,3,0.001206,0.000027,0.000200,0.998568
16141,1,1,0.000025,0.999934,0.000003,0.000037
18369,1,1,0.000018,0.999953,0.000002,0.000027
5253,3,3,0.167924,0.000012,0.000200,0.831864
18421,1,1,0.000015,0.999966,0.000003,0.000017
26335,0,0,1.000000,0.000000,0.000000,0.000000
5979,3,3,0.062897,0.000011,0.000192,0.936900
15925,1,1,0.000023,0.999938,0.000002,0.000037
32867,0,0,1.000000,0.000000,0.000000,0.000000
27795,0,0,1.000000,0.000000,0.000000,0.000000
13917,1,1,0.000001,0.999997,0.000000,0.000001
23942,0,0,1.000000,0.000000,0.000000,0.000000
111,3,3,0.000001,0.000003,0.000001,0.999994
5003,3,3,0.000006,0.000004,0.000003,0.999986
15435,1,1,0.000008,0.999981,0.000003,0.000008
7768,2,2,0.000015,0.000150,0.999478,0.000357
18758,1,1,0.000011,0.999976,0.000002,0.000011
31368,0,0,1.000000,0.000000,0.000000,0.000000
3322,3,3,0.000001,0.000002,0.000001,0.999995
18718,1,1,0.000027,0.999925,0.000003,0.000044
7770,2,2,0.000001,0.000023,0.999945,0.000031
29697,0,0,1.000000,0.000000,0.000000,0.000000
15981,1,1,0.000027,0.999931,0.000003,0.000039
2621,3,3,0.000001,0.000004,0.000001,0.999994
10722,1,1,0.000006,0.999976,0.000000,0.000018
36,3,3,0.000002,0.000003,0.000002,0.999993
7747,2,2,0.000039,0.000220,0.998398,0.001342
7218,2,2,0.000000,0.000009,0.999987,0.000004
13441,1,1,0.000032,0.999913,0.000005,0.000050
19037,1,1,0.000023,0.999941,0.000003,0.000033
24442,0,0,1.000000,0.000000,0.000000,0.000000
3024,3,3,0.000015,0.000001,0.000007,0.999978
4987,3,3,0.000006,0.000002,0.000003,0.999989
32606,0,0,1.000000,0.000000,0.000000,0.000000
7478,2,2,0.000042,0.000299,0.998317,0.001343
14001,1,1,0.000021,0.999941,0.000003,0.000034
4604,3,3,0.000000,0.000001,0.000001,0.999998
24734,0,0,1.000000,0.000000,0.000000,0.000000
17793,1,1,0.000024,0.999939,0.000003,0.000034
32592,0,0,1.000000,0.000000,0.000000,0.000000
2233,3,3,0.000001,0.000003,0.000001,0.999996
29743,0,0,1.000000,0.000000,0.000000,0.000000
24111,0,0,1.000000,0.000000,0.000000,0.000000
28085,0,0,1.000000,0.000000,0.000000,0.000000
21653,0,0,1.000000,0.000000,0.000000,0.000000
21947,0,0,1.000000,0.000000,0.000000,0.000000
15187,1,1,0.000004,0.999992,0.000001,0.000003
5804,3,3,0.058472,0.000010,0.000187,0.941330
5484,3,3,0.063399,0.000011,0.000192,0.936399
15757,1,1,0.000008,0.999980,0.000001,0.000011
20904,1,1,0.000017,0.999956,0.000003,0.000024
12418,1,1,0.000016,0.999924,0.000001,0.000058
7175,2,2,0.000000,0.000015,0.999979,0.000005
4826,3,3,0.000002,0.000000,0.000002,0.999995
5380,3,3,0.177802,0.000013,0.000202,0.821983
22406,0,0,1.000000,0.000000,0.000000,0.000000
29968,0,0,1.000000,0.000000,0.000000,0.000000
14125,1,1,0.000024,0.999938,0.000004,0.000034
27788,0,0,1.000000,0.000000,0.000000,0.000000
26027,0,0,1.000000,0.000000,0.000000,0.000000
21389,1,1,0.000062,0.999825,0.000006,0.000107
5984,3,3,0.062022,0.000010,0.000190,0.937777
31455,0,0,1.000000,0.000000,0.000000,0.000000
21905,0,0,1.000000,0.000000,0.000000,0.000000
25804,0,0,1.000000,0.000000,0.000000,0.000000
7470,2,2,0.000000,0.000014,0.999973,0.000013
29784,0,0,1.000000,0.000000,0.000000,0.000000
22022,0,0,1.000000,0.000000,0.000000,0.000000
22088,0,0,1.000000,0.000000,0.000000,0.000000
5397,3,3,0.171103,0.000013,0.000203,0.828682
29655,0,0,1.000000,0.000000,0.000000,0.000000
13308,1,1,0.000015,0.999962,0.000002,0.000020
5907,3,3,0.060335,0.000010,0.000190,0.939464
20856,1,1,0.000035,0.999898,0.000003,0.000064
19663,1,1,0.000020,0.999948,0.000003,0.000028
32747,0,0,1.000000,0.000000,0.000000,0.000000
2679,3,3,0.000009,0.000004,0.000007,0.999980
5586,3,3,0.059687,0.000010,0.000187,0.940116
1506,3,3,0.000002,0.000002,0.000002,0.999995
28394,0,0,1.000000,0.000000,0.000000,0.000000
15992,1,1,0.000027,0.999935,0.000004,0.000034
4133,3,3,0.000001,0.000002,0.000001,0.999996
2819,3,3,0.000001,0.000004,0.000002,0.999992
29649,0,0,1.000000,0.000000,0.000000,0.000000
29720,0,0,1.000000,0.000000,0.000000,0.000000
25633,0,0,1.000000,0.000000,0.000000,0.000000
15620,1,1,0.000014,0.999965,0.000002,0.000019
21431,0,0,1.000000,0.000000,0.000000,0.000000
13337,1,1,0.000003,0.999993,0.000001,0.000003
32518,0,0,1.000000,0.000000,0.000000,0.000000
14508,1,1,0.000009,0.999980,0.000002,0.000009
21094,1,1,0.000016,0.999961,0.000002,0.000021
20386,1,1,0.000012,0.999971,0.000002,0.000015
232,3,3,0.000001,0.000002,0.000001,0.999996
8300,2,2,0.000001,0.000024,0.999947,0.000028
25616,0,0,1.000000,0.000000,0.000000,0.000000
18046,1,1,0.000037,0.999900,0.000003,0.000060
8869,2,2,0.000001,0.000033,0.999956,0.000011
22311,0,0,1.000000,0.000000,0.000000,0.000000
14450,1,1,0.000014,0.999966,0.000002,0.000018
33085,0,0,0.950461,0.000032,0.000077,0.049430
22094,0,0,1.000000,0.000000,0.000000,0.000000
29769,0,0,1.000000,0.000000,0.000000,0.000000
27718,0,0,1.000000,0.000000,0.000000,0.000000
17254,1,1,0.000017,0.999960,0.000003,0.000020
18555,1,1,0.000027,0.999929,0.000003,0.000041
8992,2,2,0.000000,0.000016,0.999972,0.000011
650,3,3,0.000001,0.000003,0.000001,0.999995
13879,1,1,0.000019,0.999955,0.000003,0.000023
9975,1,1,0.000007,0.999973,0.000000,0.000019
6492,3,3,0.060756,0.000010,0.000187,0.939046
16281,1,1,0.000016,0.999960,0.000002,0.000021
16678,1,1,0.000028,0.999926,0.000004,0.000043
7020,2,2,0.000000,0.000012,0.999982,0.000005
14031,1,1,0.000002,0.999996,0.000000,0.000002
10945,1,1,0.000006,0.999975,0.000000,0.000019
26692,0,0,1.000000,0.000000,0.000000,0.000000
19413,1,1,0.000015,0.999962,0.000002,0.000021
19365,1,1,0.000011,0.999973,0.000002,0.000014
19859,1,1,0.000022,0.999947,0.000003,0.000029
16780,1,1,0.000041,0.999877,0.000006,0.000076
28515,0,0,1.000000,0.000000,0.000000,0.000000
13826,1,1,0.000003,0.999993,0.000001,0.000002
10487,1,1,0.000006,0.999977,0.000000,0.000017
25691,0,0,1.000000,0.000000,0.000000,0.000000
18116,1,1,0.000015,0.999966,0.000003,0.000016
32432,0,0,1.000000,0.000000,0.000000,0.000000
9219,1,1,0.000015,0.999963,0.000004,0.000018
7255,2,2,0.000000,0.000011,0.999981,0.000008
17272,1,1,0.000030,0.999919,0.000003,0.000048
4649,3,3,0.000001,0.000002,0.000001,0.999996
24831,0,0,1.000000,0.000000,0.000000,0.000000
29699,0,0,1.000000,0.000000,0.000000,0.000000
28296,0,0,1.000000,0.000000,0.000000,0.000000
22439,0,0,1.000000,0.000000,0.000000,0.000000
5544,3,3,0.060833,0.000010,0.000188,0.938968
8033,2,2,0.000001,0.000021,0.999965,0.000013
2294,3,3,0.000052,0.000002,0.000024,0.999922
2962,3,3,0.000001,0.000002,0.000002,0.999995
21917,0,0,1.000000,0.000000,0.000000,0.000000
11747,1,1,0.000011,0.999944,0.000000,0.000045
3355,3,3,0.000003,0.000001,0.000003,0.999993
20825,1,1,0.000029,0.999923,0.000004,0.000044
4786,3,3,0.000000,0.000002,0.000001,0.999997
21361,1,1,0.000033,0.999912,0.000004,0.000051
31621,0,0,1.000000,0.000000,0.000000,0.000000
15567,1,1,0.000011,0.999975,0.000002,0.000013
19724,1,1,0.000014,0.999966,0.000002,0.000017
7847,2,2,0.000000,0.000010,0.999984,0.000006
26568,0,0,1.000000,0.000000,0.000000,0.000000
14325,1,1,0.000035,0.999885,0.000003,0.000078
10242,1,1,0.000006,0.999976,0.000000,0.000018
6243,3,3,0.062316,0.000010,0.000190,0.937484
7630,2,2,0.000001,0.000018,0.999964,0.000017
18055,1,1,0.000019,0.999953,0.000002,0.000026
3490,3,3,0.000001,0.000002,0.000002,0.999995
17365,1,1,0.000008,0.999980,0.000001,0.000011
21316,1,1,0.000010,0.999977,0.000002,0.000012
25737,0,0,1.000000,0.000000,0.000000,0.000000
24136,0,0,1.000000,0.000000,0.000000,0.000000
1962,3,3,0.000001,0.000002,0.000001,0.999996
28387,0,0,1.000000,0.000000,0.000000,0.000000
29393,0,0,1.000000,0.000000,0.000000,0.000000
3977,3,3,0.000003,0.000008,0.000002,0.999988
13022,1,1,0.000001,0.999998,0.000001,0.000001
17328,1,1,0.000020,0.999946,0.000002,0.000032
27426,0,0,1.000000,0.000000,0.000000,0.000000
14812,1,1,0.000018,0.999956,0.000004,0.000022
20260,1,1,0.000012,0.999970,0.000002,0.000015
6833,2,2,0.000001,0.000017,0.999968,0.000015
20275,1,1,0.000014,0.999965,0.000002,0.000019
28606,0,0,1.000000,0.000000,0.000000,0.000000
31417,0,0,1.000000,0.000000,0.000000,0.000000
19732,1,1,0.000011,0.999974,0.000002,0.000014
4186,3,3,0.000001,0.000002,0.000002,0.999996
23527,0,0,1.000000,0.000000,0.000000,0.000000
17953,1,1,0.000027,0.999927,0.000003,0.000044
24337,0,0,1.000000,0.000000,0.000000,0.000000
7180,2,2,0.000001,0.000023,0.999967,0.000009
32980,0,0,0.943489,0.000033,0.000085,0.056394
3609,3,3,0.000001,0.000011,0.000001,0.999986
12651,1,1,0.000010,0.999946,0.000000,0.000043
14766,1,1,0.000013,0.999969,0.000003,0.000015
21916,0,0,1.000000,0.000000,0.000000,0.000000
5835,3,3,0.059606,0.000010,0.000189,0.940195
6318,3,3,0.069249,0.000011,0.000200,0.930540
1056,3,3,0.000000,0.000002,0.000001,0.999997
4644,3,3,0.000001,0.000002,0.000001,0.999997
29101,0,0,1.000000,0.000000,0.000000,0.000000
19768,1,1,0.000016,0.999958,0.000002,0.000023
30292,0,0,1.000000,0.000000,0.000000,0.000000
16825,1,1,0.000036,0.999900,0.000005,0.000058
26267,0,0,1.000000,0.000000,0.000000,0.000000
29464,0,0,1.000000,0.000000,0.000000,0.000000
11404,1,1,0.000007,0.999965,0.000000,0.000028
16847,1,1,0.000018,0.999961,0.000002,0.000019
11926,1,1,0.000007,0.999966,0.000000,0.000026
21692,0,0,1.000000,0.000000,0.000000,0.000000
20014,1,1,0.000024,0.999942,0.000003,0.000031
21668,0,0,1.000000,0.000000,0.000000,0.000000
13652,1,1,0.000040,0.999891,0.000004,0.000065
19330,1,1,0.000008,0.999981,0.000002,0.000009
6282,3,3,0.061696,0.000010,0.000187,0.938107
24616,0,0,1.000000,0.000000,0.000000,0.000000
27410,0,0,1.000000,0.000000,0.000000,0.000000
3447,3,3,0.000001,0.000001,0.000001,0.999997
19102,1,1,0.000021,0.999945,0.000003,0.000032
28178,0,0,1.000000,0.000000,0.000000,0.000000
23532,0,0,1.000000,0.000000,0.000000,0.000000
28910,0,0,1.000000,0.000000,0.000000,0.000000
7272,2,2,0.000000,0.000015,0.999977,0.000008
12853,1,1,0.000009,0.999965,0.000000,0.000026
18699,1,1,0.000014,0.999966,0.000002,0.000018
32832,0,0,1.000000,0.000000,0.000000,0.000000
22692,0,0,1.000000,0.000000,0.000000,0.000000
24125,0,0,1.000000,0.000000,0.000000,0.000000
28912,0,0,1.000000,0.000000,0.000000,0.000000
5370,3,3,0.177746,0.000013,0.000203,0.822039
31222,0,0,1.000000,0.000000,0.000000,0.000000
11185,1,1,0.000006,0.999972,0.000000,0.000022
6934,2,2,0.000000,0.000015,0.999978,0.000007
9798,1,1,0.000011,0.999961,0.000001,0.000027
24543,0,0,1.000000,0.000000,0.000000,0.000000
9596,1,1,0.000059,0.999625,0.000003,0.000314
32910,0,0,0.948915,0.000033,0.000080,0.050972
31110,0,0,1.000000,0.000000,0.000000,0.000000
17545,1,1,0.000026,0.999925,0.000003,0.000045
11567,1,1,0.000007,0.999967,0.000000,0.000026
7833,2,2,0.000000,0.000012,0.999982,0.000006
11229,1,1,0.000006,0.999974,0.000000,0.000019
29096,0,0,1.000000,0.000000,0.000000,0.000000
24785,0,0,1.000000,0.000000,0.000000,0.000000
32595,0,0,1.000000,0.000000,0.000000,0.000000
19708,1,1,0.000013,0.999967,0.000002,0.000018
30404,0,0,1.000000,0.000000,0.000000,0.000000
29008,0,0,1.000000,0.000000,0.000000,0.000000
12367,1,1,0.000007,0.999969,0.000000,0.000024
6919,2,2,0.000000,0.000017,0.999974,0.000009
31036,0,0,1.000000,0.000000,0.000000,0.000000
20885,1,1,0.000017,0.999956,0.000002,0.000025
32588,0,0,1.000000,0.000000,0.000000,0.000000
23776,0,0,1.000000,0.000000,0.000000,0.000000
26484,0,0,1.000000,0.000000,0.000000,0.000000
28877,0,0,1.000000,0.000000,0.000000,0.000000
5637,3,3,0.057661,0.000010,0.000185,0.942144
12828,1,1,0.000017,0.999920,0.000001,0.000062
6657,2,2,0.000000,0.000015,0.999977,0.000007
5344,3,3,0.182420,0.000013,0.000205,0.817362
13032,1,1,0.000003,0.999994,0.000000,0.000003
30358,0,0,1.000000,0.000000,0.000000,0.000000
19836,1,1,0.000010,0.999976,0.000002,0.000012
31389,0,0,1.000000,0.000000,0.000000,0.000000
28800,0,0,1.000000,0.000000,0.000000,0.000000
29577,0,0,1.000000,0.000000,0.000000,0.000000
5450,3,3,0.110931,0.000011,0.000189,0.888869
17950,1,1,0.000021,0.999948,0.000003,0.000028
5568,3,3,0.061648,0.000010,0.000189,0.938153
1087,3,3,0.000000,0.000006,0.000000,0.999994
29858,0,0,1.000000,0.000000,0.000000,0.000000
29195,0,0,1.000000,0.000000,0.000000,0.000000
20201,1,1,0.000008,0.999980,0.000001,0.000011
28566,0,0,1.000000,0.000000,0.000000,0.000000
27438,0,0,1.000000,0.000000,0.000000,0.000000
12393,1,1,0.000006,0.999971,0.000000,0.000023
10442,1,1,0.000007,0.999975,0.000000,0.000017
8816,2,2,0.000001,0.000020,0.999951,0.000028
31001,0,0,1.000000,0.000000,0.000000,0.000000
26987,0,0,1.000000,0.000000,0.000000,0.000000
6260,3,3,0.061837,0.000010,0.000188,0.937964
23381,0,0,1.000000,0.000000,0.000000,0.000000
26249,0,0,1.000000,0.000000,0.000000,0.000000
15390,1,1,0.000008,0.999981,0.000001,0.000011
10895,1,1,0.000007,0.999969,0.000000,0.000024
13462,1,1,0.000033,0.999911,0.000003,0.000053
8770,2,2,0.000001,0.000028,0.999946,0.000025
22398,0,0,1.000000,0.000000,0.000000,0.000000
29181,0,0,1.000000,0.000000,0.000000,0.000000
29032,0,0,1.000000,0.000000,0.000000,0.000000
23938,0,0,1.000000,0.000000,0.000000,0.000000
33212,0,0,0.937566,0.000036,0.000094,0.062305
10073,1,1,0.000006,0.999971,0.000000,0.000023
11039,1,1,0.000006,0.999976,0.000000,0.000018
20031,1,1,0.000018,0.999954,0.000003,0.000025
22677,0,0,1.000000,0.000000,0.000000,0.000000
9728,1,1,0.000005,0.999978,0.000000,0.000017
20804,1,1,0.000011,0.999973,0.000002,0.000015
5775,3,3,0.061274,0.000011,0.000192,0.938523
8384,2,2,0.000004,0.000072,0.999845,0.000079
31045,0,0,1.000000,0.000000,0.000000,0.000000
25569,0,0,1.000000,0.000000,0.000000,0.000000
22182,0,0,1.000000,0.000000,0.000000,0.000000
2907,3,3,0.000001,0.000001,0.000002,0.999996
25103,0,0,1.000000,0.000000,0.000000,0.000000
14761,1,1,0.000006,0.999986,0.000001,0.000007
28556,0,0,1.000000,0.000000,0.000000,0.000000
19882,1,1,0.000014,0.999968,0.000003,0.000016
3709,3,3,0.000000,0.000001,0.000001,0.999998
5581,3,3,0.064484,0.000011,0.000192,0.935313
27603,0,0,1.000000,0.000000,0.000000,0.000000
31554,0,0,1.000000,0.000000,0.000000,0.000000
6789,2,2,0.000001,0.000021,0.999969,0.000009
28301,0,0,1.000000,0.000000,0.000000,0.000000
27415,0,0,1.000000,0.000000,0.000000,0.000000
27143,0,0,1.000000,0.000000,0.000000,0.000000
27013,0,0,1.000000,0.000000,0.000000,0.000000
8535,2,2,0.000001,0.000021,0.999949,0.000030
22407,0,0,1.000000,0.000000,0.000000,0.000000
17089,1,1,0.000010,0.999975,0.000001,0.000014
7503,2,2,0.000001,0.000024,0.999962,0.000013
3826,3,3,0.000000,0.000001,0.000001,0.999998
26088,0,0,1.000000,0.000000,0.000000,0.000000
19729,1,1,0.000014,0.999964,0.000002,0.000020
8552,2,2,0.000000,0.000012,0.999981,0.000007
11719,1,1,0.000009,0.999953,0.000000,0.000037
10415,1,1,0.000008,0.999972,0.000001,0.000020
1624,3,3,0.000006,0.000050,0.000003,0.999941
18734,1,1,0.000023,0.999944,0.000003,0.000030
5756,3,3,0.057058,0.000010,0.000188,0.942744
18810,1,1,0.000016,0.999960,0.000002,0.000022
4472,3,3,0.000001,0.000002,0.000001,0.999996
2594,3,3,0.000005,0.000001,0.000003,0.999991
32647,0,0,1.000000,0.000000,0.000000,0.000000
14120,1,1,0.000021,0.999920,0.000001,0.000058
31800,0,0,1.000000,0.000000,0.000000,0.000000
21963,0,0,1.000000,0.000000,0.000000,0.000000
24853,0,0,1.000000,0.000000,0.000000,0.000000
14593,1,1,0.000024,0.999937,0.000004,0.000035
28400,0,0,1.000000,0.000000,0.000000,0.000000
7231,2,2,0.000793,0.002290,0.981795,0.015121
16540,1,1,0.000011,0.999973,0.000001,0.000015
16889,1,1,0.000025,0.999936,0.000004,0.000036
20859,1,1,0.000069,0.999752,0.000004,0.000175
19298,1,1,0.000032,0.999914,0.000004,0.000050
27403,0,0,1.000000,0.000000,0.000000,0.000000
9141,2,2,0.000000,0.000016,0.999974,0.000009
26171,0,0,1.000000,0.000000,0.000000,0.000000
25974,0,0,1.000000,0.000000,0.000000,0.000000
26322,0,0,1.000000,0.000000,0.000000,0.000000
7066,2,2,0.000017,0.000153,0.999403,0.000427
20653,1,1,0.000030,0.999919,0.000004,0.000047
10212,1,1,0.000004,0.999981,0.000000,0.000014
3541,3,3,0.000000,0.000001,0.000001,0.999998
1248,3,3,0.000001,0.000001,0.000001,0.999997
5212,3,3,0.169980,0.000012,0.000202,0.829806
24823,0,0,1.000000,0.000000,0.000000,0.000000
2343,3,3,0.000002,0.000007,0.000002,0.999989
24745,0,0,1.000000,0.000000,0.000000,0.000000
31180,0,0,1.000000,0.000000,0.000000,0.000000
33154,0,0,0.937651,0.000034,0.000094,0.062221
8267,2,2,0.000000,0.000011,0.999977,0.000011
10281,1,1,0.000005,0.999979,0.000000,0.000016
29516,0,0,1.000000,0.000000,0.000000,0.000000
18444,1,1,0.000023,0.999941,0.000003,0.000033
25391,0,0,1.000000,0.000000,0.000000,0.000000
29903,0,0,1.000000,0.000000,0.000000,0.000000
19958,1,1,0.000018,0.999952,0.000002,0.000027
3,3,3,0.000004,0.000029,0.000002,0.999965
24959,0,0,1.000000,0.000000,0.000000,0.000000
23103,0,0,1.000000,0.000000,0.000000,0.000000
5102,3,3,0.000016,0.000295,0.000005,0.999683
3463,3,3,0.000001,0.000001,0.000001,0.999997
33007,0,0,0.953196,0.000030,0.000073,0.046701
6680,2,2,0.000000,0.000016,0.999977,0.000007
4002,3,3,0.000001,0.000002,0.000001,0.999995
9991,1,1,0.000009,0.999969,0.000001,0.000022
30173,0,0,1.000000,0.000000,0.000000,0.000000
30890,0,0,1.000000,0.000000,0.000000,0.000000
31099,0,0,1.000000,0.000000,0.000000,0.000000
1321,3,3,0.000002,0.000006,0.000001,0.999991
3022,3,3,0.000006,0.000003,0.000003,0.999988
33024,0,0,0.949193,0.000031,0.000078,0.050698
717,3,3,0.000002,0.000003,0.000002,0.999993
8416,2,2,0.000000,0.000011,0.999978,0.000010
32026,0,0,1.000000,0.000000,0.000000,0.000000
15265,1,1,0.000010,0.999977,0.000002,0.000011
9893,1,1,0.000005,0.999982,0.000000,0.000013
20112,1,1,0.000022,0.999945,0.000004,0.000029
13809,1,1,0.000041,0.999869,0.000004,0.000086
13767,1,1,0.000012,0.999969,0.000002,0.000017
25022,0,0,1.000000,0.000000,0.000000,0.000000
30988,0,0,1.000000,0.000000,0.000000,0.000000
13292,1,1,0.000025,0.999925,0.000002,0.000048
10757,1,1,0.000006,0.999977,0.000000,0.000017
356,3,3,0.000001,0.000004,0.000001,0.999994
4921,3,3,0.000012,0.000022,0.000004,0.999961
17292,1,1,0.000017,0.999955,0.000002,0.000026
11266,1,1,0.000007,0.999973,0.000000,0.000020
22819,0,0,1.000000,0.000000,0.000000,0.000000
16952,1,1,0.000013,0.999966,0.000002,0.000019
31497,0,0,1.000000,0.000000,0.000000,0.000000
14294,1,1,0.000005,0.999988,0.000001,0.000005
10582,1,1,0.000005,0.999977,0.000000,0.000017
4113,3,3,0.000001,0.000002,0.000001,0.999996
7715,2,2,0.000000,0.000014,0.999977,0.000008
25378,0,0,1.000000,0.000000,0.000000,0.000000
24443,0,0,1.000000,0.000000,0.000000,0.000000
25969,0,0,1.000000,0.000000,0.000000,0.000000
11906,1,1,0.000008,0.999950,0.000000,0.000041
19814,1,1,0.000019,0.999951,0.000002,0.000028
7451,2,2,0.000000,0.000012,0.999980,0.000008
21485,0,0,1.000000,0.000000,0.000000,0.000000
16527,1,1,0.000020,0.999948,0.000002,0.000029
22771,0,0,1.000000,0.000000,0.000000,0.000000
10346,1,1,0.000006,0.999970,0.000000,0.000023
17206,1,1,0.000024,0.999935,0.000003,0.000039
19527,1,1,0.000031,0.999912,0.000003,0.000053
10071,1,1,0.000008,0.999963,0.000000,0.000029
20679,1,1,0.000030,0.999914,0.000004,0.000052
24975,0,0,1.000000,0.000000,0.000000,0.000000
19669,1,1,0.000015,0.999963,0.000002,0.000020
24400,0,0,1.000000,0.000000,0.000000,0.000000
2047,3,3,0.000038,0.000005,0.000021,0.999937
22267,0,0,1.000000,0.000000,0.000000,0.000000
27704,0,0,1.000000,0.000000,0.000000,0.000000
32107,0,0,1.000000,0.000000,0.000000,0.000000
26371,0,0,1.000000,0.000000,0.000000,0.000000
6693,2,2,0.000000,0.000011,0.999983,0.000005
30739,0,0,1.000000,0.000000,0.000000,0.000000
10029,1,1,0.000005,0.999978,0.000000,0.000017
18032,1,1,0.000015,0.999963,0.000002,0.000020
18965,1,1,0.000028,0.999925,0.000003,0.000044
25680,0,0,1.000000,0.000000,0.000000,0.000000
7173,2,2,0.000000,0.000014,0.999980,0.000005
33126,0,0,0.936387,0.000036,0.000096,0.063481
24977,0,0,1.000000,0.000000,0.000000,0.000000
32790,0,0,1.000000,0.000000,0.000000,0.000000
10079,1,1,0.000005,0.999976,0.000000,0.000018
5545,3,3,0.061351,0.000010,0.000189,0.938449
13672,1,1,0.000039,0.999881,0.000004,0.000075
6013,3,3,0.065087,0.000011,0.000194,0.934709
28460,0,0,1.000000,0.000000,0.000000,0.000000
252,3,3,0.000000,0.000002,0.000001,0.999997
4294,3,3,0.000001,0.000002,0.000001,0.999997
4718,3,3,0.000000,0.000001,0.000001,0.999998
32060,0,0,1.000000,0.000000,0.000000,0.000000
26995,0,0,1.000000,0.000000,0.000000,0.000000
19309,1,1,0.000020,0.999950,0.000003,0.000027
10667,1,1,0.000009,0.999962,0.000000,0.000029
25363,0,0,1.000000,0.000000,0.000000,0.000000
16267,1,1,0.000045,0.999865,0.000005,0.000086
12909,1,1,0.000019,0.999938,0.000002,0.000041
8637,2,2,0.000000,0.000010,0.999982,0.000007
30043,0,0,1.000000,0.000000,0.000000,0.000000
11816,1,1,0.000011,0.999943,0.000000,0.000046
18807,1,1,0.000061,0.999797,0.000005,0.000137
14185,1,1,0.000002,0.999997,0.000000,0.000001
11485,1,1,0.000006,0.999974,0.000000,0.000020
2323,3,3,0.000003,0.000001,0.000004,0.999992
4935,3,3,0.000008,0.000025,0.000003,0.999964
21048,1,1,0.000018,0.999954,0.000002,0.000026
27288,0,0,1.000000,0.000000,0.000000,0.000000
32965,0,0,0.950366,0.000031,0.000076,0.049526
9139,2,2,0.000001,0.000028,0.999962,0.000008
1693,3,3,0.000001,0.000002,0.000001,0.999996
8852,2,2,0.000002,0.000096,0.999885,0.000016
12538,1,1,0.000037,0.999867,0.000003,0.000093
1787,3,3,0.000001,0.000002,0.000001,0.999996
8246,2,2,0.000001,0.000025,0.999923,0.000051
2773,3,3,0.000001,0.000002,0.000001,0.999996
17592,1,1,0.000049,0.999858,0.000006,0.000087
10109,1,1,0.000006,0.999973,0.000000,0.000021
21047,1,1,0.000023,0.999937,0.000003,0.000037
17214,1,1,0.000025,0.999936,0.000004,0.000035
32777,0,0,1.000000,0.000000,0.000000,0.000000
6603,2,2,0.000001,0.000032,0.999937,0.000030
5892,3,3,0.062186,0.000011,0.000192,0.937611
31022,0,0,1.000000,0.000000,0.000000,0.000000
24764,0,0,1.000000,0.000000,0.000000,0.000000
14230,1,1,0.000015,0.999956,0.000001,0.000027
25684,0,0,1.000000,0.000000,0.000000,0.000000
15910,1,1,0.000007,0.999984,0.000001,0.000008
24143,0,0,1.000000,0.000000,0.000000,0.000000
8355,2,2,0.000001,0.000044,0.999936,0.000019
33163,0,0,0.923352,0.000038,0.000111,0.076499
32889,0,0,0.953316,0.000034,0.000075,0.046574
21651,0,0,1.000000,0.000000,0.000000,0.000000
2782,3,3,0.000000,0.000002,0.000001,0.999997
7502,2,2,0.000001,0.000019,0.999968,0.000013
28488,0,0,1.000000,0.000000,0.000000,0.000000
10690,1,1,0.000007,0.999969,0.000000,0.000024
5532,3,3,0.061119,0.000010,0.000189,0.938681
16199,1,1,0.000029,0.999923,0.000004,0.000044
27123,0,0,1.000000,0.000000,0.000000,0.000000
30098,0,0,1.000000,0.000000,0.000000,0.000000
16751,1,1,0.000037,0.999907,0.000004,0.000052
2184,3,3,0.000036,0.000002,0.000015,0.999947
18022,1,1,0.000025,0.999932,0.000003,0.000040
20923,1,1,0.000021,0.999947,0.000003,0.000029
3422,3,3,0.000000,0.000001,0.000001,0.999998
3643,3,3,0.000000,0.000001,0.000001,0.999997
26582,0,0,1.000000,0.000000,0.000000,0.000000
26222,0,0,1.000000,0.000000,0.000000,0.000000
5883,3,3,0.063316,0.000011,0.000195,0.936479
15600,1,1,0.000005,0.999988,0.000001,0.000005
21978,0,0,1.000000,0.000000,0.000000,0.000000
14640,1,1,0.000030,0.999921,0.000005,0.000044
811,3,3,0.000002,0.000004,0.000003,0.999991
18975,1,1,0.000013,0.999967,0.000002,0.000018
9217,1,1,0.000016,0.999962,0.000004,0.000018
30587,0,0,1.000000,0.000000,0.000000,0.000000
5444,3,3,0.111005,0.000011,0.000188,0.888796
28685,0,0,1.000000,0.000000,0.000000,0.000000
23488,0,0,1.000000,0.000000,0.000000,0.000000
32863,0,0,1.000000,0.000000,0.000000,0.000000
6121,3,3,0.063084,0.000011,0.000192,0.936714
2940,3,3,0.000001,0.000002,0.000002,0.999995
26499,0,0,1.000000,0.000000,0.000000,0.000000
12667,1,1,0.000008,0.999968,0.000001,0.000023
30957,0,0,1.000000,0.000000,0.000000,0.000000
28405,0,0,1.000000,0.000000,0.000000,0.000000
14444,1,1,0.000003,0.999993,0.000001,0.000003
18627,1,1,0.000038,0.999890,0.000003,0.000068
4487,3,3,0.000001,0.000003,0.000002,0.999995
1138,3,3,0.000010,0.000001,0.000007,0.999981
24944,0,0,1.000000,0.000000,0.000000,0.000000
11632,1,1,0.000006,0.999967,0.000000,0.000027
26132,0,0,1.000000,0.000000,0.000000,0.000000
32771,0,0,1.000000,0.000000,0.000000,0.000000
26866,0,0,1.000000,0.000000,0.000000,0.000000
30833,0,0,1.000000,0.000000,0.000000,0.000000
28447,0,0,1.000000,0.000000,0.000000,0.000000
23351,0,0,1.000000,0.000000,0.000000,0.000000
20968,1,1,0.000021,0.999945,0.000002,0.000032
23511,0,0,1.000000,0.000000,0.000000,0.000000
9172,1,1,0.000011,0.999970,0.000001,0.000017
2976,3,3,0.000003,0.000004,0.000002,0.999991
17087,1,1,0.000006,0.999986,0.000001,0.000007
22076,0,0,1.000000,0.000000,0.000000,0.000000
20852,1,1,0.000019,0.999952,0.000003,0.000026
23481,0,0,1.000000,0.000000,0.000000,0.000000
27090,0,0,1.000000,0.000000,0.000000,0.000000
30484,0,0,1.000000,0.000000,0.000000,0.000000
16672,1,1,0.000015,0.999965,0.000002,0.000018
7077,2,2,0.000000,0.000016,0.999974,0.000010
28157,0,0,1.000000,0.000000,0.000000,0.000000
32702,0,0,1.000000,0.000000,0.000000,0.000000
28007,0,0,1.000000,0.000000,0.000000,0.000000
24148,0,0,1.000000,0.000000,0.000000,0.000000
670,3,3,0.000001,0.000002,0.000001,0.999997
20151,1,1,0.000013,0.999970,0.000002,0.000015
7386,2,2,0.000000,0.000014,0.999975,0.000010
6196,3,3,0.062096,0.000010,0.000189,0.937705
9704,1,1,0.000004,0.999990,0.000001,0.000005
29390,0,0,1.000000,0.000000,0.000000,0.000000
11452,1,1,0.000005,0.999977,0.000000,0.000018
1711,3,3,0.000001,0.000005,0.000001,0.999993
23398,0,0,1.000000,0.000000,0.000000,0.000000
20221,1,1,0.000014,0.999963,0.000002,0.000021
18995,1,1,0.000016,0.999958,0.000002,0.000024
6560,3,3,0.001094,0.000002,0.000092,0.998811
14534,1,1,0.000004,0.999992,0.000001,0.000003
12516,1,1,0.000023,0.999912,0.000002,0.000063
27167,0,0,1.000000,0.000000,0.000000,0.000000
5464,3,3,0.106183,0.000011,0.000184,0.893623
28721,0,0,1.000000,0.000000,0.000000,0.000000
24034,0,0,1.000000,0.000000,0.000000,0.000000
9021,2,2,0.000001,0.000022,0.999951,0.000026
28705,0,0,1.000000,0.000000,0.000000,0.000000
9667,1,1,0.000010,0.999974,0.000001,0.000015
31536,0,0,1.000000,0.000000,0.000000,0.000000
15739,1,1,0.000007,0.999984,0.000002,0.000007
5222,3,3,0.181541,0.000013,0.000207,0.818238
25654,0,0,1.000000,0.000000,0.000000,0.000000
2333,3,3,0.000018,0.000002,0.000010,0.999970
12226,1,1,0.000011,0.999951,0.000001,0.000038
31440,0,0,1.000000,0.000000,0.000000,0.000000
10379,1,1,0.000005,0.999980,0.000000,0.000015
2414,3,3,0.000010,0.000004,0.000006,0.999980
30097,0,0,1.000000,0.000000,0.000000,0.000000
1557,3,3,0.000001,0.000003,0.000001,0.999994
13066,1,1,0.000024,0.999937,0.000003,0.000036
19089,1,1,0.000029,0.999921,0.000003,0.000047
21538,0,0,1.000000,0.000000,0.000000,0.000000
9722,1,1,0.000006,0.999973,0.000000,0.000021
14033,1,1,0.000003,0.999993,0.000002,0.000002
402,3,3,0.000002,0.000003,0.000004,0.999991
6175,3,3,0.063092,0.000011,0.000191,0.936707
19040,1,1,0.000025,0.999933,0.000003,0.000039
18605,1,1,0.000005,0.999988,0.000001,0.000006
11083,1,1,0.000006,0.999977,0.000000,0.000017
147,3,3,0.000001,0.000002,0.000001,0.999996
18455,1,1,0.000029,0.999918,0.000003,0.000050
28817,0,0,1.000000,0.000000,0.000000,0.000000
14173,1,1,0.000021,0.999947,0.000003,0.000029
28902,0,0,1.000000,0.000000,0.000000,0.000000
31901,0,0,1.000000,0.000000,0.000000,0.000000
22327,0,0,1.000000,0.000000,0.000000,0.000000
4027,3,3,0.000002,0.000000,0.000003,0.999995
16959,1,1,0.000030,0.999916,0.000003,0.000051
9265,1,1,0.000011,0.999973,0.000002,0.000014
30176,0,0,1.000000,0.000000,0.000000,0.000000
28092,0,0,1.000000,0.000000,0.000000,0.000000
28795,0,0,1.000000,0.000000,0.000000,0.000000
11392,1,1,0.000006,0.999979,0.000000,0.000015
26886,0,0,1.000000,0.000000,0.000000,0.000000
28895,0,0,1.000000,0.000000,0.000000,0.000000
20649,1,1,0.000032,0.999920,0.000006,0.000042
21962,0,0,1.000000,0.000000,0.000000,0.000000
16090,1,1,0.000005,0.999989,0.000001,0.000005
14942,1,1,0.000013,0.999967,0.000002,0.000017
264,3,3,0.000000,0.000002,0.000001,0.999997
30715,0,0,1.000000,0.000000,0.000000,0.000000
8272,2,2,0.000000,0.000013,0.999977,0.000010
4642,3,3,0.000002,0.000006,0.000003,0.999989
32591,0,0,1.000000,0.000000,0.000000,0.000000
32542,0,0,1.000000,0.000000,0.000000,0.000000
8916,2,2,0.000001,0.000013,0.999969,0.000017
18960,1,1,0.000029,0.999926,0.000003,0.000043
14933,1,1,0.000082,0.999711,0.000012,0.000196
25020,0,0,1.000000,0.000000,0.000000,0.000000
4926,3,3,0.000001,0.000002,0.000001,0.999996
20228,1,1,0.000022,0.999942,0.000003,0.000034
24103,0,0,1.000000,0.000000,0.000000,0.000000
15277,1,1,0.000017,0.999958,0.000002,0.000023
18144,1,1,0.000016,0.999961,0.000002,0.000021
27182,0,0,1.000000,0.000000,0.000000,0.000000
32576,0,0,1.000000,0.000000,0.000000,0.000000
116,3,3,0.000004,0.000021,0.000003,0.999971
5318,3,3,0.174758,0.000013,0.000201,0.825028
31402,0,0,1.000000,0.000000,0.000000,0.000000
10289,1,1,0.000006,0.999977,0.000000,0.000016
13370,1,1,0.000052,0.999831,0.000008,0.000110
4054,3,3,0.000001,0.000002,0.000001,0.999997
30599,0,0,1.000000,0.000000,0.000000,0.000000
13281,1,1,0.000004,0.999991,0.000003,0.000002
23746,0,0,1.000000,0.000000,0.000000,0.000000
10403,1,1,0.000005,0.999981,0.000000,0.000014
22205,0,0,1.000000,0.000000,0.000000,0.000000
21407,0,0,1.000000,0.000000,0.000000,0.000000
32365,0,0,1.000000,0.000000,0.000000,0.000000
15165,1,1,0.000038,0.999874,0.000004,0.000085
1938,3,3,0.000001,0.000004,0.000002,0.999992
11621,1,1,0.000006,0.999966,0.000000,0.000028
28744,0,0,1.000000,0.000000,0.000000,0.000000
22025,0,0,1.000000,0.000000,0.000000,0.000000
20810,1,1,0.000002,0.999995,0.000001,0.000002
22589,0,0,1.000000,0.000000,0.000000,0.000000
26682,0,0,1.000000,0.000000,0.000000,0.000000
21352,1,1,0.000064,0.999780,0.000005,0.000151
27940,0,0,1.000000,0.000000,0.000000,0.000000
32444,0,0,1.000000,0.000000,0.000000,0.000000
21536,0,0,1.000000,0.000000,0.000000,0.000000
20148,1,1,0.000021,0.999949,0.000004,0.000027
5495,3,3,0.061821,0.000010,0.000189,0.937980
26792,0,0,1.000000,0.000000,0.000000,0.000000
10424,1,1,0.000006,0.999975,0.000000,0.000019
9870,1,1,0.000007,0.999969,0.000000,0.000023
22026,0,0,1.000000,0.000000,0.000000,0.000000
17745,1,1,0.000020,0.999950,0.000002,0.000028
32539,0,0,1.000000,0.000000,0.000000,0.000000
20106,1,1,0.000023,0.999939,0.000003,0.000034
5376,3,3,0.175676,0.000013,0.000202,0.824109
3914,3,3,0.000002,0.000002,0.000002,0.999993
20824,1,1,0.000027,0.999927,0.000004,0.000042
4837,3,3,0.000002,0.000001,0.000002,0.999996
25752,0,0,1.000000,0.000000,0.000000,0.000000
18631,1,1,0.000033,0.999913,0.000004,0.000050
13237,1,1,0.000010,0.999975,0.000001,0.000014
23070,0,0,1.000000,0.000000,0.000000,0.000000
13137,1,1,0.000002,0.999996,0.000000,0.000002
15564,1,1,0.000013,0.999968,0.000002,0.000017
15216,1,1,0.000026,0.999929,0.000004,0.000040
19813,1,1,0.000019,0.999949,0.000002,0.000031
9013,2,2,0.000001,0.000029,0.999956,0.000014
32301,0,0,1.000000,0.000000,0.000000,0.000000
1600,3,3,0.000000,0.000002,0.000001,0.999997
897,3,3,0.000001,0.000004,0.000001,0.999995
32068,0,0,1.000000,0.000000,0.000000,0.000000
28676,0,0,1.000000,0.000000,0.000000,0.000000
27173,0,0,1.000000,0.000000,0.000000,0.000000
17537,1,1,0.000015,0.999962,0.000002,0.000021
13191,1,1,0.000001,0.999998,0.000000,0.000001
16216,1,1,0.000013,0.999967,0.000002,0.000018
24427,0,0,1.000000,0.000000,0.000000,0.000000
5834,3,3,0.058044,0.000010,0.000186,0.941760
11594,1,1,0.000017,0.999951,0.000008,0.000024
3402,3,3,0.000001,0.000001,0.000001,0.999996
351,3,3,0.000003,0.000001,0.000002,0.999994
28283,0,0,1.000000,0.000000,0.000000,0.000000
8204,2,2,0.000003,0.000049,0.999865,0.000083
5736,3,3,0.062756,0.000011,0.000195,0.937038
7806,2,2,0.000001,0.000021,0.999957,0.000021
23435,0,0,1.000000,0.000000,0.000000,0.000000
5996,3,3,0.061893,0.000010,0.000191,0.937906
10530,1,1,0.000005,0.999978,0.000000,0.000016
20571,1,1,0.000017,0.999957,0.000002,0.000024
23684,0,0,1.000000,0.000000,0.000000,0.000000
16590,1,1,0.000015,0.999967,0.000003,0.000014
17333,1,1,0.000014,0.999967,0.000002,0.000018
20305,1,1,0.000015,0.999960,0.000002,0.000023
9609,1,1,0.000027,0.999915,0.000003,0.000055
31672,0,0,1.000000,0.000000,0.000000,0.000000
779,3,3,0.000001,0.000003,0.000001,0.999996
21323,1,1,0.000013,0.999968,0.000002,0.000018
21304,1,1,0.000016,0.999961,0.000002,0.000020
29604,0,0,1.000000,0.000000,0.000000,0.000000
24503,0,0,1.000000,0.000000,0.000000,0.000000
20058,1,1,0.000009,0.999979,0.000002,0.000010
21081,1,1,0.000010,0.999974,0.000001,0.000014
9701,1,1,0.000009,0.999978,0.000001,0.000011
17850,1,1,0.000021,0.999944,0.000003,0.000033
30948,0,0,1.000000,0.000000,0.000000,0.000000
3561,3,3,0.000000,0.000001,0.000001,0.999998
24881,0,0,1.000000,0.000000,0.000000,0.000000
23340,0,0,1.000000,0.000000,0.000000,0.000000
7288,2,2,0.000001,0.000026,0.999961,0.000012
4852,3,3,0.000002,0.000001,0.000002,0.999996
998,3,3,0.000001,0.000005,0.000001,0.999994
8980,2,2,0.000000,0.000011,0.999982,0.000007
8215,2,2,0.000003,0.000048,0.999845,0.000105
4804,3,3,0.000000,0.000002,0.000001,0.999997
20937,1,1,0.000012,0.999970,0.000002,0.000016
23845,0,0,1.000000,0.000000,0.000000,0.000000
28214,0,0,1.000000,0.000000,0.000000,0.000000
3362,3,3,0.000001,0.000001,0.000002,0.999996
9957,1,1,0.000005,0.999981,0.000000,0.000014
14351,1,1,0.000056,0.999818,0.000004,0.000121
7497,2,2,0.000017,0.000671,0.999179,0.000133
27104,0,0,1.000000,0.000000,0.000000,0.000000
15615,1,1,0.000023,0.999940,0.000004,0.000033
5491,3,3,0.062366,0.000010,0.000189,0.937434
30769,0,0,1.000000,0.000000,0.000000,0.000000
30938,0,0,1.000000,0.000000,0.000000,0.000000
13878,1,1,0.000026,0.999938,0.000004,0.000032
14507,1,1,0.000006,0.999985,0.000002,0.000006
19654,1,1,0.000017,0.999959,0.000002,0.000022
26355,0,0,1.000000,0.000000,0.000000,0.000000
4191,3,3,0.000000,0.000001,0.000001,0.999997
19235,1,1,0.000021,0.999948,0.000003,0.000028
30912,0,0,1.000000,0.000000,0.000000,0.000000
10151,1,1,0.000006,0.999962,0.000000,0.000031
10736,1,1,0.000007,0.999968,0.000000,0.000025
29952,0,0,1.000000,0.000000,0.000000,0.000000
8634,2,2,0.000002,0.000063,0.999899,0.000036
10299,1,1,0.000007,0.999970,0.000000,0.000023
13002,1,1,0.000018,0.999953,0.000002,0.000027
12607,1,1,0.000006,0.999973,0.000000,0.000022
3300,3,3,0.000001,0.000004,0.000001,0.999994
18876,1,1,0.000010,0.999975,0.000002,0.000012
19056,1,1,0.000018,0.999958,0.000003,0.000021
26939,0,0,1.000000,0.000000,0.000000,0.000000
18393,1,1,0.000001,0.999997,0.000000,0.000001
31769,0,0,1.000000,0.000000,0.000000,0.000000
31078,0,0,1.000000,0.000000,0.000000,0.000000
14271,1,1,0.000038,0.999868,0.000003,0.000091
15341,1,1,0.000002,0.999996,0.000001,0.000001
24615,0,0,1.000000,0.000000,0.000000,0.000000
6745,2,2,0.000000,0.000017,0.999974,0.000008
33262,0,0,0.929377,0.000035,0.000102,0.070486
33036,0,0,0.946148,0.000031,0.000081,0.053740
10210,1,1,0.000007,0.999975,0.000000,0.000018
13477,1,1,0.000013,0.999966,0.000002,0.000019
12772,1,1,0.000007,0.999964,0.000000,0.000029
13365,1,1,0.000029,0.999923,0.000007,0.000042
13338,1,1,0.000004,0.999992,0.000001,0.000004
17448,1,1,0.000017,0.999962,0.000003,0.000019
23824,0,0,1.000000,0.000000,0.000000,0.000000
3200,3,3,0.000001,0.000002,0.000001,0.999997
6497,3,3,0.061104,0.000010,0.000189,0.938697
20567,1,1,0.000014,0.999967,0.000002,0.000017
18475,1,1,0.000025,0.999946,0.000004,0.000025
2175,3,3,0.000000,0.000001,0.000001,0.999998
760,3,3,0.000006,0.000004,0.000005,0.999986
17873,1,1,0.000010,0.999977,0.000001,0.000012
4069,3,3,0.000000,0.000002,0.000001,0.999997
11752,1,1,0.000005,0.999974,0.000000,0.000021
9966,1,1,0.000006,0.999975,0.000000,0.000019
19360,1,1,0.000025,0.999932,0.000003,0.000041
13200,1,1,0.000020,0.999945,0.000003,0.000033
22480,0,0,1.000000,0.000000,0.000000,0.000000
27679,0,0,1.000000,0.000000,0.000000,0.000000
10844,1,1,0.000005,0.999978,0.000000,0.000017
22972,0,0,1.000000,0.000000,0.000000,0.000000
15382,1,1,0.000003,0.999993,0.000001,0.000003
5433,3,3,0.111645,0.000011,0.000189,0.888155
15844,1,1,0.000009,0.999980,0.000002,0.000009
10406,1,1,0.000005,0.999980,0.000000,0.000015
16667,1,1,0.000031,0.999919,0.000004,0.000046
5229,3,3,0.190443,0.000014,0.000212,0.809331
6248,3,3,0.061749,0.000010,0.000189,0.938051
20495,1,1,0.000022,0.999943,0.000003,0.000032
24447,0,0,1.000000,0.000000,0.000000,0.000000
3363,3,3,0.000001,0.000001,0.000001,0.999996
32963,0,0,0.946622,0.000032,0.000081,0.053265
1136,3,3,0.000001,0.000002,0.000001,0.999995
4361,3,3,0.000001,0.000002,0.000001,0.999996
774,3,3,0.000008,0.000005,0.000004,0.999983
7917,2,2,0.000000,0.000014,0.999972,0.000014
7508,2,2,0.000004,0.000107,0.999845,0.000044
12944,1,1,0.000003,0.999989,0.000000,0.000007
12002,1,1,0.000006,0.999976,0.000000,0.000019
10469,1,1,0.000005,0.999976,0.000000,0.000019
22637,0,0,1.000000,0.000000,0.000000,0.000000
22246,0,0,1.000000,0.000000,0.000000,0.000000
16632,1,1,0.000014,0.999966,0.000002,0.000017
22922,0,0,1.000000,0.000000,0.000000,0.000000
2078,3,3,0.000004,0.000002,0.000004,0.999991
21893,0,0,1.000000,0.000000,0.000000,0.000000
13003,1,1,0.000010,0.999974,0.000001,0.000015
15168,1,1,0.000038,0.999856,0.000005,0.000101
15366,1,1,0.000020,0.999943,0.000002,0.000035
11684,1,1,0.000005,0.999970,0.000000,0.000025
846,3,3,0.000001,0.000012,0.000001,0.999986
33017,0,0,0.950030,0.000032,0.000077,0.049861
32701,0,0,1.000000,0.000000,0.000000,0.000000
17905,1,1,0.000017,0.999959,0.000002,0.000022
18127,1,1,0.000030,0.999923,0.000004,0.000044
12888,1,1,0.000007,0.999969,0.000000,0.000023
12678,1,1,0.000009,0.999961,0.000000,0.000030
31319,0,0,1.000000,0.000000,0.000000,0.000000
27168,0,0,1.000000,0.000000,0.000000,0.000000
23438,0,0,1.000000,0.000000,0.000000,0.000000
2694,3,3,0.000002,0.000005,0.000001,0.999992
21974,0,0,1.000000,0.000000,0.000000,0.000000
18649,1,1,0.000016,0.999957,0.000002,0.000024
29254,0,0,1.000000,0.000000,0.000000,0.000000
11116,1,1,0.000006,0.999975,0.000000,0.000019
18577,1,1,0.000044,0.999883,0.000005,0.000069
15485,1,1,0.000004,0.999992,0.000001,0.000003
29125,0,0,1.000000,0.000000,0.000000,0.000000
4233,3,3,0.000002,0.000002,0.000002,0.999995
25019,0,0,1.000000,0.000000,0.000000,0.000000
23418,0,0,1.000000,0.000000,0.000000,0.000000
7685,2,2,0.000000,0.000014,0.999977,0.000009
14409,1,1,0.000037,0.999891,0.000005,0.000067
16623,1,1,0.000023,0.999951,0.000004,0.000022
1904,3,3,0.000621,0.000001,0.000070,0.999308
18109,1,1,0.000015,0.999961,0.000002,0.000022
18806,1,1,0.000049,0.999843,0.000003,0.000105
29611,0,0,1.000000,0.000000,0.000000,0.000000
21960,0,0,1.000000,0.000000,0.000000,0.000000
20311,1,1,0.000012,0.999972,0.000002,0.000014
15755,1,1,0.000015,0.999963,0.000002,0.000020
21708,0,0,1.000000,0.000000,0.000000,0.000000
19229,1,1,0.000017,0.999959,0.000002,0.000021
2074,3,3,0.000016,0.000001,0.000011,0.999972
20202,1,1,0.000006,0.999986,0.000001,0.000007
19884,1,1,0.000016,0.999960,0.000002,0.000021
31218,0,0,1.000000,0.000000,0.000000,0.000000
5496,3,3,0.061968,0.000010,0.000188,0.937833
16977,1,1,0.000016,0.999959,0.000002,0.000022
29334,0,0,1.000000,0.000000,0.000000,0.000000
19142,1,1,0.000036,0.999903,0.000005,0.000056
5108,3,3,0.000018,0.000029,0.000010,0.999943
15130,1,1,0.000009,0.999974,0.000001,0.000016
7758,2,2,0.000000,0.000013,0.999978,0.000009
21451,0,0,1.000000,0.000000,0.000000,0.000000
2704,3,3,0.000527,0.000001,0.000061,0.999411
1824,3,3,0.000001,0.000002,0.000001,0.999996
7254,2,2,0.000000,0.000011,0.999981,0.000007
24432,0,0,1.000000,0.000000,0.000000,0.000000
26916,0,0,1.000000,0.000000,0.000000,0.000000
26094,0,0,1.000000,0.000000,0.000000,0.000000
26765,0,0,1.000000,0.000000,0.000000,0.000000
30971,0,0,1.000000,0.000000,0.000000,0.000000
27047,0,0,1.000000,0.000000,0.000000,0.000000
27830,0,0,1.000000,0.000000,0.000000,0.000000
8886,2,2,0.000012,0.000132,0.999514,0.000342
28008,0,0,1.000000,0.000000,0.000000,0.000000
20596,1,1,0.000025,0.999933,0.000003,0.000038
4528,3,3,0.000001,0.000001,0.000001,0.999998
31208,0,0,1.000000,0.000000,0.000000,0.000000
14023,1,1,0.000019,0.999953,0.000006,0.000022
28443,0,0,1.000000,0.000000,0.000000,0.000000
19338,1,1,0.000019,0.999955,0.000003,0.000024
24201,0,0,1.000000,0.000000,0.000000,0.000000
32175,0,0,1.000000,0.000000,0.000000,0.000000
12787,1,1,0.000008,0.999952,0.000000,0.000039
23744,0,0,1.000000,0.000000,0.000000,0.000000
24124,0,0,1.000000,0.000000,0.000000,0.000000
5609,3,3,0.060663,0.000010,0.000191,0.939135
290,3,3,0.000001,0.000001,0.000001,0.999997
30967,0,0,1.000000,0.000000,0.000000,0.000000
164,3,3,0.000040,0.000009,0.000025,0.999925
14336,1,1,0.000010,0.999973,0.000001,0.000016
24260,0,0,1.000000,0.000000,0.000000,0.000000
21251,1,1,0.000010,0.999974,0.000001,0.000015
1271,3,3,0.000018,0.000020,0.000006,0.999955
21743,0,0,1.000000,0.000000,0.000000,0.000000
6333,3,3,0.065164,0.000011,0.000196,0.934630
19170,1,1,0.000020,0.999948,0.000002,0.000029
8374,2,2,0.000001,0.000014,0.999960,0.000025
26064,0,0,1.000000,0.000000,0.000000,0.000000
124,3,3,0.000001,0.000005,0.000001,0.999992
19118,1,1,0.000018,0.999956,0.000003,0.000022
15064,1,1,0.000024,0.999929,0.000003,0.000044
6409,3,3,0.063115,0.000011,0.000191,0.936683
8323,2,2,0.000003,0.000038,0.999877,0.000082
14044,1,1,0.000020,0.999936,0.000001,0.000043
903,3,3,0.000001,0.000010,0.000001,0.999988
10042,1,1,0.000006,0.999974,0.000000,0.000019
29149,0,0,1.000000,0.000000,0.000000,0.000000
8081,2,2,0.000001,0.000021,0.999947,0.000031
15606,1,1,0.000010,0.999975,0.000004,0.000011
9933,1,1,0.000007,0.999974,0.000000,0.000019
18279,1,1,0.000032,0.999918,0.000004,0.000047
26045,0,0,1.000000,0.000000,0.000000,0.000000
1194,3,3,0.000001,0.000011,0.000001,0.999986
7205,2,2,0.000001,0.000033,0.999948,0.000018
23893,0,0,1.000000,0.000000,0.000000,0.000000
3096,3,3,0.000001,0.000002,0.000001,0.999996
3844,3,3,0.000002,0.000002,0.000002,0.999995
30477,0,0,1.000000,0.000000,0.000000,0.000000
3667,3,3,0.000048,0.000000,0.000021,0.999930
22391,0,0,1.000000,0.000000,0.000000,0.000000
5479,3,3,0.074851,0.000012,0.000207,0.924931
1783,3,3,0.000007,0.000006,0.000004,0.999982
19751,1,1,0.000019,0.999952,0.000003,0.000026
16396,1,1,0.000024,0.999937,0.000003,0.000035
22851,0,0,1.000000,0.000000,0.000000,0.000000
33278,0,0,0.934360,0.000035,0.000097,0.065508
7080,2,2,0.000000,0.000021,0.999972,0.000007
29726,0,0,1.000000,0.000000,0.000000,0.000000
21119,1,1,0.000008,0.999982,0.000001,0.000009
16996,1,1,0.000020,0.999953,0.000003,0.000024
23371,0,0,1.000000,0.000000,0.000000,0.000000
19561,1,1,0.000011,0.999973,0.000002,0.000014
9304,1,1,0.000016,0.999959,0.000004,0.000021
2063,3,3,0.000016,0.000133,0.000012,0.999838
29179,0,0,1.000000,0.000000,0.000000,0.000000
14522,1,1,0.000009,0.999979,0.000002,0.000011
2815,3,3,0.000002,0.000002,0.000003,0.999993
26523,0,0,1.000000,0.000000,0.000000,0.000000
28129,0,0,1.000000,0.000000,0.000000,0.000000
12710,1,1,0.000012,0.999908,0.000000,0.000080
893,3,3,0.000007,0.000002,0.000005,0.999987
23887,0,0,1.000000,0.000000,0.000000,0.000000
26495,0,0,1.000000,0.000000,0.000000,0.000000
11527,1,1,0.000006,0.999978,0.000000,0.000016
7088,2,2,0.000001,0.000026,0.999953,0.000020
4169,3,3,0.000001,0.000002,0.000001,0.999997
20534,1,1,0.000011,0.999973,0.000002,0.000014
32399,0,0,1.000000,0.000000,0.000000,0.000000
22386,0,0,1.000000,0.000000,0.000000,0.000000
1399,3,3,0.000002,0.000321,0.000001,0.999676
19497,1,1,0.000016,0.999960,0.000002,0.000022
18648,1,1,0.000014,0.999963,0.000002,0.000020
32844,0,0,1.000000,0.000000,0.000000,0.000000
15535,1,1,0.000009,0.999978,0.000002,0.000011
2267,3,3,0.000005,0.000003,0.000005,0.999987
13475,1,1,0.000028,0.999907,0.000002,0.000063
29924,0,0,1.000000,0.000000,0.000000,0.000000
5215,3,3,0.186573,0.000013,0.000207,0.813206
17175,1,1,0.000025,0.999935,0.000004,0.000037
9776,1,1,0.000009,0.999969,0.000001,0.000022
20462,1,1,0.000021,0.999944,0.000002,0.000033
30609,0,0,1.000000,0.000000,0.000000,0.000000
7780,2,2,0.000019,0.000069,0.998359,0.001554
16301,1,1,0.000031,0.999921,0.000004,0.000045
31705,0,0,1.000000,0.000000,0.000000,0.000000
5258,3,3,0.177356,0.000013,0.000208,0.822423
10682,1,1,0.000006,0.999970,0.000000,0.000023
391,3,3,0.000000,0.000001,0.000001,0.999998
18036,1,1,0.000039,0.999891,0.000005,0.000065
30518,0,0,1.000000,0.000000,0.000000,0.000000
5454,3,3,0.109832,0.000011,0.000187,0.889970
5913,3,3,0.059940,0.000010,0.000187,0.939862
30997,0,0,1.000000,0.000000,0.000000,0.000000
8596,2,2,0.000001,0.000029,0.999964,0.000007
3421,3,3,0.000000,0.000001,0.000001,0.999998
17656,1,1,0.000027,0.999929,0.000003,0.000041
2724,3,3,0.000004,0.000003,0.000003,0.999990
14000,1,1,0.000018,0.999954,0.000003,0.000026
13642,1,1,0.000010,0.999973,0.000001,0.000016
11792,1,1,0.000009,0.999952,0.000000,0.000039
22682,0,0,1.000000,0.000000,0.000000,0.000000
21001,1,1,0.000011,0.999973,0.000002,0.000014
18252,1,1,0.000016,0.999959,0.000002,0.000023
17562,1,1,0.000010,0.999976,0.000001,0.000013
22380,0,0,1.000000,0.000000,0.000000,0.000000
11869,1,1,0.000008,0.999967,0.000000,0.000025
19626,1,1,0.000028,0.999924,0.000004,0.000045
21693,0,0,1.000000,0.000000,0.000000,0.000000
4753,3,3,0.000000,0.000001,0.000001,0.999998
11568,1,1,0.000008,0.999965,0.000000,0.000027
6898,2,2,0.000006,0.000106,0.999765,0.000123
8640,2,2,0.000001,0.000017,0.999969,0.000014
25555,0,0,1.000000,0.000000,0.000000,0.000000
19416,1,1,0.000019,0.999952,0.000003,0.000025
16385,1,1,0.000028,0.999928,0.000003,0.000040
16253,1,1,0.000005,0.999987,0.000001,0.000007
3256,3,3,0.000005,0.000003,0.000003,0.999988
4398,3,3,0.000000,0.000002,0.000001,0.999997
31061,0,0,1.000000,0.000000,0.000000,0.000000
507,3,3,0.000000,0.000003,0.000001,0.999996
22197,0,0,1.000000,0.000000,0.000000,0.000000
17552,1,1,0.000022,0.999943,0.000003,0.000032
14279,1,1,0.000014,0.999967,0.000003,0.000017
29677,0,0,1.000000,0.000000,0.000000,0.000000
15544,1,1,0.000023,0.999939,0.000004,0.000034
2151,3,3,0.000071,0.000000,0.000012,0.999917
32879,0,0,0.944943,0.000037,0.000087,0.054933
26273,0,0,1.000000,0.000000,0.000000,0.000000
530,3,3,0.000021,0.000022,0.000006,0.999951
31551,0,0,1.000000,0.000000,0.000000,0.000000
17828,1,1,0.000028,0.999931,0.000003,0.000038
16195,1,1,0.000020,0.999948,0.000003,0.000029
23447,0,0,1.000000,0.000000,0.000000,0.000000
20906,1,1,0.000023,0.999942,0.000004,0.000031
10768,1,1,0.000006,0.999977,0.000000,0.000017
21626,0,0,1.000000,0.000000,0.000000,0.000000
22472,0,0,1.000000,0.000000,0.000000,0.000000
20922,1,1,0.000022,0.999941,0.000003,0.000034
13586,1,1,0.000019,0.999949,0.000003,0.000030
3598,3,3,0.000000,0.000002,0.000000,0.999998
7326,2,2,0.000000,0.000012,0.999983,0.000005
25396,0,0,1.000000,0.000000,0.000000,0.000000
14557,1,1,0.000021,0.999945,0.000003,0.000031
8629,2,2,0.000001,0.000035,0.999949,0.000015
22919,0,0,1.000000,0.000000,0.000000,0.000000
30743,0,0,1.000000,0.000000,0.000000,0.000000
17561,1,1,0.000017,0.999961,0.000003,0.000019
23389,0,0,1.000000,0.000000,0.000000,0.000000
32632,0,0,1.000000,0.000000,0.000000,0.000000
29618,0,0,1.000000,0.000000,0.000000,0.000000
16036,1,1,0.000036,0.999901,0.000005,0.000058
13279,1,1,0.000002,0.999996,0.000001,0.000001
3791,3,3,0.000001,0.000001,0.000002,0.999996
23100,0,0,1.000000,0.000000,0.000000,0.000000
6378,3,3,0.062709,0.000011,0.000191,0.937090
11983,1,1,0.000007,0.999971,0.000000,0.000022
21429,0,0,1.000000,0.000000,0.000000,0.000000
2003,3,3,0.000006,0.000007,0.000004,0.999983
10252,1,1,0.000005,0.999978,0.000000,0.000018
30206,0,0,1.000000,0.000000,0.000000,0.000000
16521,1,1,0.000011,0.999974,0.000002,0.000013
16696,1,1,0.000022,0.999945,0.000003,0.000029
4357,3,3,0.000000,0.000001,0.000001,0.999998
8458,2,2,0.000000,0.000011,0.999980,0.000008
24843,0,0,1.000000,0.000000,0.000000,0.000000
7334,2,2,0.000000,0.000011,0.999985,0.000004
14584,1,1,0.000006,0.999987,0.000001,0.000006
11972,1,1,0.000008,0.999963,0.000000,0.000029
27837,0,0,1.000000,0.000000,0.000000,0.000000
27884,0,0,1.000000,0.000000,0.000000,0.000000
32486,0,0,1.000000,0.000000,0.000000,0.000000
24691,0,0,1.000000,0.000000,0.000000,0.000000
32652,0,0,1.000000,0.000000,0.000000,0.000000
25879,0,0,1.000000,0.000000,0.000000,0.000000
18990,1,1,0.000024,0.999936,0.000003,0.000037
8424,2,2,0.000000,0.000009,0.999984,0.000006
24093,0,0,1.000000,0.000000,0.000000,0.000000
13550,1,1,0.000003,0.999994,0.000000,0.000003
10879,1,1,0.000006,0.999975,0.000000,0.000018
1998,3,3,0.000002,0.000002,0.000002,0.999994
12421,1,1,0.000009,0.999951,0.000000,0.000039
6256,3,3,0.063291,0.000010,0.000190,0.936509
14434,1,1,0.000019,0.999952,0.000003,0.000025
16411,1,1,0.000017,0.999961,0.000003,0.000019
32952,0,0,0.946535,0.000033,0.000081,0.053351
10842,1,1,0.000004,0.999983,0.000000,0.000012
20827,1,1,0.000014,0.999966,0.000002,0.000018
25427,0,0,1.000000,0.000000,0.000000,0.000000
23078,0,0,1.000000,0.000000,0.000000,0.000000
13223,1,1,0.000042,0.999866,0.000004,0.000088
11449,1,1,0.000003,0.999985,0.000000,0.000011
2848,3,3,0.000000,0.000002,0.000000,0.999998
23880,0,0,1.000000,0.000000,0.000000,0.000000
29496,0,0,1.000000,0.000000,0.000000,0.000000
21873,0,0,1.000000,0.000000,0.000000,0.000000
19980,1,1,0.000017,0.999957,0.000002,0.000024
27268,0,0,1.000000,0.000000,0.000000,0.000000
13615,1,1,0.000064,0.999796,0.000012,0.000128
32582,0,0,1.000000,0.000000,0.000000,0.000000
27297,0,0,1.000000,0.000000,0.000000,0.000000
5046,3,3,0.000000,0.000000,0.000000,0.999999
16017,1,1,0.000020,0.999950,0.000003,0.000027
24818,0,0,1.000000,0.000000,0.000000,0.000000
11219,1,1,0.000006,0.999979,0.000000,0.000015
8327,2,2,0.000006,0.000056,0.999718,0.000220
6000,3,3,0.063762,0.000011,0.000191,0.936036
313,3,3,0.000001,0.000001,0.000001,0.999996
19071,1,1,0.000024,0.999934,0.000003,0.000040
3804,3,3,0.000000,0.000001,0.000001,0.999998
531,3,3,0.000002,0.000004,0.000001,0.999992
1654,3,3,0.000001,0.000003,0.000002,0.999994
1742,3,3,0.000001,0.000003,0.000001,0.999994
21660,0,0,1.000000,0.000000,0.000000,0.000000
13760,1,1,0.000013,0.999969,0.000002,0.000017
555,3,3,0.000002,0.000002,0.000002,0.999994
1103,3,3,0.000001,0.000027,0.000000,0.999972
10302,1,1,0.000005,0.999976,0.000000,0.000019
3522,3,3,0.000000,0.000000,0.000001,0.999999
25258,0,0,1.000000,0.000000,0.000000,0.000000
5564,3,3,0.063919,0.000011,0.000192,0.935879
28003,0,0,1.000000,0.000000,0.000000,0.000000
1831,3,3,0.000028,0.000018,0.000016,0.999937
26836,0,0,1.000000,0.000000,0.000000,0.000000
11952,1,1,0.000005,0.999972,0.000000,0.000023
5391,3,3,0.177030,0.000013,0.000203,0.822754
20353,1,1,0.000020,0.999948,0.000003,0.000029
23441,0,0,1.000000,0.000000,0.000000,0.000000
3816,3,3,0.000000,0.000001,0.000001,0.999998
24987,0,0,1.000000,0.000000,0.000000,0.000000
24472,0,0,1.000000,0.000000,0.000000,0.000000
17026,1,1,0.000025,0.999932,0.000002,0.000041
23851,0,0,1.000000,0.000000,0.000000,0.000000
26647,0,0,1.000000,0.000000,0.000000,0.000000
27772,0,0,1.000000,0.000000,0.000000,0.000000
14719,1,1,0.000014,0.999964,0.000002,0.000019
20403,1,1,0.000017,0.999954,0.000002,0.000027
10773,1,1,0.000005,0.999977,0.000000,0.000017
2947,3,3,0.000000,0.000001,0.000001,0.999998
22119,0,0,1.000000,0.000000,0.000000,0.000000
32204,0,0,1.000000,0.000000,0.000000,0.000000
14047,1,1,0.000002,0.999995,0.000001,0.000002
22050,0,0,1.000000,0.000000,0.000000,0.000000
23218,0,0,1.000000,0.000000,0.000000,0.000000
6946,2,2,0.000001,0.000019,0.999966,0.000015
7291,2,2,0.000000,0.000012,0.999980,0.000008
1864,3,3,0.000001,0.000002,0.000001,0.999996
4719,3,3,0.000000,0.000001,0.000001,0.999998
18219,1,1,0.000048,0.999863,0.000004,0.000086
14157,1,1,0.000004,0.999990,0.000001,0.000005
11376,1,1,0.000007,0.999972,0.000000,0.000020
12210,1,1,0.000063,0.999754,0.000006,0.000177
15300,1,1,0.000057,0.999199,0.000006,0.000737
15865,1,1,0.000009,0.999977,0.000002,0.000012
29105,0,0,1.000000,0.000000,0.000000,0.000000
30128,0,0,1.000000,0.000000,0.000000,0.000000
24040,0,0,1.000000,0.000000,0.000000,0.000000
31129,0,0,1.000000,0.000000,0.000000,0.000000
31909,0,0,1.000000,0.000000,0.000000,0.000000
21412,0,0,1.000000,0.000000,0.000000,0.000000
4236,3,3,0.000000,0.000001,0.000001,0.999998
17825,1,1,0.000024,0.999937,0.000002,0.000037
33124,0,0,0.944138,0.000033,0.000085,0.055744
29942,0,0,1.000000,0.000000,0.000000,0.000000
26933,0,0,1.000000,0.000000,0.000000,0.000000
1907,3,3,0.000300,0.000001,0.000046,0.999653
11407,1,1,0.000005,0.999978,0.000000,0.000017
20385,1,1,0.000008,0.999981,0.000002,0.000009
26686,0,0,1.000000,0.000000,0.000000,0.000000
7008,2,2,0.000001,0.000017,0.999969,0.000013
32351,0,0,1.000000,0.000000,0.000000,0.000000
31566,0,0,1.000000,0.000000,0.000000,0.000000
11956,1,1,0.000007,0.999970,0.000000,0.000023
12596,1,1,0.000006,0.999963,0.000000,0.000031
4080,3,3,0.000000,0.000002,0.000001,0.999997
1847,3,3,0.000002,0.000002,0.000002,0.999995
28597,0,0,1.000000,0.000000,0.000000,0.000000
29432,0,0,1.000000,0.000000,0.000000,0.000000
25139,0,0,1.000000,0.000000,0.000000,0.000000
8256,2,2,0.000000,0.000015,0.999972,0.000012
21850,0,0,1.000000,0.000000,0.000000,0.000000
29541,0,0,1.000000,0.000000,0.000000,0.000000
3727,3,3,0.000000,0.000001,0.000001,0.999998
24922,0,0,1.000000,0.000000,0.000000,0.000000
9985,1,1,0.000007,0.999974,0.000000,0.000019
18716,1,1,0.000007,0.999983,0.000001,0.000008
21038,1,1,0.000012,0.999972,0.000003,0.000013
8339,2,2,0.000001,0.000025,0.999950,0.000025
9908,1,1,0.000005,0.999980,0.000000,0.000015
7118,2,2,0.000000,0.000012,0.999982,0.000006
16931,1,1,0.000032,0.999906,0.000003,0.000059
13535,1,1,0.000035,0.999901,0.000008,0.000057
29221,0,0,1.000000,0.000000,0.000000,0.000000
3045,3,3,0.000026,0.000015,0.000012,0.999947
1431,3,3,0.001416,0.000000,0.000028,0.998556
32262,0,0,1.000000,0.000000,0.000000,0.000000
32375,0,0,1.000000,0.000000,0.000000,0.000000
6906,2,2,0.000001,0.000023,0.999944,0.000033
17781,1,1,0.000012,0.999970,0.000002,0.000016
18923,1,1,0.000025,0.999932,0.000002,0.000040
28568,0,0,1.000000,0.000000,0.000000,0.000000
30714,0,0,1.000000,0.000000,0.000000,0.000000
21398,0,3,0.000111,0.000205,0.000027,0.999658
16802,1,1,0.000013,0.999968,0.000002,0.000018
833,3,3,0.000001,0.000006,0.000001,0.999992
18014,1,1,0.000016,0.999960,0.000002,0.000022
19777,1,1,0.000011,0.999975,0.000002,0.000012
31151,0,0,1.000000,0.000000,0.000000,0.000000
32754,0,0,1.000000,0.000000,0.000000,0.000000
3236,3,3,0.000001,0.000002,0.000001,0.999996
568,3,3,0.000017,0.000002,0.000006,0.999975
7209,2,2,0.000000,0.000013,0.999978,0.000009
10298,1,1,0.000006,0.999974,0.000000,0.000020
23214,0,0,1.000000,0.000000,0.000000,0.000000
33057,0,0,0.942366,0.000031,0.000086,0.057517
8651,2,2,0.000004,0.000041,0.999793,0.000162
25154,0,0,1.000000,0.000000,0.000000,0.000000
7269,2,2,0.000000,0.000011,0.999979,0.000010
26594,0,0,1.000000,0.000000,0.000000,0.000000
33172,0,0,0.927716,0.000037,0.000106,0.072141
32271,0,0,1.000000,0.000000,0.000000,0.000000
16361,1,1,0.000027,0.999931,0.000003,0.000040
6749,2,2,0.000001,0.000029,0.999947,0.000023
24063,0,0,1.000000,0.000000,0.000000,0.000000
18606,1,1,0.000008,0.999982,0.000001,0.000009
27750,0,0,1.000000,0.000000,0.000000,0.000000
29341,0,0,1.000000,0.000000,0.000000,0.000000
14459,1,1,0.000018,0.999953,0.000003,0.000026
5724,3,3,0.090198,0.000013,0.000223,0.909566
25651,0,0,1.000000,0.000000,0.000000,0.000000
14476,1,1,0.000034,0.999930,0.000004,0.000032
14439,1,1,0.000002,0.999996,0.000000,0.000002
14030,1,1,0.000009,0.999978,0.000001,0.000012
8917,2,2,0.000001,0.000017,0.999965,0.000018
6463,3,3,0.061072,0.000010,0.000188,0.938730
27535,0,0,1.000000,0.000000,0.000000,0.000000
3984,3,3,0.000005,0.000001,0.000003,0.999990
6861,2,2,0.000000,0.000021,0.999973,0.000006
14613,1,1,0.000016,0.999960,0.000002,0.000022
20412,1,1,0.000006,0.999985,0.000001,0.000007
4964,3,3,0.000002,0.000004,0.000002,0.999992
15802,1,1,0.000011,0.999973,0.000002,0.000014
25118,0,0,1.000000,0.000000,0.000000,0.000000
29566,0,0,1.000000,0.000000,0.000000,0.000000
11699,1,1,0.000006,0.999968,0.000000,0.000026
27340,0,0,1.000000,0.000000,0.000000,0.000000
1747,3,3,0.000002,0.000002,0.000002,0.999995
24421,0,0,1.000000,0.000000,0.000000,0.000000
32446,0,0,1.000000,0.000000,0.000000,0.000000
22605,0,0,1.000000,0.000000,0.000000,0.000000
13827,1,1,0.000002,0.999995,0.000001,0.000002
8318,2,2,0.000003,0.000047,0.999864,0.000086
776,3,3,0.000002,0.000003,0.000001,0.999994
29471,0,0,1.000000,0.000000,0.000000,0.000000
19917,1,1,0.000021,0.999942,0.000002,0.000035
17945,1,1,0.000019,0.999955,0.000003,0.000024
2676,3,3,0.000001,0.000003,0.000001,0.999995
13590,1,1,0.000022,0.999944,0.000002,0.000032
17211,1,1,0.000018,0.999952,0.000002,0.000027
25976,0,0,1.000000,0.000000,0.000000,0.000000
4888,3,3,0.000001,0.000002,0.000001,0.999996
28100,0,0,1.000000,0.000000,0.000000,0.000000
9453,1,1,0.000028,0.999928,0.000007,0.000036
27744,0,0,1.000000,0.000000,0.000000,0.000000
29449,0,0,1.000000,0.000000,0.000000,0.000000
4578,3,3,0.000000,0.000001,0.000001,0.999998
29007,0,0,1.000000,0.000000,0.000000,0.000000
20585,1,1,0.000014,0.999964,0.000002,0.000020
29724,0,0,1.000000,0.000000,0.000000,0.000000
15988,1,1,0.000021,0.999949,0.000003,0.000027
6907,2,2,0.000000,0.000015,0.999972,0.000012
17415,1,1,0.000012,0.999971,0.000002,0.000015
25790,0,0,1.000000,0.000000,0.000000,0.000000
8800,2,2,0.000001,0.000022,0.999936,0.000041
11364,1,1,0.000005,0.999980,0.000000,0.000015
25960,0,0,1.000000,0.000000,0.000000,0.000000
24213,0,0,1.000000,0.000000,0.000000,0.000000
11389,1,1,0.000006,0.999976,0.000000,0.000017
15637,1,1,0.000005,0.999988,0.000002,0.000005
28946,0,0,1.000000,0.000000,0.000000,0.000000
6194,3,3,0.061619,0.000010,0.000189,0.938182
16227,1,1,0.000021,0.999946,0.000002,0.000031
9209,1,1,0.000025,0.999941,0.000007,0.000026
12416,1,1,0.000025,0.999888,0.000001,0.000086
26840,0,0,1.000000,0.000000,0.000000,0.000000
576,3,3,0.000006,0.000003,0.000003,0.999988
21446,0,0,1.000000,0.000000,0.000000,0.000000
6212,3,3,0.061091,0.000010,0.000187,0.938711
32189,0,0,1.000000,0.000000,0.000000,0.000000
7024,2,2,0.000001,0.000019,0.999972,0.000008
28799,0,0,1.000000,0.000000,0.000000,0.000000
29300,0,0,1.000000,0.000000,0.000000,0.000000
31296,0,0,1.000000,0.000000,0.000000,0.000000
12258,1,1,0.000008,0.999965,0.000000,0.000027
23818,0,0,1.000000,0.000000,0.000000,0.000000
26278,0,0,1.000000,0.000000,0.000000,0.000000
16211,1,1,0.000019,0.999950,0.000002,0.000029
25740,0,0,1.000000,0.000000,0.000000,0.000000
29233,0,0,1.000000,0.000000,0.000000,0.000000
16289,1,1,0.000018,0.999954,0.000003,0.000025
6447,3,3,0.061284,0.000010,0.000188,0.938517
2012,3,3,0.000172,0.000036,0.000078,0.999713
28815,0,0,1.000000,0.000000,0.000000,0.000000
17273,1,1,0.000027,0.999932,0.000003,0.000038
25821,0,0,1.000000,0.000000,0.000000,0.000000
15112,1,1,0.000015,0.999964,0.000002,0.000019
26066,0,0,1.000000,0.000000,0.000000,0.000000
674,3,3,0.000002,0.000009,0.000002,0.999987
21616,0,0,1.000000,0.000000,0.000000,0.000000
10962,1,1,0.000005,0.999975,0.000000,0.000020
16553,1,1,0.000026,0.999930,0.000003,0.000041
18697,1,1,0.000019,0.999948,0.000002,0.000030
14692,1,1,0.000015,0.999964,0.000003,0.000018
15271,1,1,0.000042,0.999882,0.000007,0.000069
7021,2,2,0.000000,0.000015,0.999976,0.000009
4102,3,3,0.000000,0.000001,0.000001,0.999997
17126,1,1,0.000014,0.999966,0.000002,0.000019
523,3,3,0.000001,0.000003,0.000001,0.999994
13285,1,1,0.000001,0.999998,0.000000,0.000001
23098,0,0,1.000000,0.000000,0.000000,0.000000
18491,1,1,0.000024,0.999937,0.000003,0.000036
63,3,3,0.000003,0.000003,0.000003,0.999992
9015,2,2,0.000004,0.000077,0.999859,0.000061
14578,1,1,0.000006,0.999987,0.000001,0.000006
8184,2,2,0.000001,0.000040,0.999936,0.000022
31077,0,0,1.000000,0.000000,0.000000,0.000000
19145,1,1,0.000026,0.999933,0.000004,0.000037
21329,1,1,0.000031,0.999903,0.000003,0.000063
17683,1,1,0.000030,0.999913,0.000003,0.000053
17117,1,1,0.000026,0.999930,0.000003,0.000041
12106,1,1,0.000141,0.999554,0.000081,0.000224
31053,0,0,1.000000,0.000000,0.000000,0.000000
33179,0,0,0.921021,0.000037,0.000113,0.078829
2136,3,3,0.000001,0.000000,0.000001,0.999998
29447,0,0,1.000000,0.000000,0.000000,0.000000
10564,1,1,0.000005,0.999977,0.000000,0.000018
24771,0,0,1.000000,0.000000,0.000000,0.000000
8600,2,2,0.000004,0.000081,0.999829,0.000086
2358,3,3,0.000001,0.000002,0.000001,0.999996
31279,0,0,1.000000,0.000000,0.000000,0.000000
7188,2,2,0.000000,0.000014,0.999976,0.000009
2309,3,3,0.000001,0.000002,0.000001,0.999996
14103,1,1,0.000027,0.999921,0.000003,0.000050
14605,1,1,0.000013,0.999972,0.000002,0.000013
9988,1,1,0.000007,0.999969,0.000000,0.000023
13540,1,1,0.000088,0.999712,0.000021,0.000179
27686,0,0,1.000000,0.000000,0.000000,0.000000
4151,3,3,0.000001,0.000003,0.000001,0.999995
6302,3,3,0.069023,0.000011,0.000198,0.930768
25399,0,0,1.000000,0.000000,0.000000,0.000000
20674,1,1,0.000033,0.999905,0.000005,0.000057
9312,1,1,0.000015,0.999967,0.000004,0.000014
5112,3,3,0.000005,0.000004,0.000004,0.999987
9103,2,2,0.000000,0.000016,0.999975,0.000009
18434,1,1,0.000032,0.999911,0.000004,0.000053
14416,1,1,0.000008,0.999982,0.000002,0.000008
13458,1,1,0.000002,0.999996,0.000000,0.000002
11833,1,1,0.000007,0.999967,0.000000,0.000025
1781,3,3,0.000007,0.000012,0.000005,0.999976
28955,0,0,1.000000,0.000000,0.000000,0.000000
16911,1,1,0.000023,0.999940,0.000003,0.000034
169,3,3,0.000001,0.000002,0.000001,0.999995
15189,1,1,0.000007,0.999984,0.000001,0.000007
23140,0,0,1.000000,0.000000,0.000000,0.000000
20157,1,1,0.000012,0.999973,0.000003,0.000012
22674,0,0,1.000000,0.000000,0.000000,0.000000
20902,1,1,0.000020,0.999949,0.000003,0.000027
13065,1,1,0.000019,0.999952,0.000002,0.000027
22236,0,0,1.000000,0.000000,0.000000,0.000000
11454,1,1,0.000004,0.999979,0.000000,0.000016
31858,0,0,1.000000,0.000000,0.000000,0.000000
18959,1,1,0.000050,0.999840,0.000005,0.000104
27733,0,0,1.000000,0.000000,0.000000,0.000000
2439,3,3,0.000001,0.000003,0.000001,0.999996
9826,1,1,0.000007,0.999971,0.000000,0.000022
2011,3,3,0.000017,0.000010,0.000014,0.999959
18045,1,1,0.000034,0.999899,0.000003,0.000064
28058,0,0,1.000000,0.000000,0.000000,0.000000
28264,0,0,1.000000,0.000000,0.000000,0.000000
11458,1,1,0.000006,0.999976,0.000000,0.000018
6453,3,3,0.061115,0.000010,0.000189,0.938686
8538,2,2,0.000002,0.000035,0.999886,0.000077
10753,1,1,0.000005,0.999978,0.000000,0.000016
19715,1,1,0.000024,0.999943,0.000004,0.000029
12676,1,1,0.000008,0.999966,0.000000,0.000025
26469,0,0,1.000000,0.000000,0.000000,0.000000
16406,1,1,0.000027,0.999929,0.000003,0.000040
11089,1,1,0.000006,0.999975,0.000000,0.000018
1746,3,3,0.000002,0.000002,0.000002,0.999995
7669,2,2,0.000001,0.000023,0.999966,0.000011
7743,2,2,0.000007,0.000061,0.999683,0.000249
9253,1,1,0.000028,0.999930,0.000006,0.000036
1302,3,3,0.000001,0.000003,0.000001,0.999995
21496,0,0,1.000000,0.000000,0.000000,0.000000
18410,1,1,0.000024,0.999935,0.000003,0.000039
8602,2,2,0.000003,0.000047,0.999831,0.000119
27802,0,0,1.000000,0.000000,0.000000,0.000000
26841,0,0,1.000000,0.000000,0.000000,0.000000
8434,2,2,0.000002,0.000041,0.999892,0.000066
19352,1,1,0.000104,0.999632,0.000009,0.000254
21524,0,0,1.000000,0.000000,0.000000,0.000000
13871,1,1,0.000026,0.999931,0.000004,0.000040
4652,3,3,0.000001,0.000002,0.000001,0.999996
25570,0,0,1.000000,0.000000,0.000000,0.000000
24072,0,0,1.000000,0.000000,0.000000,0.000000
10914,1,1,0.000005,0.999976,0.000000,0.000019
21022,1,1,0.000003,0.999993,0.000001,0.000003
1187,3,3,0.000001,0.000008,0.000001,0.999991
32018,0,0,1.000000,0.000000,0.000000,0.000000
15483,1,1,0.000005,0.999987,0.000003,0.000004
28599,0,0,1.000000,0.000000,0.000000,0.000000
30186,0,0,1.000000,0.000000,0.000000,0.000000
29152,0,0,1.000000,0.000000,0.000000,0.000000
24898,0,0,1.000000,0.000000,0.000000,0.000000
30396,0,0,1.000000,0.000000,0.000000,0.000000
6456,3,3,0.059865,0.000010,0.000185,0.939939
7411,2,2,0.000002,0.000035,0.999896,0.000067
337,3,3,0.000003,0.000001,0.000003,0.999994
31251,0,0,1.000000,0.000000,0.000000,0.000000
21662,0,0,1.000000,0.000000,0.000000,0.000000
14270,1,1,0.000038,0.999874,0.000004,0.000083
17444,1,1,0.000047,0.999865,0.000004,0.000084
26474,0,0,1.000000,0.000000,0.000000,0.000000
17812,1,1,0.000028,0.999929,0.000004,0.000039
3544,3,3,0.000001,0.000001,0.000002,0.999996
11577,1,1,0.000005,0.999976,0.000000,0.000018
16640,1,1,0.000013,0.999969,0.000002,0.000015
16595,1,1,0.000017,0.999959,0.000003,0.000021
21966,0,0,1.000000,0.000000,0.000000,0.000000
15700,1,1,0.000011,0.999973,0.000001,0.000015
31820,0,0,1.000000,0.000000,0.000000,0.000000
5094,3,3,0.000001,0.000003,0.000001,0.999995
25035,0,0,1.000000,0.000000,0.000000,0.000000
31852,0,0,1.000000,0.000000,0.000000,0.000000
14452,1,1,0.000040,0.999890,0.000005,0.000065
11530,1,1,0.000008,0.999967,0.000000,0.000024
19243,1,1,0.000017,0.999962,0.000003,0.000018
31613,0,0,1.000000,0.000000,0.000000,0.000000
22681,0,0,1.000000,0.000000,0.000000,0.000000
10770,1,1,0.000006,0.999976,0.000000,0.000017
24630,0,0,1.000000,0.000000,0.000000,0.000000
11321,1,1,0.000006,0.999974,0.000000,0.000020
30096,0,0,1.000000,0.000000,0.000000,0.000000
17946,1,1,0.000021,0.999948,0.000003,0.000027
25618,0,0,1.000000,0.000000,0.000000,0.000000
4416,3,3,0.000000,0.000001,0.000001,0.999997
7203,2,2,0.000001,0.000031,0.999953,0.000015
23669,0,0,1.000000,0.000000,0.000000,0.000000
11085,1,1,0.000004,0.999980,0.000000,0.000016
25045,0,0,1.000000,0.000000,0.000000,0.000000
3425,3,3,0.000001,0.000001,0.000001,0.999997
32149,0,0,1.000000,0.000000,0.000000,0.000000
15047,1,1,0.000014,0.999964,0.000003,0.000019
20023,1,1,0.000011,0.999974,0.000002,0.000013
9864,1,1,0.000005,0.999974,0.000000,0.000020
28417,0,0,1.000000,0.000000,0.000000,0.000000
5954,3,3,0.061816,0.000010,0.000190,0.937984
397,3,3,0.000000,0.000001,0.000001,0.999997
28885,0,0,1.000000,0.000000,0.000000,0.000000
28493,0,0,1.000000,0.000000,0.000000,0.000000
11709,1,1,0.000007,0.999963,0.000000,0.000029
5091,3,3,0.000156,0.000006,0.000016,0.999822
6724,2,2,0.000000,0.000017,0.999976,0.000007
12022,1,1,0.000006,0.999975,0.000000,0.000019
32258,0,0,1.000000,0.000000,0.000000,0.000000
14330,1,1,0.000021,0.999949,0.000004,0.000026
7689,2,2,0.000009,0.000121,0.999678,0.000192
13528,1,1,0.000024,0.999924,0.000004,0.000047
15097,1,1,0.000009,0.999980,0.000002,0.000009
25524,0,0,1.000000,0.000000,0.000000,0.000000
25749,0,0,1.000000,0.000000,0.000000,0.000000
22357,0,0,1.000000,0.000000,0.000000,0.000000
23124,0,0,1.000000,0.000000,0.000000,0.000000
11138,1,1,0.000006,0.999967,0.000000,0.000026
26599,0,0,1.000000,0.000000,0.000000,0.000000
31728,0,0,1.000000,0.000000,0.000000,0.000000
11210,1,1,0.000006,0.999977,0.000000,0.000017
19720,1,1,0.000021,0.999951,0.000004,0.000025
19085,1,1,0.000034,0.999904,0.000004,0.000058
23039,0,0,1.000000,0.000000,0.000000,0.000000
26533,0,0,1.000000,0.000000,0.000000,0.000000
17217,1,1,0.000017,0.999956,0.000002,0.000025
12788,1,1,0.000008,0.999952,0.000000,0.000040
8693,2,2,0.000001,0.000024,0.999953,0.000023
31653,0,0,1.000000,0.000000,0.000000,0.000000
3027,3,3,0.000001,0.000002,0.000001,0.999997
327,3,3,0.000000,0.000001,0.000001,0.999998
13058,1,1,0.000011,0.999971,0.000001,0.000017
29543,0,0,1.000000,0.000000,0.000000,0.000000
4344,3,3,0.000001,0.000003,0.000001,0.999994
22371,0,0,1.000000,0.000000,0.000000,0.000000
5243,3,3,0.183389,0.000013,0.000207,0.816390
25579,0,0,1.000000,0.000000,0.000000,0.000000
21943,0,0,1.000000,0.000000,0.000000,0.000000
21832,0,0,1.000000,0.000000,0.000000,0.000000
3949,3,3,0.000001,0.000000,0.000002,0.999996
7172,2,2,0.000001,0.000017,0.999973,0.000009
13991,1,1,0.000034,0.999872,0.000002,0.000092
32312,0,0,1.000000,0.000000,0.000000,0.000000
29825,0,0,1.000000,0.000000,0.000000,0.000000
409,3,3,0.000001,0.000002,0.000001,0.999996
15826,1,1,0.000009,0.999978,0.000001,0.000012
12113,1,1,0.000006,0.999971,0.000000,0.000023
24086,0,0,1.000000,0.000000,0.000000,0.000000
11620,1,1,0.000005,0.999970,0.000000,0.000024
11953,1,1,0.000004,0.999978,0.000000,0.000018
6410,3,3,0.063677,0.000011,0.000193,0.936120
29487,0,0,1.000000,0.000000,0.000000,0.000000
27368,0,0,1.000000,0.000000,0.000000,0.000000
11176,1,1,0.000007,0.999974,0.000000,0.000019
31409,0,0,1.000000,0.000000,0.000000,0.000000
18453,1,1,0.000019,0.999959,0.000004,0.000017
26921,0,0,1.000000,0.000000,0.000000,0.000000
13053,1,1,0.000016,0.999954,0.000001,0.000028
31214,0,0,1.000000,0.000000,0.000000,0.000000
13306,1,1,0.000004,0.999992,0.000001,0.000004
33043,0,0,0.949282,0.000030,0.000076,0.050612
24070,0,0,1.000000,0.000000,0.000000,0.000000
15919,1,1,0.000009,0.999979,0.000001,0.000012
25659,0,0,1.000000,0.000000,0.000000,0.000000
23030,0,0,1.000000,0.000000,0.000000,0.000000
11361,1,1,0.000006,0.999974,0.000000,0.000020
16944,1,1,0.000036,0.999899,0.000003,0.000062
32897,0,0,0.950839,0.000035,0.000079,0.049047
483,3,3,0.000001,0.000002,0.000001,0.999996
18939,1,1,0.000010,0.999975,0.000001,0.000014
25946,0,0,1.000000,0.000000,0.000000,0.000000
8615,2,2,0.000001,0.000033,0.999933,0.000033
2796,3,3,0.000001,0.000003,0.000002,0.999994
7408,2,2,0.000000,0.000014,0.999975,0.000010
12745,1,1,0.000025,0.999893,0.000001,0.000080
723,3,3,0.000002,0.000009,0.000003,0.999986
9891,1,1,0.000006,0.999975,0.000000,0.000019
28636,0,0,1.000000,0.000000,0.000000,0.000000
16569,1,1,0.000037,0.999893,0.000004,0.000066
3062,3,3,0.000005,0.000003,0.000003,0.999990
16639,1,1,0.000049,0.999859,0.000007,0.000085
31932,0,0,1.000000,0.000000,0.000000,0.000000
3995,3,3,0.000000,0.000002,0.000001,0.999997
31380,0,0,1.000000,0.000000,0.000000,0.000000
4356,3,3,0.000000,0.000001,0.000001,0.999998
15744,1,1,0.000004,0.999990,0.000001,0.000004
5723,3,3,0.093870,0.000014,0.000229,0.905888
4515,3,3,0.000000,0.000001,0.000001,0.999998
8141,2,2,0.000001,0.000023,0.999966,0.000011
4063,3,3,0.000001,0.000006,0.000001,0.999992
19765,1,1,0.000017,0.999957,0.000002,0.000024
2525,3,3,0.000001,0.000002,0.000001,0.999996
16422,1,1,0.000019,0.999952,0.000003,0.000025
10717,1,1,0.000006,0.999975,0.000000,0.000019
3641,3,3,0.000000,0.000001,0.000001,0.999997
11931,1,1,0.000007,0.999965,0.000000,0.000027
9955,1,1,0.000005,0.999980,0.000000,0.000015
30455,0,0,1.000000,0.000000,0.000000,0.000000
31565,0,0,1.000000,0.000000,0.000000,0.000000
2260,3,3,0.000042,0.000005,0.000026,0.999928
25779,0,0,1.000000,0.000000,0.000000,0.000000
9934,1,1,0.000006,0.999976,0.000000,0.000017
17799,1,1,0.000017,0.999958,0.000002,0.000023
11324,1,1,0.000006,0.999977,0.000000,0.000017
23084,0,0,1.000000,0.000000,0.000000,0.000000
2070,3,3,0.000118,0.000002,0.000031,0.999850
21722,0,0,1.000000,0.000000,0.000000,0.000000
8818,2,2,0.000003,0.000033,0.999854,0.000110
31302,0,0,1.000000,0.000000,0.000000,0.000000
8594,2,2,0.000001,0.000048,0.999940,0.000010
28846,0,0,1.000000,0.000000,0.000000,0.000000
9658,1,1,0.000011,0.999974,0.000001,0.000014
13592,1,1,0.000016,0.999955,0.000002,0.000028
8302,2,2,0.000001,0.000016,0.999970,0.000013
5980,3,3,0.062604,0.000011,0.000192,0.937193
29251,0,0,1.000000,0.000000,0.000000,0.000000
9794,1,1,0.000006,0.999971,0.000000,0.000023
565,3,3,0.000151,0.000001,0.000027,0.999822
10783,1,1,0.000006,0.999974,0.000000,0.000019
17013,1,1,0.000044,0.999885,0.000005,0.000066
12965,1,1,0.000063,0.999750,0.000003,0.000184
9729,1,1,0.000005,0.999976,0.000000,0.000019
30482,0,0,1.000000,0.000000,0.000000,0.000000
8513,2,2,0.000019,0.000245,0.999325,0.000411
21153,1,1,0.000014,0.999965,0.000002,0.000019
26023,0,0,1.000000,0.000000,0.000000,0.000000
17398,1,1,0.000018,0.999954,0.000002,0.000025
21593,0,0,1.000000,0.000000,0.000000,0.000000
14769,1,1,0.000015,0.999965,0.000003,0.000017
19591,1,1,0.000021,0.999946,0.000003,0.000029
1939,3,3,0.000002,0.000004,0.000003,0.999991
18818,1,1,0.000031,0.999917,0.000004,0.000048
14859,1,1,0.000002,0.999996,0.000001,0.000001
3807,3,3,0.000000,0.000001,0.000001,0.999998
3952,3,3,0.000002,0.000001,0.000002,0.999996
28198,0,0,1.000000,0.000000,0.000000,0.000000
10086,1,1,0.000005,0.999978,0.000000,0.000017
33257,0,0,0.928392,0.000034,0.000103,0.071471
26420,0,0,1.000000,0.000000,0.000000,0.000000
8523,2,2,0.000001,0.000017,0.999969,0.000014
23233,0,0,1.000000,0.000000,0.000000,0.000000
17060,1,1,0.000016,0.999962,0.000002,0.000019
10934,1,1,0.000005,0.999976,0.000000,0.000018
25884,0,0,1.000000,0.000000,0.000000,0.000000
7217,2,2,0.000000,0.000014,0.999981,0.000005
23794,0,0,1.000000,0.000000,0.000000,0.000000
3797,3,3,0.000001,0.000002,0.000002,0.999996
11853,1,1,0.000007,0.999965,0.000000,0.000028
30907,0,0,1.000000,0.000000,0.000000,0.000000
14702,1,1,0.000003,0.999995,0.000001,0.000002
22218,0,0,1.000000,0.000000,0.000000,0.000000
11940,1,1,0.000005,0.999985,0.000000,0.000010
11394,1,1,0.000006,0.999974,0.000000,0.000020
17932,1,1,0.000048,0.999862,0.000004,0.000086
18436,1,1,0.000042,0.999883,0.000006,0.000070
4205,3,3,0.000000,0.000002,0.000001,0.999997
27797,0,0,1.000000,0.000000,0.000000,0.000000
27292,0,0,1.000000,0.000000,0.000000,0.000000
9206,1,1,0.000019,0.999954,0.000005,0.000022
1972,3,3,0.000053,0.000000,0.000003,0.999943
6350,3,3,0.067957,0.000011,0.000197,0.931835
12460,1,1,0.000008,0.999956,0.000000,0.000035
11470,1,1,0.000006,0.999971,0.000000,0.000023
16938,1,1,0.000018,0.999953,0.000002,0.000026
14601,1,1,0.000009,0.999979,0.000003,0.000010
31340,0,0,1.000000,0.000000,0.000000,0.000000
6974,2,2,0.000006,0.000113,0.999759,0.000121
33053,0,0,0.951664,0.000030,0.000074,0.048231
22556,0,0,1.000000,0.000000,0.000000,0.000000
4760,3,3,0.000001,0.000004,0.000002,0.999993
16435,1,1,0.000041,0.999888,0.000005,0.000066
20250,1,1,0.000015,0.999959,0.000002,0.000023
8505,2,2,0.000001,0.000031,0.999931,0.000036
25836,0,0,1.000000,0.000000,0.000000,0.000000
4548,3,3,0.000001,0.000004,0.000001,0.999994
24411,0,0,1.000000,0.000000,0.000000,0.000000
7279,2,2,0.000000,0.000012,0.999980,0.000007
30050,0,0,1.000000,0.000000,0.000000,0.000000
16303,1,1,0.000024,0.999939,0.000003,0.000035
28184,0,0,1.000000,0.000000,0.000000,0.000000
21194,1,1,0.000014,0.999965,0.000002,0.000019
16701,1,1,0.000019,0.999951,0.000003,0.000027
24431,0,0,1.000000,0.000000,0.000000,0.000000
24202,0,0,1.000000,0.000000,0.000000,0.000000
11538,1,1,0.000004,0.999979,0.000000,0.000017
10313,1,1,0.000006,0.999972,0.000000,0.000021
3974,3,3,0.000001,0.000003,0.000001,0.999995
4965,3,3,0.000003,0.000006,0.000002,0.999990
20918,1,1,0.000015,0.999967,0.000002,0.000016
13242,1,1,0.000010,0.999974,0.000001,0.000015
18122,1,1,0.000019,0.999953,0.000003,0.000025
29121,0,0,1.000000,0.000000,0.000000,0.000000
24122,0,0,1.000000,0.000000,0.000000,0.000000
26500,0,0,1.000000,0.000000,0.000000,0.000000
20356,1,1,0.000012,0.999971,0.000002,0.000016
12366,1,1,0.000006,0.999973,0.000000,0.000020
20862,1,1,0.000074,0.999716,0.000005,0.000205
11472,1,1,0.000005,0.999975,0.000000,0.000019
10560,1,1,0.000007,0.999975,0.000000,0.000018
30830,0,0,1.000000,0.000000,0.000000,0.000000
1025,3,3,0.000004,0.000008,0.000002,0.999986
5947,3,3,0.060208,0.000010,0.000188,0.939594
13456,1,1,0.000005,0.999989,0.000002,0.000005
23665,0,0,1.000000,0.000000,0.000000,0.000000
629,3,3,0.000003,0.000003,0.000003,0.999992
21382,1,1,0.000083,0.999746,0.000006,0.000165
32870,0,0,1.000000,0.000000,0.000000,0.000000
10697,1,1,0.000006,0.999975,0.000000,0.000019
9375,1,1,0.000029,0.999928,0.000004,0.000039
3723,3,3,0.000000,0.000001,0.000001,0.999998
11479,1,1,0.000005,0.999977,0.000000,0.000018
25828,0,0,1.000000,0.000000,0.000000,0.000000
7843,2,2,0.000000,0.000012,0.999979,0.000008
9041,2,2,0.000001,0.000017,0.999960,0.000022
5946,3,3,0.059991,0.000010,0.000188,0.939811
3111,3,3,0.000002,0.000007,0.000002,0.999989
11857,1,1,0.000007,0.999964,0.000000,0.000029
8166,2,2,0.000000,0.000013,0.999973,0.000014
23150,0,0,1.000000,0.000000,0.000000,0.000000
15740,1,1,0.000012,0.999971,0.000002,0.000015
26927,0,0,1.000000,0.000000,0.000000,0.000000
30378,0,0,1.000000,0.000000,0.000000,0.000000
1231,3,3,0.000000,0.000002,0.000001,0.999996
416,3,3,0.000000,0.000001,0.000001,0.999998
20698,1,1,0.000033,0.999912,0.000004,0.000051
28864,0,0,1.000000,0.000000,0.000000,0.000000
4673,3,3,0.000000,0.000001,0.000001,0.999998
22453,0,0,1.000000,0.000000,0.000000,0.000000
3663,3,3,0.000001,0.000000,0.000001,0.999997
29960,0,0,1.000000,0.000000,0.000000,0.000000
23027,0,0,1.000000,0.000000,0.000000,0.000000
18713,1,1,0.000008,0.999981,0.000001,0.000010
28736,0,0,1.000000,0.000000,0.000000,0.000000
4606,3,3,0.000001,0.000002,0.000001,0.999996
28490,0,0,1.000000,0.000000,0.000000,0.000000
14216,1,1,0.000006,0.999985,0.000002,0.000006
11504,1,1,0.000008,0.999971,0.000000,0.000021
5278,3,3,0.183417,0.000013,0.000204,0.816365
24985,0,0,1.000000,0.000000,0.000000,0.000000
14446,1,1,0.000009,0.999979,0.000004,0.000008
22078,0,0,1.000000,0.000000,0.000000,0.000000
11341,1,1,0.000008,0.999961,0.000000,0.000031
30752,0,0,1.000000,0.000000,0.000000,0.000000
18216,1,1,0.000024,0.999933,0.000002,0.000040
28935,0,0,1.000000,0.000000,0.000000,0.000000
26264,0,0,1.000000,0.000000,0.000000,0.000000
2026,3,3,0.000004,0.000001,0.000005,0.999990
16902,1,1,0.000011,0.999973,0.000002,0.000014
8421,2,2,0.000000,0.000010,0.999982,0.000008
24565,0,0,1.000000,0.000000,0.000000,0.000000
32332,0,0,1.000000,0.000000,0.000000,0.000000
25001,0,0,1.000000,0.000000,0.000000,0.000000
1835,3,3,0.000000,0.000002,0.000001,0.999997
19186,1,1,0.000014,0.999965,0.000002,0.000019
5874,3,3,0.064882,0.000011,0.000196,0.934911
10556,1,1,0.000005,0.999978,0.000000,0.000016
12849,1,1,0.000006,0.999968,0.000000,0.000026
7644,2,2,0.000000,0.000014,0.999973,0.000012
29261,0,0,1.000000,0.000000,0.000000,0.000000
6094,3,3,0.063142,0.000011,0.000190,0.936657
18343,1,1,0.000015,0.999964,0.000002,0.000019
9061,2,2,0.000001,0.000021,0.999966,0.000013
3303,3,3,0.000001,0.000003,0.000002,0.999994
1641,3,3,0.000001,0.000003,0.000001,0.999995
15083,1,1,0.000004,0.999990,0.000001,0.000004
24529,0,0,1.000000,0.000000,0.000000,0.000000
20592,1,1,0.000010,0.999977,0.000002,0.000011
23304,0,0,1.000000,0.000000,0.000000,0.000000
7477,2,2,0.000009,0.000084,0.999607,0.000300
6954,2,2,0.000000,0.000016,0.999973,0.000010
5213,3,3,0.192075,0.000014,0.000210,0.807702
26123,0,0,1.000000,0.000000,0.000000,0.000000
28010,0,0,1.000000,0.000000,0.000000,0.000000
6156,3,3,0.061431,0.000010,0.000190,0.938369
10000,1,1,0.000004,0.999984,0.000000,0.000011
5054,3,3,0.000003,0.000001,0.000005,0.999992
19617,1,1,0.000012,0.999972,0.000002,0.000014
16480,1,1,0.000019,0.999955,0.000004,0.000022
3907,3,3,0.000000,0.000001,0.000001,0.999998
2142,3,3,0.000352,0.000297,0.000037,0.999313
6141,3,3,0.062405,0.000011,0.000191,0.937393
15948,1,1,0.000025,0.999935,0.000004,0.000036
2430,3,3,0.000001,0.000003,0.000001,0.999995
13883,1,1,0.000092,0.999602,0.000008,0.000298
22639,0,0,1.000000,0.000000,0.000000,0.000000
18267,1,1,0.000023,0.999939,0.000003,0.000036
12399,1,1,0.000005,0.999972,0.000000,0.000023
7438,2,2,0.000001,0.000023,0.999936,0.000040
27261,0,0,1.000000,0.000000,0.000000,0.000000
24780,0,0,1.000000,0.000000,0.000000,0.000000
20121,1,1,0.000030,0.999923,0.000004,0.000043
17039,1,1,0.000027,0.999937,0.000004,0.000032
19802,1,1,0.000016,0.999962,0.000002,0.000021
29240,0,0,1.000000,0.000000,0.000000,0.000000
11137,1,1,0.000006,0.999974,0.000000,0.000020
24058,0,0,1.000000,0.000000,0.000000,0.000000
5250,3,3,0.188543,0.000014,0.000213,0.811230
11063,1,1,0.000005,0.999979,0.000000,0.000015
3745,3,3,0.000000,0.000001,0.000001,0.999998
15410,1,1,0.000020,0.999947,0.000005,0.000028
6786,2,2,0.000001,0.000028,0.999963,0.000008
299,3,3,0.000045,0.000003,0.000011,0.999941
12588,1,1,0.000005,0.999975,0.000000,0.000019
7448,2,2,0.000000,0.000011,0.999980,0.000009
14132,1,1,0.000001,0.999998,0.000000,0.000001
10250,1,1,0.000006,0.999974,0.000000,0.000020
9910,1,1,0.000006,0.999976,0.000000,0.000017
31921,0,0,1.000000,0.000000,0.000000,0.000000
32565,0,0,1.000000,0.000000,0.000000,0.000000
26260,0,0,1.000000,0.000000,0.000000,0.000000
8875,2,2,0.000000,0.000011,0.999985,0.000005
9113,2,2,0.000001,0.000031,0.999960,0.000008
19326,1,1,0.000007,0.999984,0.000001,0.000008
31945,0,0,1.000000,0.000000,0.000000,0.000000
82,3,3,0.000001,0.000002,0.000001,0.999997
8220,2,2,0.000001,0.000019,0.999957,0.000023
31734,0,0,1.000000,0.000000,0.000000,0.000000
26015,0,0,1.000000,0.000000,0.000000,0.000000
29074,0,0,1.000000,0.000000,0.000000,0.000000
21102,1,1,0.000014,0.999965,0.000002,0.000019
20161,1,1,0.000038,0.999899,0.000004,0.000059
1754,3,3,0.000000,0.000002,0.000001,0.999997
14929,1,1,0.000004,0.999990,0.000001,0.000004
5111,3,3,0.000034,0.000017,0.000014,0.999936
3911,3,3,0.000001,0.000002,0.000002,0.999995
3120,3,3,0.000000,0.000002,0.000000,0.999998
4645,3,3,0.000001,0.000002,0.000001,0.999997
2706,3,3,0.000001,0.000002,0.000001,0.999997
1583,3,3,0.000001,0.000003,0.000001,0.999995
12673,1,1,0.000007,0.999973,0.000000,0.000019
26804,0,0,1.000000,0.000000,0.000000,0.000000
981,3,3,0.000001,0.000003,0.000001,0.999995
16351,1,1,0.000022,0.999946,0.000003,0.000029
16775,1,1,0.000016,0.999961,0.000002,0.000021
22001,0,0,1.000000,0.000000,0.000000,0.000000
21903,0,0,1.000000,0.000000,0.000000,0.000000
18352,1,1,0.000018,0.999954,0.000002,0.000027
3157,3,3,0.000001,0.000003,0.000001,0.999995
9922,1,1,0.000006,0.999974,0.000000,0.000020
31848,0,0,1.000000,0.000000,0.000000,0.000000
14804,1,1,0.000007,0.999986,0.000001,0.000006
705,3,3,0.000006,0.000001,0.000004,0.999989
14820,1,1,0.000005,0.999989,0.000001,0.000005
32067,0,0,1.000000,0.000000,0.000000,0.000000
32659,0,0,1.000000,0.000000,0.000000,0.000000
20993,1,1,0.000022,0.999947,0.000003,0.000028
6280,3,3,0.061093,0.000010,0.000186,0.938710
30883,0,0,1.000000,0.000000,0.000000,0.000000
25126,0,0,1.000000,0.000000,0.000000,0.000000
1722,3,3,0.000001,0.000002,0.000001,0.999997
19507,1,1,0.000018,0.999957,0.000003,0.000023
19876,1,1,0.000013,0.999968,0.000002,0.000017
7985,2,2,0.000000,0.000018,0.999975,0.000006
6058,3,3,0.063823,0.000011,0.000192,0.935974
17057,1,1,0.000043,0.999880,0.000006,0.000071
26834,0,0,1.000000,0.000000,0.000000,0.000000
12688,1,1,0.000008,0.999960,0.000000,0.000031
7506,2,2,0.000001,0.000045,0.999932,0.000021
15966,1,1,0.000020,0.999955,0.000004,0.000021
23857,0,0,1.000000,0.000000,0.000000,0.000000
23504,0,0,1.000000,0.000000,0.000000,0.000000
24358,0,0,1.000000,0.000000,0.000000,0.000000
30626,0,0,1.000000,0.000000,0.000000,0.000000
9225,1,1,0.000013,0.999968,0.000002,0.000017
32698,0,0,1.000000,0.000000,0.000000,0.000000
30315,0,0,1.000000,0.000000,0.000000,0.000000
1973,3,3,0.000100,0.000000,0.000007,0.999893
1400,3,3,0.000002,0.000175,0.000001,0.999823
17985,1,1,0.000003,0.999992,0.000001,0.000003
32231,0,0,1.000000,0.000000,0.000000,0.000000
7939,2,2,0.000000,0.000015,0.999971,0.000014
27747,0,0,1.000000,0.000000,0.000000,0.000000
25823,0,0,1.000000,0.000000,0.000000,0.000000
3698,3,3,0.000001,0.000001,0.000001,0.999997
13424,1,1,0.000024,0.999938,0.000003,0.000036
21337,1,1,0.000005,0.999988,0.000001,0.000006
26854,0,0,1.000000,0.000000,0.000000,0.000000
12360,1,1,0.000005,0.999977,0.000000,0.000017
33136,0,0,0.926880,0.000036,0.000105,0.072980
1602,3,3,0.000001,0.000002,0.000001,0.999996
443,3,3,0.000000,0.000001,0.000001,0.999998
3063,3,3,0.000004,0.000003,0.000002,0.999991
5205,3,3,0.177073,0.000013,0.000206,0.822709
6538,3,3,0.000017,0.000040,0.000006,0.999937
4439,3,3,0.000000,0.000002,0.000001,0.999998
15148,1,1,0.000005,0.999988,0.000002,0.000005
32833,0,0,1.000000,0.000000,0.000000,0.000000
30234,0,0,1.000000,0.000000,0.000000,0.000000
4853,3,3,0.000002,0.000001,0.000002,0.999995
4358,3,3,0.000000,0.000001,0.000001,0.999998
16881,1,1,0.000015,0.999963,0.000002,0.000020
25566,0,0,1.000000,0.000000,0.000000,0.000000
3265,3,3,0.000000,0.000002,0.000001,0.999997
1238,3,3,0.000012,0.000024,0.000008,0.999957
26240,0,0,1.000000,0.000000,0.000000,0.000000
24235,0,0,1.000000,0.000000,0.000000,0.000000
22431,0,0,1.000000,0.000000,0.000000,0.000000
10677,1,1,0.000007,0.999970,0.000000,0.000022
10941,1,1,0.000006,0.999972,0.000000,0.000022
11502,1,1,0.000006,0.999973,0.000000,0.000021
10708,1,1,0.000007,0.999971,0.000000,0.000021
5236,3,3,0.176946,0.000013,0.000206,0.822835
27533,0,0,1.000000,0.000000,0.000000,0.000000
29114,0,0,1.000000,0.000000,0.000000,0.000000
24569,0,0,1.000000,0.000000,0.000000,0.000000
23152,0,0,1.000000,0.000000,0.000000,0.000000
18129,1,1,0.000010,0.999975,0.000001,0.000013
9763,1,1,0.000006,0.999972,0.000000,0.000021
27278,0,0,1.000000,0.000000,0.000000,0.000000
16469,1,1,0.000004,0.999991,0.000001,0.000004
2057,3,3,0.000001,0.000036,0.000001,0.999962
8379,2,2,0.000000,0.000017,0.999975,0.000008
19874,1,1,0.000014,0.999964,0.000003,0.000019
11465,1,1,0.000006,0.999975,0.000000,0.000018
22732,0,0,1.000000,0.000000,0.000000,0.000000
11843,1,1,0.000010,0.999957,0.000001,0.000033
31622,0,0,1.000000,0.000000,0.000000,0.000000
20709,1,1,0.000026,0.999929,0.000003,0.000041
27345,0,0,1.000000,0.000000,0.000000,0.000000
8117,2,2,0.000001,0.000022,0.999954,0.000022
24685,0,0,1.000000,0.000000,0.000000,0.000000
3654,3,3,0.000000,0.000001,0.000001,0.999997
28765,0,0,1.000000,0.000000,0.000000,0.000000
23036,0,0,1.000000,0.000000,0.000000,0.000000
478,3,3,0.000001,0.000008,0.000001,0.999990
6352,3,3,0.072182,0.000011,0.000201,0.927606
24775,0,0,1.000000,0.000000,0.000000,0.000000
7122,2,2,0.000000,0.000012,0.999981,0.000007
5758,3,3,0.056575,0.000010,0.000188,0.943227
2194,3,3,0.000002,0.000001,0.000002,0.999995
7772,2,2,0.000001,0.000016,0.999969,0.000015
31733,0,0,1.000000,0.000000,0.000000,0.000000
31162,0,0,1.000000,0.000000,0.000000,0.000000
6979,2,2,0.000000,0.000018,0.999975,0.000006
22347,0,0,1.000000,0.000000,0.000000,0.000000
31708,0,0,1.000000,0.000000,0.000000,0.000000
10778,1,1,0.000005,0.999973,0.000000,0.000021
27921,0,0,1.000000,0.000000,0.000000,0.000000
755,3,3,0.000001,0.000001,0.000002,0.999996
29039,0,0,1.000000,0.000000,0.000000,0.000000
18002,1,1,0.000019,0.999948,0.000002,0.000030
1457,3,3,0.000852,0.000013,0.000074,0.999061
3459,3,3,0.000000,0.000001,0.000001,0.999998
4142,3,3,0.000001,0.000001,0.000001,0.999997
28874,0,0,1.000000,0.000000,0.000000,0.000000
24463,0,0,1.000000,0.000000,0.000000,0.000000
11254,1,1,0.000007,0.999970,0.000000,0.000023
11516,1,1,0.000004,0.999979,0.000000,0.000017
15497,1,1,0.000009,0.999978,0.000001,0.000011
10776,1,1,0.000005,0.999974,0.000000,0.000020
13319,1,1,0.000022,0.999949,0.000002,0.000027
2983,3,3,0.000001,0.000002,0.000001,0.999995
20493,1,1,0.000018,0.999958,0.000003,0.000022
31159,0,0,1.000000,0.000000,0.000000,0.000000
28587,0,0,1.000000,0.000000,0.000000,0.000000
23457,0,0,1.000000,0.000000,0.000000,0.000000
10719,1,1,0.000006,0.999978,0.000000,0.000016
8962,2,2,0.000001,0.000023,0.999918,0.000057
26711,0,0,1.000000,0.000000,0.000000,0.000000
14367,1,1,0.000003,0.999992,0.000001,0.000003
18683,1,1,0.000027,0.999927,0.000003,0.000043
24370,0,0,1.000000,0.000000,0.000000,0.000000
11160,1,1,0.000007,0.999975,0.000000,0.000018
31504,0,0,1.000000,0.000000,0.000000,0.000000
27406,0,0,1.000000,0.000000,0.000000,0.000000
20008,1,1,0.000021,0.999942,0.000003,0.000035
26507,0,0,1.000000,0.000000,0.000000,0.000000
20913,1,1,0.000029,0.999922,0.000003,0.000047
21143,1,1,0.000020,0.999953,0.000004,0.000022
32129,0,0,1.000000,0.000000,0.000000,0.000000
29397,0,0,1.000000,0.000000,0.000000,0.000000
10122,1,1,0.000005,0.999980,0.000000,0.000015
18850,1,1,0.000026,0.999930,0.000003,0.000041
19529,1,1,0.000017,0.999959,0.000002,0.000023
31294,0,0,1.000000,0.000000,0.000000,0.000000
12325,1,1,0.000008,0.999961,0.000000,0.000031
27862,0,0,1.000000,0.000000,0.000000,0.000000
24163,0,0,1.000000,0.000000,0.000000,0.000000
5721,3,3,0.090425,0.000013,0.000227,0.909335
31550,0,0,1.000000,0.000000,0.000000,0.000000
3781,3,3,0.000001,0.000001,0.000001,0.999997
16594,1,1,0.000019,0.999952,0.000003,0.000026
33184,0,0,0.934126,0.000034,0.000097,0.065743
5770,3,3,0.058316,0.000010,0.000188,0.941486
23929,0,0,1.000000,0.000000,0.000000,0.000000
27588,0,0,1.000000,0.000000,0.000000,0.000000
23981,0,0,1.000000,0.000000,0.000000,0.000000
9668,1,1,0.000011,0.999974,0.000001,0.000014
21264,1,1,0.000017,0.999954,0.000002,0.000026
19106,1,1,0.000020,0.999949,0.000002,0.000029
32664,0,0,1.000000,0.000000,0.000000,0.000000
27283,0,0,1.000000,0.000000,0.000000,0.000000
7376,2,2,0.000000,0.000011,0.999983,0.000006
29940,0,0,1.000000,0.000000,0.000000,0.000000
4610,3,3,0.000000,0.000001,0.000001,0.999998
11969,1,1,0.000008,0.999965,0.000000,0.000027
21552,0,0,1.000000,0.000000,0.000000,0.000000
969,3,3,0.000004,0.000006,0.000002,0.999987
7446,2,2,0.000000,0.000012,0.999977,0.000010
24129,0,0,1.000000,0.000000,0.000000,0.000000
14944,1,1,0.000005,0.999988,0.000001,0.000006
17015,1,1,0.000020,0.999951,0.000002,0.000027
19378,1,1,0.000023,0.999941,0.000003,0.000033
22265,0,0,1.000000,0.000000,0.000000,0.000000
1297,3,3,0.000002,0.000005,0.000001,0.999991
25676,0,0,1.000000,0.000000,0.000000,0.000000
4871,3,3,0.000001,0.000001,0.000001,0.999996
28703,0,0,1.000000,0.000000,0.000000,0.000000
21991,0,0,1.000000,0.000000,0.000000,0.000000
19114,1,1,0.000021,0.999947,0.000003,0.000030
15343,1,1,0.000002,0.999996,0.000001,0.000002
10790,1,1,0.000006,0.999975,0.000000,0.000019
29868,0,0,1.000000,0.000000,0.000000,0.000000
24989,0,0,1.000000,0.000000,0.000000,0.000000
29384,0,0,1.000000,0.000000,0.000000,0.000000
11481,1,1,0.000006,0.999973,0.000000,0.000020
15726,1,1,0.000007,0.999985,0.000001,0.000007
31439,0,0,1.000000,0.000000,0.000000,0.000000
12574,1,1,0.000006,0.999974,0.000000,0.000020
7363,2,2,0.000000,0.000012,0.999979,0.000008
1444,3,3,0.000079,0.000025,0.000041,0.999855
22005,0,0,1.000000,0.000000,0.000000,0.000000
17746,1,1,0.000019,0.999951,0.000002,0.000028
6230,3,3,0.061906,0.000010,0.000188,0.937895
4991,3,3,0.000001,0.000004,0.000001,0.999993
23964,0,0,1.000000,0.000000,0.000000,0.000000
14774,1,1,0.000002,0.999996,0.000000,0.000002
5465,3,3,0.107396,0.000011,0.000187,0.892406
18131,1,1,0.000009,0.999979,0.000001,0.000011
19656,1,1,0.000030,0.999926,0.000004,0.000040
16337,1,1,0.000020,0.999952,0.000003,0.000025
32719,0,0,1.000000,0.000000,0.000000,0.000000
32487,0,0,1.000000,0.000000,0.000000,0.000000
14314,1,1,0.000002,0.999995,0.000001,0.000002
24712,0,0,1.000000,0.000000,0.000000,0.000000
17080,1,1,0.000010,0.999976,0.000001,0.000012
21783,0,0,1.000000,0.000000,0.000000,0.000000
2821,3,3,0.000001,0.000004,0.000002,0.999993
10585,1,1,0.000005,0.999979,0.000000,0.000015
20280,1,1,0.000024,0.999937,0.000003,0.000036
5868,3,3,0.063185,0.000011,0.000193,0.936611
18446,1,1,0.000023,0.999940,0.000003,0.000034
26053,0,0,1.000000,0.000000,0.000000,0.000000
10183,1,1,0.000005,0.999970,0.000000,0.000024
1119,3,3,0.000001,0.000002,0.000001,0.999996
10820,1,1,0.000006,0.999970,0.000000,0.000024
24632,0,0,1.000000,0.000000,0.000000,0.000000
4110,3,3,0.000001,0.000001,0.000001,0.999997
32221,0,0,1.000000,0.000000,0.000000,0.000000
17668,1,1,0.000034,0.999911,0.000004,0.000052
31568,0,0,1.000000,0.000000,0.000000,0.000000
15796,1,1,0.000016,0.999959,0.000002,0.000022
29953,0,0,1.000000,0.000000,0.000000,0.000000
3954,3,3,0.000001,0.000001,0.000001,0.999997
4894,3,3,0.000000,0.000001,0.000001,0.999997
1875,3,3,0.000004,0.000001,0.000003,0.999992
710,3,3,0.000003,0.000003,0.000003,0.999991
18224,1,1,0.000021,0.999948,0.000003,0.000028
10712,1,1,0.000005,0.999978,0.000000,0.000017
72,3,3,0.000001,0.000004,0.000002,0.999993
26811,0,0,1.000000,0.000000,0.000000,0.000000
6561,3,3,0.003118,0.000007,0.000209,0.996666
17757,1,1,0.000024,0.999936,0.000003,0.000037
25890,0,0,1.000000,0.000000,0.000000,0.000000
508,3,3,0.000000,0.000003,0.000001,0.999996
23256,0,0,1.000000,0.000000,0.000000,0.000000
17992,1,1,0.000018,0.999953,0.000002,0.000026
8174,2,2,0.000008,0.000088,0.999664,0.000240
2520,3,3,0.000004,0.000001,0.000003,0.999992
11224,1,1,0.000006,0.999976,0.000000,0.000018
7507,2,2,0.000004,0.000127,0.999826,0.000043
17884,1,1,0.000028,0.999925,0.000003,0.000044
26734,0,0,1.000000,0.000000,0.000000,0.000000
29962,0,0,1.000000,0.000000,0.000000,0.000000
21554,0,0,1.000000,0.000000,0.000000,0.000000
26407,0,0,1.000000,0.000000,0.000000,0.000000
9175,1,1,0.000008,0.999982,0.000002,0.000008
13116,1,1,0.000001,0.999997,0.000001,0.000001
21331,1,1,0.000026,0.999924,0.000003,0.000046
2192,3,3,0.000002,0.000001,0.000003,0.999994
17670,1,1,0.000031,0.999915,0.000004,0.000050
30478,0,0,1.000000,0.000000,0.000000,0.000000
19108,1,1,0.000024,0.999938,0.000003,0.000036
21507,0,0,1.000000,0.000000,0.000000,0.000000
9992,1,1,0.000009,0.999969,0.000001,0.000022
11529,1,1,0.000006,0.999975,0.000000,0.000019
26301,0,0,1.000000,0.000000,0.000000,0.000000
1691,3,3,0.000000,0.000002,0.000001,0.999997
15573,1,1,0.000011,0.999972,0.000002,0.000015
2535,3,3,0.000001,0.000002,0.000001,0.999997
4337,3,3,0.000000,0.000001,0.000001,0.999998
1950,3,3,0.000802,0.000004,0.000107,0.999088
14741,1,1,0.000005,0.999990,0.000001,0.000004
6840,2,2,0.000000,0.000012,0.999980,0.000007
23581,0,0,1.000000,0.000000,0.000000,0.000000
25822,0,0,1.000000,0.000000,0.000000,0.000000
21181,1,1,0.000017,0.999956,0.000002,0.000025
1714,3,3,0.000001,0.000004,0.000001,0.999994
21655,0,0,1.000000,0.000000,0.000000,0.000000
19029,1,1,0.000019,0.999956,0.000003,0.000021
4446,3,3,0.000001,0.000003,0.000001,0.999996
5503,3,3,0.062125,0.000010,0.000189,0.937676
28880,0,0,1.000000,0.000000,0.000000,0.000000
32457,0,0,1.000000,0.000000,0.000000,0.000000
20147,1,1,0.000019,0.999953,0.000003,0.000026
29621,0,0,1.000000,0.000000,0.000000,0.000000
2951,3,3,0.000000,0.000001,0.000001,0.999997
4440,3,3,0.000000,0.000001,0.000001,0.999998
19675,1,1,0.000021,0.999944,0.000003,0.000032
5876,3,3,0.063975,0.000011,0.000196,0.935818
19586,1,1,0.000035,0.999907,0.000004,0.000053
29167,0,0,1.000000,0.000000,0.000000,0.000000
6850,2,2,0.000000,0.000012,0.999981,0.000006
13945,1,1,0.000051,0.999859,0.000011,0.000079
9160,2,2,0.000026,0.000422,0.999077,0.000475
6671,2,2,0.000000,0.000014,0.999980,0.000006
4613,3,3,0.000001,0.000001,0.000002,0.999996
12171,1,1,0.000005,0.999977,0.000000,0.000018
32269,0,0,1.000000,0.000000,0.000000,0.000000
11004,1,1,0.000007,0.999976,0.000001,0.000016
23787,0,0,1.000000,0.000000,0.000000,0.000000
26580,0,0,1.000000,0.000000,0.000000,0.000000
19849,1,1,0.000012,0.999969,0.000002,0.000016
21338,1,1,0.000008,0.999983,0.000001,0.000008
15854,1,1,0.000012,0.999970,0.000002,0.000016
25304,0,0,1.000000,0.000000,0.000000,0.000000
341,3,3,0.000002,0.000001,0.000002,0.999995
19968,1,1,0.000014,0.999964,0.000002,0.000020
10658,1,1,0.000007,0.999973,0.000000,0.000019
4454,3,3,0.000001,0.000001,0.000001,0.999997
9222,1,1,0.000007,0.999983,0.000002,0.000008
22657,0,0,1.000000,0.000000,0.000000,0.000000
21221,1,1,0.000013,0.999967,0.000002,0.000018
31982,0,0,1.000000,0.000000,0.000000,0.000000
18111,1,1,0.000014,0.999964,0.000002,0.000020
29197,0,0,1.000000,0.000000,0.000000,0.000000
15770,1,1,0.000017,0.999955,0.000002,0.000026
1676,3,3,0.000001,0.000003,0.000001,0.999995
11828,1,1,0.000007,0.999963,0.000000,0.000030
24718,0,0,1.000000,0.000000,0.000000,0.000000
22794,0,0,1.000000,0.000000,0.000000,0.000000
2528,3,3,0.000001,0.000002,0.000001,0.999996
1843,3,3,0.000001,0.000002,0.000001,0.999997
28842,0,0,1.000000,0.000000,0.000000,0.000000
7479,2,2,0.023545,0.227056,0.620654,0.128746
1361,3,3,0.000001,0.000008,0.000001,0.999989
15370,1,1,0.000018,0.999956,0.000003,0.000024
18893,1,1,0.000026,0.999933,0.000003,0.000038
5603,3,3,0.061392,0.000010,0.000190,0.938407
2319,3,3,0.000001,0.000001,0.000001,0.999997
9863,1,1,0.000005,0.999974,0.000000,0.000020
24701,0,0,1.000000,0.000000,0.000000,0.000000
30222,0,0,1.000000,0.000000,0.000000,0.000000
7127,2,2,0.000001,0.000019,0.999959,0.000021
26570,0,0,1.000000,0.000000,0.000000,0.000000
9437,1,1,0.000017,0.999957,0.000003,0.000022
20626,1,1,0.000024,0.999934,0.000003,0.000039
26475,0,0,1.000000,0.000000,0.000000,0.000000
13421,1,1,0.000013,0.999967,0.000002,0.000018
11548,1,1,0.000009,0.999962,0.000000,0.000029
19964,1,1,0.000022,0.999944,0.000003,0.000031
30815,0,0,1.000000,0.000000,0.000000,0.000000
29371,0,0,1.000000,0.000000,0.000000,0.000000
17123,1,1,0.000023,0.999941,0.000003,0.000033
16179,1,1,0.000019,0.999956,0.000003,0.000023
3584,3,3,0.000000,0.000001,0.000001,0.999998
19028,1,1,0.000018,0.999957,0.000003,0.000022
14604,1,1,0.000018,0.999954,0.000002,0.000026
17863,1,1,0.000019,0.999950,0.000002,0.000029
18612,1,1,0.000007,0.999983,0.000001,0.000009
16409,1,1,0.000017,0.999959,0.000003,0.000021
32478,0,0,1.000000,0.000000,0.000000,0.000000
3244,3,3,0.000014,0.000007,0.000011,0.999968
8188,2,2,0.000010,0.000142,0.999669,0.000179
22857,0,0,1.000000,0.000000,0.000000,0.000000
13750,1,1,0.000014,0.999962,0.000002,0.000023
32006,0,0,1.000000,0.000000,0.000000,0.000000
23713,0,0,1.000000,0.000000,0.000000,0.000000
21857,0,0,1.000000,0.000000,0.000000,0.000000
25861,0,0,1.000000,0.000000,0.000000,0.000000
5338,3,3,0.172766,0.000012,0.000200,0.827022
32209,0,0,1.000000,0.000000,0.000000,0.000000
9144,2,2,0.000000,0.000011,0.999985,0.000004
10862,1,1,0.000007,0.999969,0.000000,0.000024
9115,2,2,0.000001,0.000030,0.999959,0.000010
10553,1,1,0.000007,0.999974,0.000000,0.000019
9025,2,2,0.000001,0.000032,0.999940,0.000027
11997,1,1,0.000006,0.999972,0.000000,0.000022
18147,1,1,0.000018,0.999955,0.000002,0.000024
2147,3,3,0.000004,0.000001,0.000003,0.999992
13942,1,1,0.000009,0.999980,0.000002,0.000010
32495,0,0,1.000000,0.000000,0.000000,0.000000
20607,1,1,0.000022,0.999945,0.000004,0.000029
27648,0,0,1.000000,0.000000,0.000000,0.000000
8486,2,2,0.000005,0.000067,0.999730,0.000197
22258,0,0,1.000000,0.000000,0.000000,0.000000
17373,1,1,0.000005,0.999988,0.000001,0.000005
13017,1,1,0.000018,0.999957,0.000002,0.000024
32320,0,0,1.000000,0.000000,0.000000,0.000000
32251,0,0,1.000000,0.000000,0.000000,0.000000
3336,3,3,0.000000,0.000001,0.000001,0.999997
27762,0,0,1.000000,0.000000,0.000000,0.000000
15479,1,1,0.000007,0.999984,0.000002,0.000007
14050,1,1,0.000017,0.999958,0.000003,0.000023
28113,0,0,1.000000,0.000000,0.000000,0.000000
5375,3,3,0.176506,0.000013,0.000202,0.823280
990,3,3,0.000003,0.000025,0.000002,0.999970
30877,0,0,1.000000,0.000000,0.000000,0.000000
18548,1,1,0.000013,0.999969,0.000002,0.000015
6324,3,3,0.068889,0.000011,0.000200,0.930900
15105,1,1,0.000004,0.999991,0.000000,0.000005
13542,1,1,0.000051,0.999856,0.000012,0.000082
3172,3,3,0.000001,0.000003,0.000001,0.999995
30800,0,0,1.000000,0.000000,0.000000,0.000000
19603,1,1,0.000016,0.999961,0.000002,0.000021
8578,2,2,0.000001,0.000036,0.999944,0.000019
18447,1,1,0.000027,0.999929,0.000003,0.000041
23496,0,0,1.000000,0.000000,0.000000,0.000000
24759,0,0,1.000000,0.000000,0.000000,0.000000
30837,0,0,1.000000,0.000000,0.000000,0.000000
8746,2,2,0.000001,0.000013,0.999968,0.000018
24702,0,0,1.000000,0.000000,0.000000,0.000000
29435,0,0,1.000000,0.000000,0.000000,0.000000
8850,2,2,0.000000,0.000022,0.999971,0.000007
9432,1,1,0.000019,0.999957,0.000004,0.000021
20949,1,1,0.000015,0.999963,0.000002,0.000020
22822,0,0,1.000000,0.000000,0.000000,0.000000
24561,0,0,1.000000,0.000000,0.000000,0.000000
31508,0,0,1.000000,0.000000,0.000000,0.000000
19948,1,1,0.000019,0.999950,0.000002,0.000028
17281,1,1,0.000020,0.999949,0.000003,0.000028
12605,1,1,0.000005,0.999976,0.000000,0.000019
3925,3,3,0.000001,0.000002,0.000002,0.999995
13273,1,1,0.000018,0.999954,0.000002,0.000026
15085,1,1,0.000010,0.999976,0.000002,0.000012
25677,0,0,1.000000,0.000000,0.000000,0.000000
7336,2,2,0.000000,0.000010,0.999986,0.000004
22658,0,0,1.000000,0.000000,0.000000,0.000000
21346,1,1,0.000002,0.999996,0.000001,0.000002
8001,2,2,0.000000,0.000010,0.999983,0.000006
4221,3,3,0.000001,0.000003,0.000001,0.999996
19566,1,1,0.000025,0.999936,0.000003,0.000036
15372,1,1,0.000014,0.999967,0.000003,0.000016
2898,3,3,0.000000,0.000002,0.000001,0.999997
14802,1,1,0.000013,0.999965,0.000001,0.000021
32999,0,0,0.947386,0.000030,0.000078,0.052506
10377,1,1,0.000006,0.999971,0.000000,0.000022
31980,0,0,1.000000,0.000000,0.000000,0.000000
7558,2,2,0.000000,0.000011,0.999982,0.000007
15123,1,1,0.000007,0.999984,0.000002,0.000007
3991,3,3,0.000001,0.000001,0.000001,0.999998
16159,1,1,0.000031,0.999915,0.000003,0.000050
20204,1,1,0.000009,0.999979,0.000002,0.000010
8767,2,2,0.000003,0.000039,0.999856,0.000103
11006,1,1,0.000007,0.999974,0.000001,0.000018
17257,1,1,0.000029,0.999926,0.000004,0.000041
23308,0,0,1.000000,0.000000,0.000000,0.000000
8269,2,2,0.000001,0.000015,0.999969,0.000016
30192,0,0,1.000000,0.000000,0.000000,0.000000
25915,0,0,1.000000,0.000000,0.000000,0.000000
30910,0,0,1.000000,0.000000,0.000000,0.000000
18841,1,1,0.000049,0.999881,0.000005,0.000065
17786,1,1,0.000017,0.999958,0.000003,0.000022
27480,0,0,1.000000,0.000000,0.000000,0.000000
16863,1,1,0.000005,0.999990,0.000001,0.000005
33140,0,0,0.935603,0.000036,0.000097,0.064263
13675,1,1,0.000009,0.999977,0.000001,0.000012
20127,1,1,0.000019,0.999958,0.000003,0.000020
16089,1,1,0.000024,0.999946,0.000005,0.000026
32516,0,0,1.000000,0.000000,0.000000,0.000000
28621,0,0,1.000000,0.000000,0.000000,0.000000
14389,1,1,0.000002,0.999996,0.000001,0.000001
12603,1,1,0.000005,0.999974,0.000000,0.000020
41,3,3,0.000039,0.000312,0.000007,0.999642
24110,0,0,1.000000,0.000000,0.000000,0.000000
23229,0,0,1.000000,0.000000,0.000000,0.000000
30355,0,0,1.000000,0.000000,0.000000,0.000000
14228,1,1,0.000010,0.999977,0.000003,0.000010
31839,0,0,1.000000,0.000000,0.000000,0.000000
1450,3,3,0.000003,0.000008,0.000003,0.999985
28781,0,0,1.000000,0.000000,0.000000,0.000000
2321,3,3,0.000002,0.000001,0.000002,0.999995
23646,0,0,1.000000,0.000000,0.000000,0.000000
14154,1,1,0.000022,0.999942,0.000003,0.000034
411,3,3,0.000000,0.000001,0.000001,0.999997
28273,0,0,1.000000,0.000000,0.000000,0.000000
7112,2,2,0.000000,0.000013,0.999979,0.000007
18284,1,1,0.000019,0.999952,0.000003,0.000027
2622,3,3,0.000001,0.000004,0.000001,0.999994
25086,0,0,1.000000,0.000000,0.000000,0.000000
8490,2,2,0.000001,0.000023,0.999924,0.000052
25886,0,0,1.000000,0.000000,0.000000,0.000000
26976,0,0,1.000000,0.000000,0.000000,0.000000
16247,1,1,0.000010,0.999976,0.000002,0.000012
15803,1,1,0.000006,0.999988,0.000002,0.000005
21676,0,0,1.000000,0.000000,0.000000,0.000000
5175,3,3,0.200747,0.000014,0.000211,0.799029
27581,0,0,1.000000,0.000000,0.000000,0.000000
16272,1,1,0.000023,0.999944,0.000004,0.000029
4503,3,3,0.000001,0.000008,0.000002,0.999989
20739,1,1,0.000007,0.999984,0.000001,0.000008
1165,3,3,0.000087,0.000673,0.000011,0.999228
28904,0,0,1.000000,0.000000,0.000000,0.000000
11211,1,1,0.000007,0.999975,0.000000,0.000018
33054,0,0,0.951288,0.000030,0.000074,0.048608
32840,0,0,1.000000,0.000000,0.000000,0.000000
13825,1,1,0.000002,0.999995,0.000002,0.000001
4309,3,3,0.000002,0.000001,0.000002,0.999994
21951,0,0,1.000000,0.000000,0.000000,0.000000
11106,1,1,0.000006,0.999977,0.000000,0.000017
28742,0,0,1.000000,0.000000,0.000000,0.000000
11505,1,1,0.000006,0.999974,0.000000,0.000020
8431,2,2,0.000001,0.000016,0.999969,0.000014
17188,1,1,0.000013,0.999967,0.000002,0.000018
15863,1,1,0.000025,0.999930,0.000003,0.000042
14037,1,1,0.000041,0.999890,0.000025,0.000044
11424,1,1,0.000005,0.999978,0.000000,0.000016
6104,3,3,0.061436,0.000010,0.000190,0.938363
1022,3,3,0.000015,0.000028,0.000004,0.999953
12883,1,1,0.000015,0.999936,0.000001,0.000048
13488,1,1,0.000014,0.999964,0.000002,0.000020
8928,2,2,0.000000,0.000022,0.999971,0.000007
25594,0,0,1.000000,0.000000,0.000000,0.000000
6180,3,3,0.063984,0.000011,0.000192,0.935813
32885,0,0,0.950687,0.000034,0.000078,0.049201
24907,0,0,1.000000,0.000000,0.000000,0.000000
8249,2,2,0.000006,0.000069,0.999671,0.000254
21376,1,1,0.000078,0.999774,0.000007,0.000141
25117,0,0,1.000000,0.000000,0.000000,0.000000
27879,0,0,1.000000,0.000000,0.000000,0.000000
5697,3,3,0.060286,0.000010,0.000190,0.939514
487,3,3,0.000000,0.000001,0.000001,0.999998
8319,2,2,0.000002,0.000031,0.999919,0.000049
4388,3,3,0.000001,0.000002,0.000001,0.999997
9625,1,1,0.000051,0.999727,0.000003,0.000219
33202,0,0,0.932701,0.000035,0.000099,0.067164
2489,3,3,0.000002,0.000003,0.000002,0.999993
29048,0,0,1.000000,0.000000,0.000000,0.000000
22324,0,0,1.000000,0.000000,0.000000,0.000000
30285,0,0,1.000000,0.000000,0.000000,0.000000
22346,0,0,1.000000,0.000000,0.000000,0.000000
32479,0,0,1.000000,0.000000,0.000000,0.000000
27136,0,0,1.000000,0.000000,0.000000,0.000000
7634,2,2,0.000002,0.000039,0.999921,0.000038
13165,1,1,0.000016,0.999960,0.000002,0.000022
27009,0,0,1.000000,0.000000,0.000000,0.000000
29524,0,0,1.000000,0.000000,0.000000,0.000000
28967,0,0,1.000000,0.000000,0.000000,0.000000
16542,1,1,0.000012,0.999972,0.000002,0.000015
30730,0,0,1.000000,0.000000,0.000000,0.000000
22245,0,0,1.000000,0.000000,0.000000,0.000000
19148,1,1,0.000031,0.999918,0.000004,0.000047
3726,3,3,0.000001,0.000003,0.000002,0.999994
10019,1,1,0.000006,0.999974,0.000000,0.000021
20637,1,1,0.000016,0.999961,0.000002,0.000021
21546,0,0,1.000000,0.000000,0.000000,0.000000
29116,0,0,1.000000,0.000000,0.000000,0.000000
6149,3,3,0.062824,0.000011,0.000191,0.936974
28362,0,0,1.000000,0.000000,0.000000,0.000000
6837,2,2,0.000001,0.000020,0.999960,0.000019
24488,0,0,1.000000,0.000000,0.000000,0.000000
7049,2,2,0.000010,0.000217,0.999660,0.000114
22079,0,0,1.000000,0.000000,0.000000,0.000000
32558,0,0,1.000000,0.000000,0.000000,0.000000
9689,1,1,0.000008,0.999982,0.000001,0.000009
8949,2,2,0.000008,0.000254,0.999647,0.000090
12213,1,1,0.000022,0.999902,0.000001,0.000075
22223,0,0,1.000000,0.000000,0.000000,0.000000
25066,0,0,1.000000,0.000000,0.000000,0.000000
18462,1,1,0.000017,0.999960,0.000003,0.000021
10935,1,1,0.000005,0.999976,0.000000,0.000018
7605,2,2,0.000000,0.000012,0.999980,0.000008
19076,1,1,0.000019,0.999953,0.000003,0.000025
30545,0,0,1.000000,0.000000,0.000000,0.000000
21165,1,1,0.000012,0.999972,0.000002,0.000014
32471,0,0,1.000000,0.000000,0.000000,0.000000
8576,2,2,0.000001,0.000022,0.999957,0.000020
18992,1,1,0.000025,0.999937,0.000003,0.000034
9616,1,1,0.000011,0.999968,0.000001,0.000020
8477,2,2,0.000003,0.000049,0.999861,0.000087
4298,3,3,0.000001,0.000002,0.000001,0.999996
27836,0,0,1.000000,0.000000,0.000000,0.000000
11903,1,1,0.000009,0.999958,0.000000,0.000033
20244,1,1,0.000020,0.999948,0.000003,0.000030
9346,1,1,0.000013,0.999970,0.000003,0.000014
15208,1,1,0.000011,0.999971,0.000001,0.000018
2326,3,3,0.000243,0.000000,0.000036,0.999721
20225,1,1,0.000028,0.999929,0.000004,0.000039
5300,3,3,0.176848,0.000013,0.000203,0.822936
31307,0,0,1.000000,0.000000,0.000000,0.000000
24693,0,0,1.000000,0.000000,0.000000,0.000000
19636,1,1,0.000012,0.999970,0.000002,0.000016
21584,0,0,1.000000,0.000000,0.000000,0.000000
28107,0,0,1.000000,0.000000,0.000000,0.000000
25817,0,0,1.000000,0.000000,0.000000,0.000000
9187,1,1,0.000006,0.999987,0.000001,0.000006
14088,1,1,0.000014,0.999966,0.000004,0.000016
10110,1,1,0.000006,0.999976,0.000000,0.000018
33064,0,0,0.910241,0.000038,0.000120,0.089601
9448,1,1,0.000020,0.999951,0.000006,0.000023
28776,0,0,1.000000,0.000000,0.000000,0.000000
11614,1,1,0.000008,0.999958,0.000000,0.000034
17404,1,1,0.000010,0.999978,0.000002,0.000010
24847,0,0,1.000000,0.000000,0.000000,0.000000
17598,1,1,0.000034,0.999907,0.000004,0.000055
9882,1,1,0.000008,0.999969,0.000001,0.000022
20255,1,1,0.000025,0.999934,0.000004,0.000038
27935,0,0,0.999999,0.000000,0.000000,0.000001
22282,0,0,1.000000,0.000000,0.000000,0.000000
7699,2,2,0.000001,0.000024,0.999952,0.000023
26148,0,0,1.000000,0.000000,0.000000,0.000000
29282,0,0,1.000000,0.000000,0.000000,0.000000
7000,2,2,0.000202,0.003562,0.994613,0.001623
10375,1,1,0.000005,0.999978,0.000000,0.000017
2575,3,3,0.000004,0.000011,0.000002,0.999982
11518,1,1,0.000007,0.999962,0.000000,0.000031
7305,2,2,0.000000,0.000015,0.999974,0.000011
13765,1,1,0.000047,0.999867,0.000007,0.000080
28717,0,0,1.000000,0.000000,0.000000,0.000000
20273,1,1,0.000024,0.999940,0.000003,0.000032
26629,0,0,1.000000,0.000000,0.000000,0.000000
19523,1,1,0.000028,0.999926,0.000004,0.000041
10993,1,1,0.000007,0.999971,0.000000,0.000021
1393,3,3,0.000001,0.000003,0.000001,0.999995
17996,1,1,0.000045,0.999861,0.000004,0.000090
16158,1,1,0.000028,0.999924,0.000003,0.000045
19774,1,1,0.000025,0.999939,0.000005,0.000031
15091,1,1,0.000010,0.999977,0.000001,0.000012
18634,1,1,0.000022,0.999940,0.000002,0.000036
9694,1,1,0.000014,0.999967,0.000001,0.000018
29059,0,0,1.000000,0.000000,0.000000,0.000000
7034,2,2,0.000001,0.000023,0.999956,0.000020
26286,0,0,1.000000,0.000000,0.000000,0.000000
24302,0,0,1.000000,0.000000,0.000000,0.000000
13040,1,1,0.000015,0.999962,0.000001,0.000022
13201,1,1,0.000016,0.999959,0.000003,0.000022
5086,3,3,0.000021,0.000059,0.000005,0.999916
9027,2,2,0.000001,0.000017,0.999970,0.000012
7717,2,2,0.000000,0.000015,0.999976,0.000009
14080,1,1,0.000022,0.999940,0.000004,0.000034
19956,1,1,0.000019,0.999951,0.000003,0.000027
21795,0,0,1.000000,0.000000,0.000000,0.000000
8331,2,2,0.000000,0.000012,0.999979,0.000009
22419,0,0,1.000000,0.000000,0.000000,0.000000
22785,0,0,1.000000,0.000000,0.000000,0.000000
6321,3,3,0.073016,0.000012,0.000203,0.926769
2722,3,3,0.000018,0.000007,0.000010,0.999965
26,3,3,0.000005,0.000005,0.000003,0.999987
18870,1,1,0.000037,0.999892,0.000004,0.000066
12993,1,1,0.000003,0.999993,0.000000,0.000004
24952,0,0,1.000000,0.000000,0.000000,0.000000
1832,3,3,0.000020,0.000019,0.000010,0.999950
22021,0,0,1.000000,0.000000,0.000000,0.000000
15817,1,1,0.000024,0.999937,0.000003,0.000035
13715,1,1,0.000008,0.999982,0.000001,0.000010
2888,3,3,0.000000,0.000001,0.000001,0.999998
11430,1,1,0.000006,0.999972,0.000000,0.000021
25650,0,0,1.000000,0.000000,0.000000,0.000000
31348,0,0,1.000000,0.000000,0.000000,0.000000
3802,3,3,0.000496,0.000005,0.000145,0.999353
22640,0,0,1.000000,0.000000,0.000000,0.000000
26283,0,0,1.000000,0.000000,0.000000,0.000000
31387,0,0,1.000000,0.000000,0.000000,0.000000
11115,1,1,0.000006,0.999976,0.000000,0.000018
10813,1,1,0.000006,0.999971,0.000000,0.000022
6293,3,3,0.062391,0.000010,0.000189,0.937410
20720,1,1,0.000017,0.999955,0.000002,0.000025
20868,1,1,0.000031,0.999920,0.000004,0.000045
19573,1,1,0.000021,0.999949,0.000003,0.000027
12083,1,1,0.000012,0.999944,0.000001,0.000043
27902,0,0,1.000000,0.000000,0.000000,0.000000
2237,3,3,0.000001,0.000002,0.000001,0.999996
10046,1,1,0.000006,0.999979,0.000000,0.000014
10884,1,1,0.000007,0.999971,0.000000,0.000022
6851,2,2,0.000000,0.000016,0.999974,0.000010
12260,1,1,0.000010,0.999949,0.000000,0.000041
19549,1,1,0.000031,0.999924,0.000004,0.000040
27151,0,0,1.000000,0.000000,0.000000,0.000000
27298,0,0,1.000000,0.000000,0.000000,0.000000
24607,0,0,1.000000,0.000000,0.000000,0.000000
19908,1,1,0.000020,0.999954,0.000004,0.000022
3931,3,3,0.000013,0.000001,0.000010,0.999976
5524,3,3,0.061641,0.000010,0.000189,0.938160
19657,1,1,0.000024,0.999938,0.000003,0.000035
11069,1,1,0.000005,0.999980,0.000000,0.000015
21334,1,1,0.000001,0.999998,0.000000,0.000001
6951,2,2,0.000017,0.000222,0.999477,0.000284
31149,0,0,1.000000,0.000000,0.000000,0.000000
2605,3,3,0.000003,0.000009,0.000002,0.999985
32091,0,0,1.000000,0.000000,0.000000,0.000000
10070,1,1,0.000006,0.999966,0.000000,0.000027
14026,1,1,0.000019,0.999953,0.000004,0.000024
19042,1,1,0.000020,0.999947,0.000002,0.000032
32257,0,0,1.000000,0.000000,0.000000,0.000000
25754,0,0,1.000000,0.000000,0.000000,0.000000
27793,0,0,1.000000,0.000000,0.000000,0.000000
17316,1,1,0.000062,0.999786,0.000004,0.000148
1694,3,3,0.000001,0.000002,0.000001,0.999996
22545,0,0,1.000000,0.000000,0.000000,0.000000
13232,1,1,0.000030,0.999905,0.000003,0.000061
804,3,3,0.000002,0.000004,0.000002,0.999992
14431,1,1,0.000003,0.999994,0.000001,0.000002
14920,1,1,0.000088,0.999715,0.000015,0.000183
29555,0,0,1.000000,0.000000,0.000000,0.000000
14212,1,1,0.000002,0.999996,0.000001,0.000001
4552,3,3,0.000000,0.000002,0.000001,0.999997
10102,1,1,0.000007,0.999969,0.000000,0.000024
27881,0,0,1.000000,0.000000,0.000000,0.000000
28298,0,0,1.000000,0.000000,0.000000,0.000000
13620,1,1,0.000064,0.999820,0.000008,0.000107
31143,0,0,1.000000,0.000000,0.000000,0.000000
15249,1,1,0.000033,0.999888,0.000002,0.000077
33222,0,0,0.945536,0.000032,0.000083,0.054349
15913,1,1,0.000004,0.999991,0.000001,0.000004
12224,1,1,0.000010,0.999953,0.000000,0.000037
26774,0,0,1.000000,0.000000,0.000000,0.000000
20773,1,1,0.000028,0.999924,0.000004,0.000044
3783,3,3,0.000001,0.000001,0.000001,0.999997
7338,2,2,0.000000,0.000010,0.999985,0.000005
24821,0,0,1.000000,0.000000,0.000000,0.000000
25987,0,0,1.000000,0.000000,0.000000,0.000000
27338,0,0,1.000000,0.000000,0.000000,0.000000
30943,0,0,1.000000,0.000000,0.000000,0.000000
11342,1,1,0.000007,0.999965,0.000000,0.000027
32604,0,0,1.000000,0.000000,0.000000,0.000000
13374,1,1,0.000028,0.999920,0.000004,0.000047
14536,1,1,0.000016,0.999960,0.000003,0.000022
6839,2,2,0.000000,0.000014,0.999977,0.000009
13753,1,1,0.000013,0.999971,0.000002,0.000015
3632,3,3,0.000000,0.000002,0.000001,0.999997
18969,1,1,0.000023,0.999943,0.000003,0.000031
28200,0,0,1.000000,0.000000,0.000000,0.000000
2441,3,3,0.000001,0.000003,0.000001,0.999995
20235,1,1,0.000017,0.999958,0.000003,0.000021
7808,2,2,0.000005,0.000054,0.999756,0.000184
5398,3,3,0.170533,0.000013,0.000202,0.829253
1552,3,3,0.000001,0.000003,0.000001,0.999996
20952,1,1,0.000014,0.999966,0.000002,0.000018
33034,0,0,0.945108,0.000032,0.000082,0.054778
31484,0,0,1.000000,0.000000,0.000000,0.000000
26823,0,0,1.000000,0.000000,0.000000,0.000000
11698,1,1,0.000007,0.999965,0.000000,0.000028
4564,3,3,0.000000,0.000001,0.000001,0.999998
17741,1,1,0.000018,0.999954,0.000003,0.000025
17687,1,1,0.000025,0.999938,0.000003,0.000034
7623,2,2,0.000000,0.000016,0.999972,0.000011
10032,1,1,0.000007,0.999972,0.000000,0.000021
13290,1,1,0.000009,0.999977,0.000001,0.000013
19233,1,1,0.000018,0.999959,0.000003,0.000020
4632,3,3,0.000003,0.000002,0.000003,0.999993
32951,0,0,0.950285,0.000031,0.000076,0.049608
11237,1,1,0.000005,0.999974,0.000000,0.000021
21488,0,0,1.000000,0.000000,0.000000,0.000000
8037,2,2,0.000001,0.000020,0.999965,0.000015
23562,0,0,1.000000,0.000000,0.000000,0.000000
5686,3,3,0.065383,0.000011,0.000201,0.934405
4297,3,3,0.000001,0.000003,0.000001,0.999995
19209,1,1,0.000018,0.999953,0.000002,0.000027
4477,3,3,0.000000,0.000001,0.000001,0.999998
26863,0,0,1.000000,0.000000,0.000000,0.000000
33259,0,0,0.938664,0.000034,0.000092,0.061210
8685,2,2,0.000000,0.000014,0.999981,0.000005
3809,3,3,0.000001,0.000001,0.000002,0.999996
4630,3,3,0.000002,0.000002,0.000002,0.999994
18508,1,1,0.000025,0.999929,0.000003,0.000044
914,3,3,0.000002,0.000006,0.000002,0.999990
6927,2,2,0.000023,0.000294,0.999346,0.000337
5966,3,3,0.061138,0.000010,0.000190,0.938662
28127,0,0,1.000000,0.000000,0.000000,0.000000
31238,0,0,1.000000,0.000000,0.000000,0.000000
12486,1,1,0.000009,0.999957,0.000000,0.000033
7924,2,2,0.000000,0.000013,0.999977,0.000010
860,3,3,0.000001,0.000002,0.000001,0.999996
28047,0,0,1.000000,0.000000,0.000000,0.000000
10711,1,1,0.000006,0.999977,0.000000,0.000017
11218,1,1,0.000005,0.999979,0.000000,0.000016
26466,0,0,1.000000,0.000000,0.000000,0.000000
9883,1,1,0.000007,0.999970,0.000000,0.000022
20966,1,1,0.000018,0.999955,0.000002,0.000024
7454,2,2,0.000001,0.000018,0.999971,0.000011
20251,1,1,0.000017,0.999959,0.000003,0.000021
2146,3,3,0.000005,0.000001,0.000003,0.999991
13411,1,1,0.000016,0.999958,0.000002,0.000024
32038,0,0,1.000000,0.000000,0.000000,0.000000
5694,3,3,0.064499,0.000011,0.000199,0.935291
24991,0,0,1.000000,0.000000,0.000000,0.000000
7748,2,2,0.000219,0.001047,0.994814,0.003920
4065,3,3,0.000002,0.000010,0.000002,0.999987
23583,0,0,1.000000,0.000000,0.000000,0.000000
14317,1,1,0.000019,0.999955,0.000006,0.000021
7835,2,2,0.000000,0.000009,0.999986,0.000004
223,3,3,0.000001,0.000002,0.000001,0.999997
30828,0,0,1.000000,0.000000,0.000000,0.000000
31085,0,0,1.000000,0.000000,0.000000,0.000000
21137,1,1,0.000014,0.999967,0.000002,0.000017
17053,1,1,0.000022,0.999940,0.000002,0.000036
30979,0,0,1.000000,0.000000,0.000000,0.000000
31538,0,0,1.000000,0.000000,0.000000,0.000000
17420,1,1,0.000023,0.999942,0.000003,0.000032
4021,3,3,0.000000,0.000001,0.000001,0.999997
10272,1,1,0.000007,0.999972,0.000000,0.000021
16235,1,1,0.000017,0.999960,0.000002,0.000021
32099,0,0,1.000000,0.000000,0.000000,0.000000
33226,0,0,0.927724,0.000033,0.000101,0.072142
10339,1,1,0.000006,0.999974,0.000000,0.000020
4255,3,3,0.000000,0.000001,0.000001,0.999997
16331,1,1,0.000026,0.999930,0.000003,0.000041
13392,1,1,0.000031,0.999901,0.000003,0.000065
30467,0,0,1.000000,0.000000,0.000000,0.000000
9332,1,1,0.000022,0.999947,0.000004,0.000027
10341,1,1,0.000006,0.999975,0.000000,0.000018
2860,3,3,0.000001,0.000002,0.000001,0.999996
13923,1,1,0.000002,0.999996,0.000000,0.000001
7631,2,2,0.000001,0.000027,0.999940,0.000032
15421,1,1,0.000048,0.999860,0.000006,0.000086
3636,3,3,0.000001,0.000003,0.000001,0.999995
22159,0,0,1.000000,0.000000,0.000000,0.000000
30773,0,0,1.000000,0.000000,0.000000,0.000000
21531,0,0,1.000000,0.000000,0.000000,0.000000
24395,0,0,1.000000,0.000000,0.000000,0.000000
14342,1,1,0.000002,0.999996,0.000001,0.000001
4088,3,3,0.000001,0.000002,0.000002,0.999996
30566,0,0,1.000000,0.000000,0.000000,0.000000
22931,0,0,1.000000,0.000000,0.000000,0.000000
32276,0,0,1.000000,0.000000,0.000000,0.000000
21895,0,0,1.000000,0.000000,0.000000,0.000000
14602,1,1,0.000015,0.999962,0.000004,0.000019
11191,1,1,0.000005,0.999977,0.000000,0.000018
1966,3,3,0.000001,0.000003,0.000001,0.999994
30171,0,0,1.000000,0.000000,0.000000,0.000000
8270,2,2,0.000001,0.000015,0.999967,0.000017
29358,0,0,1.000000,0.000000,0.000000,0.000000
24445,0,0,1.000000,0.000000,0.000000,0.000000
2589,3,3,0.000002,0.000003,0.000001,0.999994
27337,0,0,1.000000,0.000000,0.000000,0.000000
2797,3,3,0.000002,0.000002,0.000002,0.999993
7536,2,2,0.000000,0.000012,0.999980,0.000008
4016,3,3,0.000004,0.000001,0.000004,0.999992
2524,3,3,0.000001,0.000002,0.000001,0.999997
10905,1,1,0.000008,0.999967,0.000000,0.000024
7986,2,2,0.000001,0.000024,0.999967,0.000008
17862,1,1,0.000023,0.999938,0.000002,0.000037
24266,0,0,1.000000,0.000000,0.000000,0.000000
3082,3,3,0.000001,0.000004,0.000001,0.999994
5182,3,3,0.184101,0.000013,0.000211,0.815675
31228,0,0,1.000000,0.000000,0.000000,0.000000
22162,0,0,1.000000,0.000000,0.000000,0.000000
27199,0,0,1.000000,0.000000,0.000000,0.000000
4927,3,3,0.000002,0.000004,0.000002,0.999992
7990,2,2,0.000000,0.000009,0.999986,0.000005
10645,1,1,0.000006,0.999974,0.000000,0.000020
12207,1,1,0.000030,0.999858,0.000002,0.000110
29944,0,0,1.000000,0.000000,0.000000,0.000000
28655,0,0,1.000000,0.000000,0.000000,0.000000
19705,1,1,0.000010,0.999976,0.000002,0.000012
12315,1,1,0.000004,0.999982,0.000000,0.000014
29819,0,0,1.000000,0.000000,0.000000,0.000000
27,3,3,0.000001,0.000003,0.000001,0.999995
11099,1,1,0.000009,0.999965,0.000001,0.000025
19172,1,1,0.000018,0.999958,0.000002,0.000022
29041,0,0,1.000000,0.000000,0.000000,0.000000
13051,1,1,0.000035,0.999894,0.000005,0.000066
19823,1,1,0.000005,0.999989,0.000001,0.000005
12101,1,1,0.000006,0.999967,0.000000,0.000026
9634,1,1,0.000018,0.999933,0.000001,0.000048
7625,2,2,0.000000,0.000013,0.999978,0.000009
9397,1,1,0.000007,0.999984,0.000002,0.000007
15408,1,1,0.000021,0.999945,0.000004,0.000031
480,3,3,0.000003,0.000037,0.000002,0.999957
9972,1,1,0.000005,0.999977,0.000000,0.000017
1804,3,3,0.000003,0.000001,0.000002,0.999994
2373,3,3,0.000060,0.000000,0.000019,0.999922
33040,0,0,0.948547,0.000031,0.000078,0.051344
20229,1,1,0.000024,0.999936,0.000003,0.000036
4701,3,3,0.000002,0.000001,0.000003,0.999995
8290,2,2,0.000952,0.001991,0.937523,0.059535
21808,0,0,1.000000,0.000000,0.000000,0.000000
30349,0,0,1.000000,0.000000,0.000000,0.000000
25389,0,0,1.000000,0.000000,0.000000,0.000000
17858,1,1,0.000027,0.999927,0.000002,0.000044
22840,0,0,1.000000,0.000000,0.000000,0.000000
27860,0,0,1.000000,0.000000,0.000000,0.000000
18494,1,1,0.000027,0.999931,0.000005,0.000037
25428,0,0,1.000000,0.000000,0.000000,0.000000
26737,0,0,1.000000,0.000000,0.000000,0.000000
1535,3,3,0.000001,0.000002,0.000001,0.999996
20650,1,1,0.000017,0.999956,0.000003,0.000024
27192,0,0,1.000000,0.000000,0.000000,0.000000
25110,0,0,1.000000,0.000000,0.000000,0.000000
32339,0,0,1.000000,0.000000,0.000000,0.000000
15927,1,1,0.000030,0.999921,0.000003,0.000045
32139,0,0,1.000000,0.000000,0.000000,0.000000
12581,1,1,0.000006,0.999974,0.000000,0.000020
17314,1,1,0.000017,0.999955,0.000002,0.000025
4036,3,3,0.000001,0.000002,0.000001,0.999996
12915,1,1,0.000014,0.999951,0.000001,0.000034
21122,1,1,0.000009,0.999978,0.000001,0.000012
16796,1,1,0.000019,0.999952,0.000003,0.000026
10189,1,1,0.000004,0.999980,0.000000,0.000015
30947,0,0,1.000000,0.000000,0.000000,0.000000
15016,1,1,0.000003,0.999994,0.000001,0.000002
18195,1,1,0.000039,0.999872,0.000003,0.000086
18480,1,1,0.000052,0.999855,0.000007,0.000085
9105,2,2,0.000000,0.000010,0.999983,0.000007
19574,1,1,0.000018,0.999954,0.000003,0.000025
2252,3,3,0.003944,0.000000,0.000001,0.996055
2568,3,3,0.000002,0.000002,0.000001,0.999995
9878,1,1,0.000007,0.999972,0.000000,0.000020
4079,3,3,0.000000,0.000002,0.000001,0.999997
13409,1,1,0.000016,0.999959,0.000002,0.000022
9657,1,1,0.000005,0.999989,0.000001,0.000006
32230,0,0,1.000000,0.000000,0.000000,0.000000
6261,3,3,0.061555,0.000010,0.000189,0.938246
16991,1,1,0.000025,0.999933,0.000003,0.000039
24535,0,0,1.000000,0.000000,0.000000,0.000000
16981,1,1,0.000026,0.999933,0.000004,0.000037
28618,0,0,1.000000,0.000000,0.000000,0.000000
20007,1,1,0.000022,0.999939,0.000003,0.000036
2986,3,3,0.000001,0.000002,0.000001,0.999997
26195,0,0,1.000000,0.000000,0.000000,0.000000
13322,1,1,0.000004,0.999992,0.000001,0.000004
26308,0,0,1.000000,0.000000,0.000000,0.000000
5672,3,3,0.060565,0.000011,0.000198,0.939226
15806,1,1,0.000011,0.999972,0.000001,0.000016
17780,1,1,0.000020,0.999951,0.000002,0.000027
25236,0,0,1.000000,0.000000,0.000000,0.000000
15369,1,1,0.000010,0.999976,0.000002,0.000012
10103,1,1,0.000007,0.999968,0.000000,0.000024
21197,1,1,0.000013,0.999967,0.000002,0.000018
4820,3,3,0.000001,0.000001,0.000001,0.999997
5385,3,3,0.170172,0.000012,0.000201,0.829614
30402,0,0,1.000000,0.000000,0.000000,0.000000
19027,1,1,0.000012,0.999972,0.000002,0.000014
10828,1,1,0.000007,0.999974,0.000000,0.000019
21120,1,1,0.000006,0.999986,0.000001,0.000007
13531,1,1,0.000018,0.999955,0.000003,0.000024
7974,2,2,0.000000,0.000011,0.999982,0.000007
9661,1,1,0.000009,0.999978,0.000001,0.000011
7742,2,2,0.000006,0.000056,0.999726,0.000212
22242,0,0,1.000000,0.000000,0.000000,0.000000
27841,0,0,1.000000,0.000000,0.000000,0.000000
2467,3,3,0.000024,0.000002,0.000013,0.999962
27469,0,0,1.000000,0.000000,0.000000,0.000000
21866,0,0,1.000000,0.000000,0.000000,0.000000
33199,0,0,0.935993,0.000035,0.000095,0.063876
8789,2,2,0.000000,0.000018,0.999975,0.000007
4833,3,3,0.000001,0.000002,0.000001,0.999997
27141,0,0,1.000000,0.000000,0.000000,0.000000
71,3,3,0.000001,0.000003,0.000001,0.999995
14455,1,1,0.000015,0.999964,0.000004,0.000017
1170,3,3,0.000005,0.000007,0.000004,0.999983
13112,1,1,0.000002,0.999996,0.000001,0.000001
23717,0,0,1.000000,0.000000,0.000000,0.000000
19845,1,1,0.000010,0.999977,0.000002,0.000012
2607,3,3,0.000001,0.000006,0.000001,0.999992
1879,3,3,0.000002,0.000001,0.000002,0.999995
12954,1,1,0.000008,0.999971,0.000001,0.000020
257,3,3,0.000001,0.000002,0.000001,0.999996
30517,0,0,1.000000,0.000000,0.000000,0.000000
4195,3,3,0.000001,0.000002,0.000002,0.999995
156,3,3,0.000135,0.000005,0.000047,0.999813
661,3,3,0.000001,0.000004,0.000001,0.999994
20684,1,1,0.000034,0.999912,0.000005,0.000050
2315,3,3,0.000001,0.000002,0.000001,0.999997
26877,0,0,1.000000,0.000000,0.000000,0.000000
30444,0,0,1.000000,0.000000,0.000000,0.000000
1547,3,3,0.000003,0.000001,0.000002,0.999994
23442,0,0,1.000000,0.000000,0.000000,0.000000
32012,0,0,1.000000,0.000000,0.000000,0.000000
15650,1,1,0.000006,0.999986,0.000002,0.000006
3398,3,3,0.000000,0.000001,0.000001,0.999998
12760,1,1,0.000007,0.999959,0.000000,0.000033
31431,0,0,1.000000,0.000000,0.000000,0.000000
20515,1,1,0.000011,0.999975,0.000002,0.000012
3535,3,3,0.001633,0.000000,0.000031,0.998336
13939,1,1,0.000066,0.999813,0.000007,0.000113
19244,1,1,0.000032,0.999923,0.000005,0.000040
28190,0,0,1.000000,0.000000,0.000000,0.000000
26930,0,0,1.000000,0.000000,0.000000,0.000000
27931,0,0,1.000000,0.000000,0.000000,0.000000
15399,1,1,0.000003,0.999993,0.000001,0.000004
3129,3,3,0.000003,0.000005,0.000003,0.999990
24170,0,0,1.000000,0.000000,0.000000,0.000000
16161,1,1,0.000042,0.999868,0.000004,0.000086
19862,1,1,0.000014,0.999966,0.000002,0.000018
20206,1,1,0.000011,0.999975,0.000002,0.000013
4570,3,3,0.000004,0.000001,0.000003,0.999993
19905,1,1,0.000012,0.999971,0.000002,0.000015
27332,0,0,1.000000,0.000000,0.000000,0.000000
2718,3,3,0.000009,0.000002,0.000007,0.999982
28260,0,0,1.000000,0.000000,0.000000,0.000000
3812,3,3,0.000020,0.000001,0.000020,0.999959
8382,2,2,0.000001,0.000025,0.999960,0.000014
32758,0,0,1.000000,0.000000,0.000000,0.000000
14288,1,1,0.000002,0.999995,0.000001,0.000001
17017,1,1,0.000018,0.999959,0.000003,0.000021
10613,1,1,0.000005,0.999977,0.000000,0.000017
10751,1,1,0.000005,0.999979,0.000000,0.000015
3039,3,3,0.000001,0.000001,0.000001,0.999996
22003,0,0,1.000000,0.000000,0.000000,0.000000
12248,1,1,0.000011,0.999948,0.000000,0.000041
28254,0,0,1.000000,0.000000,0.000000,0.000000
33107,0,0,0.935160,0.000036,0.000096,0.064708
1657,3,3,0.000001,0.000002,0.000001,0.999997
7903,2,2,0.000001,0.000019,0.999954,0.000026
33260,0,0,0.930546,0.000037,0.000102,0.069315
4755,3,3,0.000000,0.000001,0.000001,0.999998
22933,0,0,1.000000,0.000000,0.000000,0.000000
9440,1,1,0.000011,0.999974,0.000002,0.000013
26181,0,0,1.000000,0.000000,0.000000,0.000000
9691,1,1,0.000007,0.999984,0.000001,0.000008
23595,0,0,1.000000,0.000000,0.000000,0.000000
31600,0,0,1.000000,0.000000,0.000000,0.000000
6738,2,2,0.000005,0.000065,0.999789,0.000141
18202,1,1,0.000020,0.999949,0.000003,0.000028
31514,0,0,1.000000,0.000000,0.000000,0.000000
25135,0,0,1.000000,0.000000,0.000000,0.000000
15819,1,1,0.000007,0.999984,0.000002,0.000007
11038,1,1,0.000007,0.999972,0.000001,0.000020
10569,1,1,0.000007,0.999965,0.000000,0.000027
24025,0,0,1.000000,0.000000,0.000000,0.000000
10620,1,1,0.000005,0.999982,0.000000,0.000013
24721,0,0,1.000000,0.000000,0.000000,0.000000
19685,1,1,0.000046,0.999867,0.000004,0.000083
16357,1,1,0.000020,0.999951,0.000003,0.000026
5309,3,3,0.178128,0.000013,0.000204,0.821655
14262,1,1,0.000002,0.999996,0.000001,0.000001
6033,3,3,0.022114,0.000005,0.000115,0.977765
26337,0,0,1.000000,0.000000,0.000000,0.000000
4444,3,3,0.000001,0.000002,0.000001,0.999996
18709,1,1,0.000008,0.999978,0.000001,0.000012
31574,0,0,1.000000,0.000000,0.000000,0.000000
30931,0,0,1.000000,0.000000,0.000000,0.000000
31907,0,0,1.000000,0.000000,0.000000,0.000000
26541,0,0,1.000000,0.000000,0.000000,0.000000
26006,0,0,1.000000,0.000000,0.000000,0.000000
10142,1,1,0.000007,0.999971,0.000000,0.000022
24159,0,0,1.000000,0.000000,0.000000,0.000000
2798,3,3,0.000004,0.000002,0.000003,0.999990
4603,3,3,0.000000,0.000001,0.000001,0.999998
28453,0,0,1.000000,0.000000,0.000000,0.000000
29106,0,0,1.000000,0.000000,0.000000,0.000000
21997,0,0,1.000000,0.000000,0.000000,0.000000
32458,0,0,1.000000,0.000000,0.000000,0.000000
19194,1,1,0.000017,0.999958,0.000002,0.000023
14547,1,1,0.000003,0.999993,0.000001,0.000003
6523,3,3,0.000008,0.000005,0.000007,0.999979
4694,3,3,0.000001,0.000002,0.000001,0.999996
32850,0,0,1.000000,0.000000,0.000000,0.000000
946,3,3,0.000001,0.000006,0.000001,0.999993
19348,1,1,0.000029,0.999925,0.000005,0.000041
23059,0,0,1.000000,0.000000,0.000000,0.000000
14186,1,1,0.000002,0.999996,0.000001,0.000001
8884,2,2,0.000002,0.000058,0.999916,0.000025
23587,0,0,1.000000,0.000000,0.000000,0.000000
8821,2,2,0.000009,0.000067,0.999559,0.000366
21162,1,1,0.000014,0.999968,0.000002,0.000016
17028,1,1,0.000025,0.999934,0.000003,0.000038
24722,0,0,1.000000,0.000000,0.000000,0.000000
185,3,3,0.000000,0.000002,0.000001,0.999996
305,3,3,0.000001,0.000001,0.000001,0.999997
16707,1,1,0.000032,0.999926,0.000004,0.000037
4560,3,3,0.000001,0.000002,0.000001,0.999996
31446,0,0,1.000000,0.000000,0.000000,0.000000
25281,0,0,1.000000,0.000000,0.000000,0.000000
6329,3,3,0.070862,0.000011,0.000201,0.928926
5929,3,3,0.060208,0.000010,0.000189,0.939592
18801,1,1,0.000011,0.999973,0.000002,0.000015
26517,0,0,1.000000,0.000000,0.000000,0.000000
19436,1,1,0.000014,0.999964,0.000002,0.000020
24050,0,0,1.000000,0.000000,0.000000,0.000000
13059,1,1,0.000017,0.999956,0.000002,0.000025
17064,1,1,0.000020,0.999949,0.000002,0.000029
19563,1,1,0.000011,0.999975,0.000002,0.000012
21011,1,1,0.000022,0.999941,0.000003,0.000034
3083,3,3,0.000001,0.000004,0.000001,0.999994
6276,3,3,0.061528,0.000010,0.000187,0.938275
6040,3,3,0.053378,0.000009,0.000175,0.946437
22449,0,0,1.000000,0.000000,0.000000,0.000000
29297,0,0,1.000000,0.000000,0.000000,0.000000
84,3,3,0.000001,0.000002,0.000001,0.999996
21971,0,0,1.000000,0.000000,0.000000,0.000000
16019,1,1,0.000023,0.999944,0.000004,0.000030
20960,1,1,0.000016,0.999962,0.000003,0.000019
32715,0,0,1.000000,0.000000,0.000000,0.000000
4757,3,3,0.000001,0.000001,0.000001,0.999996
8511,2,2,0.000001,0.000027,0.999956,0.000016
14527,1,1,0.000026,0.999915,0.000003,0.000056
26515,0,0,1.000000,0.000000,0.000000,0.000000
25983,0,0,1.000000,0.000000,0.000000,0.000000
27454,0,0,1.000000,0.000000,0.000000,0.000000
18920,1,1,0.000016,0.999957,0.000002,0.000025
12420,1,1,0.000009,0.999958,0.000000,0.000032
13810,1,1,0.000041,0.999871,0.000004,0.000084
32065,0,0,1.000000,0.000000,0.000000,0.000000
17928,1,1,0.000018,0.999955,0.000002,0.000025
29565,0,0,1.000000,0.000000,0.000000,0.000000
31757,0,0,1.000000,0.000000,0.000000,0.000000
29289,0,0,1.000000,0.000000,0.000000,0.000000
17055,1,1,0.000023,0.999936,0.000003,0.000038
32176,0,0,1.000000,0.000000,0.000000,0.000000
1708,3,3,0.000001,0.000002,0.000001,0.999997
32852,0,0,1.000000,0.000000,0.000000,0.000000
15779,1,1,0.000132,0.999569,0.000045,0.000254
10918,1,1,0.000004,0.999984,0.000000,0.000012
29398,0,0,1.000000,0.000000,0.000000,0.000000
5720,3,3,0.080370,0.000013,0.000220,0.919398
15736,1,1,0.000011,0.999972,0.000001,0.000015
27218,0,0,1.000000,0.000000,0.000000,0.000000
7647,2,2,0.000005,0.000057,0.999764,0.000174
8622,2,2,0.000000,0.000011,0.999984,0.000004
460,3,3,0.000001,0.000003,0.000001,0.999996
13284,1,1,0.000001,0.999998,0.000001,0.000001
362,3,3,0.000001,0.000001,0.000001,0.999997
4017,3,3,0.000000,0.000001,0.000001,0.999998
4273,3,3,0.000001,0.000002,0.000001,0.999996
25614,0,0,1.000000,0.000000,0.000000,0.000000
23207,0,0,1.000000,0.000000,0.000000,0.000000
27875,0,0,1.000000,0.000000,0.000000,0.000000
25751,0,0,1.000000,0.000000,0.000000,0.000000
9854,1,1,0.000006,0.999973,0.000000,0.000020
485,3,3,0.000001,0.000003,0.000001,0.999996
7165,2,2,0.000000,0.000013,0.999977,0.000009
12996,1,1,0.000009,0.999978,0.000001,0.000012
269,3,3,0.002316,0.005523,0.000175,0.991986
30860,0,0,1.000000,0.000000,0.000000,0.000000
17891,1,1,0.000025,0.999932,0.000003,0.000041
4962,3,3,0.000013,0.000022,0.000003,0.999961
23465,0,0,1.000000,0.000000,0.000000,0.000000
23902,0,0,1.000000,0.000000,0.000000,0.000000
32055,0,0,1.000000,0.000000,0.000000,0.000000
30102,0,0,1.000000,0.000000,0.000000,0.000000
5227,3,3,0.180507,0.000013,0.000207,0.819273
32356,0,0,1.000000,0.000000,0.000000,0.000000
7989,2,2,0.000000,0.000009,0.999985,0.000005
14539,1,1,0.000041,0.999880,0.000006,0.000073
12157,1,1,0.000006,0.999971,0.000000,0.000024
28357,0,0,1.000000,0.000000,0.000000,0.000000
8592,2,2,0.000000,0.000014,0.999978,0.000007
6270,3,3,0.060976,0.000010,0.000187,0.938827
3526,3,3,0.000000,0.000001,0.000001,0.999998
4597,3,3,0.000001,0.000002,0.000001,0.999997
19793,1,1,0.000015,0.999961,0.000002,0.000021
29918,0,0,1.000000,0.000000,0.000000,0.000000
14227,1,1,0.000011,0.999976,0.000003,0.000011
23589,0,0,1.000000,0.000000,0.000000,0.000000
16717,1,1,0.000017,0.999960,0.000003,0.000020
1198,3,3,0.000001,0.000003,0.000001,0.999996
32104,0,0,1.000000,0.000000,0.000000,0.000000
7456,2,2,0.000005,0.000096,0.999809,0.000090
24947,0,0,1.000000,0.000000,0.000000,0.000000
23888,0,0,1.000000,0.000000,0.000000,0.000000
20910,1,1,0.000017,0.999958,0.000003,0.000023
17633,1,1,0.000020,0.999950,0.000002,0.000028
2631,3,3,0.000188,0.000004,0.000058,0.999750
29206,0,0,1.000000,0.000000,0.000000,0.000000
31046,0,0,1.000000,0.000000,0.000000,0.000000
2397,3,3,0.000003,0.000003,0.000002,0.999992
8510,2,2,0.000001,0.000024,0.999962,0.000014
30665,0,0,1.000000,0.000000,0.000000,0.000000
17355,1,1,0.000016,0.999959,0.000002,0.000023
13162,1,1,0.000011,0.999972,0.000002,0.000016
5428,3,3,0.112859,0.000011,0.000191,0.886938
12842,1,1,0.000006,0.999970,0.000000,0.000024
15318,1,1,0.000049,0.999861,0.000005,0.000086
10797,1,1,0.000007,0.999973,0.000000,0.000020
19377,1,1,0.000020,0.999949,0.000003,0.000028
25908,0,0,1.000000,0.000000,0.000000,0.000000
27407,0,0,1.000000,0.000000,0.000000,0.000000
3222,3,3,0.000001,0.000002,0.000001,0.999996
1405,3,3,0.000000,0.000003,0.000000,0.999997
14022,1,1,0.000016,0.999961,0.000005,0.000018
25888,0,0,1.000000,0.000000,0.000000,0.000000
16831,1,1,0.000027,0.999932,0.000004,0.000037
12992,1,1,0.000006,0.999984,0.000001,0.000010
14930,1,1,0.000024,0.999934,0.000004,0.000038
23360,0,0,1.000000,0.000000,0.000000,0.000000
7458,2,2,0.000000,0.000016,0.999975,0.000009
17944,1,1,0.000016,0.999960,0.000002,0.000022
14805,1,1,0.000002,0.999996,0.000001,0.000001
22251,0,0,1.000000,0.000000,0.000000,0.000000
30296,0,0,1.000000,0.000000,0.000000,0.000000
2539,3,3,0.000003,0.000005,0.000002,0.999990
7764,2,2,0.000001,0.000018,0.999964,0.000017
4164,3,3,0.000001,0.000001,0.000001,0.999998
12442,1,1,0.000007,0.999969,0.000000,0.000024
1123,3,3,0.000002,0.000007,0.000001,0.999990
31854,0,0,1.000000,0.000000,0.000000,0.000000
6667,2,2,0.000001,0.000021,0.999965,0.000013
9266,1,1,0.000013,0.999967,0.000004,0.000016
25797,0,0,1.000000,0.000000,0.000000,0.000000
15924,1,1,0.000025,0.999941,0.000003,0.000031
18789,1,1,0.000023,0.999938,0.000002,0.000036
31225,0,0,1.000000,0.000000,0.000000,0.000000
9916,1,1,0.000006,0.999976,0.000000,0.000018
20456,1,1,0.000024,0.999933,0.000003,0.000040
11071,1,1,0.000005,0.999980,0.000000,0.000015
13822,1,1,0.000003,0.999993,0.000002,0.000002
15500,1,1,0.000003,0.999994,0.000001,0.000003
17228,1,1,0.000010,0.999977,0.000002,0.000012
332,3,3,0.000000,0.000001,0.000001,0.999998
22665,0,0,1.000000,0.000000,0.000000,0.000000
31618,0,0,1.000000,0.000000,0.000000,0.000000
3166,3,3,0.000013,0.000003,0.000005,0.999978
18674,1,1,0.000036,0.999896,0.000004,0.000064
11807,1,1,0.000007,0.999964,0.000000,0.000028
18078,1,1,0.000028,0.999923,0.000003,0.000047
439,3,3,0.000001,0.000003,0.000001,0.999996
4046,3,3,0.000001,0.000001,0.000001,0.999997
16757,1,1,0.000003,0.999992,0.000001,0.000003
16290,1,1,0.000018,0.999955,0.000002,0.000025
14966,1,1,0.000003,0.999993,0.000001,0.000003
16997,1,1,0.000029,0.999928,0.000004,0.000039
15053,1,1,0.000013,0.999957,0.000001,0.000029
32092,0,0,1.000000,0.000000,0.000000,0.000000
13490,1,1,0.000014,0.999965,0.000002,0.000019
9143,2,2,0.000000,0.000013,0.999978,0.000009
16453,1,1,0.000015,0.999964,0.000002,0.000019
27419,0,0,1.000000,0.000000,0.000000,0.000000
26389,0,0,1.000000,0.000000,0.000000,0.000000
22319,0,0,1.000000,0.000000,0.000000,0.000000
4128,3,3,0.000000,0.000002,0.000001,0.999997
12232,1,1,0.000008,0.999964,0.000000,0.000028
5101,3,3,0.000021,0.000344,0.000006,0.999629
29109,0,0,1.000000,0.000000,0.000000,0.000000
26196,0,0,1.000000,0.000000,0.000000,0.000000
23984,0,0,1.000000,0.000000,0.000000,0.000000
26982,0,0,1.000000,0.000000,0.000000,0.000000
7882,2,2,0.000000,0.000015,0.999977,0.000008
13864,1,1,0.000010,0.999975,0.000001,0.000014
7394,2,2,0.000001,0.000020,0.999968,0.000011
8078,2,2,0.000001,0.000017,0.999971,0.000012
15209,1,1,0.000029,0.999888,0.000001,0.000081
23516,0,0,1.000000,0.000000,0.000000,0.000000
25255,0,0,1.000000,0.000000,0.000000,0.000000
21187,1,1,0.000021,0.999946,0.000002,0.000030
27685,0,0,1.000000,0.000000,0.000000,0.000000
5256,3,3,0.168165,0.000012,0.000202,0.831620
3864,3,3,0.000000,0.000001,0.000001,0.999998
15017,1,1,0.000003,0.999994,0.000001,0.000002
17434,1,1,0.000022,0.999946,0.000003,0.000030
19770,1,1,0.000016,0.999961,0.000002,0.000020
23259,0,0,1.000000,0.000000,0.000000,0.000000
11005,1,1,0.000009,0.999971,0.000001,0.000019
29865,0,0,1.000000,0.000000,0.000000,0.000000
29042,0,0,1.000000,0.000000,0.000000,0.000000
4397,3,3,0.000000,0.000002,0.000001,0.999997
12237,1,1,0.000006,0.999973,0.000000,0.000020
18520,1,1,0.000018,0.999958,0.000002,0.000022
19495,1,1,0.000024,0.999936,0.000004,0.000036
32838,0,0,1.000000,0.000000,0.000000,0.000000
3996,3,3,0.000000,0.000002,0.000001,0.999997
15427,1,1,0.000007,0.999983,0.000002,0.000008
14748,1,1,0.000047,0.999860,0.000006,0.000087
822,3,3,0.000003,0.000003,0.000002,0.999991
1322,3,3,0.000001,0.000004,0.000001,0.999994
22172,0,0,1.000000,0.000000,0.000000,0.000000
7001,2,2,0.000006,0.000108,0.999795,0.000091
2803,3,3,0.000001,0.000002,0.000001,0.999997
4295,3,3,0.000001,0.000001,0.000001,0.999997
19689,1,1,0.000022,0.999944,0.000003,0.000031
26983,0,0,1.000000,0.000000,0.000000,0.000000
14908,1,1,0.000056,0.999828,0.000010,0.000106
1309,3,3,0.000013,0.000048,0.000010,0.999929
6034,3,3,0.018058,0.000004,0.000103,0.981834
13006,1,1,0.000011,0.999973,0.000002,0.000015
27735,0,0,1.000000,0.000000,0.000000,0.000000
6772,2,2,0.000003,0.000041,0.999866,0.000091
2353,3,3,0.000004,0.000006,0.000003,0.999987
30865,0,0,1.000000,0.000000,0.000000,0.000000
16591,1,1,0.000014,0.999965,0.000002,0.000018
26492,0,0,1.000000,0.000000,0.000000,0.000000
26573,0,0,1.000000,0.000000,0.000000,0.000000
25350,0,0,1.000000,0.000000,0.000000,0.000000
9509,1,1,0.000016,0.999962,0.000004,0.000018
22457,0,0,1.000000,0.000000,0.000000,0.000000
28631,0,0,1.000000,0.000000,0.000000,0.000000
4698,3,3,0.000002,0.000001,0.000002,0.999995
6355,3,3,0.068782,0.000011,0.000203,0.931004
24811,0,0,1.000000,0.000000,0.000000,0.000000
25116,0,0,1.000000,0.000000,0.000000,0.000000
20702,1,1,0.000008,0.999982,0.000002,0.000008
18632,1,1,0.000015,0.999962,0.000002,0.000020
6766,2,2,0.000002,0.000036,0.999916,0.000046
2225,3,3,0.000003,0.000001,0.000003,0.999993
9757,1,1,0.000005,0.999976,0.000000,0.000019
3310,3,3,0.000001,0.000003,0.000002,0.999994
11824,1,1,0.000014,0.999949,0.000001,0.000036
30146,0,0,1.000000,0.000000,0.000000,0.000000
30952,0,0,1.000000,0.000000,0.000000,0.000000
27656,0,0,1.000000,0.000000,0.000000,0.000000
6041,3,3,0.056518,0.000010,0.000179,0.943293
32199,0,0,1.000000,0.000000,0.000000,0.000000
4323,3,3,0.000000,0.000002,0.000001,0.999997
32849,0,0,1.000000,0.000000,0.000000,0.000000
32865,0,0,1.000000,0.000000,0.000000,0.000000
2200,3,3,0.001515,0.000000,0.000015,0.998470
25361,0,0,1.000000,0.000000,0.000000,0.000000
23930,0,0,1.000000,0.000000,0.000000,0.000000
20965,1,1,0.000014,0.999966,0.000002,0.000019
24715,0,0,1.000000,0.000000,0.000000,0.000000
5446,3,3,0.110906,0.000011,0.000189,0.888894
28351,0,0,1.000000,0.000000,0.000000,0.000000
22582,0,0,1.000000,0.000000,0.000000,0.000000
1561,3,3,0.000001,0.000001,0.000001,0.999997
22920,0,0,1.000000,0.000000,0.000000,0.000000
16058,1,1,0.000020,0.999951,0.000003,0.000026
12190,1,1,0.000006,0.999968,0.000000,0.000026
30321,0,0,1.000000,0.000000,0.000000,0.000000
12675,1,1,0.000007,0.999971,0.000000,0.000022
16449,1,1,0.000023,0.999945,0.000003,0.000028
20866,1,1,0.000035,0.999893,0.000003,0.000069
22777,0,0,1.000000,0.000000,0.000000,0.000000
13283,1,1,0.000003,0.999994,0.000002,0.000001
6535,3,3,0.000012,0.000012,0.000011,0.999965
3302,3,3,0.000001,0.000003,0.000002,0.999994
9789,1,1,0.000007,0.999971,0.000000,0.000022
10546,1,1,0.000006,0.999975,0.000000,0.000019
14968,1,1,0.000013,0.999970,0.000002,0.000015
7316,2,2,0.000000,0.000017,0.999975,0.000007
29894,0,0,1.000000,0.000000,0.000000,0.000000
26447,0,0,1.000000,0.000000,0.000000,0.000000
10971,1,1,0.000006,0.999974,0.000000,0.000020
10024,1,1,0.000007,0.999969,0.000000,0.000023
32285,0,0,1.000000,0.000000,0.000000,0.000000
24658,0,0,1.000000,0.000000,0.000000,0.000000
9449,1,1,0.000022,0.999945,0.000005,0.000028
14964,1,1,0.000002,0.999997,0.000001,0.000001
24369,0,0,1.000000,0.000000,0.000000,0.000000
199,3,3,0.000024,0.000006,0.000008,0.999962
30037,0,0,1.000000,0.000000,0.000000,0.000000
26438,0,0,1.000000,0.000000,0.000000,0.000000
8920,2,2,0.000001,0.000016,0.999965,0.000018
31877,0,0,1.000000,0.000000,0.000000,0.000000
19753,1,1,0.000034,0.999906,0.000004,0.000057
27015,0,0,1.000000,0.000000,0.000000,0.000000
5774,3,3,0.059512,0.000010,0.000189,0.940289
5935,3,3,0.061767,0.000010,0.000191,0.938031
6699,2,2,0.000000,0.000016,0.999976,0.000008
26446,0,0,1.000000,0.000000,0.000000,0.000000
16243,1,1,0.000016,0.999959,0.000002,0.000023
1844,3,3,0.000000,0.000002,0.000001,0.999997
19548,1,1,0.000024,0.999938,0.000003,0.000035
8032,2,2,0.000001,0.000029,0.999957,0.000013
24352,0,0,1.000000,0.000000,0.000000,0.000000
22160,0,0,1.000000,0.000000,0.000000,0.000000
14191,1,1,0.000009,0.999979,0.000002,0.000010
3920,3,3,0.000000,0.000001,0.000001,0.999997
18590,1,1,0.000016,0.999960,0.000002,0.000022
28900,0,0,1.000000,0.000000,0.000000,0.000000
1417,3,3,0.000000,0.000001,0.000000,0.999998
1734,3,3,0.000004,0.000002,0.000002,0.999992
5511,3,3,0.061244,0.000010,0.000189,0.938557
2503,3,3,0.000001,0.000003,0.000001,0.999994
15232,1,1,0.000048,0.999785,0.000007,0.000161
12891,1,1,0.000008,0.999963,0.000000,0.000028
8030,2,2,0.000001,0.000033,0.999950,0.000016
31883,0,0,1.000000,0.000000,0.000000,0.000000
26127,0,0,1.000000,0.000000,0.000000,0.000000
19021,1,1,0.000025,0.999936,0.000003,0.000036
1652,3,3,0.000002,0.000005,0.000002,0.999992
2793,3,3,0.000000,0.000002,0.000001,0.999997
30311,0,0,1.000000,0.000000,0.000000,0.000000
5059,3,3,0.000025,0.000001,0.000011,0.999963
32572,0,0,1.000000,0.000000,0.000000,0.000000
5269,3,3,0.184183,0.000013,0.000202,0.815602
6980,2,2,0.000000,0.000017,0.999977,0.000006
9489,1,1,0.000015,0.999962,0.000002,0.000020
20813,1,1,0.000003,0.999993,0.000001,0.000003
7585,2,2,0.000015,0.000127,0.999396,0.000463
8995,2,2,0.000001,0.000022,0.999962,0.000015
31659,0,0,1.000000,0.000000,0.000000,0.000000
19276,1,1,0.000017,0.999958,0.000002,0.000022
23019,0,0,1.000000,0.000000,0.000000,0.000000
6007,3,3,0.064564,0.000011,0.000193,0.935232
15498,1,1,0.000003,0.999993,0.000001,0.000003
14658,1,1,0.000005,0.999987,0.000001,0.000007
10668,1,1,0.000008,0.999963,0.000000,0.000029
25957,0,0,1.000000,0.000000,0.000000,0.000000
10179,1,1,0.000006,0.999972,0.000000,0.000022
23456,0,0,1.000000,0.000000,0.000000,0.000000
8468,2,2,0.000001,0.000029,0.999938,0.000032
19695,1,1,0.000024,0.999935,0.000003,0.000039
23054,0,0,1.000000,0.000000,0.000000,0.000000
13023,1,1,0.000001,0.999997,0.000000,0.000001
7520,2,2,0.000001,0.000015,0.999972,0.000013
28965,0,0,1.000000,0.000000,0.000000,0.000000
29992,0,0,1.000000,0.000000,0.000000,0.000000
22758,0,0,1.000000,0.000000,0.000000,0.000000
29271,0,0,1.000000,0.000000,0.000000,0.000000
3346,3,3,0.000003,0.000001,0.000003,0.999992
20467,1,1,0.000026,0.999930,0.000004,0.000040
18340,1,1,0.000017,0.999958,0.000002,0.000023
1471,3,3,0.000021,0.000001,0.000009,0.999969
18799,1,1,0.000017,0.999956,0.000002,0.000025
23297,0,0,1.000000,0.000000,0.000000,0.000000
471,3,3,0.000001,0.000006,0.000001,0.999992
2936,3,3,0.000001,0.000001,0.000001,0.999997
3866,3,3,0.000001,0.000001,0.000002,0.999996
342,3,3,0.000001,0.000001,0.000001,0.999997
13962,1,1,0.000139,0.999301,0.000016,0.000543
24664,0,0,1.000000,0.000000,0.000000,0.000000
6799,2,2,0.000000,0.000010,0.999984,0.000005
12839,1,1,0.000009,0.999955,0.000000,0.000036
6028,3,3,0.000019,0.000014,0.000008,0.999959
22886,0,0,1.000000,0.000000,0.000000,0.000000
25771,0,0,1.000000,0.000000,0.000000,0.000000
11494,1,1,0.000008,0.999973,0.000001,0.000019
28372,0,0,1.000000,0.000000,0.000000,0.000000
9292,1,1,0.000016,0.999960,0.000004,0.000020
5501,3,3,0.062231,0.000010,0.000190,0.937568
12356,1,1,0.000006,0.999975,0.000000,0.000019
21532,0,0,1.000000,0.000000,0.000000,0.000000
11949,1,1,0.000005,0.999977,0.000000,0.000017
24747,0,0,1.000000,0.000000,0.000000,0.000000
7235,2,2,0.000002,0.000031,0.999921,0.000047
14048,1,1,0.000003,0.999994,0.000001,0.000003
16654,1,1,0.000017,0.999959,0.000003,0.000021
7993,2,2,0.000000,0.000012,0.999983,0.000005
5156,3,3,0.195602,0.000013,0.000208,0.804177
18654,1,1,0.000042,0.999880,0.000004,0.000075
31244,0,0,1.000000,0.000000,0.000000,0.000000
3752,3,3,0.000001,0.000002,0.000001,0.999995
31014,0,0,1.000000,0.000000,0.000000,0.000000
6170,3,3,0.063157,0.000010,0.000190,0.936642
22468,0,0,1.000000,0.000000,0.000000,0.000000
4868,3,3,0.000001,0.000001,0.000001,0.999997
3088,3,3,0.000001,0.000002,0.000001,0.999997
15050,1,1,0.000031,0.999912,0.000005,0.000052
31101,0,0,1.000000,0.000000,0.000000,0.000000
9093,2,2,0.000001,0.000017,0.999962,0.000020
12155,1,1,0.000007,0.999967,0.000000,0.000026
30659,0,0,1.000000,0.000000,0.000000,0.000000
3857,3,3,0.000003,0.000003,0.000003,0.999991
12227,1,1,0.000011,0.999952,0.000001,0.000037
3600,3,3,0.000000,0.000002,0.000001,0.999997
28154,0,0,1.000000,0.000000,0.000000,0.000000
6426,3,3,0.061655,0.000010,0.000189,0.938146
6930,2,2,0.000004,0.000076,0.999845,0.000075
32537,0,0,1.000000,0.000000,0.000000,0.000000
25634,0,0,1.000000,0.000000,0.000000,0.000000
3099,3,3,0.000001,0.000002,0.000001,0.999996
2061,3,3,0.000006,0.000138,0.000003,0.999853
2737,3,3,0.005474,0.000025,0.000305,0.994196
17258,1,1,0.000018,0.999953,0.000003,0.000027
22023,0,0,1.000000,0.000000,0.000000,0.000000
12656,1,1,0.000007,0.999970,0.000000,0.000023
21455,0,0,1.000000,0.000000,0.000000,0.000000
3071,3,3,0.000000,0.000002,0.000001,0.999996
15745,1,1,0.000007,0.999984,0.000001,0.000008
13155,1,1,0.000014,0.999963,0.000002,0.000021
23080,0,0,0.999999,0.000000,0.000000,0.000001
33253,0,0,0.935168,0.000036,0.000097,0.064699
15336,1,1,0.000002,0.999997,0.000000,0.000002
13543,1,1,0.000013,0.999968,0.000003,0.000016
3032,3,3,0.000005,0.000005,0.000004,0.999987
5316,3,3,0.174028,0.000013,0.000202,0.825757
10607,1,1,0.000006,0.999973,0.000000,0.000020
12780,1,1,0.000008,0.999961,0.000000,0.000031
6004,3,3,0.064448,0.000011,0.000192,0.935349
19294,1,1,0.000018,0.999956,0.000003,0.000022
11017,1,1,0.000006,0.999977,0.000000,0.000017
9457,1,1,0.000033,0.999915,0.000008,0.000044
17727,1,1,0.000017,0.999957,0.000003,0.000023
13698,1,1,0.000008,0.999980,0.000001,0.000012
2617,3,3,0.000339,0.000003,0.000066,0.999592
18184,1,1,0.000014,0.999964,0.000002,0.000020
26012,0,0,1.000000,0.000000,0.000000,0.000000
29580,0,0,1.000000,0.000000,0.000000,0.000000
28547,0,0,1.000000,0.000000,0.000000,0.000000
8794,2,2,0.000002,0.000089,0.999893,0.000016
7949,2,2,0.000000,0.000013,0.999975,0.000012
21245,1,1,0.000034,0.999909,0.000004,0.000053
5618,3,3,0.066629,0.000011,0.000196,0.933164
3473,3,3,0.000001,0.000001,0.000001,0.999997
31946,0,0,1.000000,0.000000,0.000000,0.000000
28327,0,0,1.000000,0.000000,0.000000,0.000000
15274,1,1,0.000003,0.999991,0.000000,0.000005
4451,3,3,0.000001,0.000002,0.000001,0.999997
8358,2,2,0.000000,0.000016,0.999975,0.000008
21200,1,1,0.000018,0.999955,0.000002,0.000025
28809,0,0,1.000000,0.000000,0.000000,0.000000
19807,1,1,0.000011,0.999974,0.000002,0.000013
19551,1,1,0.000023,0.999942,0.000003,0.000033
26761,0,0,1.000000,0.000000,0.000000,0.000000
19805,1,1,0.000029,0.999925,0.000003,0.000043
20959,1,1,0.000010,0.999977,0.000002,0.000011
23245,0,0,1.000000,0.000000,0.000000,0.000000
3865,3,3,0.000001,0.000001,0.000001,0.999997
13120,1,1,0.000002,0.999995,0.000000,0.000002
2398,3,3,0.000020,0.000003,0.000011,0.999966
32137,0,0,1.000000,0.000000,0.000000,0.000000
13153,1,1,0.000005,0.999989,0.000001,0.000005
8048,2,2,0.000001,0.000015,0.999972,0.000012
14574,1,1,0.000007,0.999984,0.000003,0.000006
18106,1,1,0.000019,0.999955,0.000002,0.000023
22800,0,0,1.000000,0.000000,0.000000,0.000000
19690,1,1,0.000023,0.999940,0.000003,0.000034
32975,0,0,0.949451,0.000030,0.000077,0.050443
16493,1,1,0.000026,0.999938,0.000004,0.000033
2883,3,3,0.000002,0.000004,0.000002,0.999993
12244,1,1,0.000009,0.999969,0.000001,0.000022
21356,1,1,0.000037,0.999886,0.000003,0.000074
12988,1,1,0.000004,0.999992,0.000001,0.000004
29347,0,0,1.000000,0.000000,0.000000,0.000000
18274,1,1,0.000034,0.999910,0.000003,0.000053
26266,0,0,1.000000,0.000000,0.000000,0.000000
10576,1,1,0.000006,0.999977,0.000000,0.000017
30071,0,0,1.000000,0.000000,0.000000,0.000000
31748,0,0,1.000000,0.000000,0.000000,0.000000
6177,3,3,0.062999,0.000011,0.000191,0.936799
6351,3,3,0.073994,0.000012,0.000207,0.925788
32451,0,0,1.000000,0.000000,0.000000,0.000000
27308,0,0,1.000000,0.000000,0.000000,0.000000
16066,1,1,0.000022,0.999946,0.000005,0.000028
5492,3,3,0.062357,0.000010,0.000189,0.937443
31150,0,0,1.000000,0.000000,0.000000,0.000000
16888,1,1,0.000017,0.999960,0.000003,0.000021
15319,1,1,0.000050,0.999859,0.000005,0.000086
32349,0,0,1.000000,0.000000,0.000000,0.000000
2910,3,3,0.000001,0.000001,0.000001,0.999997
3255,3,3,0.000001,0.000002,0.000001,0.999995
2354,3,3,0.000004,0.000011,0.000003,0.999982
15247,1,1,0.000044,0.999808,0.000005,0.000143
28741,0,0,1.000000,0.000000,0.000000,0.000000
25265,0,0,1.000000,0.000000,0.000000,0.000000
20067,1,1,0.000013,0.999969,0.000002,0.000016
27506,0,0,1.000000,0.000000,0.000000,0.000000
28161,0,0,1.000000,0.000000,0.000000,0.000000
11791,1,1,0.000008,0.999959,0.000000,0.000033
14319,1,1,0.000004,0.999991,0.000002,0.000004
24921,0,0,1.000000,0.000000,0.000000,0.000000
29491,0,0,1.000000,0.000000,0.000000,0.000000
27035,0,0,1.000000,0.000000,0.000000,0.000000
12503,1,1,0.000007,0.999969,0.000000,0.000024
32506,0,0,1.000000,0.000000,0.000000,0.000000
22609,0,0,1.000000,0.000000,0.000000,0.000000
1834,3,3,0.000007,0.000005,0.000005,0.999983
14793,1,1,0.000011,0.999974,0.000002,0.000012
16122,1,1,0.000019,0.999951,0.000003,0.000027
6956,2,2,0.000000,0.000012,0.999981,0.000007
6929,2,2,0.000007,0.000108,0.999760,0.000125
28959,0,0,1.000000,0.000000,0.000000,0.000000
27804,0,0,1.000000,0.000000,0.000000,0.000000
3306,3,3,0.000000,0.000002,0.000001,0.999997
4543,3,3,0.000000,0.000002,0.000001,0.999997
1792,3,3,0.000002,0.000007,0.000001,0.999990
3832,3,3,0.000000,0.000001,0.000001,0.999998
32703,0,0,1.000000,0.000000,0.000000,0.000000
21480,0,0,1.000000,0.000000,0.000000,0.000000
22699,0,0,1.000000,0.000000,0.000000,0.000000
31959,0,0,1.000000,0.000000,0.000000,0.000000
778,3,3,0.000001,0.000003,0.000001,0.999995
20179,1,1,0.000014,0.999966,0.000002,0.000018
25872,0,0,1.000000,0.000000,0.000000,0.000000
22695,0,0,1.000000,0.000000,0.000000,0.000000
10816,1,1,0.000006,0.999974,0.000000,0.000020
30093,0,0,1.000000,0.000000,0.000000,0.000000
1515,3,3,0.000001,0.000002,0.000001,0.999997
9194,1,1,0.000009,0.999980,0.000003,0.000008
14707,1,1,0.000023,0.999935,0.000002,0.000040
11217,1,1,0.000006,0.999979,0.000000,0.000015
25302,0,0,1.000000,0.000000,0.000000,0.000000
10040,1,1,0.000006,0.999975,0.000000,0.000019
23359,0,0,1.000000,0.000000,0.000000,0.000000
1409,3,3,0.000000,0.000009,0.000001,0.999990
7925,2,2,0.000000,0.000013,0.999978,0.000008
22375,0,0,1.000000,0.000000,0.000000,0.000000
31527,0,0,1.000000,0.000000,0.000000,0.000000
23187,0,0,1.000000,0.000000,0.000000,0.000000
32307,0,0,1.000000,0.000000,0.000000,0.000000
13981,1,1,0.000002,0.999996,0.000001,0.000001
26393,0,0,1.000000,0.000000,0.000000,0.000000
13653,1,1,0.000009,0.999976,0.000001,0.000014
8402,2,2,0.000005,0.000197,0.999762,0.000035
885,3,3,0.000001,0.000004,0.000001,0.999994
23414,0,0,1.000000,0.000000,0.000000,0.000000
7215,2,2,0.000000,0.000012,0.999983,0.000005
10680,1,1,0.000007,0.999974,0.000000,0.000019
17975,1,1,0.000017,0.999958,0.000002,0.000023
29863,0,0,1.000000,0.000000,0.000000,0.000000
13947,1,1,0.000051,0.999844,0.000008,0.000098
28289,0,0,1.000000,0.000000,0.000000,0.000000
1016,3,3,0.000003,0.000009,0.000002,0.999986
30614,0,0,1.000000,0.000000,0.000000,0.000000
17320,1,1,0.000035,0.999897,0.000003,0.000065
16690,1,1,0.000015,0.999964,0.000003,0.000018
11580,1,1,0.000006,0.999970,0.000000,0.000023
24583,0,0,1.000000,0.000000,0.000000,0.000000
12408,1,1,0.000013,0.999935,0.000001,0.000051
14121,1,1,0.000020,0.999950,0.000003,0.000027
10687,1,1,0.000008,0.999964,0.000000,0.000027
15648,1,1,0.000020,0.999949,0.000004,0.000027
19817,1,1,0.000005,0.999989,0.000001,0.000005
12251,1,1,0.000007,0.999970,0.000000,0.000023
22283,0,0,1.000000,0.000000,0.000000,0.000000
3532,3,3,0.000002,0.000001,0.000003,0.999994
29824,0,0,1.000000,0.000000,0.000000,0.000000
16405,1,1,0.000021,0.999949,0.000003,0.000027
15647,1,1,0.000010,0.999977,0.000003,0.000010
11730,1,1,0.000006,0.999968,0.000000,0.000025
13088,1,1,0.000056,0.999823,0.000005,0.000116
10669,1,1,0.000009,0.999969,0.000001,0.000022
16646,1,1,0.000019,0.999951,0.000003,0.000027
22550,0,0,1.000000,0.000000,0.000000,0.000000
3655,3,3,0.000000,0.000001,0.000001,0.999997
17263,1,1,0.000026,0.999928,0.000003,0.000043
30767,0,0,1.000000,0.000000,0.000000,0.000000
12165,1,1,0.000007,0.999965,0.000000,0.000028
4551,3,3,0.000000,0.000001,0.000001,0.999997
31786,0,0,1.000000,0.000000,0.000000,0.000000
13848,1,1,0.000037,0.999911,0.000004,0.000048
28204,0,0,1.000000,0.000000,0.000000,0.000000
15851,1,1,0.000020,0.999948,0.000003,0.000029
29332,0,0,1.000000,0.000000,0.000000,0.000000
7488,2,2,0.000000,0.000012,0.999979,0.000008
20319,1,1,0.000019,0.999954,0.000003,0.000024
5794,3,3,0.054383,0.000010,0.000183,0.945424
5504,3,3,0.062871,0.000011,0.000191,0.936928
11995,1,1,0.000007,0.999973,0.000000,0.000020
5135,3,3,0.000899,0.000037,0.000174,0.998889
2058,3,3,0.000002,0.000053,0.000001,0.999944
5567,3,3,0.062545,0.000010,0.000190,0.937254
19271,1,1,0.000034,0.999910,0.000005,0.000052
26359,0,0,1.000000,0.000000,0.000000,0.000000
23042,0,0,1.000000,0.000000,0.000000,0.000000
29772,0,0,1.000000,0.000000,0.000000,0.000000
12808,1,1,0.000005,0.999974,0.000000,0.000021
13815,1,1,0.000041,0.999881,0.000005,0.000073
25747,0,0,1.000000,0.000000,0.000000,0.000000
390,3,3,0.000001,0.000001,0.000002,0.999996
2601,3,3,0.000001,0.000002,0.000001,0.999996
6945,2,2,0.000001,0.000018,0.999967,0.000015
15021,1,1,0.000006,0.999987,0.000001,0.000006
31739,0,0,1.000000,0.000000,0.000000,0.000000
21797,0,0,1.000000,0.000000,0.000000,0.000000
1357,3,3,0.000001,0.000017,0.000001,0.999981
8756,2,2,0.000000,0.000012,0.999977,0.000011
22996,0,0,1.000000,0.000000,0.000000,0.000000
27255,0,0,1.000000,0.000000,0.000000,0.000000
1538,3,3,0.000001,0.000003,0.000001,0.999995
18963,1,1,0.000017,0.999955,0.000002,0.000026
32224,0,0,1.000000,0.000000,0.000000,0.000000
3223,3,3,0.000005,0.000002,0.000003,0.999990
9995,1,1,0.000005,0.999981,0.000000,0.000014
11422,1,1,0.000005,0.999977,0.000000,0.000017
22747,0,0,1.000000,0.000000,0.000000,0.000000
33114,0,0,0.941602,0.000033,0.000088,0.058278
25259,0,0,1.000000,0.000000,0.000000,0.000000
30863,0,0,1.000000,0.000000,0.000000,0.000000
16538,1,1,0.000028,0.999920,0.000003,0.000050
773,3,3,0.000004,0.000003,0.000003,0.999990
19300,1,1,0.000020,0.999945,0.000003,0.000032
31591,0,0,1.000000,0.000000,0.000000,0.000000
26479,0,0,1.000000,0.000000,0.000000,0.000000
24776,0,0,1.000000,0.000000,0.000000,0.000000
26937,0,0,1.000000,0.000000,0.000000,0.000000
22379,0,0,1.000000,0.000000,0.000000,0.000000
789,3,3,0.000002,0.000007,0.000002,0.999990
22118,0,0,1.000000,0.000000,0.000000,0.000000
13169,1,1,0.000017,0.999956,0.000002,0.000024
29249,0,0,1.000000,0.000000,0.000000,0.000000
16793,1,1,0.000043,0.999882,0.000005,0.000071
10948,1,1,0.000007,0.999973,0.000000,0.000020
33021,0,0,0.946557,0.000029,0.000079,0.053335
1671,3,3,0.000001,0.000003,0.000001,0.999995
26678,0,0,1.000000,0.000000,0.000000,0.000000
32573,0,0,1.000000,0.000000,0.000000,0.000000
25334,0,0,1.000000,0.000000,0.000000,0.000000
3978,3,3,0.000004,0.000026,0.000002,0.999967
17761,1,1,0.000020,0.999948,0.000003,0.000029
22463,0,0,1.000000,0.000000,0.000000,0.000000
26764,0,0,1.000000,0.000000,0.000000,0.000000
6162,3,3,0.062801,0.000011,0.000191,0.936997
15510,1,1,0.000039,0.999884,0.000007,0.000070
32883,0,0,0.947653,0.000036,0.000083,0.052228
20713,1,1,0.000031,0.999918,0.000004,0.000047
24287,0,0,1.000000,0.000000,0.000000,0.000000
17760,1,1,0.000023,0.999938,0.000003,0.000036
19000,1,1,0.000021,0.999949,0.000003,0.000028
25921,0,0,1.000000,0.000000,0.000000,0.000000
31775,0,0,1.000000,0.000000,0.000000,0.000000
7043,2,2,0.000000,0.000013,0.999979,0.000008
23193,0,0,1.000000,0.000000,0.000000,0.000000
10462,1,1,0.000005,0.999975,0.000000,0.000019
31595,0,0,1.000000,0.000000,0.000000,0.000000
10953,1,1,0.000007,0.999970,0.000000,0.000023
18804,1,1,0.000034,0.999901,0.000003,0.000062
8858,2,2,0.000001,0.000014,0.999969,0.000017
16497,1,1,0.000040,0.999888,0.000006,0.000066
10006,1,1,0.000006,0.999981,0.000000,0.000013
23424,0,0,1.000000,0.000000,0.000000,0.000000
31263,0,0,1.000000,0.000000,0.000000,0.000000
25409,0,0,1.000000,0.000000,0.000000,0.000000
8784,2,2,0.000000,0.000012,0.999981,0.000007
16547,1,1,0.000002,0.999995,0.000001,0.000002
853,3,3,0.000001,0.000002,0.000001,0.999995
22062,0,0,1.000000,0.000000,0.000000,0.000000
29361,0,0,1.000000,0.000000,0.000000,0.000000
18947,1,1,0.000020,0.999946,0.000003,0.000031
27433,0,0,1.000000,0.000000,0.000000,0.000000
5739,3,3,0.061253,0.000011,0.000194,0.938542
12630,1,1,0.000007,0.999965,0.000000,0.000028
20581,1,1,0.000018,0.999955,0.000003,0.000024
7956,2,2,0.000001,0.000017,0.999963,0.000020
17176,1,1,0.000027,0.999927,0.000004,0.000041
14131,1,1,0.000002,0.999996,0.000001,0.000002
10655,1,1,0.000007,0.999971,0.000000,0.000022
12183,1,1,0.000006,0.999971,0.000000,0.000022
9239,1,1,0.000007,0.999984,0.000002,0.000007
7915,2,2,0.000001,0.000016,0.999966,0.000018
10705,1,1,0.000005,0.999977,0.000000,0.000018
2633,3,3,0.001866,0.000002,0.000108,0.998025
29180,0,0,1.000000,0.000000,0.000000,0.000000
7138,2,2,0.000000,0.000010,0.999985,0.000005
30615,0,0,1.000000,0.000000,0.000000,0.000000
22051,0,0,1.000000,0.000000,0.000000,0.000000
24026,0,0,1.000000,0.000000,0.000000,0.000000
8872,2,2,0.000001,0.000026,0.999966,0.000007
7607,2,2,0.000000,0.000014,0.999975,0.000011
28966,0,0,1.000000,0.000000,0.000000,0.000000
17251,1,1,0.000032,0.999918,0.000005,0.000045
28506,0,0,1.000000,0.000000,0.000000,0.000000
14240,1,1,0.000010,0.999975,0.000002,0.000013
11800,1,1,0.000008,0.999961,0.000000,0.000031
25129,0,0,1.000000,0.000000,0.000000,0.000000
3013,3,3,0.000001,0.000001,0.000001,0.999997
14687,1,1,0.000017,0.999960,0.000004,0.000020
120,3,3,0.000179,0.000099,0.000017,0.999705
21912,0,0,1.000000,0.000000,0.000000,0.000000
16855,1,1,0.000017,0.999954,0.000002,0.000027
15724,1,1,0.000014,0.999966,0.000002,0.000018
8812,2,2,0.000001,0.000032,0.999937,0.000030
23920,0,0,1.000000,0.000000,0.000000,0.000000
19167,1,1,0.000023,0.999945,0.000003,0.000029
14017,1,1,0.000021,0.999913,0.000002,0.000065
31548,0,0,1.000000,0.000000,0.000000,0.000000
4296,3,3,0.000001,0.000002,0.000001,0.999996
14809,1,1,0.000026,0.999932,0.000007,0.000035
2280,3,3,0.004478,0.000013,0.000086,0.995422
18487,1,1,0.000025,0.999934,0.000003,0.000038
27555,0,0,1.000000,0.000000,0.000000,0.000000
16322,1,1,0.000032,0.999913,0.000004,0.000051
2978,3,3,0.000006,0.000001,0.000005,0.999988
26003,0,0,1.000000,0.000000,0.000000,0.000000
20092,1,1,0.000018,0.999954,0.000003,0.000025
5923,3,3,0.061746,0.000010,0.000191,0.938053
27675,0,0,1.000000,0.000000,0.000000,0.000000
1463,3,3,0.000001,0.000008,0.000002,0.999990
2243,3,3,0.000002,0.000006,0.000002,0.999991
5194,3,3,0.181543,0.000013,0.000210,0.818234
5178,3,3,0.194595,0.000014,0.000211,0.805181
27353,0,0,1.000000,0.000000,0.000000,0.000000
20057,1,1,0.000014,0.999967,0.000003,0.000016
694,3,3,0.000001,0.000002,0.000002,0.999995
1485,3,3,0.000001,0.000002,0.000001,0.999997
12890,1,1,0.000007,0.999969,0.000000,0.000024
19661,1,1,0.000025,0.999934,0.000003,0.000038
29461,0,0,1.000000,0.000000,0.000000,0.000000
24173,0,0,1.000000,0.000000,0.000000,0.000000
3862,3,3,0.000000,0.000001,0.000001,0.999998
32246,0,0,1.000000,0.000000,0.000000,0.000000
11379,1,1,0.000005,0.999977,0.000000,0.000017
9285,1,1,0.000027,0.999934,0.000008,0.000031
18551,1,1,0.000021,0.999944,0.000002,0.000032
13714,1,1,0.000012,0.999969,0.000001,0.000018
24380,0,0,1.000000,0.000000,0.000000,0.000000
17933,1,1,0.000032,0.999914,0.000003,0.000050
7899,2,2,0.000000,0.000014,0.999975,0.000011
25507,0,0,1.000000,0.000000,0.000000,0.000000
6823,2,2,0.000000,0.000016,0.999975,0.000009
10660,1,1,0.000006,0.999974,0.000000,0.000020
15531,1,1,0.000015,0.999964,0.000002,0.000019
695,3,3,0.000001,0.000002,0.000002,0.999995
17301,1,1,0.000016,0.999958,0.000002,0.000024
14090,1,1,0.000018,0.999951,0.000003,0.000028
12931,1,1,0.000005,0.999986,0.000001,0.000008
28319,0,0,1.000000,0.000000,0.000000,0.000000
12873,1,1,0.000013,0.999954,0.000001,0.000031
2752,3,3,0.000004,0.000003,0.000003,0.999991
6108,3,3,0.062486,0.000010,0.000189,0.937315
6802,2,2,0.000000,0.000015,0.999976,0.000008
28574,0,0,1.000000,0.000000,0.000000,0.000000
10185,1,1,0.000006,0.999971,0.000000,0.000023
7947,2,2,0.000000,0.000011,0.999981,0.000008
28391,0,0,1.000000,0.000000,0.000000,0.000000
27765,0,0,1.000000,0.000000,0.000000,0.000000
13296,1,1,0.000015,0.999961,0.000002,0.000023
24177,0,0,1.000000,0.000000,0.000000,0.000000
13478,1,1,0.000008,0.999980,0.000001,0.000010
28328,0,0,1.000000,0.000000,0.000000,0.000000
27624,0,0,1.000000,0.000000,0.000000,0.000000
8503,2,2,0.000001,0.000023,0.999948,0.000028
637,3,3,0.000001,0.000008,0.000002,0.999989
28174,0,0,1.000000,0.000000,0.000000,0.000000
13340,1,1,0.000003,0.999993,0.000000,0.000003
24003,0,0,1.000000,0.000000,0.000000,0.000000
17713,1,1,0.000021,0.999943,0.000002,0.000033
28783,0,0,1.000000,0.000000,0.000000,0.000000
30574,0,0,1.000000,0.000000,0.000000,0.000000
14223,1,1,0.000035,0.999905,0.000007,0.000053
12998,1,1,0.000002,0.999997,0.000000,0.000002
19340,1,1,0.000018,0.999957,0.000003,0.000022
1634,3,3,0.000000,0.000002,0.000001,0.999997
31664,0,0,1.000000,0.000000,0.000000,0.000000
6649,2,2,0.000000,0.000016,0.999974,0.000009
2788,3,3,0.000000,0.000002,0.000001,0.999997
22037,0,0,1.000000,0.000000,0.000000,0.000000
17048,1,1,0.000020,0.999946,0.000002,0.000031
22781,0,0,1.000000,0.000000,0.000000,0.000000
22998,0,0,1.000000,0.000000,0.000000,0.000000
26527,0,0,1.000000,0.000000,0.000000,0.000000
27919,0,0,1.000000,0.000000,0.000000,0.000000
16488,1,1,0.000030,0.999925,0.000004,0.000041
16387,1,1,0.000023,0.999938,0.000003,0.000036
20958,1,1,0.000008,0.999981,0.000002,0.000009
18507,1,1,0.000023,0.999945,0.000003,0.000029
2405,3,3,0.000157,0.000003,0.000049,0.999791
3133,3,3,0.000000,0.000002,0.000001,0.999996
8806,2,2,0.000001,0.000017,0.999951,0.000032
18049,1,1,0.000018,0.999956,0.000002,0.000024
26049,0,0,1.000000,0.000000,0.000000,0.000000
19257,1,1,0.000017,0.999959,0.000002,0.000021
16318,1,1,0.000043,0.999867,0.000004,0.000085
4770,3,3,0.000001,0.000002,0.000001,0.999997
22216,0,0,1.000000,0.000000,0.000000,0.000000
10565,1,1,0.000007,0.999970,0.000000,0.000023
26926,0,0,1.000000,0.000000,0.000000,0.000000
26037,0,0,1.000000,0.000000,0.000000,0.000000
14583,1,1,0.000015,0.999963,0.000003,0.000019
29248,0,0,1.000000,0.000000,0.000000,0.000000
50,3,3,0.000000,0.000002,0.000001,0.999997
29852,0,0,1.000000,0.000000,0.000000,0.000000
18243,1,1,0.000057,0.999828,0.000004,0.000111
7610,2,2,0.000001,0.000022,0.999949,0.000028
21064,1,1,0.000017,0.999957,0.000003,0.000024
17382,1,1,0.000019,0.999954,0.000002,0.000025
26506,0,0,1.000000,0.000000,0.000000,0.000000
12500,1,1,0.000006,0.999969,0.000000,0.000025
8643,2,2,0.000001,0.000021,0.999961,0.000017
9935,1,1,0.000007,0.999974,0.000000,0.000019
14514,1,1,0.000018,0.999954,0.000003,0.000026
2418,3,3,0.000002,0.000002,0.000002,0.999994
1744,3,3,0.000002,0.000002,0.000002,0.999994
27061,0,0,1.000000,0.000000,0.000000,0.000000
10746,1,1,0.000006,0.999975,0.000000,0.000018
23995,0,0,1.000000,0.000000,0.000000,0.000000
5797,3,3,0.055625,0.000010,0.000183,0.944182
33252,0,0,0.937443,0.000035,0.000094,0.062428
19143,1,1,0.000034,0.999907,0.000005,0.000055
7878,2,2,0.000000,0.000010,0.999982,0.000007
18239,1,1,0.000011,0.999975,0.000001,0.000013
13144,1,1,0.000029,0.999925,0.000003,0.000043
18307,1,1,0.000016,0.999960,0.000002,0.000023
4510,3,3,0.000000,0.000002,0.000001,0.999997
3218,3,3,0.000001,0.000002,0.000001,0.999997
8901,2,2,0.000002,0.000068,0.999914,0.000016
10947,1,1,0.000006,0.999975,0.000000,0.000019
23656,0,0,1.000000,0.000000,0.000000,0.000000
30597,0,0,1.000000,0.000000,0.000000,0.000000
2387,3,3,0.000000,0.000002,0.000001,0.999997
24477,0,0,1.000000,0.000000,0.000000,0.000000
22412,0,0,1.000000,0.000000,0.000000,0.000000
1316,3,3,0.000031,0.000017,0.000020,0.999933
3314,3,3,0.000003,0.000002,0.000003,0.999992
11948,1,1,0.000005,0.999982,0.000000,0.000014
12436,1,1,0.000008,0.999962,0.000000,0.000029
30024,0,0,1.000000,0.000000,0.000000,0.000000
18479,1,1,0.000044,0.999866,0.000005,0.000084
12884,1,1,0.000011,0.999955,0.000001,0.000034
6272,3,3,0.062184,0.000010,0.000189,0.937617
13093,1,1,0.000017,0.999953,0.000002,0.000027
14868,1,1,0.000008,0.999982,0.000001,0.000010
11840,1,1,0.000010,0.999951,0.000000,0.000039
2838,3,3,0.000000,0.000002,0.000001,0.999997
30199,0,0,1.000000,0.000000,0.000000,0.000000
2641,3,3,0.000147,0.000006,0.000053,0.999795
32668,0,0,1.000000,0.000000,0.000000,0.000000
33244,0,0,0.933266,0.000034,0.000098,0.066602
20053,1,1,0.000019,0.999952,0.000003,0.000025
22631,0,0,1.000000,0.000000,0.000000,0.000000
18011,1,1,0.000014,0.999964,0.000002,0.000020
30458,0,0,1.000000,0.000000,0.000000,0.000000
17509,1,1,0.000020,0.999947,0.000002,0.000030
6892,2,2,0.000000,0.000013,0.999979,0.000008
14626,1,1,0.000008,0.999981,0.000002,0.000009
27165,0,0,1.000000,0.000000,0.000000,0.000000
32218,0,0,1.000000,0.000000,0.000000,0.000000
17162,1,1,0.000013,0.999970,0.000002,0.000016
11846,1,1,0.000007,0.999968,0.000000,0.000024
11593,1,1,0.000011,0.999962,0.000001,0.000026
26702,0,0,1.000000,0.000000,0.000000,0.000000
4117,3,3,0.000000,0.000001,0.000001,0.999998
28340,0,0,1.000000,0.000000,0.000000,0.000000
16583,1,1,0.000028,0.999927,0.000004,0.000041
2447,3,3,0.000001,0.000002,0.000001,0.999997
28978,0,0,1.000000,0.000000,0.000000,0.000000
4752,3,3,0.000000,0.000001,0.000001,0.999998
15666,1,1,0.000010,0.999974,0.000002,0.000014
8838,2,2,0.000000,0.000014,0.999979,0.000008
12905,1,1,0.000016,0.999947,0.000002,0.000035
30570,0,0,1.000000,0.000000,0.000000,0.000000
26206,0,0,1.000000,0.000000,0.000000,0.000000
31450,0,0,1.000000,0.000000,0.000000,0.000000
16974,1,1,0.000023,0.999943,0.000003,0.000031
15502,1,1,0.000008,0.999981,0.000001,0.000010
6285,3,3,0.063044,0.000010,0.000188,0.936758
28632,0,0,1.000000,0.000000,0.000000,0.000000
14123,1,1,0.000005,0.999989,0.000002,0.000004
11774,1,1,0.000007,0.999966,0.000000,0.000026
32032,0,0,1.000000,0.000000,0.000000,0.000000
3841,3,3,0.000000,0.000001,0.000001,0.999998
17121,1,1,0.000028,0.999928,0.000004,0.000040
12483,1,1,0.000008,0.999968,0.000000,0.000024
19199,1,1,0.000022,0.999944,0.000003,0.000032
23405,0,0,1.000000,0.000000,0.000000,0.000000
18247,1,1,0.000045,0.999881,0.000004,0.000070
2392,3,3,0.000004,0.000002,0.000004,0.999989
18404,1,1,0.000029,0.999915,0.000003,0.000053
8948,2,2,0.000022,0.000708,0.999075,0.000195
25358,0,0,1.000000,0.000000,0.000000,0.000000
28005,0,0,1.000000,0.000000,0.000000,0.000000
6501,3,3,0.061026,0.000010,0.000187,0.938777
29986,0,0,1.000000,0.000000,0.000000,0.000000
16,3,3,0.000089,0.000798,0.000013,0.999099
12100,1,1,0.000008,0.999967,0.000001,0.000024
7821,2,2,0.000001,0.000028,0.999964,0.000008
12193,1,1,0.000007,0.999959,0.000000,0.000034
26057,0,0,1.000000,0.000000,0.000000,0.000000
1949,3,3,0.000052,0.000003,0.000022,0.999923
26824,0,0,1.000000,0.000000,0.000000,0.000000
771,3,3,0.000003,0.000002,0.000003,0.999992
25887,0,0,1.000000,0.000000,0.000000,0.000000
18754,1,1,0.000030,0.999919,0.000004,0.000048
5324,3,3,0.175728,0.000013,0.000202,0.824058
27574,0,0,1.000000,0.000000,0.000000,0.000000
11287,1,1,0.000006,0.999974,0.000000,0.000019
8151,2,2,0.000000,0.000016,0.999976,0.000008
3387,3,3,0.000001,0.000001,0.000001,0.999997
24862,0,0,1.000000,0.000000,0.000000,0.000000
19078,1,1,0.000029,0.999922,0.000003,0.000046
2538,3,3,0.000002,0.000003,0.000002,0.999993
13782,1,1,0.000004,0.999990,0.000001,0.000005
3012,3,3,0.000001,0.000001,0.000001,0.999997
21777,0,0,1.000000,0.000000,0.000000,0.000000
24808,0,0,1.000000,0.000000,0.000000,0.000000
14704,1,1,0.000009,0.999977,0.000002,0.000012
31641,0,0,1.000000,0.000000,0.000000,0.000000
10194,1,1,0.000006,0.999970,0.000000,0.000023
23747,0,0,1.000000,0.000000,0.000000,0.000000
11703,1,1,0.000007,0.999962,0.000000,0.000031
11872,1,1,0.000007,0.999960,0.000000,0.000032
4514,3,3,0.000001,0.000002,0.000001,0.999996
16092,1,1,0.000006,0.999986,0.000002,0.000006
11524,1,1,0.000004,0.999983,0.000000,0.000013
32397,0,0,1.000000,0.000000,0.000000,0.000000
7716,2,2,0.000000,0.000016,0.999976,0.000008
28986,0,0,1.000000,0.000000,0.000000,0.000000
18236,1,1,0.000049,0.999850,0.000004,0.000097
2017,3,3,0.000001,0.000002,0.000001,0.999996
24591,0,0,1.000000,0.000000,0.000000,0.000000
30469,0,0,1.000000,0.000000,0.000000,0.000000
1493,3,3,0.000000,0.000001,0.000001,0.999997
19128,1,1,0.000018,0.999957,0.000002,0.000023
12063,1,1,0.000007,0.999970,0.000000,0.000022
9303,1,1,0.000024,0.999937,0.000006,0.000033
2941,3,3,0.000001,0.000002,0.000002,0.999995
15111,1,1,0.000008,0.999982,0.000002,0.000008
4748,3,3,0.000000,0.000001,0.000001,0.999997
2073,3,3,0.000010,0.000001,0.000008,0.999981
28882,0,0,1.000000,0.000000,0.000000,0.000000
11231,1,1,0.000005,0.999980,0.000000,0.000015
12565,1,1,0.000005,0.999978,0.000000,0.000017
28712,0,0,1.000000,0.000000,0.000000,0.000000
4408,3,3,0.000013,0.000000,0.000009,0.999977
12218,1,1,0.000007,0.999972,0.000000,0.000021
4616,3,3,0.000001,0.000001,0.000001,0.999998
19316,1,1,0.000014,0.999967,0.000002,0.000016
12353,1,1,0.000006,0.999977,0.000000,0.000017
9653,1,1,0.000004,0.999992,0.000001,0.000004
32675,0,0,1.000000,0.000000,0.000000,0.000000
20118,1,1,0.000021,0.999948,0.000003,0.000029
27081,0,0,1.000000,0.000000,0.000000,0.000000
11759,1,1,0.000019,0.999916,0.000001,0.000065
28665,0,0,1.000000,0.000000,0.000000,0.000000
13667,1,1,0.000014,0.999964,0.000002,0.000020
22780,0,0,1.000000,0.000000,0.000000,0.000000
12491,1,1,0.000006,0.999974,0.000000,0.000020
2415,3,3,0.000001,0.000002,0.000001,0.999996
17201,1,1,0.000021,0.999949,0.000003,0.000027
27665,0,0,1.000000,0.000000,0.000000,0.000000
10646,1,1,0.000005,0.999976,0.000000,0.000019
20956,1,1,0.000017,0.999959,0.000003,0.000022
28197,0,0,1.000000,0.000000,0.000000,0.000000
29441,0,0,1.000000,0.000000,0.000000,0.000000
27422,0,0,1.000000,0.000000,0.000000,0.000000
21930,0,0,1.000000,0.000000,0.000000,0.000000
17106,1,1,0.000043,0.999868,0.000004,0.000084
644,3,3,0.000000,0.000006,0.000001,0.999993
16784,1,1,0.000027,0.999931,0.000003,0.000039
25591,0,0,1.000000,0.000000,0.000000,0.000000
12805,1,1,0.000006,0.999968,0.000000,0.000026
7919,2,2,0.000000,0.000014,0.999971,0.000015
8793,2,2,0.000001,0.000051,0.999936,0.000012
13618,1,1,0.000027,0.999925,0.000005,0.000043
24695,0,0,1.000000,0.000000,0.000000,0.000000
20443,1,1,0.000031,0.999917,0.000004,0.000048
1574,3,3,0.000001,0.000001,0.000001,0.999997
30323,0,0,1.000000,0.000000,0.000000,0.000000
25883,0,0,1.000000,0.000000,0.000000,0.000000
12001,1,1,0.000007,0.999969,0.000000,0.000024
145,3,3,0.000001,0.000003,0.000001,0.999996
24458,0,0,1.000000,0.000000,0.000000,0.000000
4677,3,3,0.000000,0.000001,0.000001,0.999998
10826,1,1,0.000006,0.999976,0.000000,0.000018
23718,0,0,1.000000,0.000000,0.000000,0.000000
21765,0,0,1.000000,0.000000,0.000000,0.000000
21782,0,0,1.000000,0.000000,0.000000,0.000000
21672,0,0,1.000000,0.000000,0.000000,0.000000
10600,1,1,0.000005,0.999979,0.000000,0.000016
2735,3,3,0.050069,0.000012,0.000227,0.949692
10135,1,1,0.000005,0.999975,0.000000,0.000019
15063,1,1,0.000048,0.999855,0.000006,0.000090
6963,2,2,0.000001,0.000053,0.999931,0.000014
8330,2,2,0.000000,0.000013,0.999976,0.000011
12852,1,1,0.000008,0.999971,0.000000,0.000021
957,3,3,0.000002,0.000005,0.000002,0.999991
17010,1,1,0.000040,0.999888,0.000004,0.000068
13909,1,1,0.000029,0.999925,0.000003,0.000044
15822,1,1,0.000016,0.999958,0.000002,0.000024
2018,3,3,0.000001,0.000002,0.000001,0.999997
12626,1,1,0.000005,0.999976,0.000000,0.000018
25500,0,0,1.000000,0.000000,0.000000,0.000000
7810,2,2,0.000002,0.000039,0.999905,0.000054
26332,0,0,1.000000,0.000000,0.000000,0.000000
25092,0,0,1.000000,0.000000,0.000000,0.000000
27527,0,0,1.000000,0.000000,0.000000,0.000000
3345,3,3,0.000001,0.000001,0.000001,0.999997
29585,0,0,1.000000,0.000000,0.000000,0.000000
18685,1,1,0.000035,0.999916,0.000005,0.000044
17899,1,1,0.000024,0.999933,0.000003,0.000040
14448,1,1,0.000007,0.999983,0.000002,0.000008
25081,0,0,1.000000,0.000000,0.000000,0.000000
19600,1,1,0.000031,0.999914,0.000003,0.000052
18578,1,1,0.000035,0.999908,0.000004,0.000053
16234,1,1,0.000018,0.999956,0.000003,0.000024
25755,0,0,1.000000,0.000000,0.000000,0.000000
31567,0,0,1.000000,0.000000,0.000000,0.000000
7987,2,2,0.000000,0.000009,0.999985,0.000005
3634,3,3,0.000001,0.000002,0.000001,0.999997
25843,0,0,1.000000,0.000000,0.000000,0.000000
22195,0,0,1.000000,0.000000,0.000000,0.000000
32166,0,0,1.000000,0.000000,0.000000,0.000000
8738,2,2,0.000000,0.000016,0.999974,0.000010
11010,1,1,0.000007,0.999971,0.000000,0.000021
10031,1,1,0.000006,0.999977,0.000000,0.000017
21402,0,0,1.000000,0.000000,0.000000,0.000000
26230,0,0,1.000000,0.000000,0.000000,0.000000
4666,3,3,0.000001,0.000001,0.000001,0.999997
30791,0,0,1.000000,0.000000,0.000000,0.000000
17286,1,1,0.000014,0.999967,0.000002,0.000017
14219,1,1,0.000043,0.999859,0.000007,0.000091
28168,0,0,1.000000,0.000000,0.000000,0.000000
11996,1,1,0.000008,0.999968,0.000000,0.000024
32594,0,0,1.000000,0.000000,0.000000,0.000000
22491,0,0,1.000000,0.000000,0.000000,0.000000
5225,3,3,0.181171,0.000013,0.000210,0.818606
28308,0,0,1.000000,0.000000,0.000000,0.000000
16178,1,1,0.000021,0.999950,0.000003,0.000027
8495,2,2,0.000000,0.000012,0.999982,0.000006
29564,0,0,1.000000,0.000000,0.000000,0.000000
20502,1,1,0.000022,0.999943,0.000003,0.000032
9166,1,1,0.000042,0.999872,0.000035,0.000052
32789,0,0,1.000000,0.000000,0.000000,0.000000
30007,0,0,1.000000,0.000000,0.000000,0.000000
30423,0,0,1.000000,0.000000,0.000000,0.000000
10295,1,1,0.000006,0.999970,0.000000,0.000023
23299,0,0,1.000000,0.000000,0.000000,0.000000
20216,1,1,0.000009,0.999980,0.000002,0.000009
31336,0,0,1.000000,0.000000,0.000000,0.000000
28286,0,0,1.000000,0.000000,0.000000,0.000000
20442,1,1,0.000017,0.999955,0.000002,0.000025
21545,0,0,1.000000,0.000000,0.000000,0.000000
1334,3,3,0.000001,0.000003,0.000001,0.999996
29077,0,0,1.000000,0.000000,0.000000,0.000000
26801,0,0,1.000000,0.000000,0.000000,0.000000
30941,0,0,1.000000,0.000000,0.000000,0.000000
10412,1,1,0.000006,0.999975,0.000000,0.000019
9986,1,1,0.000006,0.999976,0.000000,0.000017
12856,1,1,0.000008,0.999966,0.000000,0.000026
12825,1,1,0.000012,0.999941,0.000000,0.000047
20831,1,1,0.000020,0.999942,0.000003,0.000035
17020,1,1,0.000021,0.999945,0.000003,0.000031
19843,1,1,0.000012,0.999971,0.000002,0.000015
12608,1,1,0.000006,0.999968,0.000000,0.000025
23318,0,0,1.000000,0.000000,0.000000,0.000000
25461,0,0,1.000000,0.000000,0.000000,0.000000
6124,3,3,0.063414,0.000011,0.000192,0.936384
14172,1,1,0.000011,0.999969,0.000001,0.000018
7332,2,2,0.000001,0.000022,0.999970,0.000007
26197,0,0,1.000000,0.000000,0.000000,0.000000
15030,1,1,0.000004,0.999992,0.000001,0.000003
8253,2,2,0.000000,0.000016,0.999972,0.000012
21932,0,0,1.000000,0.000000,0.000000,0.000000
17894,1,1,0.000019,0.999949,0.000002,0.000029
21300,1,1,0.000024,0.999934,0.000003,0.000040
25317,0,0,1.000000,0.000000,0.000000,0.000000
6416,3,3,0.062325,0.000011,0.000191,0.937474
8621,2,2,0.000000,0.000010,0.999986,0.000004
4602,3,3,0.000000,0.000001,0.000001,0.999998
23016,0,0,1.000000,0.000000,0.000000,0.000000
17411,1,1,0.000038,0.999895,0.000004,0.000063
4150,3,3,0.000001,0.000003,0.000001,0.999994
6277,3,3,0.060945,0.000010,0.000187,0.938858
19560,1,1,0.000019,0.999955,0.000003,0.000023
1388,3,3,0.000000,0.000003,0.000000,0.999996
4230,3,3,0.000001,0.000002,0.000001,0.999996
19789,1,1,0.000020,0.999952,0.000003,0.000025
9261,1,1,0.000021,0.999943,0.000007,0.000029
29829,0,0,1.000000,0.000000,0.000000,0.000000
20146,1,1,0.000017,0.999958,0.000003,0.000023
14066,1,1,0.000067,0.999806,0.000017,0.000110
1468,3,3,0.000001,0.000002,0.000001,0.999995
27965,0,0,1.000000,0.000000,0.000000,0.000000
28528,0,0,1.000000,0.000000,0.000000,0.000000
11492,1,1,0.000006,0.999979,0.000000,0.000015
16349,1,1,0.000029,0.999926,0.000004,0.000041
15548,1,1,0.000031,0.999919,0.000006,0.000044
8718,2,2,0.000001,0.000018,0.999963,0.000018
400,3,3,0.000001,0.000002,0.000002,0.999995
33218,0,0,0.929967,0.000037,0.000104,0.069892
600,3,3,0.000002,0.000007,0.000002,0.999990
25100,0,0,1.000000,0.000000,0.000000,0.000000
26378,0,0,1.000000,0.000000,0.000000,0.000000
20823,1,1,0.000022,0.999943,0.000003,0.000032
3957,3,3,0.000000,0.000002,0.000001,0.999997
6255,3,3,0.063295,0.000011,0.000190,0.936504
29731,0,0,1.000000,0.000000,0.000000,0.000000
11464,1,1,0.000006,0.999973,0.000000,0.000020
11340,1,1,0.000009,0.999958,0.000000,0.000033
6027,3,3,0.000016,0.000026,0.000006,0.999952
32650,0,0,1.000000,0.000000,0.000000,0.000000
26028,0,0,1.000000,0.000000,0.000000,0.000000
18137,1,1,0.000044,0.999872,0.000004,0.000080
19246,1,1,0.000020,0.999952,0.000003,0.000026
30690,0,0,1.000000,0.000000,0.000000,0.000000
3574,3,3,0.000000,0.000001,0.000001,0.999998
4340,3,3,0.000001,0.000002,0.000001,0.999997
9720,1,1,0.000005,0.999977,0.000000,0.000017
4957,3,3,0.000013,0.000012,0.000006,0.999969
9024,2,2,0.000001,0.000036,0.999934,0.000029
30229,0,0,1.000000,0.000000,0.000000,0.000000
29013,0,0,1.000000,0.000000,0.000000,0.000000
31658,0,0,1.000000,0.000000,0.000000,0.000000
1461,3,3,0.000001,0.000006,0.000001,0.999992
15552,1,1,0.000010,0.999976,0.000002,0.000012
15052,1,1,0.000010,0.999972,0.000001,0.000017
27367,0,0,1.000000,0.000000,0.000000,0.000000
9084,2,2,0.000000,0.000012,0.999982,0.000006
8957,2,2,0.000001,0.000034,0.999929,0.000036
6125,3,3,0.063499,0.000011,0.000191,0.936300
17822,1,1,0.000045,0.999868,0.000005,0.000082
29702,0,0,1.000000,0.000000,0.000000,0.000000
17056,1,1,0.000024,0.999933,0.000003,0.000040
4713,3,3,0.000001,0.000004,0.000002,0.999993
31879,0,0,1.000000,0.000000,0.000000,0.000000
1764,3,3,0.000001,0.000002,0.000001,0.999996
22175,0,0,1.000000,0.000000,0.000000,0.000000
1608,3,3,0.000001,0.000003,0.000002,0.999995
20846,1,1,0.000023,0.999939,0.000003,0.000034
23385,0,0,1.000000,0.000000,0.000000,0.000000
12685,1,1,0.000007,0.999970,0.000000,0.000023
18249,1,1,0.000014,0.999962,0.000002,0.000022
8153,2,2,0.000000,0.000013,0.999977,0.000010
18543,1,1,0.000029,0.999918,0.000003,0.000050
3533,3,3,0.000001,0.000001,0.000003,0.999995
21311,1,1,0.000020,0.999949,0.000003,0.000029
14895,1,1,0.000040,0.999917,0.000004,0.000040
19941,1,1,0.000019,0.999952,0.000003,0.000026
16689,1,1,0.000018,0.999954,0.000003,0.000025
2581,3,3,0.000367,0.000002,0.000072,0.999559
9963,1,1,0.000006,0.999978,0.000000,0.000016
29287,0,0,1.000000,0.000000,0.000000,0.000000
14442,1,1,0.000002,0.999996,0.000001,0.000001
30432,0,0,1.000000,0.000000,0.000000,0.000000
28960,0,0,1.000000,0.000000,0.000000,0.000000
20535,1,1,0.000011,0.999972,0.000002,0.000016
26244,0,0,1.000000,0.000000,0.000000,0.000000
5355,3,3,0.173620,0.000012,0.000200,0.826167
27052,0,0,1.000000,0.000000,0.000000,0.000000
323,3,3,0.000004,0.000001,0.000005,0.999990
5000,3,3,0.000004,0.000001,0.000003,0.999991
13455,1,1,0.000002,0.999996,0.000001,0.000001
607,3,3,0.000001,0.000002,0.000001,0.999996
17436,1,1,0.000018,0.999959,0.000002,0.000021
5871,3,3,0.066445,0.000011,0.000199,0.933345
14078,1,1,0.000028,0.999923,0.000004,0.000045
16342,1,1,0.000023,0.999940,0.000003,0.000034
29469,0,0,1.000000,0.000000,0.000000,0.000000
6502,3,3,0.060532,0.000010,0.000187,0.939271
30039,0,0,1.000000,0.000000,0.000000,0.000000
25780,0,0,1.000000,0.000000,0.000000,0.000000
12525,1,1,0.000006,0.999973,0.000000,0.000021
21032,1,1,0.000013,0.999968,0.000002,0.000017
27933,0,0,1.000000,0.000000,0.000000,0.000000
12138,1,1,0.000005,0.999979,0.000000,0.000016
2251,3,3,0.000220,0.000000,0.000000,0.999780
26232,0,0,1.000000,0.000000,0.000000,0.000000
7562,2,2,0.000000,0.000012,0.999981,0.000007
25702,0,0,1.000000,0.000000,0.000000,0.000000
7957,2,2,0.000000,0.000013,0.999974,0.000012
23594,0,0,1.000000,0.000000,0.000000,0.000000
16150,1,1,0.000052,0.999845,0.000005,0.000097
11533,1,1,0.000005,0.999978,0.000000,0.000017
19175,1,1,0.000024,0.999940,0.000003,0.000033
22036,0,0,1.000000,0.000000,0.000000,0.000000
25470,0,0,1.000000,0.000000,0.000000,0.000000
29990,0,0,1.000000,0.000000,0.000000,0.000000
20352,1,1,0.000019,0.999953,0.000003,0.000025
6273,3,3,0.061954,0.000010,0.000188,0.937848
22946,0,0,1.000000,0.000000,0.000000,0.000000
28508,0,0,1.000000,0.000000,0.000000,0.000000
7083,2,2,0.000001,0.000018,0.999965,0.000017
6337,3,3,0.070893,0.000012,0.000211,0.928884
4037,3,3,0.000001,0.000002,0.000001,0.999997
32726,0,0,1.000000,0.000000,0.000000,0.000000
5735,3,3,0.060916,0.000011,0.000192,0.938882
29511,0,0,1.000000,0.000000,0.000000,0.000000
7241,2,2,0.000000,0.000012,0.999980,0.000007
16803,1,1,0.000014,0.999966,0.000002,0.000019
13719,1,1,0.000007,0.999985,0.000001,0.000008
24538,0,0,1.000000,0.000000,0.000000,0.000000
24056,0,0,1.000000,0.000000,0.000000,0.000000
5785,3,3,0.057702,0.000010,0.000187,0.942100
32866,0,0,1.000000,0.000000,0.000000,0.000000
26331,0,0,1.000000,0.000000,0.000000,0.000000
16575,1,1,0.000010,0.999977,0.000001,0.000012
31489,0,0,1.000000,0.000000,0.000000,0.000000
23767,0,0,1.000000,0.000000,0.000000,0.000000
11984,1,1,0.000007,0.999971,0.000000,0.000022
23055,0,0,1.000000,0.000000,0.000000,0.000000
7736,2,2,0.000000,0.000014,0.999977,0.000008
20780,1,1,0.000015,0.999964,0.000002,0.000019
17437,1,1,0.000020,0.999955,0.000003,0.000022
150,3,3,0.000006,0.000002,0.000003,0.999989
8233,2,2,0.000001,0.000025,0.999924,0.000049
10083,1,1,0.000006,0.999971,0.000000,0.000023
2908,3,3,0.000001,0.000002,0.000002,0.999996
23799,0,0,1.000000,0.000000,0.000000,0.000000
23688,0,0,1.000000,0.000000,0.000000,0.000000
21184,1,1,0.000021,0.999947,0.000003,0.000030
20527,1,1,0.000016,0.999960,0.000002,0.000021
8097,2,2,0.000001,0.000015,0.999968,0.000017
2924,3,3,0.000000,0.000002,0.000001,0.999997
30894,0,0,1.000000,0.000000,0.000000,0.000000
14068,1,1,0.000006,0.999980,0.000001,0.000013
7831,2,2,0.000000,0.000011,0.999983,0.000005
2400,3,3,0.000034,0.000002,0.000019,0.999945
1047,3,3,0.000001,0.000004,0.000001,0.999994
3097,3,3,0.000001,0.000002,0.000001,0.999997
25599,0,0,1.000000,0.000000,0.000000,0.000000
10446,1,1,0.000007,0.999969,0.000000,0.000024
28035,0,0,1.000000,0.000000,0.000000,0.000000
13416,1,1,0.000005,0.999986,0.000001,0.000008
440,3,3,0.000001,0.000003,0.000001,0.999995
23148,0,0,1.000000,0.000000,0.000000,0.000000
24138,0,0,1.000000,0.000000,0.000000,0.000000
18518,1,1,0.000010,0.999976,0.000002,0.000012
9058,2,2,0.000001,0.000018,0.999971,0.000011
28749,0,0,1.000000,0.000000,0.000000,0.000000
10689,1,1,0.000007,0.999971,0.000000,0.000022
21755,0,0,1.000000,0.000000,0.000000,0.000000
8686,2,2,0.000001,0.000028,0.999965,0.000007
7627,2,2,0.000000,0.000013,0.999977,0.000009
33155,0,0,0.937344,0.000034,0.000094,0.062528
22687,0,0,1.000000,0.000000,0.000000,0.000000
33104,0,0,0.936571,0.000037,0.000096,0.063296
16136,1,1,0.000003,0.999994,0.000001,0.000003
8921,2,2,0.000000,0.000015,0.999974,0.000010
12791,1,1,0.000007,0.999954,0.000000,0.000038
2431,3,3,0.000001,0.000003,0.000001,0.999995
17582,1,1,0.000036,0.999905,0.000004,0.000056
7187,2,2,0.000000,0.000015,0.999974,0.000010
25721,0,0,1.000000,0.000000,0.000000,0.000000
18569,1,1,0.000011,0.999974,0.000002,0.000014
21489,0,0,1.000000,0.000000,0.000000,0.000000
32374,0,0,1.000000,0.000000,0.000000,0.000000
15242,1,1,0.000015,0.999962,0.000002,0.000021
4661,3,3,0.000000,0.000002,0.000001,0.999997
29514,0,0,1.000000,0.000000,0.000000,0.000000
30915,0,0,1.000000,0.000000,0.000000,0.000000
19840,1,1,0.000021,0.999944,0.000003,0.000031
11607,1,1,0.000008,0.999960,0.000000,0.000032
26041,0,0,1.000000,0.000000,0.000000,0.000000
32631,0,0,1.000000,0.000000,0.000000,0.000000
12086,1,1,0.000020,0.999908,0.000001,0.000070
13778,1,1,0.000033,0.999888,0.000002,0.000077
23141,0,0,1.000000,0.000000,0.000000,0.000000
23638,0,0,1.000000,0.000000,0.000000,0.000000
16350,1,1,0.000024,0.999937,0.000003,0.000035
5664,3,3,0.063818,0.000011,0.000189,0.935982
30103,0,0,1.000000,0.000000,0.000000,0.000000
141,3,3,0.000004,0.000002,0.000003,0.999991
17883,1,1,0.000027,0.999930,0.000003,0.000040
5,3,3,0.000002,0.000023,0.000001,0.999974
17276,1,1,0.000018,0.999958,0.000002,0.000022
28031,0,0,1.000000,0.000000,0.000000,0.000000
2993,3,3,0.000001,0.000001,0.000001,0.999997
14129,1,1,0.000027,0.999928,0.000003,0.000042
12434,1,1,0.000007,0.999971,0.000000,0.000022
26434,0,0,1.000000,0.000000,0.000000,0.000000
32684,0,0,1.000000,0.000000,0.000000,0.000000
13710,1,1,0.000012,0.999968,0.000001,0.000019
9464,1,1,0.000020,0.999947,0.000003,0.000029
14428,1,1,0.000025,0.999932,0.000003,0.000040
17844,1,1,0.000042,0.999878,0.000004,0.000077
7409,2,2,0.000000,0.000014,0.999975,0.000011
22620,0,0,1.000000,0.000000,0.000000,0.000000
18428,1,1,0.000021,0.999946,0.000002,0.000030
16430,1,1,0.000028,0.999924,0.000005,0.000043
26035,0,0,1.000000,0.000000,0.000000,0.000000
19256,1,1,0.000017,0.999958,0.000002,0.000023
6117,3,3,0.062970,0.000011,0.000191,0.936828
9718,1,1,0.000005,0.999975,0.000000,0.000019
13068,1,1,0.000012,0.999969,0.000001,0.000018
604,3,3,0.000003,0.000003,0.000002,0.999992
27282,0,0,1.000000,0.000000,0.000000,0.000000
16129,1,1,0.000005,0.999989,0.000001,0.000006
12972,1,1,0.000045,0.999808,0.000003,0.000145
23144,0,0,1.000000,0.000000,0.000000,0.000000
2270,3,3,0.000009,0.000010,0.000009,0.999972
4778,3,3,0.000000,0.000002,0.000001,0.999997
24940,0,0,1.000000,0.000000,0.000000,0.000000
22010,0,0,1.000000,0.000000,0.000000,0.000000
24374,0,0,1.000000,0.000000,0.000000,0.000000
24548,0,0,1.000000,0.000000,0.000000,0.000000
30312,0,0,1.000000,0.000000,0.000000,0.000000
10126,1,1,0.000006,0.999974,0.000000,0.000019
22838,0,0,1.000000,0.000000,0.000000,0.000000
23154,0,0,1.000000,0.000000,0.000000,0.000000
1569,3,3,0.000001,0.000002,0.000001,0.999997
16200,1,1,0.000027,0.999930,0.000004,0.000039
4978,3,3,0.000022,0.000000,0.000008,0.999969
29893,0,0,1.000000,0.000000,0.000000,0.000000
20972,1,1,0.000019,0.999956,0.000004,0.000021
17601,1,1,0.000017,0.999957,0.000002,0.000024
6433,3,3,0.060842,0.000010,0.000188,0.938960
33237,0,0,0.932905,0.000037,0.000100,0.066957
12444,1,1,0.000007,0.999967,0.000000,0.000026
24928,0,0,1.000000,0.000000,0.000000,0.000000
11080,1,1,0.000005,0.999976,0.000000,0.000019
18962,1,1,0.000014,0.999963,0.000002,0.000021
10761,1,1,0.000006,0.999974,0.000000,0.000020
8412,2,2,0.000000,0.000012,0.999978,0.000010
8977,2,2,0.000000,0.000012,0.999982,0.000007
19218,1,1,0.000005,0.999988,0.000001,0.000006
15227,1,1,0.000008,0.999981,0.000002,0.000009
10781,1,1,0.000006,0.999977,0.000000,0.000017
16230,1,1,0.000062,0.999823,0.000005,0.000110
26881,0,0,1.000000,0.000000,0.000000,0.000000
21988,0,0,1.000000,0.000000,0.000000,0.000000
9079,2,2,0.000000,0.000009,0.999985,0.000005
13131,1,1,0.000001,0.999998,0.000000,0.000001
6143,3,3,0.061970,0.000011,0.000191,0.937828
11198,1,1,0.000009,0.999964,0.000000,0.000027
20021,1,1,0.000017,0.999956,0.000003,0.000023
24130,0,0,1.000000,0.000000,0.000000,0.000000
25199,0,0,1.000000,0.000000,0.000000,0.000000
19015,1,1,0.000024,0.999930,0.000002,0.000043
18966,1,1,0.000033,0.999906,0.000003,0.000058
30551,0,0,1.000000,0.000000,0.000000,0.000000
14806,1,1,0.000003,0.999994,0.000001,0.000002
15351,1,1,0.000027,0.999933,0.000005,0.000034
26684,0,0,1.000000,0.000000,0.000000,0.000000
32170,0,0,1.000000,0.000000,0.000000,0.000000
10648,1,1,0.000007,0.999972,0.000000,0.000021
30408,0,0,1.000000,0.000000,0.000000,0.000000
8799,2,2,0.000014,0.000170,0.999505,0.000311
2587,3,3,0.000021,0.000001,0.000010,0.999967
9226,1,1,0.000017,0.999956,0.000004,0.000022
28623,0,0,1.000000,0.000000,0.000000,0.000000
11453,1,1,0.000006,0.999973,0.000000,0.000021
29242,0,0,1.000000,0.000000,0.000000,0.000000
1002,3,3,0.000018,0.000218,0.000003,0.999761
21392,0,1,0.001259,0.993450,0.000072,0.005220
1508,3,3,0.000004,0.000007,0.000002,0.999987
12195,1,1,0.000007,0.999965,0.000000,0.000028
23058,0,0,1.000000,0.000000,0.000000,0.000000
6339,3,3,0.066893,0.000011,0.000198,0.932898
19023,1,1,0.000023,0.999941,0.000003,0.000033
16214,1,1,0.000023,0.999943,0.000004,0.000030
32981,0,0,0.940677,0.000033,0.000088,0.059202
32327,0,0,1.000000,0.000000,0.000000,0.000000
968,3,3,0.000002,0.000005,0.000002,0.999991
17908,1,1,0.000020,0.999950,0.000002,0.000027
4264,3,3,0.000001,0.000001,0.000001,0.999997
4981,3,3,0.000006,0.000001,0.000005,0.999988
11225,1,1,0.000007,0.999973,0.000000,0.000020
15882,1,1,0.000013,0.999967,0.000005,0.000015
13100,1,1,0.000014,0.999964,0.000003,0.000020
166,3,3,0.000003,0.000004,0.000003,0.999990
32735,0,0,1.000000,0.000000,0.000000,0.000000
22020,0,0,1.000000,0.000000,0.000000,0.000000
19688,1,1,0.000051,0.999860,0.000006,0.000083
28961,0,0,1.000000,0.000000,0.000000,0.000000
3081,3,3,0.000001,0.000003,0.000001,0.999994
2590,3,3,0.000002,0.000003,0.000001,0.999994
13086,1,1,0.000039,0.999889,0.000003,0.000069
9932,1,1,0.000006,0.999978,0.000000,0.000015
19328,1,1,0.000005,0.999988,0.000001,0.000006
10807,1,1,0.000007,0.999971,0.000000,0.000022
10925,1,1,0.000004,0.999984,0.000000,0.000012
24857,0,0,1.000000,0.000000,0.000000,0.000000
31298,0,0,1.000000,0.000000,0.000000,0.000000
30191,0,0,1.000000,0.000000,0.000000,0.000000
2170,3,3,0.000002,0.000002,0.000002,0.999995
19639,1,1,0.000020,0.999949,0.000003,0.000029
3919,3,3,0.000000,0.000002,0.000001,0.999997
28095,0,0,1.000000,0.000000,0.000000,0.000000
8697,2,2,0.000002,0.000036,0.999919,0.000044
16383,1,1,0.000023,0.999941,0.000002,0.000034
4012,3,3,0.000000,0.000002,0.000001,0.999997
21273,1,1,0.000014,0.999962,0.000002,0.000021
30000,0,0,1.000000,0.000000,0.000000,0.000000
8653,2,2,0.000005,0.000051,0.999726,0.000218
21549,0,0,1.000000,0.000000,0.000000,0.000000
26189,0,0,1.000000,0.000000,0.000000,0.000000
31644,0,0,1.000000,0.000000,0.000000,0.000000
11878,1,1,0.000011,0.999957,0.000001,0.000032
31656,0,0,1.000000,0.000000,0.000000,0.000000
29783,0,0,1.000000,0.000000,0.000000,0.000000
23812,0,0,1.000000,0.000000,0.000000,0.000000
15776,1,1,0.000026,0.999922,0.000003,0.000048
2303,3,3,0.000019,0.000022,0.000011,0.999948
16891,1,1,0.000018,0.999956,0.000003,0.000023
12473,1,1,0.000010,0.999947,0.000000,0.000043
8413,2,2,0.000001,0.000032,0.999938,0.000029
18556,1,1,0.000032,0.999912,0.000004,0.000053
15947,1,1,0.000026,0.999929,0.000004,0.000041
19499,1,1,0.000016,0.999957,0.000002,0.000024
27658,0,0,1.000000,0.000000,0.000000,0.000000
7555,2,2,0.000003,0.000071,0.999873,0.000053
30483,0,0,1.000000,0.000000,0.000000,0.000000
24532,0,0,1.000000,0.000000,0.000000,0.000000
12343,1,1,0.000005,0.999975,0.000000,0.000019
11591,1,1,0.000006,0.999975,0.000000,0.000019
12014,1,1,0.000006,0.999975,0.000000,0.000018
17012,1,1,0.000037,0.999906,0.000004,0.000053
488,3,3,0.000000,0.000001,0.000001,0.999998
13884,1,1,0.000097,0.999592,0.000010,0.000301
7427,2,2,0.000001,0.000036,0.999947,0.000016
26671,0,0,1.000000,0.000000,0.000000,0.000000
631,3,3,0.000001,0.000004,0.000001,0.999994
13634,1,1,0.000002,0.999996,0.000000,0.000002
1125,3,3,0.000001,0.000003,0.000001,0.999995
10287,1,1,0.000004,0.999985,0.000000,0.000011
31392,0,0,1.000000,0.000000,0.000000,0.000000
8930,2,2,0.000002,0.000062,0.999910,0.000026
14570,1,1,0.000002,0.999995,0.000001,0.000002
1659,3,3,0.000000,0.000001,0.000001,0.999997
11074,1,1,0.000005,0.999978,0.000000,0.000016
30944,0,0,1.000000,0.000000,0.000000,0.000000
18764,1,1,0.000036,0.999898,0.000003,0.000062
18798,1,1,0.000038,0.999886,0.000004,0.000072
28332,0,0,1.000000,0.000000,0.000000,0.000000
31698,0,0,1.000000,0.000000,0.000000,0.000000
14595,1,1,0.000006,0.999988,0.000001,0.000005
31558,0,0,1.000000,0.000000,0.000000,0.000000
10744,1,1,0.000007,0.999970,0.000000,0.000022
29827,0,0,1.000000,0.000000,0.000000,0.000000
2423,3,3,0.000006,0.000002,0.000004,0.999988
22912,0,0,1.000000,0.000000,0.000000,0.000000
4643,3,3,0.000001,0.000002,0.000001,0.999996
16593,1,1,0.000015,0.999964,0.000003,0.000018
20704,1,1,0.000018,0.999952,0.000002,0.000027
25602,0,0,1.000000,0.000000,0.000000,0.000000
20728,1,1,0.000007,0.999984,0.000001,0.000008
21180,1,1,0.000021,0.999946,0.000003,0.000030
1003,3,3,0.000007,0.000090,0.000002,0.999900
16266,1,1,0.000037,0.999894,0.000004,0.000066
3210,3,3,0.000003,0.000001,0.000002,0.999994
25864,0,0,1.000000,0.000000,0.000000,0.000000
27386,0,0,1.000000,0.000000,0.000000,0.000000
27398,0,0,1.000000,0.000000,0.000000,0.000000
24972,0,0,1.000000,0.000000,0.000000,0.000000
23652,0,0,1.000000,0.000000,0.000000,0.000000
20095,1,1,0.000018,0.999955,0.000003,0.000024
11177,1,1,0.000006,0.999971,0.000000,0.000022
10707,1,1,0.000006,0.999974,0.000000,0.000020
32194,0,0,1.000000,0.000000,0.000000,0.000000
29204,0,0,1.000000,0.000000,0.000000,0.000000
2981,3,3,0.000033,0.000001,0.000013,0.999954
13113,1,1,0.000002,0.999995,0.000001,0.000001
25990,0,0,1.000000,0.000000,0.000000,0.000000
10400,1,1,0.000006,0.999977,0.000000,0.000017
2468,3,3,0.000017,0.000002,0.000010,0.999970
19285,1,1,0.000019,0.999955,0.000003,0.000024
4473,3,3,0.000001,0.000002,0.000001,0.999996
25549,0,0,1.000000,0.000000,0.000000,0.000000
32992,0,0,0.944656,0.000031,0.000083,0.055230
30287,0,0,1.000000,0.000000,0.000000,0.000000
29981,0,0,1.000000,0.000000,0.000000,0.000000
10933,1,1,0.000006,0.999973,0.000000,0.000021
14787,1,1,0.000004,0.999991,0.000001,0.000004
9523,1,1,0.000016,0.999963,0.000003,0.000018
6023,3,3,0.000006,0.000011,0.000002,0.999981
16450,1,1,0.000025,0.999940,0.000004,0.000031
12216,1,1,0.000015,0.999932,0.000001,0.000052
8409,2,2,0.000001,0.000017,0.999964,0.000018
31112,0,0,1.000000,0.000000,0.000000,0.000000
7942,2,2,0.000001,0.000014,0.999966,0.000019
2859,3,3,0.000001,0.000002,0.000001,0.999995
817,3,3,0.000001,0.000010,0.000001,0.999988
5948,3,3,0.059954,0.000010,0.000188,0.939848
24765,0,0,1.000000,0.000000,0.000000,0.000000
11634,1,1,0.000005,0.999972,0.000000,0.000023
20934,1,1,0.000012,0.999973,0.000002,0.000013
8554,2,2,0.000000,0.000014,0.999981,0.000005
21781,0,0,1.000000,0.000000,0.000000,0.000000
22667,0,0,1.000000,0.000000,0.000000,0.000000
20639,1,1,0.000024,0.999935,0.000003,0.000038
951,3,3,0.000001,0.000003,0.000002,0.999994
18334,1,1,0.000024,0.999936,0.000003,0.000036
9750,1,1,0.000006,0.999974,0.000000,0.000020
15766,1,1,0.000015,0.999964,0.000002,0.000019
21225,1,1,0.000015,0.999962,0.000002,0.000021
9352,1,1,0.000028,0.999932,0.000006,0.000034
13105,1,1,0.000008,0.999981,0.000001,0.000010
1232,3,3,0.000002,0.000016,0.000001,0.999980
20528,1,1,0.000020,0.999949,0.000003,0.000028
18753,1,1,0.000027,0.999925,0.000003,0.000045
18210,1,1,0.000020,0.999949,0.000002,0.000029
7220,2,2,0.000000,0.000010,0.999984,0.000005
1753,3,3,0.000000,0.000002,0.000001,0.999997
8182,2,2,0.000018,0.000668,0.999129,0.000184
23037,0,0,1.000000,0.000000,0.000000,0.000000
19568,1,1,0.000019,0.999953,0.000003,0.000025
18701,1,1,0.000032,0.999914,0.000004,0.000051
16865,1,1,0.000006,0.999985,0.000001,0.000008
31219,0,0,1.000000,0.000000,0.000000,0.000000
1955,3,3,0.000004,0.000002,0.000002,0.999991
14921,1,1,0.000015,0.999965,0.000002,0.000018
14667,1,1,0.000024,0.999932,0.000003,0.000040
2084,3,3,0.006848,0.000000,0.000017,0.993135
3292,3,3,0.000000,0.000002,0.000001,0.999997
4442,3,3,0.000000,0.000001,0.000001,0.999997
4351,3,3,0.000013,0.000002,0.000013,0.999973
6526,3,3,0.000008,0.000002,0.000004,0.999985
2065,3,3,0.000001,0.000002,0.000002,0.999994
13959,1,1,0.000032,0.999918,0.000006,0.000044
1177,3,3,0.000001,0.000003,0.000001,0.999995
20040,1,1,0.000030,0.999921,0.000004,0.000046
16237,1,1,0.000013,0.999968,0.000002,0.000017
5005,3,3,0.000024,0.000008,0.000008,0.999960
17296,1,1,0.000020,0.999950,0.000002,0.000028
19268,1,1,0.000022,0.999946,0.000003,0.000029
449,3,3,0.000000,0.000003,0.000001,0.999996
4919,3,3,0.000011,0.000024,0.000004,0.999961
16116,1,1,0.000025,0.999940,0.000004,0.000030
12242,1,1,0.000007,0.999967,0.000000,0.000025
13268,1,1,0.000006,0.999985,0.000001,0.000008
22450,0,0,1.000000,0.000000,0.000000,0.000000
32548,0,0,1.000000,0.000000,0.000000,0.000000
31667,0,0,1.000000,0.000000,0.000000,0.000000
26039,0,0,1.000000,0.000000,0.000000,0.000000
2964,3,3,0.000000,0.000001,0.000001,0.999998
30075,0,0,1.000000,0.000000,0.000000,0.000000
9601,1,1,0.000058,0.999627,0.000003,0.000312
23773,0,0,1.000000,0.000000,0.000000,0.000000
11526,1,1,0.000005,0.999981,0.000000,0.000014
19112,1,1,0.000016,0.999960,0.000002,0.000022
11095,1,1,0.000007,0.999971,0.000000,0.000022
15150,1,1,0.000009,0.999979,0.000002,0.000009
17872,1,1,0.000009,0.999977,0.000001,0.000012
29387,0,0,1.000000,0.000000,0.000000,0.000000
15714,1,1,0.000013,0.999968,0.000002,0.000017
12259,1,1,0.000008,0.999965,0.000000,0.000027
14790,1,1,0.000070,0.999772,0.000004,0.000153
10204,1,1,0.000006,0.999972,0.000000,0.000021
32917,0,0,0.946798,0.000033,0.000082,0.053087
434,3,3,0.000001,0.000003,0.000002,0.999994
10867,1,1,0.000007,0.999963,0.000000,0.000029
19935,1,1,0.000026,0.999937,0.000004,0.000033
18242,1,1,0.000050,0.999857,0.000004,0.000089
28155,0,0,1.000000,0.000000,0.000000,0.000000
21226,1,1,0.000016,0.999961,0.000002,0.000022
6417,3,3,0.062723,0.000011,0.000192,0.937075
17917,1,1,0.000013,0.999967,0.000002,0.000018
12191,1,1,0.000006,0.999971,0.000000,0.000024
22826,0,0,1.000000,0.000000,0.000000,0.000000
29330,0,0,1.000000,0.000000,0.000000,0.000000
27357,0,0,1.000000,0.000000,0.000000,0.000000
16791,1,1,0.000025,0.999934,0.000003,0.000038
6122,3,3,0.062813,0.000011,0.000191,0.936985
16887,1,1,0.000019,0.999952,0.000003,0.000026
25824,0,0,1.000000,0.000000,0.000000,0.000000
20103,1,1,0.000023,0.999941,0.000004,0.000032
17124,1,1,0.000022,0.999946,0.000003,0.000029
10674,1,1,0.000005,0.999978,0.000000,0.000016
18114,1,1,0.000013,0.999970,0.000002,0.000015
3842,3,3,0.000001,0.000001,0.000001,0.999997
10288,1,1,0.000005,0.999983,0.000000,0.000012
3757,3,3,0.000001,0.000001,0.000001,0.999997
16680,1,1,0.000027,0.999929,0.000004,0.000041
23698,0,0,1.000000,0.000000,0.000000,0.000000
32041,0,0,1.000000,0.000000,0.000000,0.000000
5997,3,3,0.062504,0.000010,0.000190,0.937295
33122,0,0,0.937748,0.000033,0.000092,0.062126
10325,1,1,0.000005,0.999971,0.000000,0.000024
32,3,3,0.000001,0.000002,0.000001,0.999996
10112,1,1,0.000008,0.999963,0.000000,0.000029
10727,1,1,0.000005,0.999979,0.000000,0.000015
7718,2,2,0.000000,0.000016,0.999976,0.000008
24837,0,0,1.000000,0.000000,0.000000,0.000000
22441,0,0,1.000000,0.000000,0.000000,0.000000
16473,1,1,0.000009,0.999979,0.000002,0.000010
29295,0,0,1.000000,0.000000,0.000000,0.000000
32967,0,0,0.947471,0.000032,0.000080,0.052417
17821,1,1,0.000040,0.999888,0.000005,0.000067
3393,3,3,0.000001,0.000001,0.000001,0.999996
26725,0,0,1.000000,0.000000,0.000000,0.000000
218,3,3,0.000002,0.000002,0.000002,0.999994
8783,2,2,0.000001,0.000034,0.999944,0.000021
7314,2,2,0.000000,0.000014,0.999979,0.000006
29377,0,0,1.000000,0.000000,0.000000,0.000000
11947,1,1,0.000004,0.999984,0.000000,0.000012
29020,0,0,1.000000,0.000000,0.000000,0.000000
29545,0,0,1.000000,0.000000,0.000000,0.000000
14374,1,1,0.000008,0.999982,0.000001,0.000010
13461,1,1,0.000025,0.999931,0.000002,0.000041
65,3,3,0.000168,0.000141,0.000027,0.999664
12757,1,1,0.000007,0.999959,0.000000,0.000033
20253,1,1,0.000030,0.999917,0.000004,0.000049
30256,0,0,1.000000,0.000000,0.000000,0.000000
1195,3,3,0.000001,0.000012,0.000001,0.999985
539,3,3,0.000004,0.000008,0.000002,0.999986
6432,3,3,0.061393,0.000010,0.000189,0.938407
25151,0,0,1.000000,0.000000,0.000000,0.000000
12256,1,1,0.000008,0.999967,0.000000,0.000025
20152,1,1,0.000015,0.999964,0.000003,0.000018
32090,0,0,1.000000,0.000000,0.000000,0.000000
17541,1,1,0.000021,0.999945,0.000003,0.000031
22166,0,0,1.000000,0.000000,0.000000,0.000000
21150,1,1,0.000019,0.999953,0.000003,0.000025
11289,1,1,0.000006,0.999973,0.000000,0.000021
11827,1,1,0.000009,0.999952,0.000000,0.000039
22057,0,0,1.000000,0.000000,0.000000,0.000000
23367,0,0,1.000000,0.000000,0.000000,0.000000
11584,1,1,0.000009,0.999935,0.000000,0.000055
16368,1,1,0.000020,0.999951,0.000003,0.000027
20954,1,1,0.000014,0.999968,0.000002,0.000015
21879,0,0,1.000000,0.000000,0.000000,0.000000
22428,0,0,1.000000,0.000000,0.000000,0.000000
13050,1,1,0.000045,0.999856,0.000005,0.000094
17237,1,1,0.000026,0.999930,0.000003,0.000042
16391,1,1,0.000014,0.999965,0.000002,0.000018
12927,1,1,0.000011,0.999974,0.000007,0.000009
27956,0,0,1.000000,0.000000,0.000000,0.000000
24230,0,0,1.000000,0.000000,0.000000,0.000000
27910,0,0,1.000000,0.000000,0.000000,0.000000
28939,0,0,1.000000,0.000000,0.000000,0.000000
12818,1,1,0.000019,0.999929,0.000001,0.000051
6867,2,2,0.000001,0.000021,0.999969,0.000009
27653,0,0,1.000000,0.000000,0.000000,0.000000
20185,1,1,0.000012,0.999969,0.000002,0.000016
9709,1,1,0.000032,0.999914,0.000005,0.000049
10456,1,1,0.000008,0.999969,0.000001,0.000022
3384,3,3,0.000000,0.000001,0.000001,0.999998
1893,3,3,0.000007,0.000001,0.000005,0.999987
4875,3,3,0.000001,0.000001,0.000001,0.999997
2173,3,3,0.000002,0.000002,0.000002,0.999994
11366,1,1,0.000006,0.999977,0.000000,0.000017
671,3,3,0.000003,0.000002,0.000004,0.999992
11190,1,1,0.000006,0.999976,0.000000,0.000018
10817,1,1,0.000006,0.999973,0.000000,0.000021
27049,0,0,1.000000,0.000000,0.000000,0.000000
25452,0,0,1.000000,0.000000,0.000000,0.000000
15926,1,1,0.000028,0.999927,0.000003,0.000042
14856,1,1,0.000018,0.999953,0.000003,0.000026
4972,3,3,0.000001,0.000002,0.000001,0.999996
15735,1,1,0.000007,0.999984,0.000001,0.000009
20187,1,1,0.000021,0.999946,0.000003,0.000031
18454,1,1,0.000019,0.999948,0.000002,0.000030
26302,0,0,1.000000,0.000000,0.000000,0.000000
23044,0,0,1.000000,0.000000,0.000000,0.000000
26696,0,0,1.000000,0.000000,0.000000,0.000000
3007,3,3,0.000001,0.000002,0.000001,0.999997
17074,1,1,0.000034,0.999916,0.000004,0.000047
18263,1,1,0.000027,0.999929,0.000004,0.000040
32196,0,0,1.000000,0.000000,0.000000,0.000000
7026,2,2,0.000002,0.000046,0.999920,0.000032
24199,0,0,1.000000,0.000000,0.000000,0.000000
10447,1,1,0.000007,0.999965,0.000000,0.000028
18795,1,1,0.000030,0.999918,0.000003,0.000049
32523,0,0,1.000000,0.000000,0.000000,0.000000
22722,0,0,1.000000,0.000000,0.000000,0.000000
28657,0,0,1.000000,0.000000,0.000000,0.000000
8591,2,2,0.000000,0.000014,0.999978,0.000007
29711,0,0,1.000000,0.000000,0.000000,0.000000
5513,3,3,0.061765,0.000010,0.000190,0.938034
352,3,3,0.000008,0.000002,0.000004,0.999987
22962,0,0,1.000000,0.000000,0.000000,0.000000
15923,1,1,0.000023,0.999945,0.000003,0.000029
15762,1,1,0.000011,0.999975,0.000002,0.000013
14982,1,1,0.000031,0.999915,0.000004,0.000049
19094,1,1,0.000023,0.999942,0.000003,0.000032
6211,3,3,0.061125,0.000010,0.000187,0.938677
891,3,3,0.000005,0.000003,0.000004,0.999987
7264,2,2,0.000000,0.000011,0.999981,0.000007
7943,2,2,0.000000,0.000013,0.999977,0.000010
7744,2,2,0.000008,0.000074,0.999604,0.000313
31744,0,0,1.000000,0.000000,0.000000,0.000000
24366,0,0,1.000000,0.000000,0.000000,0.000000
26807,0,0,1.000000,0.000000,0.000000,0.000000
715,3,3,0.000045,0.000038,0.000018,0.999898
33012,0,0,0.947531,0.000032,0.000080,0.052358
32711,0,0,1.000000,0.000000,0.000000,0.000000
12696,1,1,0.000100,0.999129,0.000006,0.000765
21173,1,1,0.000014,0.999965,0.000002,0.000019
6046,3,3,0.061578,0.000010,0.000189,0.938222
20892,1,1,0.000013,0.999969,0.000002,0.000017
13697,1,1,0.000004,0.999989,0.000001,0.000006
14311,1,1,0.000001,0.999997,0.000000,0.000001
30129,0,0,1.000000,0.000000,0.000000,0.000000
5520,3,3,0.061935,0.000010,0.000189,0.937865
4969,3,3,0.000001,0.000002,0.000001,0.999996
13257,1,1,0.000016,0.999960,0.000002,0.000023
17984,1,1,0.000005,0.999989,0.000001,0.000005
16250,1,1,0.000013,0.999969,0.000002,0.000016
30845,0,0,1.000000,0.000000,0.000000,0.000000
22214,0,0,1.000000,0.000000,0.000000,0.000000
9772,1,1,0.000006,0.999970,0.000000,0.000023
11682,1,1,0.000011,0.999951,0.000000,0.000038
15632,1,1,0.000010,0.999975,0.000002,0.000013
16390,1,1,0.000015,0.999965,0.000002,0.000019
3439,3,3,0.000001,0.000002,0.000001,0.999996
25157,0,0,1.000000,0.000000,0.000000,0.000000
852,3,3,0.000077,0.000172,0.000016,0.999734
26245,0,0,1.000000,0.000000,0.000000,0.000000
8414,2,2,0.000000,0.000013,0.999974,0.000013
12458,1,1,0.000008,0.999965,0.000000,0.000027
27108,0,0,1.000000,0.000000,0.000000,0.000000
2163,3,3,0.000000,0.000000,0.000000,1.000000
29292,0,0,1.000000,0.000000,0.000000,0.000000
29078,0,0,1.000000,0.000000,0.000000,0.000000
11437,1,1,0.000007,0.999955,0.000000,0.000038
30183,0,0,1.000000,0.000000,0.000000,0.000000
3601,3,3,0.000000,0.000002,0.000001,0.999997
17997,1,1,0.000038,0.999889,0.000003,0.000069
20075,1,1,0.000013,0.999969,0.000002,0.000016
18853,1,1,0.000018,0.999955,0.000002,0.000025
31576,0,0,1.000000,0.000000,0.000000,0.000000
22773,0,0,1.000000,0.000000,0.000000,0.000000
25939,0,0,1.000000,0.000000,0.000000,0.000000
19735,1,1,0.000016,0.999958,0.000002,0.000024
13937,1,1,0.000042,0.999887,0.000005,0.000067
10243,1,1,0.000006,0.999974,0.000000,0.000020
23391,0,0,1.000000,0.000000,0.000000,0.000000
14576,1,1,0.000010,0.999975,0.000004,0.000011
20321,1,1,0.000025,0.999936,0.000004,0.000036
32489,0,0,1.000000,0.000000,0.000000,0.000000
19397,1,1,0.000012,0.999971,0.000002,0.000015
13211,1,1,0.000021,0.999946,0.000005,0.000029
5777,3,3,0.062811,0.000011,0.000193,0.936985
22928,0,0,1.000000,0.000000,0.000000,0.000000
3417,3,3,0.000001,0.000002,0.000001,0.999997
226,3,3,0.000001,0.000002,0.000001,0.999996
8487,2,2,0.000005,0.000077,0.999784,0.000134
14751,1,1,0.000002,0.999995,0.000000,0.000002
27197,0,0,1.000000,0.000000,0.000000,0.000000
17185,1,1,0.000017,0.999957,0.000002,0.000024
7459,2,2,0.000000,0.000016,0.999973,0.000011
2301,3,3,0.000004,0.000011,0.000004,0.999981
19779,1,1,0.000015,0.999969,0.000003,0.000013
30161,0,0,1.000000,0.000000,0.000000,0.000000
30082,0,0,1.000000,0.000000,0.000000,0.000000
9319,1,1,0.000027,0.999934,0.000006,0.000034
100,3,3,0.000002,0.000002,0.000003,0.999993
23863,0,0,1.000000,0.000000,0.000000,0.000000
7704,2,2,0.000001,0.000025,0.999948,0.000027
25625,0,0,1.000000,0.000000,0.000000,0.000000
32178,0,0,1.000000,0.000000,0.000000,0.000000
16376,1,1,0.000019,0.999951,0.000003,0.000027
18745,1,1,0.000017,0.999958,0.000002,0.000023
2209,3,3,0.000001,0.000001,0.000001,0.999997
21293,1,1,0.000029,0.999925,0.000004,0.000042
3921,3,3,0.000001,0.000002,0.000001,0.999996
31511,0,0,1.000000,0.000000,0.000000,0.000000
7952,2,2,0.000000,0.000012,0.999974,0.000013
16418,1,1,0.000030,0.999920,0.000004,0.000047
27897,0,0,1.000000,0.000000,0.000000,0.000000
28853,0,0,1.000000,0.000000,0.000000,0.000000
19408,1,1,0.000011,0.999976,0.000002,0.000012
11552,1,1,0.000007,0.999971,0.000000,0.000021
31300,0,0,1.000000,0.000000,0.000000,0.000000
28524,0,0,1.000000,0.000000,0.000000,0.000000
11794,1,1,0.000007,0.999969,0.000000,0.000023
1688,3,3,0.000001,0.000002,0.000001,0.999997
25029,0,0,1.000000,0.000000,0.000000,0.000000
20026,1,1,0.000031,0.999917,0.000004,0.000048
22568,0,0,1.000000,0.000000,0.000000,0.000000
31870,0,0,1.000000,0.000000,0.000000,0.000000
15257,1,1,0.000003,0.999993,0.000002,0.000002
18662,1,1,0.000023,0.999942,0.000003,0.000033
18099,1,1,0.000015,0.999962,0.000002,0.000020
3428,3,3,0.000001,0.000002,0.000001,0.999996
32929,0,0,0.948063,0.000034,0.000082,0.051821
12645,1,1,0.000038,0.999834,0.000002,0.000125
1519,3,3,0.000001,0.000001,0.000001,0.999996
11731,1,1,0.000008,0.999960,0.000000,0.000032
5198,3,3,0.183940,0.000013,0.000209,0.815837
2035,3,3,0.000002,0.000026,0.000001,0.999971
7589,2,2,0.000001,0.000026,0.999949,0.000024
14833,1,1,0.000002,0.999995,0.000001,0.000001
25169,0,0,1.000000,0.000000,0.000000,0.000000
24084,0,0,1.000000,0.000000,0.000000,0.000000
15335,1,1,0.000006,0.999986,0.000001,0.000008
5621,3,3,0.064149,0.000011,0.000193,0.935647
5116,3,3,0.000015,0.000021,0.000009,0.999956
12924,1,1,0.000008,0.999979,0.000003,0.000010
14169,1,1,0.000013,0.999961,0.000002,0.000024
11961,1,1,0.000007,0.999970,0.000000,0.000022
32148,0,0,1.000000,0.000000,0.000000,0.000000
28810,0,0,1.000000,0.000000,0.000000,0.000000
33066,0,0,0.887051,0.000039,0.000145,0.112765
7657,2,2,0.000000,0.000009,0.999986,0.000005
3290,3,3,0.000002,0.000008,0.000002,0.999988
9622,1,1,0.000014,0.999961,0.000002,0.000023
20433,1,1,0.000023,0.999941,0.000004,0.000032
22108,0,0,1.000000,0.000000,0.000000,0.000000
16334,1,1,0.000026,0.999935,0.000003,0.000035
32402,0,0,1.000000,0.000000,0.000000,0.000000
13530,1,1,0.000022,0.999944,0.000004,0.000030
3367,3,3,0.000000,0.000001,0.000001,0.999997
13804,1,1,0.000017,0.999952,0.000002,0.000030
14007,1,1,0.000002,0.999996,0.000001,0.000001
27393,0,0,1.000000,0.000000,0.000000,0.000000
8136,2,2,0.000000,0.000013,0.999981,0.000006
7749,2,2,0.000069,0.000580,0.998086,0.001265
15308,1,1,0.000028,0.999917,0.000013,0.000043
17628,1,1,0.000017,0.999959,0.000003,0.000022
13389,1,1,0.000016,0.999954,0.000002,0.000028
16220,1,1,0.000011,0.999974,0.000002,0.000014
11003,1,1,0.000010,0.999969,0.000001,0.000019
32990,0,0,0.946413,0.000031,0.000081,0.053475
18784,1,1,0.000027,0.999928,0.000003,0.000043
16415,1,1,0.000031,0.999913,0.000003,0.000052
12087,1,1,0.000023,0.999906,0.000001,0.000070
31742,0,0,1.000000,0.000000,0.000000,0.000000
17108,1,1,0.000013,0.999969,0.000002,0.000017
12013,1,1,0.000006,0.999972,0.000000,0.000021
2992,3,3,0.000000,0.000001,0.000001,0.999997
7252,2,2,0.000000,0.000011,0.999982,0.000007
14039,1,1,0.000017,0.999953,0.000004,0.000026
12994,1,1,0.000003,0.999994,0.000000,0.000003
21517,0,0,1.000000,0.000000,0.000000,0.000000
14463,1,1,0.000064,0.999805,0.000011,0.000121
21237,1,1,0.000019,0.999951,0.000003,0.000026
28730,0,0,1.000000,0.000000,0.000000,0.000000
27707,0,0,1.000000,0.000000,0.000000,0.000000
32484,0,0,1.000000,0.000000,0.000000,0.000000
23232,0,0,1.000000,0.000000,0.000000,0.000000
10916,1,1,0.000005,0.999974,0.000000,0.000020
9087,2,2,0.000001,0.000022,0.999967,0.000010
20003,1,1,0.000020,0.999947,0.000003,0.000030
14201,1,1,0.000010,0.999977,0.000002,0.000012
904,3,3,0.000001,0.000008,0.000001,0.999990
21720,0,0,1.000000,0.000000,0.000000,0.000000
19500,1,1,0.000039,0.999895,0.000005,0.000061
20792,1,1,0.000019,0.999949,0.000002,0.000030
7094,2,2,0.000001,0.000028,0.999953,0.000018
28376,0,0,1.000000,0.000000,0.000000,0.000000
13020,1,1,0.000002,0.999997,0.000001,0.000001
605,3,3,0.000003,0.000005,0.000002,0.999990
5378,3,3,0.177707,0.000013,0.000202,0.822079
18917,1,1,0.000012,0.999969,0.000001,0.000017
31692,0,0,1.000000,0.000000,0.000000,0.000000
28828,0,0,1.000000,0.000000,0.000000,0.000000
32818,0,0,1.000000,0.000000,0.000000,0.000000
4977,3,3,0.000002,0.000000,0.000002,0.999995
15772,1,1,0.000016,0.999960,0.000002,0.000023
28519,0,0,1.000000,0.000000,0.000000,0.000000
5255,3,3,0.172429,0.000013,0.000201,0.827357
26820,0,0,1.000000,0.000000,0.000000,0.000000
12284,1,1,0.000007,0.999962,0.000000,0.000030
15357,1,1,0.000030,0.999918,0.000003,0.000049
32243,0,0,1.000000,0.000000,0.000000,0.000000
16001,1,1,0.000033,0.999909,0.000004,0.000054
27660,0,0,1.000000,0.000000,0.000000,0.000000
33276,0,0,0.930548,0.000035,0.000100,0.069317
30010,0,0,1.000000,0.000000,0.000000,0.000000
25558,0,0,1.000000,0.000000,0.000000,0.000000
4916,3,3,0.000003,0.000006,0.000003,0.999988
5117,3,3,0.001053,0.000130,0.000217,0.998600
12738,1,1,0.000015,0.999931,0.000001,0.000053
9183,1,1,0.000012,0.999968,0.000002,0.000018
26951,0,0,1.000000,0.000000,0.000000,0.000000
10513,1,1,0.000004,0.999984,0.000000,0.000012
11970,1,1,0.000008,0.999963,0.000000,0.000028
20725,1,1,0.000023,0.999937,0.000003,0.000037
15481,1,1,0.000005,0.999990,0.000002,0.000004
30485,0,0,1.000000,0.000000,0.000000,0.000000
28436,0,0,1.000000,0.000000,0.000000,0.000000
10811,1,1,0.000006,0.999976,0.000000,0.000019
12952,1,1,0.000005,0.999980,0.000000,0.000015
3585,3,3,0.000000,0.000001,0.000001,0.999998
17964,1,1,0.000037,0.999887,0.000003,0.000072
3724,3,3,0.000000,0.000001,0.000001,0.999997
22058,0,0,1.000000,0.000000,0.000000,0.000000
4502,3,3,0.000001,0.000005,0.000001,0.999993
14561,1,1,0.000011,0.999976,0.000002,0.000011
30464,0,0,1.000000,0.000000,0.000000,0.000000
23870,0,0,1.000000,0.000000,0.000000,0.000000
19204,1,1,0.000021,0.999945,0.000002,0.000031
13588,1,1,0.000040,0.999885,0.000004,0.000071
4923,3,3,0.000001,0.000004,0.000001,0.999994
7178,2,2,0.000000,0.000012,0.999982,0.000006
22158,0,0,1.000000,0.000000,0.000000,0.000000
16401,1,1,0.000012,0.999972,0.000002,0.000014
17421,1,1,0.000026,0.999935,0.000003,0.000036
8890,2,2,0.000001,0.000015,0.999965,0.000020
19930,1,1,0.000007,0.999985,0.000001,0.000007
12519,1,1,0.000012,0.999943,0.000001,0.000045
24963,0,0,1.000000,0.000000,0.000000,0.000000
32022,0,0,1.000000,0.000000,0.000000,0.000000
29806,0,0,1.000000,0.000000,0.000000,0.000000
29553,0,0,1.000000,0.000000,0.000000,0.000000
10306,1,1,0.000005,0.999979,0.000000,0.000016
22576,0,0,1.000000,0.000000,0.000000,0.000000
24367,0,0,1.000000,0.000000,0.000000,0.000000
29586,0,0,1.000000,0.000000,0.000000,0.000000
17424,1,1,0.000016,0.999960,0.000002,0.000022
16907,1,1,0.000020,0.999950,0.000003,0.000027
15983,1,1,0.000026,0.999932,0.000004,0.000038
16631,1,1,0.000012,0.999972,0.000002,0.000015
33194,0,0,0.933860,0.000033,0.000096,0.066010
18613,1,1,0.000009,0.999979,0.000001,0.000011
15138,1,1,0.000020,0.999949,0.000003,0.000029
7740,2,2,0.000001,0.000022,0.999947,0.000030
32273,0,0,1.000000,0.000000,0.000000,0.000000
27133,0,0,1.000000,0.000000,0.000000,0.000000
168,3,3,0.000006,0.000005,0.000003,0.999986
12521,1,1,0.000010,0.999951,0.000000,0.000038
32613,0,0,1.000000,0.000000,0.000000,0.000000
5237,3,3,0.182433,0.000013,0.000205,0.817349
14685,1,1,0.000051,0.999869,0.000004,0.000076
13568,1,1,0.000027,0.999922,0.000002,0.000049
31581,0,0,1.000000,0.000000,0.000000,0.000000
354,3,3,0.000001,0.000002,0.000001,0.999995
18315,1,1,0.000003,0.999994,0.000001,0.000003
23752,0,0,1.000000,0.000000,0.000000,0.000000
3390,3,3,0.000001,0.000001,0.000001,0.999997
22779,0,0,1.000000,0.000000,0.000000,0.000000
19375,1,1,0.000023,0.999940,0.000003,0.000034
27972,0,0,1.000000,0.000000,0.000000,0.000000
32354,0,0,1.000000,0.000000,0.000000,0.000000
6732,2,2,0.000001,0.000025,0.999955,0.000019
32744,0,0,1.000000,0.000000,0.000000,0.000000
21114,1,1,0.000013,0.999969,0.000002,0.000016
14441,1,1,0.000003,0.999995,0.000001,0.000002
12789,1,1,0.000008,0.999953,0.000000,0.000039
2473,3,3,0.000001,0.000001,0.000001,0.999997
9356,1,1,0.000018,0.999955,0.000003,0.000024
13282,1,1,0.000004,0.999990,0.000003,0.000002
21036,1,1,0.000024,0.999938,0.000004,0.000034
5162,3,3,0.191549,0.000013,0.000208,0.808230
28479,0,0,1.000000,0.000000,0.000000,0.000000
26784,0,0,1.000000,0.000000,0.000000,0.000000
9690,1,1,0.000007,0.999984,0.000001,0.000008
24176,0,0,1.000000,0.000000,0.000000,0.000000
25344,0,0,1.000000,0.000000,0.000000,0.000000
3710,3,3,0.000001,0.000002,0.000001,0.999997
28769,0,0,1.000000,0.000000,0.000000,0.000000
365,3,3,0.000009,0.000001,0.000007,0.999982
30558,0,0,1.000000,0.000000,0.000000,0.000000
19146,1,1,0.000025,0.999936,0.000003,0.000036
14682,1,1,0.000031,0.999890,0.000003,0.000076
25949,0,0,1.000000,0.000000,0.000000,0.000000
27017,0,0,1.000000,0.000000,0.000000,0.000000
10774,1,1,0.000006,0.999974,0.000000,0.000020
11678,1,1,0.000007,0.999963,0.000000,0.000030
26839,0,0,1.000000,0.000000,0.000000,0.000000
14926,1,1,0.000008,0.999981,0.000002,0.000009
28612,0,0,1.000000,0.000000,0.000000,0.000000
18397,1,1,0.000014,0.999965,0.000002,0.000020
7058,2,2,0.000000,0.000014,0.999975,0.000010
7679,2,2,0.000000,0.000019,0.999972,0.000009
13414,1,1,0.000006,0.999986,0.000001,0.000008
12553,1,1,0.000005,0.999981,0.000000,0.000014
4909,3,3,0.000001,0.000002,0.000001,0.999997
3870,3,3,0.000002,0.000002,0.000002,0.999994
17463,1,1,0.000052,0.999847,0.000005,0.000096
32896,0,0,0.951265,0.000034,0.000078,0.048623
20898,1,1,0.000015,0.999961,0.000002,0.000021
23507,0,0,1.000000,0.000000,0.000000,0.000000
20845,1,1,0.000018,0.999954,0.000003,0.000026
2010,3,3,0.000028,0.000008,0.000020,0.999943
3015,3,3,0.000007,0.000001,0.000007,0.999985
21539,0,0,1.000000,0.000000,0.000000,0.000000
2446,3,3,0.000001,0.000002,0.000001,0.999997
4902,3,3,0.000001,0.000002,0.000001,0.999996
14250,1,1,0.000009,0.999978,0.000002,0.000010
12441,1,1,0.000008,0.999961,0.000000,0.000031
23278,0,0,1.000000,0.000000,0.000000,0.000000
27562,0,0,1.000000,0.000000,0.000000,0.000000
17337,1,1,0.000015,0.999966,0.000002,0.000016
14995,1,1,0.000006,0.999985,0.000002,0.000007
11576,1,1,0.000007,0.999974,0.000000,0.000019
16930,1,1,0.000040,0.999876,0.000004,0.000080
15793,1,1,0.000005,0.999988,0.000001,0.000006
22630,0,0,1.000000,0.000000,0.000000,0.000000
10522,1,1,0.000007,0.999973,0.000001,0.000019
31410,0,0,1.000000,0.000000,0.000000,0.000000
6593,2,2,0.000001,0.000035,0.999943,0.000021
2124,3,3,0.000006,0.000000,0.000000,0.999994
17920,1,1,0.000011,0.999975,0.000002,0.000013
30595,0,0,1.000000,0.000000,0.000000,0.000000
8347,2,2,0.000000,0.000014,0.999979,0.000007
22744,0,0,1.000000,0.000000,0.000000,0.000000
2394,3,3,0.000001,0.000002,0.000001,0.999995
12139,1,1,0.000005,0.999976,0.000000,0.000018
21054,1,1,0.000013,0.999968,0.000002,0.000017
1129,3,3,0.000001,0.000004,0.000002,0.999993
21063,1,1,0.000019,0.999951,0.000003,0.000027
25834,0,0,1.000000,0.000000,0.000000,0.000000
15998,1,1,0.000022,0.999946,0.000003,0.000029
22029,0,0,1.000000,0.000000,0.000000,0.000000
29818,0,0,1.000000,0.000000,0.000000,0.000000
8145,2,2,0.000000,0.000013,0.999979,0.000008
30765,0,0,1.000000,0.000000,0.000000,0.000000
7710,2,2,0.000000,0.000012,0.999981,0.000007
19393,1,1,0.000016,0.999959,0.000002,0.000023
21753,0,0,1.000000,0.000000,0.000000,0.000000
14340,1,1,0.000001,0.999997,0.000001,0.000001
27807,0,0,1.000000,0.000000,0.000000,0.000000
32000,0,0,1.000000,0.000000,0.000000,0.000000
29754,0,0,1.000000,0.000000,0.000000,0.000000
29896,0,0,1.000000,0.000000,0.000000,0.000000
8911,2,2,0.000000,0.000010,0.999982,0.000007
17223,1,1,0.000031,0.999917,0.000004,0.000048
11065,1,1,0.000007,0.999974,0.000000,0.000020
21604,0,0,1.000000,0.000000,0.000000,0.000000
26396,0,0,1.000000,0.000000,0.000000,0.000000
23178,0,0,1.000000,0.000000,0.000000,0.000000
7687,2,2,0.000002,0.000036,0.999920,0.000042
26401,0,0,1.000000,0.000000,0.000000,0.000000
12912,1,1,0.000015,0.999947,0.000001,0.000037
31624,0,0,1.000000,0.000000,0.000000,0.000000
1223,3,3,0.000000,0.000002,0.000001,0.999996
15286,1,1,0.000047,0.999857,0.000005,0.000091
13896,1,1,0.000107,0.999736,0.000012,0.000145
383,3,3,0.000001,0.000003,0.000001,0.999994
24614,0,0,1.000000,0.000000,0.000000,0.000000
16860,1,1,0.000004,0.999990,0.000001,0.000005
28056,0,0,1.000000,0.000000,0.000000,0.000000
27316,0,0,1.000000,0.000000,0.000000,0.000000
22756,0,0,1.000000,0.000000,0.000000,0.000000
8537,2,2,0.000001,0.000025,0.999915,0.000059
88,3,3,0.000005,0.000011,0.000003,0.999982
1563,3,3,0.000001,0.000001,0.000001,0.999997
15909,1,1,0.000007,0.999983,0.000002,0.000008
4554,3,3,0.000000,0.000002,0.000001,0.999997
23921,0,0,1.000000,0.000000,0.000000,0.000000
17907,1,1,0.000016,0.999961,0.000003,0.000020
25245,0,0,1.000000,0.000000,0.000000,0.000000
25291,0,0,1.000000,0.000000,0.000000,0.000000
19431,1,1,0.000018,0.999954,0.000003,0.000025
386,3,3,0.000001,0.000002,0.000001,0.999996
15043,1,1,0.000003,0.999995,0.000001,0.000002
21211,1,1,0.000019,0.999953,0.000003,0.000025
30998,0,0,1.000000,0.000000,0.000000,0.000000
1312,3,3,0.000027,0.000185,0.000008,0.999780
28232,0,0,1.000000,0.000000,0.000000,0.000000
11635,1,1,0.000007,0.999961,0.000000,0.000031
2553,3,3,0.000002,0.000003,0.000002,0.999994
1059,3,3,0.000000,0.000002,0.000001,0.999997
28432,0,0,1.000000,0.000000,0.000000,0.000000
19450,1,1,0.000022,0.999947,0.000003,0.000028
927,3,3,0.000001,0.000002,0.000002,0.999995
23895,0,0,1.000000,0.000000,0.000000,0.000000
26179,0,0,1.000000,0.000000,0.000000,0.000000
25574,0,0,1.000000,0.000000,0.000000,0.000000
19664,1,1,0.000021,0.999948,0.000003,0.000028
14535,1,1,0.000010,0.999977,0.000002,0.000011
18882,1,1,0.000019,0.999950,0.000002,0.000029
15701,1,1,0.000015,0.999960,0.000002,0.000023
29619,0,0,1.000000,0.000000,0.000000,0.000000
29599,0,0,1.000000,0.000000,0.000000,0.000000
16023,1,1,0.000024,0.999937,0.000003,0.000035
1030,3,3,0.000001,0.000006,0.000001,0.999992
17806,1,1,0.000017,0.999958,0.000003,0.000022
28020,0,0,1.000000,0.000000,0.000000,0.000000
28870,0,0,1.000000,0.000000,0.000000,0.000000
25715,0,0,1.000000,0.000000,0.000000,0.000000
240,3,3,0.000001,0.000005,0.000001,0.999993
22872,0,0,1.000000,0.000000,0.000000,0.000000
27759,0,0,1.000000,0.000000,0.000000,0.000000
5249,3,3,0.178982,0.000013,0.000204,0.820801
16472,1,1,0.000006,0.999987,0.000001,0.000006
13439,1,1,0.000025,0.999929,0.000004,0.000043
24640,0,0,1.000000,0.000000,0.000000,0.000000
24916,0,0,1.000000,0.000000,0.000000,0.000000
10840,1,1,0.000006,0.999974,0.000000,0.000020
32626,0,0,1.000000,0.000000,0.000000,0.000000
26367,0,0,1.000000,0.000000,0.000000,0.000000
17241,1,1,0.000034,0.999918,0.000004,0.000044
33152,0,0,0.931083,0.000035,0.000101,0.068781
20941,1,1,0.000017,0.999956,0.000002,0.000026
18976,1,1,0.000030,0.999915,0.000004,0.000051
1434,3,3,0.000001,0.000007,0.000002,0.999989
9131,2,2,0.000000,0.000014,0.999979,0.000006
19339,1,1,0.000022,0.999943,0.000003,0.000031
5331,3,3,0.178567,0.000013,0.000202,0.821218
8065,2,2,0.000000,0.000011,0.999980,0.000009
25568,0,0,1.000000,0.000000,0.000000,0.000000
1132,3,3,0.000001,0.000002,0.000001,0.999996
20916,1,1,0.000016,0.999959,0.000002,0.000022
27066,0,0,1.000000,0.000000,0.000000,0.000000
3348,3,3,0.000002,0.000002,0.000002,0.999994
11410,1,1,0.000007,0.999972,0.000000,0.000020
27304,0,0,1.000000,0.000000,0.000000,0.000000
16239,1,1,0.000011,0.999972,0.000002,0.000015
6545,3,3,0.000012,0.000006,0.000008,0.999975
17501,1,1,0.000021,0.999948,0.000003,0.000029
9387,1,1,0.000009,0.999979,0.000003,0.000009
2582,3,3,0.000270,0.000003,0.000066,0.999661
4619,3,3,0.095630,0.000004,0.000073,0.904293
22734,0,0,1.000000,0.000000,0.000000,0.000000
25104,0,0,1.000000,0.000000,0.000000,0.000000
21078,1,1,0.000014,0.999965,0.000002,0.000019
5940,3,3,0.060100,0.000010,0.000188,0.939701
23217,0,0,1.000000,0.000000,0.000000,0.000000
4555,3,3,0.000001,0.000003,0.000001,0.999996
32070,0,0,1.000000,0.000000,0.000000,0.000000
33003,0,0,0.944098,0.000031,0.000083,0.055788
28570,0,0,1.000000,0.000000,0.000000,0.000000
18560,1,1,0.000016,0.999959,0.000002,0.000023
28968,0,0,1.000000,0.000000,0.000000,0.000000
4830,3,3,0.000000,0.000002,0.000001,0.999997
12221,1,1,0.000007,0.999969,0.000000,0.000023
28734,0,0,1.000000,0.000000,0.000000,0.000000
13880,1,1,0.000020,0.999951,0.000004,0.000025
17213,1,1,0.000017,0.999957,0.000003,0.000023
12480,1,1,0.000005,0.999980,0.000000,0.000014
6889,2,2,0.000001,0.000021,0.999962,0.000016
14060,1,1,0.000003,0.999994,0.000001,0.000003
7362,2,2,0.000000,0.000012,0.999980,0.000007
8717,2,2,0.000001,0.000018,0.999961,0.000020
14749,1,1,0.000026,0.999921,0.000004,0.000049
2145,3,3,0.000004,0.000001,0.000003,0.999992
1576,3,3,0.000001,0.000001,0.000001,0.999997
25603,0,0,1.000000,0.000000,0.000000,0.000000
80,3,3,0.000097,0.000001,0.000028,0.999873
17897,1,1,0.000029,0.999922,0.000004,0.000045
15062,1,1,0.000043,0.999866,0.000005,0.000085
15730,1,1,0.000013,0.999965,0.000001,0.000020
6659,2,2,0.000001,0.000019,0.999969,0.000011
22562,0,0,1.000000,0.000000,0.000000,0.000000
32220,0,0,1.000000,0.000000,0.000000,0.000000
9640,1,1,0.000027,0.999903,0.000001,0.000069
25201,0,0,1.000000,0.000000,0.000000,0.000000
30275,0,0,1.000000,0.000000,0.000000,0.000000
23727,0,0,1.000000,0.000000,0.000000,0.000000
21732,0,0,1.000000,0.000000,0.000000,0.000000
29370,0,0,1.000000,0.000000,0.000000,0.000000
22724,0,0,1.000000,0.000000,0.000000,0.000000
2710,3,3,0.000001,0.000002,0.000001,0.999996
21396,0,3,0.021990,0.279480,0.001347,0.697183
8066,2,2,0.000000,0.000010,0.999983,0.000007
16311,1,1,0.000027,0.999933,0.000003,0.000036
10047,1,1,0.000006,0.999976,0.000000,0.000018
15721,1,1,0.000006,0.999985,0.000002,0.000007
7063,2,2,0.000001,0.000034,0.999936,0.000028
12840,1,1,0.000010,0.999948,0.000000,0.000041
5456,3,3,0.111282,0.000011,0.000188,0.888519
8945,2,2,0.000009,0.000403,0.999523,0.000065
6508,3,3,0.056162,0.000010,0.000178,0.943650
20948,1,1,0.000014,0.999967,0.000002,0.000018
21646,0,0,1.000000,0.000000,0.000000,0.000000
30852,0,0,1.000000,0.000000,0.000000,0.000000
31157,0,0,1.000000,0.000000,0.000000,0.000000
22052,0,0,1.000000,0.000000,0.000000,0.000000
18951,1,1,0.000029,0.999923,0.000004,0.000044
7755,2,2,0.000001,0.000016,0.999972,0.000012
9556,1,1,0.000036,0.999898,0.000009,0.000056
27366,0,0,1.000000,0.000000,0.000000,0.000000
10099,1,1,0.000006,0.999970,0.000000,0.000023
25405,0,0,1.000000,0.000000,0.000000,0.000000
26237,0,0,1.000000,0.000000,0.000000,0.000000
20790,1,1,0.000013,0.999967,0.000002,0.000018
14010,1,1,0.000007,0.999985,0.000002,0.000007
16687,1,1,0.000040,0.999883,0.000005,0.000073
30785,0,0,1.000000,0.000000,0.000000,0.000000
20575,1,1,0.000018,0.999956,0.000003,0.000023
7566,2,2,0.000001,0.000019,0.999969,0.000011
18836,1,1,0.000025,0.999935,0.000003,0.000038
26525,0,0,1.000000,0.000000,0.000000,0.000000
11639,1,1,0.000007,0.999961,0.000000,0.000032
28720,0,0,1.000000,0.000000,0.000000,0.000000
173,3,3,0.000023,0.000001,0.000010,0.999966
15244,1,1,0.000024,0.999935,0.000003,0.000038
24844,0,0,1.000000,0.000000,0.000000,0.000000
10220,1,1,0.000008,0.999971,0.000000,0.000021
17817,1,1,0.000019,0.999953,0.000002,0.000026
26019,0,0,1.000000,0.000000,0.000000,0.000000
563,3,3,0.000095,0.000000,0.000018,0.999886
2591,3,3,0.000002,0.000003,0.000002,0.999994
26334,0,0,1.000000,0.000000,0.000000,0.000000
9494,1,1,0.000007,0.999986,0.000001,0.000006
9259,1,1,0.000016,0.999958,0.000005,0.000020
16857,1,1,0.000019,0.999949,0.000002,0.000030
11687,1,1,0.000008,0.999960,0.000000,0.000031
726,3,3,0.000002,0.000002,0.000003,0.999993
2211,3,3,0.000001,0.000002,0.000001,0.999997
583,3,3,0.000050,0.000047,0.000009,0.999894
9827,1,1,0.000006,0.999976,0.000000,0.000017
8415,2,2,0.000001,0.000019,0.999958,0.000022
8856,2,2,0.000000,0.000013,0.999975,0.000011
25311,0,0,1.000000,0.000000,0.000000,0.000000
19443,1,1,0.000022,0.999941,0.000003,0.000034
13202,1,1,0.000017,0.999954,0.000003,0.000026
9803,1,1,0.000007,0.999973,0.000000,0.000019
23873,0,0,1.000000,0.000000,0.000000,0.000000
17236,1,1,0.000022,0.999946,0.000003,0.000030
7795,2,2,0.000001,0.000019,0.999954,0.000026
22869,0,0,1.000000,0.000000,0.000000,0.000000
11815,1,1,0.000011,0.999944,0.000000,0.000045
28413,0,0,1.000000,0.000000,0.000000,0.000000
26104,0,0,1.000000,0.000000,0.000000,0.000000
21729,0,0,1.000000,0.000000,0.000000,0.000000
23810,0,0,1.000000,0.000000,0.000000,0.000000
32208,0,0,1.000000,0.000000,0.000000,0.000000
33092,0,0,0.945300,0.000029,0.000080,0.054591
2023,3,3,0.000002,0.000001,0.000003,0.999993
8167,2,2,0.000000,0.000011,0.999979,0.000010
30930,0,0,1.000000,0.000000,0.000000,0.000000
9961,1,1,0.000007,0.999969,0.000000,0.000024
14021,1,1,0.000030,0.999921,0.000014,0.000035
10939,1,1,0.000005,0.999978,0.000000,0.000016
30258,0,0,1.000000,0.000000,0.000000,0.000000
12585,1,1,0.000007,0.999973,0.000000,0.000020
3437,3,3,0.000001,0.000002,0.000001,0.999997
8690,2,2,0.000001,0.000019,0.999970,0.000010
14215,1,1,0.000016,0.999963,0.000004,0.000017
26168,0,0,1.000000,0.000000,0.000000,0.000000
11171,1,1,0.000006,0.999975,0.000000,0.000019
459,3,3,0.000001,0.000002,0.000001,0.999996
33268,0,0,0.940267,0.000033,0.000089,0.059611
29283,0,0,1.000000,0.000000,0.000000,0.000000
30336,0,0,1.000000,0.000000,0.000000,0.000000
31915,0,0,1.000000,0.000000,0.000000,0.000000
22269,0,0,1.000000,0.000000,0.000000,0.000000
20197,1,1,0.000014,0.999965,0.000002,0.000019
6182,3,3,0.063674,0.000011,0.000191,0.936124
28951,0,0,1.000000,0.000000,0.000000,0.000000
13973,1,1,0.000018,0.999955,0.000004,0.000023
18228,1,1,0.000012,0.999969,0.000001,0.000017
16876,1,1,0.000026,0.999932,0.000003,0.000039
32560,0,0,1.000000,0.000000,0.000000,0.000000
10301,1,1,0.000005,0.999978,0.000000,0.000016
24181,0,0,1.000000,0.000000,0.000000,0.000000
10726,1,1,0.000007,0.999972,0.000000,0.000021
3813,3,3,0.000033,0.000001,0.000023,0.999943
25374,0,0,1.000000,0.000000,0.000000,0.000000
9604,1,1,0.000136,0.998812,0.000004,0.001047
6739,2,2,0.000001,0.000031,0.999933,0.000035
27306,0,0,1.000000,0.000000,0.000000,0.000000
30318,0,0,1.000000,0.000000,0.000000,0.000000
8361,2,2,0.000000,0.000012,0.999983,0.000004
14878,1,1,0.000017,0.999958,0.000004,0.000021
26925,0,0,1.000000,0.000000,0.000000,0.000000
25424,0,0,1.000000,0.000000,0.000000,0.000000
17065,1,1,0.000015,0.999961,0.000002,0.000022
25145,0,0,1.000000,0.000000,0.000000,0.000000
14671,1,1,0.000002,0.999996,0.000000,0.000002
30345,0,0,1.000000,0.000000,0.000000,0.000000
31634,0,0,1.000000,0.000000,0.000000,0.000000
10303,1,1,0.000005,0.999979,0.000000,0.000016
7101,2,2,0.000001,0.000022,0.999959,0.000018
21111,1,1,0.000025,0.999933,0.000002,0.000040
5442,3,3,0.109841,0.000011,0.000188,0.889960
32120,0,0,1.000000,0.000000,0.000000,0.000000
24240,0,0,1.000000,0.000000,0.000000,0.000000
1661,3,3,0.000000,0.000002,0.000001,0.999997
19098,1,1,0.000023,0.999943,0.000003,0.000031
13925,1,1,0.000098,0.999605,0.000005,0.000292
23423,0,0,1.000000,0.000000,0.000000,0.000000
3075,3,3,0.000001,0.000002,0.000001,0.999997
27269,0,0,1.000000,0.000000,0.000000,0.000000
10257,1,1,0.000005,0.999976,0.000000,0.000019
13377,1,1,0.000009,0.999978,0.000001,0.000012
4131,3,3,0.000001,0.000002,0.000001,0.999996
26143,0,0,1.000000,0.000000,0.000000,0.000000
7117,2,2,0.000001,0.000020,0.999971,0.000009
5632,3,3,0.061704,0.000010,0.000190,0.938095
5084,3,3,0.000124,0.000803,0.000019,0.999054
6291,3,3,0.062425,0.000010,0.000189,0.937376
797,3,3,0.000034,0.000295,0.000007,0.999664
9231,1,1,0.000013,0.999969,0.000004,0.000015
16363,1,1,0.000026,0.999933,0.000003,0.000039
15355,1,1,0.000008,0.999980,0.000001,0.000012
22410,0,0,1.000000,0.000000,0.000000,0.000000
23439,0,0,1.000000,0.000000,0.000000,0.000000
14653,1,1,0.000017,0.999957,0.000008,0.000018
28881,0,0,1.000000,0.000000,0.000000,0.000000
4873,3,3,0.000001,0.000002,0.000001,0.999996
17548,1,1,0.000027,0.999929,0.000003,0.000042
2563,3,3,0.000001,0.000003,0.000001,0.999994
32991,0,0,0.944394,0.000031,0.000083,0.055491
7249,2,2,0.000000,0.000017,0.999973,0.000009
29127,0,0,1.000000,0.000000,0.000000,0.000000
27450,0,0,1.000000,0.000000,0.000000,0.000000
9865,1,1,0.000007,0.999969,0.000000,0.000023
17216,1,1,0.000017,0.999956,0.000002,0.000026
7991,2,2,0.000000,0.000010,0.999985,0.000005
12064,1,1,0.000005,0.999977,0.000000,0.000018
31844,0,0,1.000000,0.000000,0.000000,0.000000
13323,1,1,0.000003,0.999993,0.000000,0.000003
11255,1,1,0.000007,0.999973,0.000000,0.000020
12532,1,1,0.000024,0.999922,0.000002,0.000052
27062,0,0,1.000000,0.000000,0.000000,0.000000
12814,1,1,0.000009,0.999964,0.000000,0.000026
29424,0,0,1.000000,0.000000,0.000000,0.000000
15905,1,1,0.000040,0.999895,0.000012,0.000053
2006,3,3,0.003017,0.000004,0.000169,0.996810
21371,1,1,0.000086,0.999680,0.000006,0.000229
6311,3,3,0.068370,0.000011,0.000199,0.931420
12349,1,1,0.000006,0.999971,0.000000,0.000022
24419,0,0,1.000000,0.000000,0.000000,0.000000
27722,0,0,1.000000,0.000000,0.000000,0.000000
1342,3,3,0.000000,0.000003,0.000001,0.999996
17544,1,1,0.000022,0.999946,0.000003,0.000028
23866,0,0,1.000000,0.000000,0.000000,0.000000
11724,1,1,0.000007,0.999969,0.000000,0.000024
28529,0,0,1.000000,0.000000,0.000000,0.000000
6651,2,2,0.000001,0.000016,0.999971,0.000012
21336,1,1,0.000001,0.999997,0.000000,0.000001
2281,3,3,0.000058,0.000003,0.000023,0.999916
18761,1,1,0.000026,0.999933,0.000002,0.000038
19208,1,1,0.000020,0.999946,0.000002,0.000031
20055,1,1,0.000019,0.999953,0.000003,0.000025
4211,3,3,0.000001,0.000002,0.000001,0.999996
26454,0,0,1.000000,0.000000,0.000000,0.000000
29955,0,0,1.000000,0.000000,0.000000,0.000000
6444,3,3,0.060679,0.000010,0.000188,0.939123
15126,1,1,0.000013,0.999967,0.000002,0.000017
12168,1,1,0.000007,0.999964,0.000000,0.000028
30716,0,0,1.000000,0.000000,0.000000,0.000000
22054,0,0,1.000000,0.000000,0.000000,0.000000
18941,1,1,0.000010,0.999977,0.000001,0.000012
10601,1,1,0.000005,0.999979,0.000000,0.000015
24360,0,0,1.000000,0.000000,0.000000,0.000000
31371,0,0,1.000000,0.000000,0.000000,0.000000
21598,0,0,1.000000,0.000000,0.000000,0.000000
17879,1,1,0.000012,0.999971,0.000002,0.000016
11103,1,1,0.000005,0.999979,0.000000,0.000015
15240,1,1,0.000004,0.999992,0.000001,0.000004
28532,0,0,1.000000,0.000000,0.000000,0.000000
26202,0,0,1.000000,0.000000,0.000000,0.000000
17151,1,1,0.000007,0.999983,0.000001,0.000009
4947,3,3,0.000001,0.000003,0.000001,0.999995
30357,0,0,1.000000,0.000000,0.000000,0.000000
21573,0,0,1.000000,0.000000,0.000000,0.000000
12174,1,1,0.000005,0.999980,0.000000,0.000015
3935,3,3,0.000000,0.000001,0.000001,0.999998
23125,0,0,1.000000,0.000000,0.000000,0.000000
14002,1,1,0.000021,0.999940,0.000003,0.000037
6160,3,3,0.064213,0.000011,0.000194,0.935582
28434,0,0,1.000000,0.000000,0.000000,0.000000
18159,1,1,0.000020,0.999952,0.000002,0.000026
32388,0,0,1.000000,0.000000,0.000000,0.000000
19351,1,1,0.000083,0.999737,0.000009,0.000171
23434,0,0,1.000000,0.000000,0.000000,0.000000
14871,1,1,0.000016,0.999960,0.000001,0.000022
30433,0,0,1.000000,0.000000,0.000000,0.000000
1391,3,3,0.000000,0.000002,0.000001,0.999997
29065,0,0,1.000000,0.000000,0.000000,0.000000
1381,3,3,0.000001,0.000004,0.000002,0.999993
27036,0,0,1.000000,0.000000,0.000000,0.000000
6190,3,3,0.061511,0.000010,0.000189,0.938290
13722,1,1,0.000011,0.999975,0.000001,0.000013
31974,0,0,1.000000,0.000000,0.000000,0.000000
20282,1,1,0.000028,0.999923,0.000004,0.000046
3518,3,3,0.000077,0.000011,0.000074,0.999837
6690,2,2,0.000001,0.000030,0.999956,0.000013
3956,3,3,0.000001,0.000001,0.000002,0.999996
1558,3,3,0.000002,0.000004,0.000001,0.999993
1523,3,3,0.000001,0.000004,0.000001,0.999994
5379,3,3,0.179425,0.000013,0.000203,0.820360
28171,0,0,1.000000,0.000000,0.000000,0.000000
23106,0,0,1.000000,0.000000,0.000000,0.000000
24970,0,0,1.000000,0.000000,0.000000,0.000000
10672,1,1,0.000009,0.999965,0.000001,0.000025
21253,1,1,0.000015,0.999962,0.000002,0.000022
11899,1,1,0.000007,0.999969,0.000000,0.000024
18791,1,1,0.000029,0.999919,0.000003,0.000049
33099,0,0,0.937678,0.000035,0.000093,0.062194
13796,1,1,0.000013,0.999970,0.000002,0.000016
7547,2,2,0.000000,0.000012,0.999981,0.000007
15350,1,1,0.000030,0.999920,0.000004,0.000046
26175,0,0,1.000000,0.000000,0.000000,0.000000
31735,0,0,1.000000,0.000000,0.000000,0.000000
24810,0,0,1.000000,0.000000,0.000000,0.000000
17766,1,1,0.000018,0.999951,0.000002,0.000028
22451,0,0,1.000000,0.000000,0.000000,0.000000
28000,0,0,1.000000,0.000000,0.000000,0.000000
15635,1,1,0.000014,0.999965,0.000002,0.000018
24955,0,0,1.000000,0.000000,0.000000,0.000000
28401,0,0,1.000000,0.000000,0.000000,0.000000
31390,0,0,1.000000,0.000000,0.000000,0.000000
3630,3,3,0.000000,0.000001,0.000001,0.999998
19468,1,1,0.000024,0.999936,0.000003,0.000037
16782,1,1,0.000039,0.999881,0.000005,0.000075
21445,0,0,1.000000,0.000000,0.000000,0.000000
9671,1,1,0.000011,0.999973,0.000001,0.000014
15320,1,1,0.000056,0.999844,0.000006,0.000094
21580,0,0,1.000000,0.000000,0.000000,0.000000
10234,1,1,0.000004,0.999979,0.000000,0.000016
28731,0,0,1.000000,0.000000,0.000000,0.000000
28584,0,0,1.000000,0.000000,0.000000,0.000000
12621,1,1,0.000006,0.999974,0.000000,0.000020
20076,1,1,0.000011,0.999973,0.000002,0.000014
14884,1,1,0.000001,0.999997,0.000000,0.000001
14876,1,1,0.000012,0.999973,0.000003,0.000013
18727,1,1,0.000018,0.999959,0.000003,0.000020
32254,0,0,1.000000,0.000000,0.000000,0.000000
1773,3,3,0.000001,0.000001,0.000001,0.999997
26002,0,0,1.000000,0.000000,0.000000,0.000000
13756,1,1,0.000015,0.999960,0.000002,0.000022
1173,3,3,0.000001,0.000004,0.000001,0.999995
4823,3,3,0.000000,0.000001,0.000001,0.999998
17430,1,1,0.000031,0.999914,0.000003,0.000052
12748,1,1,0.000018,0.999918,0.000001,0.000063
24490,0,0,1.000000,0.000000,0.000000,0.000000
24733,0,0,1.000000,0.000000,0.000000,0.000000
2030,3,3,0.000001,0.000016,0.000001,0.999983
15416,1,1,0.000034,0.999910,0.000006,0.000050
21972,0,0,1.000000,0.000000,0.000000,0.000000
33082,0,0,0.947132,0.000028,0.000078,0.052762
3779,3,3,0.000001,0.000001,0.000001,0.999997
20266,1,1,0.000017,0.999956,0.000003,0.000024
29920,0,0,1.000000,0.000000,0.000000,0.000000
2534,3,3,0.000001,0.000002,0.000001,0.999997
5668,3,3,0.064494,0.000011,0.000198,0.935297
5289,3,3,0.184984,0.000013,0.000206,0.814798
22767,0,0,1.000000,0.000000,0.000000,0.000000
22089,0,0,1.000000,0.000000,0.000000,0.000000
1338,3,3,0.000000,0.000003,0.000001,0.999996
21592,0,0,1.000000,0.000000,0.000000,0.000000
11033,1,1,0.000005,0.999979,0.000000,0.000015
32549,0,0,1.000000,0.000000,0.000000,0.000000
33028,0,0,0.946738,0.000032,0.000081,0.053149
17672,1,1,0.000028,0.999925,0.000004,0.000042
7587,2,2,0.000105,0.001127,0.997394,0.001374
524,3,3,0.000001,0.000004,0.000001,0.999993
1984,3,3,0.000084,0.000000,0.000005,0.999910
12166,1,1,0.000008,0.999959,0.000000,0.000033
22342,0,0,1.000000,0.000000,0.000000,0.000000
542,3,3,0.000007,0.000051,0.000005,0.999937
32817,0,0,1.000000,0.000000,0.000000,0.000000
23275,0,0,1.000000,0.000000,0.000000,0.000000
10531,1,1,0.000006,0.999973,0.000000,0.000021
17624,1,1,0.000046,0.999871,0.000006,0.000077
31197,0,0,1.000000,0.000000,0.000000,0.000000
12991,1,1,0.000017,0.999950,0.000001,0.000032
30002,0,0,1.000000,0.000000,0.000000,0.000000
18026,1,1,0.000029,0.999922,0.000003,0.000046
11814,1,1,0.000013,0.999928,0.000001,0.000058
16614,1,1,0.000030,0.999917,0.000003,0.000050
23670,0,0,1.000000,0.000000,0.000000,0.000000
29610,0,0,1.000000,0.000000,0.000000,0.000000
4941,3,3,0.000001,0.000002,0.000001,0.999996
24835,0,0,1.000000,0.000000,0.000000,0.000000
17874,1,1,0.000007,0.999983,0.000001,0.000008
28492,0,0,1.000000,0.000000,0.000000,0.000000
1437,3,3,0.000003,0.000049,0.000002,0.999946
27918,0,0,1.000000,0.000000,0.000000,0.000000
12835,1,1,0.000021,0.999914,0.000001,0.000064
26442,0,0,1.000000,0.000000,0.000000,0.000000
20530,1,1,0.000040,0.999886,0.000004,0.000070
26830,0,0,1.000000,0.000000,0.000000,0.000000
3620,3,3,0.000001,0.000003,0.000002,0.999994
28043,0,0,1.000000,0.000000,0.000000,0.000000
14879,1,1,0.000021,0.999945,0.000004,0.000030
11046,1,1,0.000006,0.999977,0.000000,0.000017
24901,0,0,1.000000,0.000000,0.000000,0.000000
474,3,3,0.000000,0.000005,0.000000,0.999994
14767,1,1,0.000011,0.999974,0.000003,0.000011
20546,1,1,0.000012,0.999971,0.000002,0.000015
10643,1,1,0.000006,0.999974,0.000000,0.000019
19782,1,1,0.000014,0.999967,0.000002,0.000017
7416,2,2,0.000000,0.000012,0.999979,0.000008
4052,3,3,0.000000,0.000001,0.000001,0.999997
30497,0,0,1.000000,0.000000,0.000000,0.000000
28759,0,0,1.000000,0.000000,0.000000,0.000000
22558,0,0,1.000000,0.000000,0.000000,0.000000
31316,0,0,1.000000,0.000000,0.000000,0.000000
3608,3,3,0.000001,0.000003,0.000001,0.999996
27531,0,0,1.000000,0.000000,0.000000,0.000000
5536,3,3,0.062125,0.000010,0.000190,0.937675
11221,1,1,0.000006,0.999974,0.000000,0.000019
32633,0,0,1.000000,0.000000,0.000000,0.000000
13987,1,1,0.000008,0.999982,0.000003,0.000007
25856,0,0,1.000000,0.000000,0.000000,0.000000
18815,1,1,0.000023,0.999938,0.000003,0.000037
23470,0,0,1.000000,0.000000,0.000000,0.000000
1874,3,3,0.000001,0.000001,0.000001,0.999996
20854,1,1,0.000022,0.999937,0.000003,0.000038
30047,0,0,1.000000,0.000000,0.000000,0.000000
14200,1,1,0.000005,0.999989,0.000002,0.000005
3213,3,3,0.000014,0.000001,0.000005,0.999980
24127,0,0,1.000000,0.000000,0.000000,0.000000
8350,2,2,0.000001,0.000031,0.999957,0.000011
28448,0,0,1.000000,0.000000,0.000000,0.000000
7540,2,2,0.000001,0.000025,0.999946,0.000027
6191,3,3,0.061269,0.000010,0.000189,0.938532
3277,3,3,0.000001,0.000002,0.000001,0.999996
2380,3,3,0.000001,0.000002,0.000001,0.999996
14938,1,1,0.000005,0.999988,0.000003,0.000004
30067,0,0,1.000000,0.000000,0.000000,0.000000
27507,0,0,1.000000,0.000000,0.000000,0.000000
9181,1,1,0.000005,0.999989,0.000001,0.000005
1475,3,3,0.000644,0.000002,0.000083,0.999270
23320,0,0,1.000000,0.000000,0.000000,0.000000
14637,1,1,0.000012,0.999973,0.000003,0.000012
6752,2,2,0.000001,0.000020,0.999965,0.000014
5517,3,3,0.061994,0.000010,0.000189,0.937807
11058,1,1,0.000005,0.999979,0.000000,0.000015
253,3,3,0.000001,0.000002,0.000001,0.999997
15337,1,1,0.000001,0.999997,0.000000,0.000001
20088,1,1,0.000018,0.999954,0.000003,0.000025
31233,0,0,1.000000,0.000000,0.000000,0.000000
3534,3,3,0.000001,0.000001,0.000002,0.999995
31123,0,0,1.000000,0.000000,0.000000,0.000000
13952,1,1,0.000020,0.999936,0.000002,0.000041
22968,0,0,1.000000,0.000000,0.000000,0.000000
32408,0,0,1.000000,0.000000,0.000000,0.000000
4081,3,3,0.000000,0.000001,0.000001,0.999997
30724,0,0,1.000000,0.000000,0.000000,0.000000
6325,3,3,0.067093,0.000011,0.000196,0.932700
18884,1,1,0.000038,0.999897,0.000004,0.000060
19755,1,1,0.000027,0.999927,0.000003,0.000042
3903,3,3,0.000010,0.000001,0.000008,0.999980
20632,1,1,0.000015,0.999966,0.000003,0.000016
7979,2,2,0.000000,0.000016,0.999978,0.000006
10886,1,1,0.000005,0.999979,0.000000,0.000016
3281,3,3,0.000001,0.000001,0.000001,0.999997
26969,0,0,1.000000,0.000000,0.000000,0.000000
28034,0,0,1.000000,0.000000,0.000000,0.000000
12043,1,1,0.000006,0.999975,0.000000,0.000019
12287,1,1,0.000011,0.999952,0.000001,0.000037
25056,0,0,1.000000,0.000000,0.000000,0.000000
17664,1,1,0.000021,0.999943,0.000002,0.000034
2916,3,3,0.000001,0.000006,0.000002,0.999991
5006,3,3,0.000076,0.000008,0.000018,0.999897
21413,0,0,1.000000,0.000000,0.000000,0.000000
4352,3,3,0.000018,0.000003,0.000016,0.999964
22314,0,0,1.000000,0.000000,0.000000,0.000000
33100,0,0,0.938010,0.000035,0.000092,0.061863
19891,1,1,0.000018,0.999958,0.000003,0.000022
27272,0,0,1.000000,0.000000,0.000000,0.000000
16103,1,1,0.000014,0.999970,0.000002,0.000014
24311,0,0,1.000000,0.000000,0.000000,0.000000
6520,3,3,0.000006,0.000013,0.000004,0.999977
31028,0,0,1.000000,0.000000,0.000000,0.000000
10008,1,1,0.000007,0.999971,0.000000,0.000021
2789,3,3,0.000000,0.000001,0.000001,0.999998
11550,1,1,0.000006,0.999974,0.000000,0.000020
21029,1,1,0.000014,0.999966,0.000002,0.000018
18932,1,1,0.000005,0.999988,0.000001,0.000006
17540,1,1,0.000021,0.999946,0.000003,0.000030
32662,0,0,1.000000,0.000000,0.000000,0.000000
9176,1,1,0.000004,0.999990,0.000001,0.000005
11007,1,1,0.000005,0.999980,0.000000,0.000015
24495,0,0,1.000000,0.000000,0.000000,0.000000
6715,2,2,0.000001,0.000018,0.999968,0.000014
6899,2,2,0.000014,0.000165,0.999516,0.000306
3254,3,3,0.000001,0.000001,0.000001,0.999998
9756,1,1,0.000005,0.999976,0.000000,0.000019
9498,1,1,0.000008,0.999983,0.000002,0.000007
16884,1,1,0.000017,0.999959,0.000003,0.000021
26364,0,0,1.000000,0.000000,0.000000,0.000000
12721,1,1,0.000006,0.999975,0.000000,0.000019
10581,1,1,0.000005,0.999975,0.000000,0.000020
11429,1,1,0.000008,0.999960,0.000000,0.000031
6580,2,2,0.000015,0.000173,0.999494,0.000318
23321,0,0,1.000000,0.000000,0.000000,0.000000
6827,2,2,0.000002,0.000048,0.999925,0.000025
2988,3,3,0.000002,0.000001,0.000002,0.999995
2522,3,3,0.000050,0.000007,0.000030,0.999913
19949,1,1,0.000012,0.999971,0.000002,0.000016
26007,0,0,1.000000,0.000000,0.000000,0.000000
5985,3,3,0.062317,0.000010,0.000191,0.937482
7649,2,1,0.006063,0.967611,0.007790,0.018536
30502,0,0,1.000000,0.000000,0.000000,0.000000
31654,0,0,1.000000,0.000000,0.000000,0.000000
23497,0,0,1.000000,0.000000,0.000000,0.000000
8010,2,2,0.000000,0.000011,0.999982,0.000007
12606,1,1,0.000006,0.999973,0.000000,0.000021
3134,3,3,0.000000,0.000002,0.000001,0.999996
5303,3,3,0.179024,0.000013,0.000204,0.820760
4598,3,3,0.000001,0.000002,0.000001,0.999996
28837,0,0,1.000000,0.000000,0.000000,0.000000
18988,1,1,0.000034,0.999900,0.000003,0.000063
9340,1,1,0.000023,0.999944,0.000005,0.000029
23932,0,0,1.000000,0.000000,0.000000,0.000000
12811,1,1,0.000006,0.999977,0.000000,0.000017
20298,1,1,0.000014,0.999966,0.000002,0.000018
31732,0,0,1.000000,0.000000,0.000000,0.000000
29988,0,0,1.000000,0.000000,0.000000,0.000000
11397,1,1,0.000007,0.999968,0.000000,0.000025
30945,0,0,1.000000,0.000000,0.000000,0.000000
27575,0,0,1.000000,0.000000,0.000000,0.000000
8868,2,2,0.000001,0.000023,0.999959,0.000017
23774,0,0,1.000000,0.000000,0.000000,0.000000
5643,3,3,0.057573,0.000010,0.000185,0.942232
25188,0,0,1.000000,0.000000,0.000000,0.000000
18075,1,1,0.000024,0.999938,0.000003,0.000036
23860,0,0,1.000000,0.000000,0.000000,0.000000
26563,0,0,1.000000,0.000000,0.000000,0.000000
5322,3,3,0.177248,0.000013,0.000204,0.822535
4009,3,3,0.000000,0.000001,0.000001,0.999997
5321,3,3,0.178939,0.000013,0.000205,0.820843
13152,1,1,0.000007,0.999980,0.000001,0.000012
4547,3,3,0.000001,0.000003,0.000001,0.999995
24305,0,0,1.000000,0.000000,0.000000,0.000000
30180,0,0,1.000000,0.000000,0.000000,0.000000
1260,3,3,0.000002,0.000012,0.000003,0.999984
6830,2,2,0.000001,0.000018,0.999971,0.000011
13604,1,1,0.000042,0.999876,0.000004,0.000077
25027,0,0,1.000000,0.000000,0.000000,0.000000
20741,1,1,0.000025,0.999938,0.000003,0.000034
7863,2,2,0.000000,0.000011,0.999982,0.000007
28024,0,0,1.000000,0.000000,0.000000,0.000000
30895,0,0,1.000000,0.000000,0.000000,0.000000
19196,1,1,0.000025,0.999934,0.000003,0.000038
25141,0,0,1.000000,0.000000,0.000000,0.000000
18482,1,1,0.000021,0.999946,0.000003,0.000030
1221,3,3,0.000000,0.000003,0.000001,0.999996
28059,0,0,1.000000,0.000000,0.000000,0.000000
27150,0,0,1.000000,0.000000,0.000000,0.000000
26445,0,0,1.000000,0.000000,0.000000,0.000000
24396,0,0,1.000000,0.000000,0.000000,0.000000
4168,3,3,0.000001,0.000002,0.000001,0.999997
3372,3,3,0.000002,0.000001,0.000002,0.999995
4808,3,3,0.000001,0.000002,0.000001,0.999996
15068,1,1,0.000002,0.999996,0.000001,0.000001
374,3,3,0.000001,0.000013,0.000002,0.999984
623,3,3,0.000017,0.000013,0.000014,0.999956
7945,2,2,0.000000,0.000011,0.999979,0.000009
26631,0,0,1.000000,0.000000,0.000000,0.000000
32954,0,0,0.943274,0.000033,0.000085,0.056608
23453,0,0,1.000000,0.000000,0.000000,0.000000
32284,0,0,1.000000,0.000000,0.000000,0.000000
1625,3,3,0.000016,0.000145,0.000005,0.999834
2640,3,3,0.000004,0.000003,0.000003,0.999990
28840,0,0,1.000000,0.000000,0.000000,0.000000
16072,1,1,0.000041,0.999897,0.000008,0.000054
23361,0,0,1.000000,0.000000,0.000000,0.000000
16306,1,1,0.000031,0.999919,0.000004,0.000047
18371,1,1,0.000017,0.999961,0.000002,0.000020
28686,0,0,1.000000,0.000000,0.000000,0.000000
28549,0,0,1.000000,0.000000,0.000000,0.000000
3538,3,3,0.000000,0.000001,0.000001,0.999997
18967,1,1,0.000027,0.999925,0.000003,0.000044
31845,0,0,1.000000,0.000000,0.000000,0.000000
32369,0,0,1.000000,0.000000,0.000000,0.000000
17962,1,1,0.000030,0.999921,0.000003,0.000046
28788,0,0,1.000000,0.000000,0.000000,0.000000
16560,1,1,0.000024,0.999940,0.000003,0.000034
5285,3,3,0.181203,0.000013,0.000203,0.818582
15575,1,1,0.000005,0.999988,0.000001,0.000006
30438,0,0,1.000000,0.000000,0.000000,0.000000
31643,0,0,1.000000,0.000000,0.000000,0.000000
7166,2,2,0.000001,0.000019,0.999969,0.000012
8608,2,2,0.000001,0.000022,0.999961,0.000016
8475,2,2,0.000001,0.000020,0.999948,0.000031
25024,0,0,1.000000,0.000000,0.000000,0.000000
25102,0,0,1.000000,0.000000,0.000000,0.000000
13563,1,1,0.000017,0.999950,0.000002,0.000030
11196,1,1,0.000006,0.999970,0.000000,0.000024
19525,1,1,0.000019,0.999949,0.000002,0.000029
10972,1,1,0.000005,0.999978,0.000000,0.000017
527,3,3,0.000004,0.000008,0.000002,0.999986
27388,0,0,1.000000,0.000000,0.000000,0.000000
28377,0,0,1.000000,0.000000,0.000000,0.000000
1646,3,3,0.000003,0.000015,0.000002,0.999980
27690,0,0,1.000000,0.000000,0.000000,0.000000
21096,1,1,0.000020,0.999949,0.000003,0.000029
19488,1,1,0.000012,0.999972,0.000002,0.000014
30522,0,0,1.000000,0.000000,0.000000,0.000000
18800,1,1,0.000012,0.999970,0.000002,0.000017
11110,1,1,0.000006,0.999973,0.000000,0.000021
1946,3,3,0.000002,0.000003,0.000002,0.999992
1567,3,3,0.000002,0.000002,0.000001,0.999995
16601,1,1,0.000014,0.999969,0.000003,0.000014
9486,1,1,0.000017,0.999959,0.000003,0.000021
8797,2,2,0.000004,0.000082,0.999851,0.000063
4034,3,3,0.000001,0.000002,0.000001,0.999997
24289,0,0,1.000000,0.000000,0.000000,0.000000
11578,1,1,0.000005,0.999978,0.000000,0.000017
8688,2,2,0.000006,0.000278,0.999680,0.000036
19954,1,1,0.000021,0.999944,0.000003,0.000033
32540,0,0,1.000000,0.000000,0.000000,0.000000
11373,1,1,0.000005,0.999976,0.000000,0.000019
4365,3,3,0.000001,0.000001,0.000001,0.999997
8833,2,2,0.000000,0.000014,0.999974,0.000012
9114,2,2,0.000000,0.000021,0.999972,0.000007
27621,0,0,1.000000,0.000000,0.000000,0.000000
28922,0,0,1.000000,0.000000,0.000000,0.000000
24621,0,0,1.000000,0.000000,0.000000,0.000000
28474,0,0,1.000000,0.000000,0.000000,0.000000
15134,1,1,0.000004,0.999991,0.000001,0.000004
4593,3,3,0.000000,0.000001,0.000001,0.999998
15702,1,1,0.000010,0.999974,0.000001,0.000014
6407,3,3,0.062131,0.000010,0.000190,0.937669
14723,1,1,0.000039,0.999887,0.000005,0.000068
26958,0,0,1.000000,0.000000,0.000000,0.000000
32839,0,0,1.000000,0.000000,0.000000,0.000000
23065,0,0,1.000000,0.000000,0.000000,0.000000
22344,0,0,1.000000,0.000000,0.000000,0.000000
21786,0,0,1.000000,0.000000,0.000000,0.000000
2367,3,3,0.000006,0.000001,0.000003,0.999989
6163,3,3,0.060018,0.000010,0.000185,0.939787
28393,0,0,1.000000,0.000000,0.000000,0.000000
21005,1,1,0.000014,0.999965,0.000002,0.000018
3512,3,3,0.000000,0.000001,0.000001,0.999998
31438,0,0,1.000000,0.000000,0.000000,0.000000
19472,1,1,0.000018,0.999954,0.000002,0.000026
11417,1,1,0.000007,0.999965,0.000000,0.000027
5507,3,3,0.062951,0.000011,0.000192,0.936846
18834,1,1,0.000024,0.999943,0.000003,0.000030
8127,2,2,0.000000,0.000014,0.999980,0.000006
28112,0,0,1.000000,0.000000,0.000000,0.000000
31594,0,0,1.000000,0.000000,0.000000,0.000000
10192,1,1,0.000006,0.999974,0.000000,0.000020
18400,1,1,0.000013,0.999968,0.000002,0.000017
9758,1,1,0.000005,0.999976,0.000000,0.000020
28771,0,0,1.000000,0.000000,0.000000,0.000000
31579,0,0,1.000000,0.000000,0.000000,0.000000
8723,2,2,0.000000,0.000011,0.999981,0.000008
1914,3,3,0.000065,0.000000,0.000006,0.999930
29385,0,0,1.000000,0.000000,0.000000,0.000000
8900,2,2,0.000002,0.000065,0.999917,0.000016
16182,1,1,0.000021,0.999944,0.000003,0.000032
23487,0,0,1.000000,0.000000,0.000000,0.000000
21595,0,0,1.000000,0.000000,0.000000,0.000000
15522,1,1,0.000012,0.999972,0.000002,0.000014
18364,1,1,0.000014,0.999965,0.000002,0.000018
9726,1,1,0.000005,0.999974,0.000000,0.000020
31034,0,0,1.000000,0.000000,0.000000,0.000000
10241,1,1,0.000005,0.999980,0.000000,0.000014
9774,1,1,0.000005,0.999978,0.000000,0.000016
26783,0,0,1.000000,0.000000,0.000000,0.000000
18275,1,1,0.000025,0.999931,0.000002,0.000042
13388,1,1,0.000018,0.999946,0.000002,0.000035
11223,1,1,0.000006,0.999974,0.000000,0.000019
3491,3,3,0.000002,0.000002,0.000003,0.999994
19744,1,1,0.000015,0.999963,0.000002,0.000020
10237,1,1,0.000006,0.999976,0.000000,0.000018
324,3,3,0.000002,0.000001,0.000003,0.999995
25505,0,0,1.000000,0.000000,0.000000,0.000000
27821,0,0,1.000000,0.000000,0.000000,0.000000
4490,3,3,0.000000,0.000001,0.000001,0.999998
7260,2,2,0.000000,0.000016,0.999974,0.000009
24662,0,0,1.000000,0.000000,0.000000,0.000000
32146,0,0,1.000000,0.000000,0.000000,0.000000
23115,0,0,1.000000,0.000000,0.000000,0.000000
11936,1,1,0.000004,0.999979,0.000000,0.000016
355,3,3,0.000001,0.000002,0.000001,0.999996
4521,3,3,0.000000,0.000002,0.000001,0.999997
14284,1,1,0.000012,0.999974,0.000001,0.000012
26357,0,0,1.000000,0.000000,0.000000,0.000000
2214,3,3,0.000001,0.000002,0.000001,0.999996
4345,3,3,0.000001,0.000002,0.000001,0.999996
17823,1,1,0.000045,0.999867,0.000004,0.000084
7469,2,2,0.000000,0.000014,0.999976,0.000010
20600,1,1,0.000010,0.999977,0.000002,0.000011
32504,0,0,1.000000,0.000000,0.000000,0.000000
11114,1,1,0.000006,0.999976,0.000000,0.000018
18038,1,1,0.000031,0.999914,0.000003,0.000052
10824,1,1,0.000007,0.999970,0.000000,0.000023
30105,0,0,1.000000,0.000000,0.000000,0.000000
18139,1,1,0.000036,0.999896,0.000003,0.000064
8963,2,2,0.000001,0.000017,0.999961,0.000021
25669,0,0,1.000000,0.000000,0.000000,0.000000
12707,1,1,0.000133,0.995091,0.000002,0.004774
32366,0,0,1.000000,0.000000,0.000000,0.000000
21191,1,1,0.000020,0.999954,0.000003,0.000023
2041,3,3,0.000001,0.000005,0.000002,0.999992
27170,0,0,1.000000,0.000000,0.000000,0.000000
13803,1,1,0.000015,0.999957,0.000001,0.000027
15218,1,1,0.000056,0.999814,0.000006,0.000124
32318,0,0,1.000000,0.000000,0.000000,0.000000
2871,3,3,0.000002,0.000002,0.000002,0.999994
11316,1,1,0.000005,0.999981,0.000000,0.000014
16501,1,1,0.000014,0.999966,0.000002,0.000018
9240,1,1,0.000009,0.999978,0.000003,0.000010
9920,1,1,0.000007,0.999976,0.000000,0.000017
7366,2,2,0.000000,0.000013,0.999976,0.000010
27961,0,0,1.000000,0.000000,0.000000,0.000000
15979,1,1,0.000025,0.999935,0.000003,0.000037
3065,3,3,0.000003,0.000003,0.000002,0.999992
22377,0,0,1.000000,0.000000,0.000000,0.000000
28791,0,0,1.000000,0.000000,0.000000,0.000000
14165,1,1,0.000011,0.999976,0.000002,0.000011
32474,0,0,1.000000,0.000000,0.000000,0.000000
9232,1,1,0.000013,0.999968,0.000004,0.000014
18025,1,1,0.000038,0.999887,0.000003,0.000071
2009,3,3,0.000045,0.000006,0.000025,0.999923
14069,1,1,0.000006,0.999979,0.000001,0.000014
32414,0,0,1.000000,0.000000,0.000000,0.000000
1992,3,3,0.000336,0.000000,0.000031,0.999634
5202,3,3,0.182914,0.000013,0.000210,0.816863
32450,0,0,1.000000,0.000000,0.000000,0.000000
6962,2,2,0.000002,0.000068,0.999911,0.000019
31168,0,0,1.000000,0.000000,0.000000,0.000000
9742,1,1,0.000005,0.999978,0.000000,0.000017
268,3,3,0.002351,0.018236,0.000110,0.979303
28418,0,0,1.000000,0.000000,0.000000,0.000000
28820,0,0,1.000000,0.000000,0.000000,0.000000
24023,0,0,1.000000,0.000000,0.000000,0.000000
10492,1,1,0.000007,0.999976,0.000001,0.000016
7832,2,2,0.000000,0.000012,0.999982,0.000006
8714,2,2,0.000001,0.000029,0.999961,0.000009
4213,3,3,0.000001,0.000002,0.000001,0.999997
11347,1,1,0.000005,0.999979,0.000000,0.000016
17914,1,1,0.000026,0.999938,0.000003,0.000034
22326,0,0,1.000000,0.000000,0.000000,0.000000
28101,0,0,1.000000,0.000000,0.000000,0.000000
1190,3,3,0.000004,0.000110,0.000002,0.999884
26781,0,0,1.000000,0.000000,0.000000,0.000000
11686,1,1,0.000007,0.999964,0.000000,0.000029
30195,0,0,1.000000,0.000000,0.000000,0.000000
22846,0,0,1.000000,0.000000,0.000000,0.000000
27369,0,0,1.000000,0.000000,0.000000,0.000000
12735,1,1,0.000007,0.999967,0.000000,0.000025
32118,0,0,1.000000,0.000000,0.000000,0.000000
23010,0,0,1.000000,0.000000,0.000000,0.000000
31648,0,0,1.000000,0.000000,0.000000,0.000000
17142,1,1,0.000034,0.999902,0.000006,0.000058
22596,0,0,1.000000,0.000000,0.000000,0.000000
11959,1,1,0.000006,0.999971,0.000000,0.000023
11998,1,1,0.000007,0.999970,0.000000,0.000023
17616,1,1,0.000017,0.999958,0.000002,0.000023
11965,1,1,0.000006,0.999972,0.000000,0.000022
21775,0,0,1.000000,0.000000,0.000000,0.000000
26190,0,0,1.000000,0.000000,0.000000,0.000000
30437,0,0,1.000000,0.000000,0.000000,0.000000
13075,1,1,0.000010,0.999973,0.000001,0.000016
18176,1,1,0.000036,0.999911,0.000005,0.000048
15302,1,1,0.000132,0.998913,0.000017,0.000939
9127,2,2,0.000000,0.000014,0.999979,0.000007
23948,0,0,1.000000,0.000000,0.000000,0.000000
25703,0,0,1.000000,0.000000,0.000000,0.000000
29820,0,0,1.000000,0.000000,0.000000,0.000000
9976,1,1,0.000008,0.999972,0.000001,0.000020
14567,1,1,0.000025,0.999934,0.000004,0.000037
6844,2,2,0.000000,0.000012,0.999982,0.000006
23358,0,0,1.000000,0.000000,0.000000,0.000000
27868,0,0,1.000000,0.000000,0.000000,0.000000
27629,0,0,1.000000,0.000000,0.000000,0.000000
3736,3,3,0.000001,0.000001,0.000001,0.999997
22529,0,0,1.000000,0.000000,0.000000,0.000000
6640,2,2,0.000002,0.000036,0.999925,0.000037
21839,0,0,1.000000,0.000000,0.000000,0.000000
22460,0,0,1.000000,0.000000,0.000000,0.000000
22359,0,0,1.000000,0.000000,0.000000,0.000000
24223,0,0,1.000000,0.000000,0.000000,0.000000
20220,1,1,0.000015,0.999964,0.000002,0.000019
1276,3,3,0.000001,0.000003,0.000001,0.999996
14349,1,1,0.000015,0.999963,0.000003,0.000019
11743,1,1,0.000014,0.999917,0.000001,0.000068
10160,1,1,0.000006,0.999971,0.000000,0.000023
14900,1,1,0.000007,0.999985,0.000002,0.000007
25640,0,0,1.000000,0.000000,0.000000,0.000000
22489,0,0,1.000000,0.000000,0.000000,0.000000
10775,1,1,0.000006,0.999969,0.000000,0.000025
11988,1,1,0.000008,0.999961,0.000000,0.000030
19442,1,1,0.000022,0.999941,0.000003,0.000034
15929,1,1,0.000033,0.999917,0.000004,0.000045
14724,1,1,0.000017,0.999937,0.000001,0.000045
4223,3,3,0.000001,0.000003,0.000001,0.999996
32984,0,0,0.943127,0.000032,0.000086,0.056755
3720,3,3,0.000000,0.000001,0.000001,0.999998
6275,3,3,0.061794,0.000010,0.000188,0.938008
3050,3,3,0.000001,0.000003,0.000001,0.999996
16541,1,1,0.000008,0.999982,0.000001,0.000009
24877,0,0,1.000000,0.000000,0.000000,0.000000
14783,1,1,0.000010,0.999977,0.000003,0.000010
11249,1,1,0.000007,0.999968,0.000000,0.000025
27637,0,0,1.000000,0.000000,0.000000,0.000000
5390,3,3,0.175925,0.000013,0.000202,0.823860
1989,3,3,0.000007,0.000000,0.000001,0.999992
2530,3,3,0.000001,0.000003,0.000001,0.999995
14784,1,1,0.000011,0.999972,0.000004,0.000013
29958,0,0,1.000000,0.000000,0.000000,0.000000
18298,1,1,0.000015,0.999961,0.000002,0.000022
27695,0,0,1.000000,0.000000,0.000000,0.000000
31564,0,0,1.000000,0.000000,0.000000,0.000000
26739,0,0,1.000000,0.000000,0.000000,0.000000
77,3,3,0.000002,0.000001,0.000002,0.999994
25105,0,0,1.000000,0.000000,0.000000,0.000000
17681,1,1,0.000034,0.999908,0.000005,0.000053
10105,1,1,0.000008,0.999971,0.000000,0.000021
17149,1,1,0.000028,0.999928,0.000003,0.000040
3385,3,3,0.000000,0.000001,0.000001,0.999998
30333,0,0,1.000000,0.000000,0.000000,0.000000
24982,0,0,1.000000,0.000000,0.000000,0.000000
29629,0,0,1.000000,0.000000,0.000000,0.000000
7982,2,2,0.000000,0.000013,0.999982,0.000005
12446,1,1,0.000007,0.999964,0.000000,0.000029
11467,1,1,0.000004,0.999979,0.000000,0.000017
32477,0,0,1.000000,0.000000,0.000000,0.000000
4413,3,3,0.000001,0.000001,0.000001,0.999998
32774,0,0,1.000000,0.000000,0.000000,0.000000
9918,1,1,0.000006,0.999978,0.000000,0.000016
20697,1,1,0.000032,0.999915,0.000004,0.000049
27443,0,0,1.000000,0.000000,0.000000,0.000000
31926,0,0,1.000000,0.000000,0.000000,0.000000
4177,3,3,0.000002,0.000002,0.000002,0.999994
13418,1,1,0.000008,0.999980,0.000001,0.000011
27350,0,0,1.000000,0.000000,0.000000,0.000000
30468,0,0,1.000000,0.000000,0.000000,0.000000
23290,0,0,1.000000,0.000000,0.000000,0.000000
16202,1,1,0.000027,0.999924,0.000003,0.000045
18357,1,1,0.000019,0.999947,0.000002,0.000032
22215,0,0,1.000000,0.000000,0.000000,0.000000
22915,0,0,1.000000,0.000000,0.000000,0.000000
31861,0,0,1.000000,0.000000,0.000000,0.000000
26228,0,0,1.000000,0.000000,0.000000,0.000000
3389,3,3,0.000001,0.000001,0.000001,0.999996
12935,1,1,0.000008,0.999966,0.000000,0.000026
1085,3,3,0.000001,0.000006,0.000001,0.999992
25481,0,0,1.000000,0.000000,0.000000,0.000000
19701,1,1,0.000018,0.999959,0.000003,0.000020
1779,3,3,0.000000,0.000002,0.000001,0.999996
26721,0,0,1.000000,0.000000,0.000000,0.000000
30419,0,0,1.000000,0.000000,0.000000,0.000000
23946,0,0,1.000000,0.000000,0.000000,0.000000
161,3,3,0.000001,0.000002,0.000002,0.999995
9698,1,1,0.000011,0.999975,0.000001,0.000012
18193,1,1,0.000021,0.999954,0.000003,0.000022
22471,0,0,1.000000,0.000000,0.000000,0.000000
2187,3,3,0.000015,0.000001,0.000009,0.999976
25087,0,0,1.000000,0.000000,0.000000,0.000000
20391,1,1,0.000008,0.999981,0.000001,0.000010
11627,1,1,0.000009,0.999957,0.000000,0.000033
21303,1,1,0.000013,0.999969,0.000002,0.000017
829,3,3,0.000032,0.000003,0.000009,0.999956
12452,1,1,0.000009,0.999955,0.000000,0.000036
5310,3,3,0.176823,0.000013,0.000203,0.822962
16165,1,1,0.000031,0.999916,0.000004,0.000049
28785,0,0,1.000000,0.000000,0.000000,0.000000
10452,1,1,0.000005,0.999979,0.000000,0.000016
1502,3,3,0.000001,0.000002,0.000001,0.999996
27745,0,0,1.000000,0.000000,0.000000,0.000000
8715,2,2,0.000000,0.000015,0.999974,0.000010
29223,0,0,1.000000,0.000000,0.000000,0.000000
5839,3,3,0.063306,0.000011,0.000191,0.936492
14628,1,1,0.000017,0.999955,0.000003,0.000025
16155,1,1,0.000030,0.999923,0.000004,0.000044
18948,1,1,0.000025,0.999936,0.000003,0.000036
3055,3,3,0.000002,0.000004,0.000002,0.999992
22244,0,0,1.000000,0.000000,0.000000,0.000000
18538,1,1,0.000017,0.999954,0.000002,0.000027
20398,1,1,0.000013,0.999969,0.000002,0.000016
5588,3,3,0.061036,0.000010,0.000186,0.938768
15791,1,1,0.000012,0.999970,0.000002,0.000016
9490,1,1,0.000025,0.999940,0.000005,0.000031
26859,0,0,1.000000,0.000000,0.000000,0.000000
11874,1,1,0.000006,0.999974,0.000000,0.000019
31766,0,0,1.000000,0.000000,0.000000,0.000000
2355,3,3,0.000004,0.000008,0.000002,0.999985
2699,3,3,0.000003,0.000003,0.000003,0.999991
9377,1,1,0.000017,0.999961,0.000003,0.000019
15374,1,1,0.000006,0.999987,0.000001,0.000006
5146,3,3,0.210545,0.000014,0.000215,0.789226
28420,0,0,1.000000,0.000000,0.000000,0.000000
3225,3,3,0.000021,0.000004,0.000008,0.999967
23852,0,0,1.000000,0.000000,0.000000,0.000000
18827,1,1,0.000040,0.999877,0.000004,0.000079
2220,3,3,0.000007,0.000001,0.000006,0.999986
20930,1,1,0.000013,0.999968,0.000002,0.000017
23013,0,0,1.000000,0.000000,0.000000,0.000000
9915,1,1,0.000007,0.999973,0.000000,0.000020
30398,0,0,1.000000,0.000000,0.000000,0.000000
25688,0,0,1.000000,0.000000,0.000000,0.000000
20643,1,1,0.000023,0.999938,0.000003,0.000036
13663,1,1,0.000021,0.999948,0.000003,0.000029
22656,0,0,1.000000,0.000000,0.000000,0.000000
6878,2,2,0.000001,0.000028,0.999953,0.000018
27993,0,0,1.000000,0.000000,0.000000,0.000000
32105,0,0,1.000000,0.000000,0.000000,0.000000
19197,1,1,0.000026,0.999930,0.000003,0.000041
4896,3,3,0.000001,0.000002,0.000001,0.999996
19679,1,1,0.000089,0.999717,0.000007,0.000186
16971,1,1,0.000019,0.999954,0.000003,0.000025
14323,1,1,0.000006,0.999987,0.000001,0.000006
10978,1,1,0.000006,0.999976,0.000000,0.000017
28422,0,0,1.000000,0.000000,0.000000,0.000000
32418,0,0,1.000000,0.000000,0.000000,0.000000
31552,0,0,1.000000,0.000000,0.000000,0.000000
10652,1,1,0.000007,0.999972,0.000000,0.000021
5096,3,3,0.000001,0.000003,0.000001,0.999995
8544,2,2,0.000000,0.000012,0.999974,0.000013
13214,1,1,0.000024,0.999933,0.000004,0.000040
2249,3,3,0.000004,0.000001,0.000004,0.999991
31130,0,0,1.000000,0.000000,0.000000,0.000000
30422,0,0,1.000000,0.000000,0.000000,0.000000
3782,3,3,0.000001,0.000001,0.000001,0.999998
24726,0,0,1.000000,0.000000,0.000000,0.000000
29293,0,0,1.000000,0.000000,0.000000,0.000000
5846,3,3,0.060053,0.000010,0.000188,0.939748
10310,1,1,0.000006,0.999974,0.000000,0.000019
24782,0,0,1.000000,0.000000,0.000000,0.000000
32959,0,0,0.948171,0.000031,0.000079,0.051718
13398,1,1,0.000017,0.999952,0.000002,0.000029
31670,0,0,1.000000,0.000000,0.000000,0.000000
28918,0,0,1.000000,0.000000,0.000000,0.000000
12652,1,1,0.000009,0.999957,0.000000,0.000034
24229,0,0,1.000000,0.000000,0.000000,0.000000
31546,0,0,1.000000,0.000000,0.000000,0.000000
21322,1,1,0.000019,0.999951,0.000002,0.000028
29546,0,0,1.000000,0.000000,0.000000,0.000000
16316,1,1,0.000031,0.999922,0.000004,0.000042
15954,1,1,0.000013,0.999971,0.000003,0.000014
484,3,3,0.000001,0.000003,0.000001,0.999996
4501,3,3,0.000000,0.000003,0.000001,0.999995
22296,0,0,1.000000,0.000000,0.000000,0.000000
12132,1,1,0.000006,0.999971,0.000000,0.000023
12897,1,1,0.000007,0.999974,0.000000,0.000019
27016,0,0,1.000000,0.000000,0.000000,0.000000
20063,1,1,0.000015,0.999963,0.000003,0.000019
261,3,3,0.000000,0.000001,0.000001,0.999997
13474,1,1,0.000042,0.999877,0.000004,0.000077
8100,2,2,0.000000,0.000011,0.999981,0.000007
22541,0,0,1.000000,0.000000,0.000000,0.000000
14502,1,1,0.000026,0.999934,0.000002,0.000038
24108,0,0,1.000000,0.000000,0.000000,0.000000
31058,0,0,1.000000,0.000000,0.000000,0.000000
28334,0,0,1.000000,0.000000,0.000000,0.000000
14077,1,1,0.000020,0.999948,0.000003,0.000030
