index,true_label,pred_label,prob_class0,prob_class1,prob_class2,prob_class3
32454,0,0,0.999998,0.000000,0.000000,0.000002
845,3,3,0.000144,0.000030,0.000019,0.999806
24570,0,0,0.999998,0.000000,0.000000,0.000002
21936,0,0,0.999996,0.000000,0.000000,0.000004
2159,3,3,0.000086,0.000008,0.000013,0.999894
2596,3,3,0.000051,0.000007,0.000008,0.999935
14825,1,1,0.000001,0.999998,0.000001,0.000000
15362,1,1,0.000012,0.999980,0.000003,0.000005
4508,3,3,0.000071,0.000008,0.000011,0.999910
10927,1,1,0.000004,0.999990,0.000005,0.000001
7678,2,2,0.000000,0.000060,0.999938,0.000001
22184,0,0,0.999997,0.000000,0.000000,0.000003
6459,3,3,0.011392,0.000019,0.000044,0.988545
27708,0,0,0.999997,0.000000,0.000000,0.000003
1279,3,3,0.000094,0.000022,0.000027,0.999857
4722,3,3,0.000055,0.000008,0.000011,0.999926
3023,3,3,0.000074,0.000010,0.000011,0.999904
18777,1,1,0.000015,0.999975,0.000003,0.000006
16222,1,1,0.000004,0.999993,0.000001,0.000002
8335,2,2,0.000000,0.000047,0.999952,0.000001
13134,1,1,0.000002,0.999996,0.000001,0.000001
20518,1,1,0.000008,0.999986,0.000002,0.000003
8235,2,2,0.000000,0.000095,0.999901,0.000003
10520,1,1,0.000001,0.999996,0.000002,0.000000
30053,0,0,0.999998,0.000000,0.000000,0.000002
5965,3,3,0.010718,0.000019,0.000044,0.989219
18304,1,1,0.000017,0.999973,0.000003,0.000007
28066,0,0,0.999997,0.000000,0.000000,0.000003
20410,1,1,0.000022,0.999962,0.000006,0.000010
16174,1,1,0.000006,0.999990,0.000001,0.000002
9924,1,1,0.000002,0.999996,0.000002,0.000000
28207,0,0,0.999998,0.000000,0.000000,0.000002
52,3,3,0.000114,0.000022,0.000015,0.999849
3325,3,3,0.000072,0.000011,0.000012,0.999904
29174,0,0,0.999998,0.000000,0.000000,0.000001
3246,3,3,0.000088,0.000014,0.000014,0.999885
16414,1,1,0.000011,0.999983,0.000002,0.000004
33042,0,0,0.999427,0.000000,0.000000,0.000573
878,3,3,0.000107,0.000022,0.000024,0.999848
32304,0,0,0.999998,0.000000,0.000000,0.000002
24099,0,0,0.999998,0.000000,0.000000,0.000002
1115,3,3,0.000079,0.000013,0.000012,0.999896
19267,1,1,0.000009,0.999985,0.000002,0.000004
9537,1,1,0.000003,0.999996,0.000001,0.000001
14849,1,1,0.000000,1.000000,0.000000,0.000000
636,3,3,0.000095,0.000014,0.000015,0.999875
23951,0,0,0.999997,0.000000,0.000000,0.000002
4062,3,3,0.000091,0.000016,0.000014,0.999879
7494,2,2,0.000011,0.003029,0.996760,0.000200
17419,1,1,0.000011,0.999982,0.000002,0.000005
31265,0,0,0.999998,0.000000,0.000000,0.000002
6717,2,2,0.000000,0.000057,0.999942,0.000001
4566,3,3,0.000054,0.000007,0.000009,0.999929
18291,1,1,0.000006,0.999990,0.000001,0.000003
5743,3,3,0.010513,0.000019,0.000044,0.989424
32802,0,0,0.999998,0.000000,0.000000,0.000002
19540,1,1,0.000019,0.999967,0.000005,0.000009
5601,3,3,0.010685,0.000019,0.000044,0.989253
14652,1,1,0.000000,1.000000,0.000000,0.000000
10268,1,1,0.000003,0.999992,0.000003,0.000001
939,3,3,0.000249,0.000067,0.000032,0.999652
28187,0,0,0.999998,0.000000,0.000000,0.000002
31220,0,0,0.999998,0.000000,0.000000,0.000002
735,3,3,0.000133,0.000032,0.000018,0.999816
29977,0,0,0.999998,0.000000,0.000000,0.000002
26733,0,0,0.999998,0.000000,0.000000,0.000002
25365,0,0,0.999998,0.000000,0.000000,0.000002
30564,0,0,0.999998,0.000000,0.000000,0.000002
1709,3,3,0.000077,0.000014,0.000012,0.999897
21062,1,1,0.000005,0.999991,0.000001,0.000002
335,3,3,0.000061,0.000008,0.000012,0.999919
6241,3,3,0.011824,0.000019,0.000044,0.988114
16772,1,1,0.000012,0.999980,0.000002,0.000005
10364,1,1,0.000004,0.999992,0.000003,0.000001
16798,1,1,0.000012,0.999981,0.000002,0.000005
17035,1,1,0.000006,0.999991,0.000001,0.000002
2698,3,3,0.000127,0.000014,0.000016,0.999843
29636,0,0,0.999995,0.000000,0.000000,0.000005
9904,1,1,0.000004,0.999989,0.000005,0.000001
91,3,3,0.000206,0.000052,0.000030,0.999712
5578,3,3,0.011747,0.000019,0.000044,0.988191
12758,1,1,0.000004,0.999992,0.000003,0.000001
21404,0,0,0.999997,0.000000,0.000000,0.000003
32357,0,0,0.999999,0.000000,0.000000,0.000001
18956,1,1,0.000016,0.999974,0.000003,0.000007
7059,2,2,0.000000,0.000040,0.999959,0.000001
6792,2,2,0.000000,0.000292,0.999692,0.000016
14755,1,1,0.000001,0.999997,0.000001,0.000000
3077,3,3,0.000068,0.000009,0.000012,0.999912
31083,0,0,0.999998,0.000000,0.000000,0.000002
13376,1,1,0.000003,0.999995,0.000001,0.000001
15503,1,1,0.000003,0.999995,0.000001,0.000001
506,3,3,0.000047,0.000006,0.000007,0.999939
908,3,3,0.000160,0.000038,0.000028,0.999773
1182,3,3,0.000068,0.000011,0.000012,0.999910
19159,1,1,0.000006,0.999990,0.000002,0.000003
13799,1,1,0.000008,0.999987,0.000003,0.000003
10612,1,1,0.000004,0.999991,0.000004,0.000001
31273,0,0,0.999999,0.000000,0.000000,0.000001
29526,0,0,0.999998,0.000000,0.000000,0.000002
12695,1,1,0.000324,0.999120,0.000249,0.000308
906,3,3,0.000060,0.000010,0.000016,0.999914
5238,3,3,0.028075,0.000019,0.000044,0.971862
620,3,3,0.000097,0.000013,0.000015,0.999874
28718,0,0,0.999998,0.000000,0.000000,0.000002
15885,1,1,0.000001,0.999998,0.000001,0.000000
31453,0,0,0.999999,0.000000,0.000000,0.000001
5334,3,3,0.028636,0.000019,0.000044,0.971302
1755,3,3,0.000037,0.000004,0.000006,0.999953
8425,2,2,0.000000,0.000036,0.999964,0.000001
11365,1,1,0.000002,0.999994,0.000003,0.000001
8052,2,2,0.000000,0.000228,0.999758,0.000014
21756,0,0,0.999997,0.000000,0.000000,0.000003
20816,1,1,0.000004,0.999994,0.000001,0.000001
32057,0,0,0.999999,0.000000,0.000000,0.000001
277,3,3,0.051067,0.000014,0.000037,0.948881
27245,0,0,0.999998,0.000000,0.000000,0.000002
29408,0,0,0.999997,0.000000,0.000000,0.000003
15019,1,1,0.000001,0.999998,0.000001,0.000000
28396,0,0,0.999998,0.000000,0.000000,0.000001
21465,0,0,0.999997,0.000000,0.000000,0.000004
12029,1,1,0.000020,0.999941,0.000030,0.000009
3176,3,3,0.000107,0.000019,0.000017,0.999857
14919,1,1,0.000008,0.999986,0.000002,0.000003
29603,0,0,0.999996,0.000000,0.000000,0.000004
15439,1,1,0.000001,0.999998,0.000000,0.000000
20439,1,1,0.000005,0.999992,0.000001,0.000002
21381,1,1,0.000051,0.999915,0.000007,0.000027
7398,2,2,0.000000,0.000045,0.999954,0.000001
30371,0,0,0.999999,0.000000,0.000000,0.000001
14700,1,1,0.000012,0.999975,0.000008,0.000005
10108,1,1,0.000002,0.999994,0.000003,0.000001
11789,1,1,0.000029,0.999932,0.000026,0.000014
9069,2,2,0.000000,0.000120,0.999875,0.000004
15073,1,1,0.000000,0.999999,0.000000,0.000000
30728,0,0,0.999998,0.000000,0.000000,0.000002
32611,0,0,0.999998,0.000000,0.000000,0.000001
13399,1,1,0.000008,0.999987,0.000002,0.000003
1591,3,3,0.000162,0.000038,0.000021,0.999779
14609,1,1,0.000005,0.999992,0.000002,0.000002
28678,0,0,0.999999,0.000000,0.000000,0.000001
20883,1,1,0.000006,0.999990,0.000001,0.000002
23329,0,0,0.999998,0.000000,0.000000,0.000002
12485,1,1,0.000012,0.999972,0.000012,0.000005
8943,2,2,0.000000,0.000191,0.999800,0.000009
22354,0,0,0.999996,0.000000,0.000000,0.000004
24188,0,0,0.999998,0.000000,0.000000,0.000002
6937,2,2,0.000000,0.000064,0.999935,0.000002
2901,3,3,0.000066,0.000011,0.000012,0.999912
12085,1,1,0.000005,0.999987,0.000006,0.000002
22151,0,0,0.999997,0.000000,0.000000,0.000003
27541,0,0,0.999998,0.000000,0.000000,0.000002
23756,0,0,0.999998,0.000000,0.000000,0.000002
16482,1,1,0.000007,0.999989,0.000002,0.000003
31202,0,0,0.999998,0.000000,0.000000,0.000002
11243,1,1,0.000006,0.999986,0.000006,0.000002
20590,1,1,0.000004,0.999993,0.000001,0.000002
1011,3,3,0.000181,0.000043,0.000036,0.999740
9595,1,1,0.002560,0.993313,0.001095,0.003032
28329,0,0,0.999998,0.000000,0.000000,0.000002
11728,1,1,0.000004,0.999991,0.000004,0.000001
18027,1,1,0.000008,0.999986,0.000002,0.000003
587,3,3,0.000137,0.000029,0.000023,0.999812
32755,0,0,0.999999,0.000000,0.000000,0.000001
32593,0,0,0.999998,0.000000,0.000000,0.000002
9467,1,1,0.000014,0.999975,0.000005,0.000006
3415,3,3,0.000064,0.000010,0.000011,0.999915
19039,1,1,0.000014,0.999976,0.000003,0.000006
2120,3,3,0.000100,0.000006,0.000013,0.999881
29716,0,0,0.999997,0.000000,0.000000,0.000003
27473,0,0,0.999998,0.000000,0.000000,0.000002
24314,0,0,0.999998,0.000000,0.000000,0.000002
16027,1,1,0.000013,0.999979,0.000002,0.000005
8997,2,2,0.000000,0.000071,0.999927,0.000002
31407,0,0,0.999998,0.000000,0.000000,0.000002
17051,1,1,0.000007,0.999989,0.000002,0.000003
12971,1,1,0.000006,0.999990,0.000002,0.000002
32986,0,0,0.999247,0.000000,0.000000,0.000753
8069,2,2,0.000000,0.000045,0.999954,0.000001
22515,0,0,0.999996,0.000000,0.000000,0.000004
30145,0,0,0.999997,0.000000,0.000000,0.000003
4860,3,3,0.000059,0.000007,0.000011,0.999923
15598,1,1,0.000002,0.999997,0.000001,0.000001
18142,1,1,0.000006,0.999989,0.000002,0.000003
5906,3,3,0.010424,0.000019,0.000044,0.989514
14980,1,1,0.000000,0.999999,0.000000,0.000000
22339,0,0,0.999997,0.000000,0.000000,0.000003
19562,1,1,0.000012,0.999981,0.000003,0.000005
23553,0,0,0.999997,0.000000,0.000000,0.000003
28036,0,0,0.999998,0.000000,0.000000,0.000002
13837,1,1,0.000002,0.999996,0.000001,0.000001
1521,3,3,0.000126,0.000018,0.000019,0.999838
29729,0,0,0.999999,0.000000,0.000000,0.000001
3199,3,3,0.000074,0.000012,0.000012,0.999902
5631,3,3,0.011120,0.000019,0.000044,0.988818
5141,3,3,0.033242,0.000019,0.000044,0.966695
3678,3,3,0.000041,0.000004,0.000008,0.999947
11977,1,1,0.000006,0.999988,0.000005,0.000002
10615,1,1,0.000004,0.999991,0.000004,0.000001
9331,1,1,0.000006,0.999990,0.000002,0.000002
6084,3,3,0.011767,0.000019,0.000044,0.988170
24908,0,0,0.999997,0.000000,0.000000,0.000002
10344,1,1,0.000003,0.999993,0.000003,0.000001
8590,2,2,0.000000,0.000063,0.999935,0.000002
29712,0,0,0.999996,0.000000,0.000000,0.000004
6687,2,2,0.000000,0.000067,0.999932,0.000002
5773,3,3,0.010057,0.000019,0.000044,0.989881
23990,0,0,0.999998,0.000000,0.000000,0.000002
13157,1,1,0.000004,0.999993,0.000002,0.000002
3877,3,3,0.000066,0.000009,0.000011,0.999913
24887,0,0,0.999998,0.000000,0.000000,0.000002
15732,1,1,0.000001,0.999998,0.000000,0.000000
27848,0,0,0.999997,0.000000,0.000000,0.000003
2419,3,3,0.000210,0.000033,0.000031,0.999726
5968,3,3,0.010527,0.000019,0.000044,0.989411
18993,1,1,0.000009,0.999985,0.000002,0.000004
26640,0,0,0.999998,0.000000,0.000000,0.000002
15482,1,1,0.000001,0.999998,0.000001,0.000000
7271,2,2,0.000000,0.000057,0.999942,0.000001
10872,1,1,0.000001,0.999997,0.000002,0.000000
14256,1,1,0.000001,0.999998,0.000000,0.000000
3739,3,3,0.000073,0.000008,0.000012,0.999906
3694,3,3,0.000051,0.000005,0.000008,0.999936
32580,0,0,0.999999,0.000000,0.000000,0.000001
16505,1,1,0.000009,0.999985,0.000002,0.000004
9659,1,1,0.000001,0.999998,0.000000,0.000000
29364,0,0,0.999999,0.000000,0.000000,0.000001
2274,3,3,0.454008,0.000008,0.000022,0.545961
23949,0,0,0.999998,0.000000,0.000000,0.000002
1858,3,3,0.000076,0.000009,0.000011,0.999904
21139,1,1,0.000008,0.999986,0.000002,0.000003
19228,1,1,0.000009,0.999985,0.000002,0.000004
11153,1,1,0.000003,0.999992,0.000004,0.000001
18869,1,1,0.000011,0.999983,0.000002,0.000004
3684,3,3,0.000071,0.000011,0.000012,0.999907
10003,1,1,0.000004,0.999990,0.000005,0.000001
7958,2,2,0.000000,0.000058,0.999940,0.000001
19013,1,1,0.000007,0.999988,0.000002,0.000003
18549,1,1,0.000012,0.999981,0.000003,0.000005
27663,0,0,0.999997,0.000000,0.000000,0.000003
16356,1,1,0.000007,0.999989,0.000002,0.000003
4216,3,3,0.000086,0.000016,0.000015,0.999883
5107,3,3,0.000831,0.000131,0.000130,0.998908
7523,2,2,0.000000,0.000034,0.999965,0.000001
1666,3,3,0.000114,0.000022,0.000020,0.999844
32407,0,0,0.999998,0.000000,0.000000,0.000002
26200,0,0,0.999998,0.000000,0.000000,0.000002
18094,1,1,0.000006,0.999990,0.000002,0.000002
29910,0,0,0.999995,0.000000,0.000000,0.000005
11259,1,1,0.000002,0.999995,0.000003,0.000001
6145,3,3,0.011396,0.000019,0.000044,0.988542
10030,1,1,0.000002,0.999994,0.000003,0.000001
31646,0,0,0.999999,0.000000,0.000000,0.000001
11325,1,1,0.000002,0.999996,0.000002,0.000001
18328,1,1,0.000003,0.999995,0.000001,0.000001
522,3,3,0.000150,0.000045,0.000074,0.999731
32326,0,0,0.999998,0.000000,0.000000,0.000001
28384,0,0,0.999997,0.000000,0.000000,0.000003
7300,2,2,0.000000,0.000071,0.999927,0.000002
24902,0,0,0.999998,0.000000,0.000000,0.000002
9837,1,1,0.000004,0.999991,0.000005,0.000001
19861,1,1,0.000003,0.999995,0.000001,0.000001
27620,0,0,0.999999,0.000000,0.000000,0.000001
4709,3,3,0.000086,0.000010,0.000014,0.999890
17706,1,1,0.000006,0.999991,0.000001,0.000002
20081,1,1,0.000010,0.999983,0.000003,0.000004
6884,2,2,0.000000,0.000050,0.999949,0.000001
32891,0,0,0.999473,0.000000,0.000000,0.000527
10134,1,1,0.000002,0.999996,0.000002,0.000000
26427,0,0,0.999998,0.000000,0.000000,0.000002
2329,3,3,0.000128,0.000010,0.000017,0.999845
30598,0,0,0.999997,0.000000,0.000000,0.000003
24036,0,0,0.999998,0.000000,0.000000,0.000002
13251,1,1,0.000003,0.999996,0.000001,0.000001
5441,3,3,0.018924,0.000018,0.000043,0.981015
7017,2,2,0.000000,0.000110,0.999886,0.000004
22891,0,0,0.999998,0.000000,0.000000,0.000002
24564,0,0,0.999997,0.000000,0.000000,0.000002
29570,0,0,0.999997,0.000000,0.000000,0.000003
32379,0,0,0.999998,0.000000,0.000000,0.000002
17167,1,1,0.000014,0.999977,0.000003,0.000006
27082,0,0,0.999998,0.000000,0.000000,0.000002
32682,0,0,0.999999,0.000000,0.000000,0.000001
589,3,3,0.000104,0.000020,0.000017,0.999859
20946,1,1,0.000010,0.999984,0.000002,0.000004
270,3,3,0.001343,0.001050,0.000376,0.997231
2042,3,3,0.000117,0.000023,0.000018,0.999842
9965,1,1,0.000002,0.999994,0.000003,0.000001
18554,1,1,0.000011,0.999981,0.000003,0.000005
28158,0,0,0.999998,0.000000,0.000000,0.000002
29473,0,0,0.999998,0.000000,0.000000,0.000002
24322,0,0,0.999998,0.000000,0.000000,0.000002
15275,1,1,0.000017,0.999968,0.000007,0.000008
30306,0,0,0.999995,0.000000,0.000000,0.000005
32064,0,0,0.999999,0.000000,0.000000,0.000001
24827,0,0,0.999998,0.000000,0.000000,0.000002
12904,1,1,0.000017,0.999958,0.000018,0.000007
30387,0,0,0.999999,0.000000,0.000000,0.000001
18513,1,1,0.000013,0.999978,0.000003,0.000006
3323,3,3,0.000067,0.000010,0.000012,0.999911
106,3,3,0.000101,0.000022,0.000024,0.999853
11501,1,1,0.000003,0.999994,0.000003,0.000001
31598,0,0,0.999998,0.000000,0.000000,0.000002
22593,0,0,0.999997,0.000000,0.000000,0.000003
12373,1,1,0.000005,0.999986,0.000007,0.000002
19357,1,1,0.000015,0.999976,0.000003,0.000006
21597,0,0,0.999997,0.000000,0.000000,0.000003
16434,1,1,0.000007,0.999988,0.000002,0.000003
15324,1,1,0.000021,0.999964,0.000005,0.000010
20944,1,1,0.000012,0.999979,0.000003,0.000005
26211,0,0,0.999998,0.000000,0.000000,0.000002
22575,0,0,0.999996,0.000000,0.000000,0.000004
1911,3,3,0.000205,0.000006,0.000014,0.999775
26459,0,0,0.999998,0.000000,0.000000,0.000002
20928,1,1,0.000006,0.999990,0.000002,0.000002
25646,0,0,0.999998,0.000000,0.000000,0.000002
10067,1,1,0.000003,0.999993,0.000003,0.000001
5799,3,3,0.009563,0.000019,0.000044,0.990375
412,3,3,0.000044,0.000006,0.000007,0.999943
27711,0,0,0.999996,0.000000,0.000000,0.000004
31917,0,0,0.999998,0.000000,0.000000,0.000002
6920,2,2,0.000000,0.000092,0.999905,0.000003
6992,2,2,0.000005,0.001015,0.998828,0.000153
23266,0,0,0.999997,0.000000,0.000000,0.000003
32535,0,0,0.999998,0.000000,0.000000,0.000002
17959,1,1,0.000003,0.999995,0.000001,0.000001
6673,2,2,0.000000,0.000124,0.999871,0.000005
26901,0,0,0.999998,0.000000,0.000000,0.000002
19650,1,1,0.000005,0.999991,0.000001,0.000002
15279,1,1,0.000023,0.999959,0.000007,0.000011
30228,0,0,0.999999,0.000000,0.000000,0.000001
29058,0,0,0.999998,0.000000,0.000000,0.000002
21084,1,1,0.000003,0.999995,0.000001,0.000001
15388,1,1,0.000004,0.999993,0.000002,0.000001
6901,2,2,0.000000,0.000086,0.999912,0.000003
16242,1,1,0.000012,0.999980,0.000003,0.000005
20441,1,1,0.000008,0.999986,0.000002,0.000003
9460,1,1,0.000006,0.999989,0.000002,0.000002
19325,1,1,0.000010,0.999984,0.000003,0.000004
18680,1,1,0.000006,0.999990,0.000001,0.000003
22632,0,0,0.999996,0.000000,0.000000,0.000004
22697,0,0,0.999997,0.000000,0.000000,0.000003
22940,0,0,0.999997,0.000000,0.000000,0.000003
21072,1,1,0.000014,0.999977,0.000003,0.000006
17486,1,1,0.000011,0.999982,0.000002,0.000005
24880,0,0,0.999999,0.000000,0.000000,0.000001
964,3,3,0.000102,0.000020,0.000015,0.999862
26128,0,0,0.999998,0.000000,0.000000,0.000002
13259,1,1,0.000001,0.999998,0.000000,0.000000
7214,2,2,0.000000,0.000050,0.999949,0.000001
27767,0,0,0.999998,0.000000,0.000000,0.000002
27626,0,0,0.999997,0.000000,0.000000,0.000003
2154,3,3,0.000094,0.000009,0.000015,0.999882
19476,1,1,0.000023,0.999961,0.000005,0.000011
6662,2,2,0.000000,0.000104,0.999892,0.000003
25534,0,0,0.999998,0.000000,0.000000,0.000002
32507,0,0,0.999999,0.000000,0.000000,0.000001
15015,1,1,0.000007,0.999986,0.000003,0.000003
33067,0,0,0.999726,0.000000,0.000000,0.000274
3778,3,3,0.000052,0.000007,0.000008,0.999933
25078,0,0,0.999997,0.000000,0.000000,0.000002
6494,3,3,0.011231,0.000019,0.000044,0.988707
14590,1,1,0.000002,0.999996,0.000001,0.000001
3521,3,3,0.000045,0.000005,0.000007,0.999944
28542,0,0,0.999998,0.000000,0.000000,0.000002
8324,2,2,0.000000,0.000078,0.999919,0.000002
24739,0,0,0.999996,0.000000,0.000000,0.000004
6372,3,3,0.011780,0.000019,0.000044,0.988157
19332,1,1,0.000025,0.999958,0.000005,0.000012
33263,0,0,0.999203,0.000000,0.000000,0.000797
5900,3,3,0.010576,0.000019,0.000044,0.989361
10018,1,1,0.000001,0.999996,0.000002,0.000000
27010,0,0,0.999998,0.000000,0.000000,0.000002
6340,3,3,0.011358,0.000019,0.000044,0.988579
9802,1,1,0.000006,0.999986,0.000006,0.000002
9012,2,2,0.000004,0.001053,0.998838,0.000106
10164,1,1,0.000003,0.999994,0.000003,0.000001
30897,0,0,0.999998,0.000000,0.000000,0.000002
33150,0,0,0.999009,0.000000,0.000000,0.000990
27559,0,0,0.999998,0.000000,0.000000,0.000002
15674,1,1,0.000002,0.999997,0.000001,0.000001
6993,2,1,0.009191,0.693029,0.245205,0.052576
30058,0,0,0.999994,0.000000,0.000000,0.000006
23534,0,0,0.999998,0.000000,0.000000,0.000002
24433,0,0,0.999998,0.000000,0.000000,0.000002
32462,0,0,0.999999,0.000000,0.000000,0.000001
3670,3,3,0.000092,0.000003,0.000007,0.999899
6413,3,3,0.011261,0.000019,0.000044,0.988676
19414,1,1,0.000010,0.999983,0.000003,0.000004
28609,0,0,0.999998,0.000000,0.000000,0.000002
16932,1,1,0.000008,0.999986,0.000002,0.000003
11047,1,1,0.000005,0.999988,0.000005,0.000002
17432,1,1,0.000013,0.999979,0.000003,0.000006
29224,0,0,0.999998,0.000000,0.000000,0.000002
5171,3,3,0.030396,0.000019,0.000044,0.969541
25222,0,0,0.999998,0.000000,0.000000,0.000002
23473,0,0,0.999997,0.000000,0.000000,0.000002
30297,0,0,0.999998,0.000000,0.000000,0.000002
6114,3,3,0.011549,0.000019,0.000044,0.988389
28583,0,0,0.999997,0.000000,0.000000,0.000003
31377,0,0,0.999998,0.000000,0.000000,0.000002
28581,0,0,0.999999,0.000000,0.000000,0.000001
26932,0,0,0.999998,0.000000,0.000000,0.000002
29623,0,0,0.999998,0.000000,0.000000,0.000002
6612,2,2,0.000000,0.000095,0.999901,0.000003
26998,0,0,0.999998,0.000000,0.000000,0.000002
2427,3,3,0.000094,0.000009,0.000012,0.999885
25241,0,0,0.999998,0.000000,0.000000,0.000002
12074,1,1,0.000007,0.999982,0.000007,0.000003
29945,0,0,0.999999,0.000000,0.000000,0.000001
17530,1,1,0.000008,0.999987,0.000002,0.000003
27148,0,0,0.999998,0.000000,0.000000,0.000002
23988,0,0,0.999997,0.000000,0.000000,0.000003
15907,1,1,0.000005,0.999993,0.000001,0.000002
25673,0,0,0.999998,0.000000,0.000000,0.000002
1024,3,3,0.000113,0.000025,0.000026,0.999835
14560,1,1,0.000001,0.999998,0.000000,0.000000
27674,0,0,0.999998,0.000000,0.000000,0.000002
16923,1,1,0.000007,0.999988,0.000002,0.000003
11233,1,1,0.000003,0.999994,0.000003,0.000001
22778,0,0,0.999997,0.000000,0.000000,0.000003
28390,0,0,0.999998,0.000000,0.000000,0.000002
22454,0,0,0.999994,0.000000,0.000000,0.000006
22378,0,0,0.999999,0.000000,0.000000,0.000001
18565,1,1,0.000006,0.999990,0.000002,0.000002
24243,0,0,0.999998,0.000000,0.000000,0.000002
31596,0,0,0.999998,0.000000,0.000000,0.000002
29899,0,0,0.999999,0.000000,0.000000,0.000001
9421,1,1,0.000003,0.999995,0.000001,0.000001
4155,3,3,0.000059,0.000008,0.000010,0.999923
25674,0,0,0.999998,0.000000,0.000000,0.000002
14357,1,1,0.000001,0.999999,0.000000,0.000000
13330,1,1,0.000004,0.999994,0.000001,0.000001
15922,1,1,0.000010,0.999983,0.000002,0.000004
24355,0,0,0.999997,0.000000,0.000000,0.000003
19554,1,1,0.000005,0.999993,0.000001,0.000002
16196,1,1,0.000005,0.999992,0.000001,0.000002
20246,1,1,0.000005,0.999992,0.000001,0.000002
22107,0,0,0.999998,0.000000,0.000000,0.000002
4459,3,3,0.000051,0.000007,0.000009,0.999933
18268,1,1,0.000010,0.999983,0.000002,0.000004
8763,2,2,0.000000,0.000150,0.999843,0.000007
28315,0,0,0.999998,0.000000,0.000000,0.000002
13628,1,1,0.000004,0.999992,0.000003,0.000002
6917,2,2,0.000000,0.000075,0.999923,0.000002
32502,0,0,0.999999,0.000000,0.000000,0.000001
26799,0,0,0.999998,0.000000,0.000000,0.000002
8575,2,2,0.000000,0.000039,0.999961,0.000001
22715,0,0,0.999998,0.000000,0.000000,0.000002
4024,3,3,0.000066,0.000011,0.000012,0.999911
21627,0,0,0.999997,0.000000,0.000000,0.000003
17986,1,1,0.000007,0.999988,0.000002,0.000003
3057,3,3,0.000113,0.000018,0.000015,0.999854
29423,0,0,0.999998,0.000000,0.000000,0.000002
8008,2,2,0.000000,0.000057,0.999941,0.000001
19296,1,1,0.000036,0.999939,0.000007,0.000018
16169,1,1,0.000010,0.999984,0.000002,0.000004
12382,1,1,0.000005,0.999988,0.000005,0.000002
27939,0,0,0.999976,0.000000,0.000000,0.000024
19822,1,1,0.000002,0.999996,0.000001,0.000001
3821,3,3,0.000049,0.000006,0.000009,0.999936
5623,3,3,0.010886,0.000019,0.000044,0.989051
31912,0,0,0.999998,0.000000,0.000000,0.000002
13836,1,1,0.000002,0.999997,0.000001,0.000001
15452,1,1,0.000003,0.999995,0.000001,0.000001
24897,0,0,0.999997,0.000000,0.000000,0.000003
2020,3,3,0.000070,0.000009,0.000010,0.999912
7158,2,2,0.000000,0.000078,0.999920,0.000002
7240,2,2,0.000000,0.000035,0.999965,0.000001
12082,1,1,0.000034,0.999914,0.000035,0.000018
1452,3,3,0.000306,0.000033,0.000045,0.999615
8186,2,2,0.000002,0.000586,0.999357,0.000055
30465,0,0,0.999996,0.000000,0.000000,0.000004
14470,1,1,0.000001,0.999998,0.000001,0.000000
33221,0,0,0.998812,0.000000,0.000000,0.001188
23759,0,0,0.999998,0.000000,0.000000,0.000002
24263,0,0,0.999998,0.000000,0.000000,0.000002
17659,1,1,0.000013,0.999979,0.000003,0.000006
13291,1,1,0.000002,0.999997,0.000001,0.000001
28139,0,0,0.999997,0.000000,0.000000,0.000002
2933,3,3,0.000050,0.000005,0.000008,0.999936
9515,1,1,0.000005,0.999992,0.000001,0.000002
7886,2,2,0.000000,0.000045,0.999954,0.000001
22313,0,0,0.999996,0.000000,0.000000,0.000004
31186,0,0,0.999999,0.000000,0.000000,0.000001
26598,0,0,0.999997,0.000000,0.000000,0.000003
28630,0,0,0.999998,0.000000,0.000000,0.000002
1898,3,3,0.000058,0.000006,0.000009,0.999927
28531,0,0,0.999999,0.000000,0.000000,0.000001
21588,0,0,0.999996,0.000000,0.000000,0.000004
5089,3,3,0.000223,0.000068,0.000032,0.999678
13225,1,1,0.000003,0.999996,0.000001,0.000001
4316,3,3,0.000057,0.000008,0.000009,0.999927
8936,2,2,0.000000,0.000100,0.999896,0.000003
23162,0,0,0.999998,0.000000,0.000000,0.000002
6795,2,2,0.000000,0.000057,0.999942,0.000001
14791,1,1,0.000009,0.999985,0.000002,0.000004
7814,2,2,0.000000,0.000045,0.999954,0.000001
13963,1,1,0.000036,0.999941,0.000004,0.000019
26826,0,0,0.999998,0.000000,0.000000,0.000002
2130,3,3,0.000093,0.000012,0.000017,0.999878
14622,1,1,0.000002,0.999996,0.000002,0.000001
24135,0,0,0.999998,0.000000,0.000000,0.000002
9839,1,1,0.000009,0.999979,0.000009,0.000003
20899,1,1,0.000005,0.999992,0.000001,0.000002
30572,0,0,0.999998,0.000000,0.000000,0.000002
23153,0,0,0.999998,0.000000,0.000000,0.000002
14922,1,1,0.000007,0.999988,0.000003,0.000003
5007,3,3,0.000169,0.000016,0.000020,0.999795
8175,2,2,0.000000,0.000068,0.999930,0.000002
9597,1,1,0.000683,0.998554,0.000248,0.000516
30489,0,0,0.999999,0.000000,0.000000,0.000001
32766,0,0,0.999998,0.000000,0.000000,0.000002
17118,1,1,0.000007,0.999988,0.000002,0.000003
27900,0,0,0.999997,0.000000,0.000000,0.000003
33058,0,0,0.999084,0.000000,0.000000,0.000916
30664,0,0,0.999996,0.000000,0.000000,0.000004
21615,0,0,0.999997,0.000000,0.000000,0.000003
8795,2,2,0.000000,0.000116,0.999879,0.000004
27847,0,0,0.999997,0.000000,0.000000,0.000003
18145,1,1,0.000009,0.999985,0.000002,0.000004
32989,0,0,0.998987,0.000000,0.000000,0.001013
7763,2,2,0.000000,0.000044,0.999956,0.000001
4159,3,3,0.000052,0.000007,0.000009,0.999931
25934,0,0,0.999997,0.000000,0.000000,0.000003
3327,3,3,0.000062,0.000010,0.000010,0.999918
32557,0,0,0.999998,0.000000,0.000000,0.000002
22098,0,0,0.999997,0.000000,0.000000,0.000003
29593,0,0,0.999996,0.000000,0.000000,0.000004
8308,2,2,0.000000,0.000060,0.999938,0.000001
3677,3,3,0.000049,0.000004,0.000009,0.999937
26873,0,0,0.999998,0.000000,0.000000,0.000002
879,3,3,0.000116,0.000024,0.000029,0.999831
2748,3,3,0.000087,0.000015,0.000013,0.999885
12053,1,1,0.000023,0.999942,0.000024,0.000011
8903,2,2,0.000000,0.000112,0.999884,0.000004
3588,3,3,0.000051,0.000006,0.000008,0.999935
27440,0,0,0.999998,0.000000,0.000000,0.000002
33242,0,0,0.998876,0.000000,0.000000,0.001124
24995,0,0,0.999998,0.000000,0.000000,0.000002
18895,1,1,0.000013,0.999979,0.000002,0.000005
27046,0,0,0.999997,0.000000,0.000000,0.000003
27670,0,0,0.999998,0.000000,0.000000,0.000002
13403,1,1,0.000003,0.999994,0.000001,0.000001
28577,0,0,0.999998,0.000000,0.000000,0.000002
20936,1,1,0.000006,0.999989,0.000002,0.000003
16145,1,1,0.000008,0.999988,0.000002,0.000003
30954,0,0,0.999998,0.000000,0.000000,0.000002
5585,3,3,0.010590,0.000019,0.000044,0.989348
22511,0,0,0.999996,0.000000,0.000000,0.000004
2876,3,3,0.000056,0.000007,0.000009,0.999927
5399,3,3,0.027374,0.000019,0.000044,0.972563
32944,0,0,0.999353,0.000000,0.000000,0.000647
32667,0,0,0.999999,0.000000,0.000000,0.000001
5240,3,3,0.029862,0.000019,0.000044,0.970074
18593,1,1,0.000012,0.999981,0.000002,0.000005
19299,1,1,0.000007,0.999988,0.000002,0.000003
1878,3,3,0.000073,0.000008,0.000011,0.999907
16879,1,1,0.000006,0.999991,0.000001,0.000002
15788,1,1,0.000016,0.999974,0.000003,0.000007
16571,1,1,0.000014,0.999978,0.000003,0.000006
1901,3,3,0.000112,0.000010,0.000015,0.999864
26614,0,0,0.999998,0.000000,0.000000,0.000002
26667,0,0,0.999996,0.000000,0.000000,0.000004
1466,3,3,0.000093,0.000015,0.000013,0.999879
24767,0,0,0.999998,0.000000,0.000000,0.000002
28450,0,0,0.999999,0.000000,0.000000,0.000001
25498,0,0,0.999997,0.000000,0.000000,0.000003
22290,0,0,0.999997,0.000000,0.000000,0.000003
6572,2,2,0.000065,0.004922,0.993411,0.001603
8695,2,2,0.000000,0.000091,0.999906,0.000003
2043,3,3,0.000085,0.000015,0.000013,0.999887
8716,2,2,0.000000,0.000145,0.999849,0.000006
29625,0,0,0.999999,0.000000,0.000000,0.000001
1353,3,3,0.000084,0.000012,0.000012,0.999892
15338,1,1,0.000089,0.999776,0.000085,0.000051
31758,0,0,0.999998,0.000000,0.000000,0.000002
26639,0,0,0.999998,0.000000,0.000000,0.000002
18000,1,1,0.000009,0.999986,0.000002,0.000004
9751,1,1,0.000002,0.999995,0.000002,0.000001
15686,1,1,0.000002,0.999997,0.000001,0.000001
6334,3,3,0.011991,0.000019,0.000045,0.987946
27362,0,0,0.999998,0.000000,0.000000,0.000002
2982,3,3,0.000067,0.000009,0.000011,0.999913
12928,1,1,0.000004,0.999989,0.000006,0.000001
17698,1,1,0.000020,0.999965,0.000006,0.000009
4967,3,3,0.000103,0.000015,0.000017,0.999866
15424,1,1,0.000005,0.999991,0.000002,0.000002
14999,1,1,0.000001,0.999999,0.000000,0.000000
15618,1,1,0.000005,0.999991,0.000001,0.000002
22883,0,0,0.999996,0.000000,0.000000,0.000004
9169,1,1,0.000004,0.999993,0.000001,0.000002
11517,1,1,0.000008,0.999981,0.000009,0.000003
13731,1,1,0.000005,0.999992,0.000001,0.000002
5332,3,3,0.028296,0.000018,0.000044,0.971641
17018,1,1,0.000007,0.999988,0.000002,0.000003
11647,1,1,0.000003,0.999994,0.000003,0.000001
29982,0,0,0.999999,0.000000,0.000000,0.000001
28812,0,0,0.999999,0.000000,0.000000,0.000001
18151,1,1,0.000006,0.999990,0.000001,0.000002
32434,0,0,0.999998,0.000000,0.000000,0.000002
10967,1,1,0.000001,0.999996,0.000002,0.000000
23547,0,0,0.999997,0.000000,0.000000,0.000002
8541,2,2,0.000000,0.000053,0.999946,0.000001
12499,1,1,0.000004,0.999991,0.000004,0.000001
11767,1,1,0.000343,0.999099,0.000286,0.000271
10193,1,1,0.000002,0.999994,0.000003,0.000001
21176,1,1,0.000007,0.999988,0.000002,0.000003
30540,0,0,0.999998,0.000000,0.000000,0.000002
7268,2,2,0.000000,0.000034,0.999965,0.000001
19703,1,1,0.000007,0.999988,0.000002,0.000003
9549,1,1,0.000019,0.999968,0.000004,0.000008
13908,1,1,0.000172,0.999666,0.000053,0.000110
11077,1,1,0.000005,0.999989,0.000005,0.000002
11773,1,1,0.000006,0.999985,0.000006,0.000002
2711,3,3,0.000141,0.000022,0.000022,0.999814
13460,1,1,0.000001,0.999998,0.000000,0.000000
12809,1,1,0.000003,0.999992,0.000004,0.000001
9655,1,1,0.000001,0.999998,0.000000,0.000000
7971,2,2,0.000000,0.000048,0.999951,0.000001
31332,0,0,0.999999,0.000000,0.000000,0.000001
3187,3,3,0.000117,0.000018,0.000016,0.999850
29352,0,0,0.999995,0.000000,0.000000,0.000005
7934,2,2,0.000000,0.000044,0.999955,0.000001
18542,1,1,0.000004,0.999994,0.000001,0.000001
8345,2,2,0.000000,0.000086,0.999912,0.000003
24577,0,0,0.999999,0.000000,0.000000,0.000001
15040,1,1,0.000001,0.999998,0.000001,0.000000
22833,0,0,0.999997,0.000000,0.000000,0.000003
22691,0,0,0.999997,0.000000,0.000000,0.000003
6768,2,2,0.000000,0.000112,0.999883,0.000005
30027,0,0,0.999998,0.000000,0.000000,0.000002
21088,1,1,0.000003,0.999995,0.000001,0.000001
20633,1,1,0.000010,0.999984,0.000002,0.000004
16872,1,1,0.000012,0.999979,0.000003,0.000005
11847,1,1,0.000004,0.999990,0.000004,0.000001
27125,0,0,0.999997,0.000000,0.000000,0.000003
27991,0,0,0.999999,0.000000,0.000000,0.000001
23031,0,0,0.999998,0.000000,0.000000,0.000002
21040,1,1,0.000005,0.999992,0.000001,0.000002
19386,1,1,0.000015,0.999975,0.000003,0.000007
11457,1,1,0.000001,0.999997,0.000002,0.000000
14616,1,1,0.000000,0.999999,0.000000,0.000000
20987,1,1,0.000007,0.999988,0.000002,0.000003
4961,3,3,0.000167,0.000028,0.000022,0.999783
13583,1,1,0.000002,0.999997,0.000001,0.000001
7391,2,2,0.000000,0.000030,0.999969,0.000000
31771,0,0,0.999998,0.000000,0.000000,0.000002
12575,1,1,0.000007,0.999983,0.000007,0.000002
1603,3,3,0.000068,0.000011,0.000009,0.999911
26476,0,0,0.999998,0.000000,0.000000,0.000002
24282,0,0,0.999998,0.000000,0.000000,0.000002
6986,2,2,0.000000,0.000072,0.999926,0.000002
550,3,3,0.000093,0.000018,0.000017,0.999872
23982,0,0,0.999998,0.000000,0.000000,0.000002
1478,3,3,0.000381,0.000016,0.000026,0.999577
2193,3,3,0.000080,0.000007,0.000012,0.999902
29318,0,0,0.999999,0.000000,0.000000,0.000001
20646,1,1,0.000005,0.999991,0.000001,0.000002
15328,1,1,0.000016,0.999974,0.000003,0.000007
23183,0,0,0.999997,0.000000,0.000000,0.000003
11441,1,1,0.000004,0.999990,0.000005,0.000001
32706,0,0,0.999999,0.000000,0.000000,0.000001
8798,2,2,0.000000,0.000099,0.999898,0.000003
33215,0,0,0.999209,0.000000,0.000000,0.000790
3084,3,3,0.000061,0.000010,0.000011,0.999918
5701,3,3,0.008808,0.000019,0.000044,0.991129
19387,1,1,0.000010,0.999983,0.000002,0.000004
30496,0,0,0.999999,0.000000,0.000000,0.000001
761,3,3,0.000135,0.000031,0.000032,0.999803
22951,0,0,0.999997,0.000000,0.000000,0.000003
3509,3,3,0.000067,0.000009,0.000011,0.999913
22169,0,0,0.999996,0.000000,0.000000,0.000004
31153,0,0,0.999999,0.000000,0.000000,0.000001
16437,1,1,0.000022,0.999964,0.000004,0.000010
21097,1,1,0.000007,0.999989,0.000002,0.000003
2513,3,3,0.000080,0.000006,0.000011,0.999904
11009,1,1,0.000003,0.999992,0.000004,0.000001
27163,0,0,0.999997,0.000000,0.000000,0.000003
32424,0,0,0.999998,0.000000,0.000000,0.000002
315,3,3,0.000069,0.000008,0.000012,0.999911
5088,3,3,0.000138,0.000033,0.000021,0.999808
664,3,3,0.000077,0.000010,0.000012,0.999902
6706,2,2,0.000000,0.000085,0.999913,0.000003
30641,0,0,0.999997,0.000000,0.000000,0.000002
32843,0,0,0.999998,0.000000,0.000000,0.000002
14249,1,1,0.000005,0.999991,0.000002,0.000002
2959,3,3,0.000067,0.000008,0.000011,0.999914
7160,2,2,0.000000,0.000149,0.999845,0.000006
16012,1,1,0.000005,0.999992,0.000001,0.000002
6818,2,2,0.000000,0.000099,0.999897,0.000004
15145,1,1,0.000004,0.999992,0.000002,0.000002
25935,0,0,0.999997,0.000000,0.000000,0.000003
2611,3,3,0.000433,0.000084,0.000066,0.999416
15380,1,1,0.000002,0.999997,0.000001,0.000001
29084,0,0,0.999998,0.000000,0.000000,0.000002
12338,1,1,0.000003,0.999994,0.000003,0.000001
13334,1,1,0.000003,0.999996,0.000001,0.000001
24131,0,0,0.999997,0.000000,0.000000,0.000003
6727,2,2,0.000000,0.000061,0.999938,0.000001
10506,1,1,0.000003,0.999993,0.000003,0.000001
12665,1,1,0.000005,0.999988,0.000005,0.000002
2290,3,3,0.000298,0.000017,0.000030,0.999656
24381,0,0,0.999998,0.000000,0.000000,0.000002
14189,1,1,0.000000,1.000000,0.000000,0.000000
3188,3,3,0.000092,0.000014,0.000013,0.999881
6331,3,3,0.011861,0.000019,0.000044,0.988076
18589,1,1,0.000012,0.999981,0.000002,0.000005
18389,1,1,0.000009,0.999985,0.000002,0.000004
21516,0,0,0.999997,0.000000,0.000000,0.000003
28426,0,0,0.999998,0.000000,0.000000,0.000002
13890,1,1,0.000031,0.999937,0.000018,0.000014
21849,0,0,0.999998,0.000000,0.000000,0.000002
16114,1,1,0.000005,0.999991,0.000001,0.000002
23095,0,0,0.999999,0.000000,0.000000,0.000001
14027,1,1,0.000001,0.999998,0.000001,0.000000
28128,0,0,0.999998,0.000000,0.000000,0.000002
518,3,3,0.000123,0.000028,0.000039,0.999810
20411,1,1,0.000006,0.999990,0.000002,0.000002
2421,3,3,0.000430,0.000030,0.000045,0.999495
14927,1,1,0.000004,0.999993,0.000002,0.000001
9318,1,1,0.000007,0.999989,0.000002,0.000003
7563,2,2,0.000000,0.000049,0.999950,0.000001
18958,1,1,0.000013,0.999979,0.000003,0.000006
29266,0,0,0.999998,0.000000,0.000000,0.000002
19210,1,1,0.000014,0.999977,0.000003,0.000006
10529,1,1,0.000003,0.999993,0.000003,0.000001
30537,0,0,0.999997,0.000000,0.000000,0.000003
28605,0,0,0.999998,0.000000,0.000000,0.000002
1491,3,3,0.000049,0.000006,0.000010,0.999936
32925,0,0,0.999370,0.000000,0.000000,0.000630
4057,3,3,0.000081,0.000014,0.000013,0.999892
3960,3,3,0.000090,0.000015,0.000015,0.999880
19239,1,1,0.000007,0.999988,0.000002,0.000003
4892,3,3,0.000047,0.000006,0.000008,0.999938
18704,1,1,0.000011,0.999982,0.000003,0.000005
26710,0,0,0.999997,0.000000,0.000000,0.000003
25127,0,0,0.999997,0.000000,0.000000,0.000003
25473,0,0,0.999997,0.000000,0.000000,0.000003
32946,0,0,0.999251,0.000000,0.000000,0.000749
11574,1,1,0.000002,0.999995,0.000002,0.000001
9561,1,1,0.000013,0.999977,0.000004,0.000006
8473,2,2,0.000000,0.000093,0.999904,0.000003
8625,2,2,0.000000,0.000122,0.999874,0.000004
17869,1,1,0.000007,0.999989,0.000002,0.000003
19513,1,1,0.000011,0.999982,0.000002,0.000005
6259,3,3,0.011864,0.000019,0.000044,0.988074
17814,1,1,0.000004,0.999994,0.000001,0.000001
32362,0,0,0.999998,0.000000,0.000000,0.000002
11713,1,1,0.000003,0.999992,0.000004,0.000001
5143,3,3,0.032573,0.000019,0.000044,0.967364
12767,1,1,0.000011,0.999974,0.000011,0.000004
1026,3,3,0.000125,0.000028,0.000028,0.999819
24867,0,0,0.999998,0.000000,0.000000,0.000002
24568,0,0,0.999998,0.000000,0.000000,0.000002
23915,0,0,0.999997,0.000000,0.000000,0.000003
1042,3,3,0.000063,0.000010,0.000010,0.999917
8210,2,2,0.000000,0.000052,0.999946,0.000001
21016,1,1,0.000015,0.999975,0.000004,0.000006
32387,0,0,0.999999,0.000000,0.000000,0.000001
32325,0,0,0.999999,0.000000,0.000000,0.000001
28050,0,0,0.999998,0.000000,0.000000,0.000002
22171,0,0,0.999997,0.000000,0.000000,0.000003
7293,2,2,0.000000,0.000043,0.999956,0.000001
30505,0,0,0.999999,0.000000,0.000000,0.000001
26649,0,0,0.999998,0.000000,0.000000,0.000002
9148,2,2,0.000000,0.000056,0.999943,0.000001
32942,0,0,0.999245,0.000000,0.000000,0.000754
24842,0,0,0.999998,0.000000,0.000000,0.000002
5242,3,3,0.029069,0.000019,0.000044,0.970868
31541,0,0,0.999998,0.000000,0.000000,0.000002
25537,0,0,0.999997,0.000000,0.000000,0.000003
15856,1,1,0.000005,0.999991,0.000002,0.000002
9950,1,1,0.000004,0.999991,0.000004,0.000001
17462,1,1,0.000007,0.999989,0.000001,0.000003
21927,0,0,0.999997,0.000000,0.000000,0.000003
23073,0,0,0.999671,0.000000,0.000000,0.000329
5975,3,3,0.010778,0.000019,0.000044,0.989160
23784,0,0,0.999997,0.000000,0.000000,0.000003
4714,3,3,0.000120,0.000021,0.000018,0.999840
14426,1,1,0.000002,0.999996,0.000001,0.000001
2610,3,3,0.000518,0.000116,0.000080,0.999287
19283,1,1,0.000007,0.999988,0.000002,0.000003
12431,1,1,0.000003,0.999993,0.000004,0.000001
21112,1,1,0.000025,0.999958,0.000005,0.000012
451,3,3,0.000079,0.000013,0.000019,0.999889
16531,1,1,0.000011,0.999983,0.000002,0.000004
11562,1,1,0.000002,0.999995,0.000002,0.000001
10906,1,1,0.000006,0.999986,0.000006,0.000002
13222,1,1,0.000003,0.999995,0.000001,0.000001
1160,3,3,0.000087,0.000016,0.000021,0.999877
29756,0,0,0.999999,0.000000,0.000000,0.000001
14899,1,1,0.000011,0.999979,0.000005,0.000005
30453,0,0,0.999997,0.000000,0.000000,0.000003
18835,1,1,0.000005,0.999992,0.000001,0.000002
6886,2,2,0.000000,0.000043,0.999956,0.000001
1951,3,3,0.000307,0.000016,0.000028,0.999648
12377,1,1,0.000002,0.999995,0.000002,0.000001
10990,1,1,0.000003,0.999993,0.000003,0.000001
16636,1,1,0.000008,0.999986,0.000002,0.000003
18557,1,1,0.000008,0.999987,0.000002,0.000003
2093,3,3,0.000174,0.000041,0.000028,0.999756
7401,2,2,0.000000,0.000064,0.999934,0.000002
5722,3,3,0.021140,0.000019,0.000045,0.978795
29313,0,0,0.999999,0.000000,0.000000,0.000001
20819,1,1,0.000007,0.999989,0.000002,0.000003
24657,0,0,0.999999,0.000000,0.000000,0.000001
28029,0,0,0.999998,0.000000,0.000000,0.000002
27811,0,0,0.999998,0.000000,0.000000,0.000002
18878,1,1,0.000006,0.999991,0.000001,0.000002
17798,1,1,0.000006,0.999990,0.000001,0.000002
4116,3,3,0.000041,0.000005,0.000006,0.999948
16985,1,1,0.000008,0.999986,0.000002,0.000003
20757,1,1,0.000014,0.999977,0.000003,0.000006
17923,1,1,0.000004,0.999993,0.000001,0.000002
12968,1,1,0.000003,0.999995,0.000001,0.000001
12137,1,1,0.000001,0.999996,0.000002,0.000000
29260,0,0,0.999998,0.000000,0.000000,0.000002
23740,0,0,0.999998,0.000000,0.000000,0.000002
19632,1,1,0.000007,0.999988,0.000002,0.000003
2134,3,3,0.000158,0.000044,0.000037,0.999761
13843,1,1,0.000010,0.999984,0.000002,0.000004
9800,1,1,0.000013,0.999967,0.000015,0.000005
25831,0,0,0.999998,0.000000,0.000000,0.000002
9250,1,1,0.000004,0.999993,0.000001,0.000002
27970,0,0,0.999999,0.000000,0.000000,0.000001
26806,0,0,0.999998,0.000000,0.000000,0.000002
18615,1,1,0.000003,0.999995,0.000001,0.000001
20695,1,1,0.000008,0.999987,0.000002,0.000003
22308,0,0,0.999996,0.000000,0.000000,0.000004
6382,3,3,0.011582,0.000019,0.000044,0.988356
4814,3,3,0.000086,0.000014,0.000011,0.999889
11121,1,1,0.000001,0.999997,0.000001,0.000000
4241,3,3,0.000062,0.000007,0.000012,0.999919
26033,0,0,0.999997,0.000000,0.000000,0.000003
20170,1,1,0.000004,0.999994,0.000001,0.000001
32779,0,0,0.999998,0.000000,0.000000,0.000002
21463,0,0,0.999996,0.000000,0.000000,0.000004
16731,1,1,0.000013,0.999980,0.000003,0.000005
17543,1,1,0.000007,0.999988,0.000002,0.000003
3284,3,3,0.000069,0.000011,0.000011,0.999909
13797,1,1,0.000024,0.999956,0.000008,0.000011
16348,1,1,0.000007,0.999989,0.000002,0.000003
9026,2,2,0.000000,0.000053,0.999946,0.000001
2899,3,3,0.000071,0.000012,0.000012,0.999905
7472,2,2,0.000000,0.000037,0.999963,0.000001
18496,1,1,0.000007,0.999989,0.000002,0.000003
1333,3,3,0.000070,0.000005,0.000009,0.999916
4148,3,3,0.000053,0.000007,0.000008,0.999931
31388,0,0,0.999998,0.000000,0.000000,0.000002
18653,1,1,0.000007,0.999989,0.000002,0.000003
18498,1,1,0.000006,0.999990,0.000001,0.000002
11556,1,1,0.000002,0.999996,0.000002,0.000000
18278,1,1,0.000003,0.999995,0.000001,0.000001
4228,3,3,0.000058,0.000010,0.000009,0.999922
13227,1,1,0.000004,0.999994,0.000001,0.000001
2357,3,3,0.000068,0.000010,0.000010,0.999911
32660,0,0,0.999999,0.000000,0.000000,0.000001
21928,0,0,0.999997,0.000000,0.000000,0.000003
9345,1,1,0.000003,0.999995,0.000001,0.000001
6082,3,3,0.010980,0.000019,0.000044,0.988958
21172,1,1,0.000005,0.999992,0.000001,0.000002
32937,0,0,0.999368,0.000000,0.000000,0.000632
29826,0,0,0.999999,0.000000,0.000000,0.000001
23885,0,0,0.999998,0.000000,0.000000,0.000002
44,3,3,0.001032,0.000598,0.000122,0.998247
23388,0,0,0.999997,0.000000,0.000000,0.000003
16648,1,1,0.000004,0.999993,0.000001,0.000002
14462,1,1,0.000000,0.999999,0.000000,0.000000
25885,0,0,0.999998,0.000000,0.000000,0.000002
33142,0,0,0.999311,0.000000,0.000000,0.000689
20416,1,1,0.000007,0.999988,0.000003,0.000003
29196,0,0,0.999998,0.000000,0.000000,0.000002
2688,3,3,0.000069,0.000011,0.000011,0.999909
7319,2,2,0.000000,0.000064,0.999935,0.000001
6169,3,3,0.011757,0.000019,0.000044,0.988180
16963,1,1,0.000010,0.999983,0.000002,0.000004
419,3,3,0.000062,0.000011,0.000011,0.999916
1729,3,3,0.000090,0.000014,0.000013,0.999882
25826,0,0,0.999998,0.000000,0.000000,0.000002
21845,0,0,0.999998,0.000000,0.000000,0.000002
30899,0,0,0.999998,0.000000,0.000000,0.000002
23234,0,0,0.999997,0.000000,0.000000,0.000003
5075,3,3,0.000167,0.000047,0.000018,0.999768
31393,0,0,0.999998,0.000000,0.000000,0.000002
17131,1,1,0.000007,0.999989,0.000002,0.000003
501,3,3,0.000079,0.000013,0.000015,0.999892
10146,1,1,0.000004,0.999991,0.000004,0.000001
19096,1,1,0.000009,0.999985,0.000002,0.000004
14283,1,1,0.000001,0.999999,0.000000,0.000000
23349,0,0,0.999998,0.000000,0.000000,0.000002
31663,0,0,0.999999,0.000000,0.000000,0.000001
20617,1,1,0.000007,0.999989,0.000002,0.000003
23417,0,0,0.999998,0.000000,0.000000,0.000002
10545,1,1,0.000003,0.999992,0.000003,0.000001
20621,1,1,0.000006,0.999990,0.000002,0.000002
4624,3,3,0.000081,0.000013,0.000013,0.999893
807,3,3,0.000110,0.000023,0.000029,0.999838
1075,3,3,0.000134,0.000026,0.000018,0.999821
11558,1,1,0.000002,0.999995,0.000002,0.000001
31397,0,0,0.999998,0.000000,0.000000,0.000002
14410,1,1,0.000003,0.999994,0.000001,0.000001
16562,1,1,0.000010,0.999984,0.000002,0.000004
4727,3,3,0.000063,0.000009,0.000012,0.999916
4245,3,3,0.000090,0.000008,0.000014,0.999889
26464,0,0,0.999998,0.000000,0.000000,0.000002
20735,1,1,0.000006,0.999990,0.000002,0.000002
1266,3,3,0.000186,0.000047,0.000035,0.999732
29844,0,0,0.999997,0.000000,0.000000,0.000003
14935,1,1,0.000001,0.999999,0.000000,0.000000
9626,1,1,0.000150,0.999637,0.000120,0.000092
16440,1,1,0.000008,0.999988,0.000002,0.000003
16586,1,1,0.000005,0.999992,0.000001,0.000002
1756,3,3,0.000044,0.000006,0.000007,0.999943
4452,3,3,0.000067,0.000006,0.000009,0.999918
32445,0,0,0.999999,0.000000,0.000000,0.000001
16633,1,1,0.000008,0.999986,0.000002,0.000004
9943,1,1,0.000006,0.999984,0.000008,0.000002
7318,2,2,0.000000,0.000125,0.999871,0.000004
27937,0,0,0.999987,0.000000,0.000000,0.000013
26706,0,0,0.999997,0.000000,0.000000,0.000002
25132,0,0,0.999998,0.000000,0.000000,0.000002
23762,0,0,0.999998,0.000000,0.000000,0.000002
3858,3,3,0.000115,0.000014,0.000018,0.999853
31711,0,0,0.999998,0.000000,0.000000,0.000002
9405,1,1,0.000003,0.999995,0.000001,0.000001
5407,3,3,0.011400,0.000018,0.000042,0.988540
24197,0,0,0.999998,0.000000,0.000000,0.000001
12324,1,1,0.000009,0.999981,0.000007,0.000003
27642,0,0,0.999998,0.000000,0.000000,0.000002
26690,0,0,0.999998,0.000000,0.000000,0.000002
28489,0,0,0.999998,0.000000,0.000000,0.000002
9840,1,1,0.000016,0.999963,0.000014,0.000007
1560,3,3,0.000057,0.000007,0.000009,0.999928
22716,0,0,0.999997,0.000000,0.000000,0.000003
17291,1,1,0.000005,0.999991,0.000001,0.000002
30542,0,0,0.999999,0.000000,0.000000,0.000001
18077,1,1,0.000009,0.999985,0.000002,0.000004
25816,0,0,0.999999,0.000000,0.000000,0.000001
16398,1,1,0.000004,0.999993,0.000001,0.000002
27787,0,0,0.999998,0.000000,0.000000,0.000002
29234,0,0,0.999998,0.000000,0.000000,0.000002
1110,3,3,0.000111,0.000023,0.000019,0.999848
10033,1,1,0.000006,0.999985,0.000007,0.000002
21733,0,0,0.999997,0.000000,0.000000,0.000003
25597,0,0,0.999998,0.000000,0.000000,0.000002
176,3,3,0.000057,0.000007,0.000012,0.999924
30618,0,0,0.999998,0.000000,0.000000,0.000002
1446,3,3,0.384457,0.000007,0.000019,0.615517
13042,1,1,0.000002,0.999997,0.000001,0.000001
12217,1,1,0.000012,0.999973,0.000010,0.000005
28395,0,0,0.999999,0.000000,0.000000,0.000001
16028,1,1,0.000010,0.999984,0.000002,0.000004
3342,3,3,0.000065,0.000007,0.000009,0.999919
17150,1,1,0.000004,0.999994,0.000001,0.000001
1259,3,3,0.000123,0.000019,0.000021,0.999837
9820,1,1,0.000001,0.999997,0.000002,0.000000
30760,0,0,0.999998,0.000000,0.000000,0.000002
23680,0,0,0.999998,0.000000,0.000000,0.000002
27342,0,0,0.999998,0.000000,0.000000,0.000002
8674,2,2,0.000000,0.000082,0.999915,0.000002
7327,2,2,0.000000,0.000062,0.999937,0.000002
4993,3,3,0.000122,0.000021,0.000021,0.999837
2082,3,3,0.001806,0.000003,0.000010,0.998181
18076,1,1,0.000008,0.999987,0.000002,0.000003
29383,0,0,0.999998,0.000000,0.000000,0.000002
29444,0,0,0.999997,0.000000,0.000000,0.000003
15800,1,1,0.000003,0.999995,0.000001,0.000001
15317,1,1,0.000008,0.999988,0.000002,0.000003
22513,0,0,0.999996,0.000000,0.000000,0.000004
22345,0,0,0.999996,0.000000,0.000000,0.000004
23195,0,0,0.999999,0.000000,0.000000,0.000001
16047,1,1,0.000010,0.999984,0.000002,0.000004
18774,1,1,0.000005,0.999992,0.000001,0.000002
14828,1,1,0.000002,0.999996,0.000001,0.000001
13371,1,1,0.000005,0.999991,0.000001,0.000002
10630,1,1,0.000002,0.999995,0.000003,0.000001
8501,2,2,0.000000,0.000089,0.999908,0.000003
13915,1,1,0.000018,0.999961,0.000013,0.000008
6064,3,3,0.011614,0.000019,0.000044,0.988323
16723,1,1,0.000012,0.999980,0.000003,0.000005
880,3,3,0.000170,0.000041,0.000033,0.999756
20429,1,1,0.000006,0.999990,0.000002,0.000002
24682,0,0,0.999998,0.000000,0.000000,0.000002
32687,0,0,0.999998,0.000000,0.000000,0.000002
10249,1,1,0.000005,0.999988,0.000006,0.000002
28917,0,0,0.999998,0.000000,0.000000,0.000002
883,3,3,0.000174,0.000039,0.000029,0.999758
21468,0,0,0.999997,0.000000,0.000000,0.000003
31305,0,0,0.999998,0.000000,0.000000,0.000002
26513,0,0,0.999998,0.000000,0.000000,0.000002
8703,2,2,0.000000,0.000040,0.999959,0.000001
28937,0,0,0.999995,0.000000,0.000000,0.000005
1215,3,3,0.000257,0.000087,0.000037,0.999618
31474,0,0,0.999998,0.000000,0.000000,0.000002
31142,0,0,0.999998,0.000000,0.000000,0.000002
31156,0,0,0.999999,0.000000,0.000000,0.000001
16443,1,1,0.000009,0.999986,0.000002,0.000004
5571,3,3,0.010708,0.000019,0.000044,0.989230
2703,3,3,0.000081,0.000011,0.000014,0.999894
8960,2,2,0.000000,0.000060,0.999939,0.000001
27957,0,0,0.999997,0.000000,0.000000,0.000003
11978,1,1,0.000004,0.999992,0.000003,0.000001
6290,3,3,0.011572,0.000019,0.000044,0.988366
2131,3,3,0.000102,0.000019,0.000020,0.999859
13704,1,1,0.000003,0.999995,0.000001,0.000001
22254,0,0,0.999998,0.000000,0.000000,0.000002
9824,1,1,0.000006,0.999986,0.000006,0.000002
3264,3,3,0.000158,0.000035,0.000022,0.999785
12468,1,1,0.000003,0.999993,0.000003,0.000001
19187,1,1,0.000006,0.999990,0.000001,0.000002
25769,0,0,0.999998,0.000000,0.000000,0.000002
7698,2,2,0.000000,0.000060,0.999939,0.000001
21128,1,1,0.000011,0.999981,0.000003,0.000005
20378,1,1,0.000005,0.999991,0.000002,0.000002
30885,0,0,0.999998,0.000000,0.000000,0.000002
25609,0,0,0.999998,0.000000,0.000000,0.000002
33227,0,0,0.998847,0.000000,0.000000,0.001153
16919,1,1,0.000009,0.999985,0.000002,0.000004
22976,0,0,0.999995,0.000000,0.000000,0.000005
9019,2,2,0.000000,0.000037,0.999962,0.000001
2785,3,3,0.000059,0.000006,0.000010,0.999925
18172,1,1,0.000007,0.999989,0.000001,0.000003
18994,1,1,0.000008,0.999987,0.000002,0.000003
20191,1,1,0.000010,0.999983,0.000002,0.000004
7194,2,2,0.000000,0.000043,0.999956,0.000001
27545,0,0,0.999997,0.000000,0.000000,0.000003
6056,3,3,0.011393,0.000019,0.000044,0.988544
11057,1,1,0.000003,0.999993,0.000003,0.000001
1455,3,3,0.000407,0.000012,0.000022,0.999560
19837,1,1,0.000005,0.999992,0.000001,0.000002
25384,0,0,0.999997,0.000000,0.000000,0.000003
13496,1,1,0.000005,0.999991,0.000002,0.000002
24349,0,0,0.999998,0.000000,0.000000,0.000002
9565,1,1,0.000009,0.999985,0.000003,0.000004
6415,3,3,0.011351,0.000019,0.000044,0.988587
8509,2,2,0.000000,0.000064,0.999935,0.000002
9954,1,1,0.000003,0.999993,0.000003,0.000001
30950,0,0,0.999998,0.000000,0.000000,0.000002
2808,3,3,0.000062,0.000009,0.000010,0.999919
31608,0,0,0.999999,0.000000,0.000000,0.000001
25577,0,0,0.999998,0.000000,0.000000,0.000002
32277,0,0,0.999998,0.000000,0.000000,0.000002
27576,0,0,0.999998,0.000000,0.000000,0.000002
19655,1,1,0.000009,0.999985,0.000002,0.000004
2317,3,3,0.000071,0.000012,0.000011,0.999905
30544,0,0,0.999999,0.000000,0.000000,0.000001
24589,0,0,0.999998,0.000000,0.000000,0.000002
18451,1,1,0.000013,0.999978,0.000003,0.000006
17835,1,1,0.000009,0.999986,0.000002,0.000004
7115,2,2,0.000000,0.000044,0.999955,0.000001
27979,0,0,0.999997,0.000000,0.000000,0.000003
14732,1,1,0.000001,0.999999,0.000000,0.000000
2293,3,3,0.000557,0.000011,0.000025,0.999407
14647,1,1,0.000006,0.999989,0.000003,0.000002
1142,3,3,0.000061,0.000009,0.000009,0.999921
13720,1,1,0.000002,0.999997,0.000001,0.000001
7629,2,2,0.000000,0.000047,0.999951,0.000001
3079,3,3,0.000061,0.000008,0.000010,0.999920
23076,0,0,0.999704,0.000000,0.000000,0.000296
8557,2,2,0.000000,0.000050,0.999949,0.000001
27667,0,0,0.999997,0.000000,0.000000,0.000003
9555,1,1,0.000011,0.999981,0.000003,0.000005
23676,0,0,0.999997,0.000000,0.000000,0.000003
29710,0,0,0.999997,0.000000,0.000000,0.000003
32519,0,0,0.999998,0.000000,0.000000,0.000002
27187,0,0,0.999999,0.000000,0.000000,0.000001
31311,0,0,0.999998,0.000000,0.000000,0.000002
11000,1,1,0.000004,0.999990,0.000004,0.000001
26624,0,0,0.999998,0.000000,0.000000,0.000002
25179,0,0,0.999998,0.000000,0.000000,0.000002
26545,0,0,0.999998,0.000000,0.000000,0.000002
683,3,3,0.000069,0.000011,0.000019,0.999901
28361,0,0,0.999998,0.000000,0.000000,0.000002
17196,1,1,0.000009,0.999985,0.000002,0.000004
1167,3,3,0.000202,0.000054,0.000045,0.999699
28644,0,0,0.999998,0.000000,0.000000,0.000002
4940,3,3,0.000081,0.000016,0.000012,0.999891
26785,0,0,0.999998,0.000000,0.000000,0.000002
18435,1,1,0.000006,0.999990,0.000002,0.000003
27678,0,0,0.999996,0.000000,0.000000,0.000004
3410,3,3,0.000055,0.000008,0.000009,0.999928
1044,3,3,0.000080,0.000014,0.000012,0.999894
15255,1,1,0.000002,0.999996,0.000001,0.000001
4780,3,3,0.000065,0.000008,0.000010,0.999916
22221,0,0,0.999996,0.000000,0.000000,0.000004
16298,1,1,0.000004,0.999993,0.000001,0.000002
1310,3,3,0.000607,0.000244,0.000100,0.999048
2207,3,3,0.000145,0.000006,0.000014,0.999835
23350,0,0,0.999998,0.000000,0.000000,0.000002
27490,0,0,0.999998,0.000000,0.000000,0.000002
24205,0,0,0.999998,0.000000,0.000000,0.000002
25067,0,0,0.999998,0.000000,0.000000,0.000002
16056,1,1,0.000013,0.999979,0.000003,0.000005
26966,0,0,0.999998,0.000000,0.000000,0.000002
179,3,3,0.000060,0.000008,0.000012,0.999920
2619,3,3,0.000221,0.000017,0.000025,0.999738
1865,3,3,0.000071,0.000012,0.000010,0.999906
18430,1,1,0.000004,0.999994,0.000001,0.000001
35,3,3,0.000105,0.000021,0.000015,0.999858
11331,1,1,0.000003,0.999993,0.000003,0.000001
14332,1,1,0.000003,0.999995,0.000001,0.000001
21810,0,0,0.999998,0.000000,0.000000,0.000002
24528,0,0,0.999998,0.000000,0.000000,0.000002
4762,3,3,0.000080,0.000014,0.000012,0.999894
87,3,3,0.000162,0.000028,0.000023,0.999788
17040,1,1,0.000008,0.999987,0.000002,0.000003
26623,0,0,0.999998,0.000000,0.000000,0.000002
23551,0,0,0.999998,0.000000,0.000000,0.000002
8496,2,2,0.000000,0.000096,0.999901,0.000003
5149,3,3,0.028519,0.000018,0.000044,0.971419
4773,3,3,0.000065,0.000005,0.000009,0.999921
22875,0,0,0.999997,0.000000,0.000000,0.000003
29168,0,0,0.999999,0.000000,0.000000,0.000001
15484,1,1,0.000008,0.999985,0.000004,0.000003
10069,1,1,0.000002,0.999995,0.000002,0.000001
17695,1,1,0.000018,0.999971,0.000004,0.000008
10038,1,1,0.000004,0.999989,0.000005,0.000001
26284,0,0,0.999998,0.000000,0.000000,0.000002
2580,3,3,0.000091,0.000006,0.000011,0.999892
9613,1,1,0.000030,0.999934,0.000021,0.000015
15262,1,1,0.000002,0.999997,0.000001,0.000001
29373,0,0,0.999998,0.000000,0.000000,0.000002
10044,1,1,0.000005,0.999988,0.000005,0.000002
31041,0,0,0.999998,0.000000,0.000000,0.000002
3830,3,3,0.000049,0.000005,0.000008,0.999938
6151,3,3,0.011493,0.000019,0.000044,0.988445
17042,1,1,0.000003,0.999995,0.000001,0.000001
8023,2,2,0.000000,0.000041,0.999959,0.000001
8805,2,2,0.000000,0.000082,0.999916,0.000003
15840,1,1,0.000003,0.999995,0.000001,0.000001
27905,0,0,0.999998,0.000000,0.000000,0.000002
3897,3,3,0.000096,0.000020,0.000016,0.999868
16568,1,1,0.000005,0.999992,0.000001,0.000002
11559,1,1,0.000002,0.999995,0.000002,0.000001
7574,2,2,0.000000,0.000057,0.999941,0.000001
13869,1,1,0.000003,0.999995,0.000001,0.000001
5136,3,3,0.005164,0.000024,0.000054,0.994758
22670,0,0,0.999998,0.000000,0.000000,0.000002
22213,0,0,0.999997,0.000000,0.000000,0.000003
5266,3,3,0.027139,0.000018,0.000044,0.972799
23550,0,0,0.999998,0.000000,0.000000,0.000002
20748,1,1,0.000003,0.999995,0.000001,0.000001
17723,1,1,0.000009,0.999985,0.000002,0.000004
27175,0,0,0.999998,0.000000,0.000000,0.000002
30499,0,0,0.999998,0.000000,0.000000,0.000002
12879,1,1,0.000006,0.999985,0.000007,0.000002
407,3,3,0.000057,0.000008,0.000010,0.999925
21014,1,1,0.000008,0.999987,0.000002,0.000003
16096,1,1,0.000008,0.999987,0.000002,0.000003
32643,0,0,0.999999,0.000000,0.000000,0.000001
19918,1,1,0.000013,0.999977,0.000003,0.000006
12712,1,1,0.000003,0.999993,0.000003,0.000001
15574,1,1,0.000020,0.999965,0.000006,0.000009
27557,0,0,0.999998,0.000000,0.000000,0.000002
14916,1,1,0.000000,0.999999,0.000000,0.000000
29856,0,0,0.999993,0.000000,0.000000,0.000007
15556,1,1,0.000004,0.999993,0.000001,0.000002
31645,0,0,0.999998,0.000000,0.000000,0.000002
32670,0,0,0.999999,0.000000,0.000000,0.000001
8832,2,2,0.000000,0.000087,0.999910,0.000003
7532,2,2,0.000000,0.000045,0.999954,0.000001
6045,3,3,0.010512,0.000019,0.000044,0.989425
10139,1,1,0.000001,0.999997,0.000001,0.000000
30529,0,0,0.999996,0.000000,0.000000,0.000004
30701,0,0,0.999997,0.000000,0.000000,0.000003
29378,0,0,0.999987,0.000000,0.000000,0.000013
32313,0,0,0.999999,0.000000,0.000000,0.000001
3124,3,3,0.000288,0.000087,0.000043,0.999582
22703,0,0,0.999994,0.000000,0.000000,0.000006
29401,0,0,0.999999,0.000000,0.000000,0.000001
28575,0,0,0.999997,0.000000,0.000000,0.000003
21796,0,0,0.999997,0.000000,0.000000,0.000003
3868,3,3,0.000058,0.000008,0.000010,0.999923
12279,1,1,0.000001,0.999997,0.000001,0.000000
32470,0,0,0.999999,0.000000,0.000000,0.000001
9693,1,1,0.000003,0.999996,0.000001,0.000001
9470,1,1,0.000003,0.999994,0.000001,0.000001
3744,3,3,0.000049,0.000007,0.000009,0.999936
30858,0,0,0.999999,0.000000,0.000000,0.000001
14592,1,1,0.000000,0.999999,0.000000,0.000000
17797,1,1,0.000004,0.999993,0.000001,0.000002
30703,0,0,0.999997,0.000000,0.000000,0.000003
3168,3,3,0.000091,0.000011,0.000012,0.999887
22456,0,0,0.999996,0.000000,0.000000,0.000004
5691,3,3,0.010985,0.000019,0.000045,0.988951
23069,0,0,0.998747,0.000000,0.000000,0.001253
641,3,3,0.000265,0.000027,0.000030,0.999678
7883,2,2,0.000000,0.000082,0.999916,0.000003
9877,1,1,0.000002,0.999996,0.000002,0.000001
5854,3,3,0.010357,0.000019,0.000044,0.989580
10228,1,1,0.000002,0.999995,0.000002,0.000001
31893,0,0,0.999998,0.000000,0.000000,0.000002
32623,0,0,0.999999,0.000000,0.000000,0.000001
5792,3,3,0.009298,0.000019,0.000044,0.990640
500,3,3,0.000042,0.000005,0.000006,0.999947
7826,2,2,0.000000,0.000043,0.999956,0.000001
23024,0,0,0.999997,0.000000,0.000000,0.000003
23882,0,0,0.999997,0.000000,0.000000,0.000003
28671,0,0,0.999998,0.000000,0.000000,0.000002
32785,0,0,0.999999,0.000000,0.000000,0.000001
28945,0,0,0.999997,0.000000,0.000000,0.000003
28379,0,0,0.999998,0.000000,0.000000,0.000002
10942,1,1,0.000004,0.999991,0.000004,0.000001
29494,0,0,0.999997,0.000000,0.000000,0.000003
28514,0,0,0.999999,0.000000,0.000000,0.000001
9080,2,2,0.000000,0.000038,0.999961,0.000001
33078,0,0,0.999068,0.000000,0.000000,0.000931
17720,1,1,0.000012,0.999981,0.000003,0.000005
28952,0,0,0.999998,0.000000,0.000000,0.000002
12957,1,1,0.000085,0.999796,0.000072,0.000047
21731,0,0,0.999997,0.000000,0.000000,0.000003
27645,0,0,0.999998,0.000000,0.000000,0.000002
11092,1,1,0.000003,0.999992,0.000003,0.000001
748,3,3,0.000080,0.000015,0.000017,0.999888
5498,3,3,0.012155,0.000019,0.000044,0.987783
20951,1,1,0.000007,0.999988,0.000002,0.000003
26613,0,0,0.999998,0.000000,0.000000,0.000002
8720,2,2,0.000000,0.000085,0.999912,0.000003
12671,1,1,0.000020,0.999951,0.000021,0.000009
13758,1,1,0.000004,0.999993,0.000001,0.000002
12766,1,1,0.000002,0.999996,0.000002,0.000000
32685,0,0,0.999999,0.000000,0.000000,0.000001
13647,1,1,0.000002,0.999996,0.000001,0.000001
676,3,3,0.000070,0.000011,0.000019,0.999901
8367,2,2,0.000000,0.000055,0.999944,0.000001
31743,0,0,0.999998,0.000000,0.000000,0.000002
17893,1,1,0.000005,0.999992,0.000001,0.000002
24102,0,0,0.999997,0.000000,0.000000,0.000003
3475,3,3,0.000055,0.000008,0.000012,0.999926
4092,3,3,0.000160,0.000021,0.000025,0.999794
19421,1,1,0.000004,0.999993,0.000001,0.000002
8905,2,2,0.000001,0.000344,0.999630,0.000025
26061,0,0,0.999998,0.000000,0.000000,0.000002
30795,0,0,0.999999,0.000000,0.000000,0.000001
12293,1,1,0.000002,0.999995,0.000002,0.000001
5081,3,3,0.002287,0.001918,0.000228,0.995568
33219,0,0,0.999176,0.000000,0.000000,0.000823
6228,3,3,0.011584,0.000019,0.000044,0.988353
26300,0,0,0.999998,0.000000,0.000000,0.000002
26934,0,0,0.999998,0.000000,0.000000,0.000002
14861,1,1,0.000012,0.999971,0.000012,0.000005
20401,1,1,0.000007,0.999989,0.000002,0.000003
22768,0,0,0.999995,0.000000,0.000000,0.000005
28516,0,0,0.999999,0.000000,0.000000,0.000001
28371,0,0,0.999998,0.000000,0.000000,0.000002
28934,0,0,0.999997,0.000000,0.000000,0.000003
18051,1,1,0.000007,0.999988,0.000002,0.000003
13070,1,1,0.000001,0.999998,0.000000,0.000000
32037,0,0,0.999999,0.000000,0.000000,0.000001
31469,0,0,0.999998,0.000000,0.000000,0.000002
27976,0,0,0.999998,0.000000,0.000000,0.000002
2113,3,3,0.000137,0.000004,0.000010,0.999849
13723,1,1,0.000008,0.999985,0.000003,0.000003
28210,0,0,0.999998,0.000000,0.000000,0.000002
5530,3,3,0.011707,0.000019,0.000044,0.988230
3837,3,3,0.000054,0.000006,0.000008,0.999932
10056,1,1,0.000002,0.999994,0.000003,0.000001
16877,1,1,0.000006,0.999991,0.000001,0.000002
4328,3,3,0.000065,0.000005,0.000010,0.999920
26317,0,0,0.999998,0.000000,0.000000,0.000002
30305,0,0,0.999997,0.000000,0.000000,0.000003
13639,1,1,0.000007,0.999988,0.000002,0.000003
10964,1,1,0.000002,0.999996,0.000002,0.000000
18251,1,1,0.000009,0.999984,0.000002,0.000004
9380,1,1,0.000005,0.999992,0.000001,0.000002
21872,0,0,0.999997,0.000000,0.000000,0.000003
28026,0,0,0.999997,0.000000,0.000000,0.000003
9547,1,1,0.000010,0.999983,0.000002,0.000004
6330,3,3,0.012161,0.000019,0.000044,0.987776
27431,0,0,0.999998,0.000000,0.000000,0.000002
7534,2,2,0.000000,0.000043,0.999956,0.000001
10901,1,1,0.000003,0.999992,0.000004,0.000001
14648,1,1,0.000010,0.999978,0.000007,0.000004
4704,3,3,0.000054,0.000007,0.000010,0.999928
29029,0,0,0.999999,0.000000,0.000000,0.000001
30500,0,0,0.999998,0.000000,0.000000,0.000002
17464,1,1,0.000013,0.999978,0.000003,0.000006
27761,0,0,0.999997,0.000000,0.000000,0.000003
1419,3,3,0.000097,0.000013,0.000014,0.999876
33269,0,0,0.998640,0.000000,0.000000,0.001360
1380,3,3,0.000070,0.000010,0.000010,0.999911
20052,1,1,0.000006,0.999991,0.000002,0.000002
20241,1,1,0.000007,0.999988,0.000002,0.000003
5402,3,3,0.017610,0.000019,0.000044,0.982327
9045,2,2,0.000000,0.000061,0.999938,0.000002
23911,0,0,0.999997,0.000000,0.000000,0.000003
30286,0,0,0.999994,0.000000,0.000000,0.000006
29070,0,0,0.999999,0.000000,0.000000,0.000001
9054,2,2,0.000000,0.000048,0.999951,0.000001
14303,1,1,0.000001,0.999999,0.000000,0.000000
24191,0,0,0.999997,0.000000,0.000000,0.000003
28065,0,0,0.999998,0.000000,0.000000,0.000002
32737,0,0,0.999998,0.000000,0.000000,0.000002
786,3,3,0.000079,0.000013,0.000012,0.999897
28510,0,0,0.999999,0.000000,0.000000,0.000001
14483,1,1,0.000002,0.999997,0.000001,0.000001
6250,3,3,0.011569,0.000019,0.000044,0.988369
8022,2,2,0.000000,0.000045,0.999954,0.000001
2460,3,3,0.000057,0.000009,0.000010,0.999924
17433,1,1,0.000009,0.999985,0.000002,0.000004
14519,1,1,0.000004,0.999991,0.000003,0.000002
10332,1,1,0.000002,0.999994,0.000003,0.000001
12922,1,1,0.000002,0.999993,0.000004,0.000001
22404,0,0,0.999996,0.000000,0.000000,0.000004
18824,1,1,0.000004,0.999994,0.000001,0.000001
8170,2,2,0.000000,0.000041,0.999959,0.000001
22560,0,0,0.999998,0.000000,0.000000,0.000002
15974,1,1,0.000009,0.999986,0.000002,0.000004
11776,1,1,0.000009,0.999979,0.000008,0.000003
20782,1,1,0.000003,0.999995,0.000001,0.000001
14581,1,1,0.000003,0.999995,0.000001,0.000001
24065,0,0,0.999998,0.000000,0.000000,0.000002
10723,1,1,0.000004,0.999991,0.000004,0.000001
8998,2,2,0.000000,0.000051,0.999948,0.000001
5553,3,3,0.010960,0.000019,0.000044,0.988977
22080,0,0,0.999998,0.000000,0.000000,0.000002
26391,0,0,0.999998,0.000000,0.000000,0.000002
8899,2,2,0.000000,0.000060,0.999938,0.000001
8765,2,2,0.000000,0.000116,0.999879,0.000005
25515,0,0,0.999998,0.000000,0.000000,0.000002
26362,0,0,0.999997,0.000000,0.000000,0.000002
1719,3,3,0.000057,0.000007,0.000010,0.999925
12254,1,1,0.000010,0.999978,0.000009,0.000004
27270,0,0,0.999998,0.000000,0.000000,0.000002
32292,0,0,0.999998,0.000000,0.000000,0.000002
20293,1,1,0.000008,0.999986,0.000002,0.000003
31556,0,0,0.999999,0.000000,0.000000,0.000001
20117,1,1,0.000010,0.999983,0.000003,0.000004
22403,0,0,0.999997,0.000000,0.000000,0.000003
21395,0,3,0.043272,0.180316,0.004389,0.772023
13213,1,1,0.000001,0.999998,0.000000,0.000000
4246,3,3,0.000164,0.000010,0.000017,0.999809
32475,0,0,0.999998,0.000000,0.000000,0.000002
3717,3,3,0.000045,0.000006,0.000008,0.999942
12493,1,1,0.000002,0.999994,0.000003,0.000001
32629,0,0,0.999998,0.000000,0.000000,0.000002
17427,1,1,0.000005,0.999991,0.000001,0.000002
14894,1,1,0.000009,0.999985,0.000002,0.000004
4105,3,3,0.000078,0.000012,0.000017,0.999894
20373,1,1,0.000007,0.999989,0.000002,0.000003
3926,3,3,0.000052,0.000007,0.000009,0.999931
13382,1,1,0.000004,0.999993,0.000001,0.000001
3501,3,3,0.000075,0.000012,0.000013,0.999900
16710,1,1,0.000013,0.999979,0.000003,0.000005
7392,2,2,0.000000,0.000031,0.999968,0.000001
16264,1,1,0.000011,0.999982,0.000002,0.000004
27280,0,0,0.999998,0.000000,0.000000,0.000002
20964,1,1,0.000006,0.999991,0.000001,0.000002
20525,1,1,0.000011,0.999981,0.000003,0.000005
12362,1,1,0.000007,0.999985,0.000007,0.000002
13394,1,1,0.000002,0.999997,0.000001,0.000001
32556,0,0,0.999998,0.000000,0.000000,0.000002
25219,0,0,0.999997,0.000000,0.000000,0.000002
14390,1,1,0.000003,0.999994,0.000002,0.000001
25479,0,0,0.999997,0.000000,0.000000,0.000003
4535,3,3,0.000080,0.000014,0.000012,0.999894
12400,1,1,0.000002,0.999995,0.000002,0.000001
872,3,3,0.000204,0.000051,0.000052,0.999693
11834,1,1,0.000006,0.999986,0.000006,0.000002
12,3,3,0.005045,0.002303,0.000601,0.992051
29798,0,0,0.999995,0.000000,0.000000,0.000005
2585,3,3,0.000095,0.000009,0.000016,0.999880
14427,1,1,0.000005,0.999991,0.000002,0.000002
9267,1,1,0.000004,0.999994,0.000001,0.000001
17445,1,1,0.000011,0.999982,0.000002,0.000004
10470,1,1,0.000003,0.999994,0.000003,0.000001
22077,0,0,0.999998,0.000000,0.000000,0.000002
20536,1,1,0.000003,0.999995,0.000001,0.000001
31167,0,0,0.999998,0.000000,0.000000,0.000002
5624,3,3,0.010689,0.000019,0.000044,0.989248
18272,1,1,0.000011,0.999982,0.000002,0.000005
23118,0,0,0.999998,0.000000,0.000000,0.000002
30788,0,0,0.999998,0.000000,0.000000,0.000002
7909,2,2,0.000000,0.000060,0.999938,0.000002
28702,0,0,0.999998,0.000000,0.000000,0.000002
16078,1,1,0.000010,0.999984,0.000002,0.000004
30298,0,0,0.999998,0.000000,0.000000,0.000002
6547,3,3,0.000098,0.000017,0.000013,0.999872
7047,2,2,0.000000,0.000062,0.999937,0.000001
1308,3,3,0.000690,0.000380,0.000117,0.998813
28764,0,0,0.999192,0.000000,0.000000,0.000808
27377,0,0,0.999997,0.000000,0.000000,0.000003
23219,0,0,0.999996,0.000000,0.000000,0.000004
12057,1,1,0.000006,0.999985,0.000007,0.000002
30759,0,0,0.999998,0.000000,0.000000,0.000002
17752,1,1,0.000010,0.999984,0.000002,0.000004
7671,2,2,0.000000,0.000054,0.999945,0.000001
28517,0,0,0.999999,0.000000,0.000000,0.000001
16773,1,1,0.000012,0.999980,0.000003,0.000005
13261,1,1,0.000002,0.999996,0.000001,0.000001
5688,3,3,0.011750,0.000019,0.000044,0.988187
11045,1,1,0.000003,0.999993,0.000003,0.000001
31994,0,0,0.999999,0.000000,0.000000,0.000001
17192,1,1,0.000006,0.999991,0.000001,0.000002
702,3,3,0.000080,0.000013,0.000032,0.999875
5917,3,3,0.010555,0.000019,0.000044,0.989383
29429,0,0,0.999998,0.000000,0.000000,0.000002
8080,2,2,0.000000,0.000060,0.999938,0.000002
10917,1,1,0.000002,0.999994,0.000003,0.000001
21508,0,0,0.999998,0.000000,0.000000,0.000002
16762,1,1,0.000009,0.999985,0.000003,0.000004
8969,2,2,0.000000,0.000087,0.999911,0.000003
14510,1,1,0.000001,0.999998,0.000000,0.000000
23126,0,0,0.999992,0.000000,0.000000,0.000008
27954,0,0,0.999997,0.000000,0.000000,0.000003
23291,0,0,0.999997,0.000000,0.000000,0.000003
8383,2,2,0.000000,0.000177,0.999814,0.000008
4708,3,3,0.000090,0.000017,0.000016,0.999876
4263,3,3,0.000059,0.000008,0.000010,0.999923
1706,3,3,0.000067,0.000011,0.000010,0.999913
2428,3,3,0.000097,0.000010,0.000013,0.999879
6101,3,3,0.011034,0.000019,0.000044,0.988904
30513,0,0,0.999997,0.000000,0.000000,0.000003
23634,0,0,0.999997,0.000000,0.000000,0.000003
14393,1,1,0.000000,1.000000,0.000000,0.000000
6696,2,2,0.000000,0.000045,0.999954,0.000001
32075,0,0,0.999999,0.000000,0.000000,0.000001
15569,1,1,0.000007,0.999987,0.000003,0.000003
4188,3,3,0.000041,0.000005,0.000009,0.999945
32550,0,0,0.999999,0.000000,0.000000,0.000001
30337,0,0,0.999999,0.000000,0.000000,0.000001
947,3,3,0.000137,0.000026,0.000019,0.999817
24262,0,0,0.999998,0.000000,0.000000,0.000002
30901,0,0,0.999999,0.000000,0.000000,0.000001
25922,0,0,0.999998,0.000000,0.000000,0.000002
667,3,3,0.000067,0.000010,0.000012,0.999911
23591,0,0,0.999998,0.000000,0.000000,0.000002
1464,3,3,0.000199,0.000042,0.000028,0.999730
17717,1,1,0.000006,0.999991,0.000001,0.000002
28291,0,0,0.999998,0.000000,0.000000,0.000002
13749,1,1,0.000008,0.999987,0.000002,0.000003
1612,3,3,0.000051,0.000009,0.000010,0.999930
25813,0,0,0.999999,0.000000,0.000000,0.000001
25063,0,0,0.999998,0.000000,0.000000,0.000002
6037,3,3,0.002490,0.000020,0.000045,0.997445
3570,3,3,0.000043,0.000006,0.000007,0.999944
26501,0,0,0.999997,0.000000,0.000000,0.000003
1067,3,3,0.000070,0.000011,0.000011,0.999908
30594,0,0,0.999997,0.000000,0.000000,0.000003
25147,0,0,0.999997,0.000000,0.000000,0.000003
20064,1,1,0.000009,0.999985,0.000002,0.000004
14835,1,1,0.000000,0.999999,0.000000,0.000000
21275,1,1,0.000007,0.999989,0.000002,0.000003
24484,0,0,0.999998,0.000000,0.000000,0.000002
12007,1,1,0.000002,0.999995,0.000002,0.000001
7389,2,2,0.000000,0.000033,0.999966,0.000001
26552,0,0,0.999999,0.000000,0.000000,0.000001
19855,1,1,0.000005,0.999991,0.000001,0.000002
4190,3,3,0.000040,0.000004,0.000010,0.999946
23821,0,0,0.999997,0.000000,0.000000,0.000003
14100,1,1,0.000001,0.999998,0.000000,0.000000
26151,0,0,0.999998,0.000000,0.000000,0.000002
18856,1,1,0.000008,0.999987,0.000002,0.000003
1057,3,3,0.000119,0.000027,0.000014,0.999840
18540,1,1,0.000009,0.999985,0.000002,0.000004
14606,1,1,0.000003,0.999996,0.000001,0.000001
12615,1,1,0.000004,0.999991,0.000004,0.000001
28545,0,0,0.999998,0.000000,0.000000,0.000002
18902,1,1,0.000007,0.999989,0.000002,0.000003
14460,1,1,0.000001,0.999999,0.000000,0.000000
24633,0,0,0.999998,0.000000,0.000000,0.000002
16611,1,1,0.000006,0.999990,0.000002,0.000002
3822,3,3,0.000052,0.000007,0.000009,0.999933
8613,2,2,0.000000,0.000085,0.999912,0.000003
1376,3,3,0.000064,0.000010,0.000009,0.999917
13716,1,1,0.000003,0.999994,0.000001,0.000001
23322,0,0,0.999998,0.000000,0.000000,0.000002
13950,1,1,0.000012,0.999977,0.000005,0.000005
24736,0,0,0.999996,0.000000,0.000000,0.000004
2547,3,3,0.000125,0.000013,0.000016,0.999846
18153,1,1,0.000004,0.999993,0.000001,0.000002
1690,3,3,0.000084,0.000013,0.000012,0.999890
27286,0,0,0.999998,0.000000,0.000000,0.000002
4095,3,3,0.000101,0.000019,0.000015,0.999865
19826,1,1,0.000006,0.999990,0.000002,0.000002
7714,2,2,0.000000,0.000044,0.999955,0.000001
31814,0,0,0.999998,0.000000,0.000000,0.000002
30749,0,0,0.999998,0.000000,0.000000,0.000002
5481,3,3,0.012055,0.000019,0.000044,0.987882
8907,2,2,0.000000,0.000140,0.999854,0.000006
10347,1,1,0.000003,0.999992,0.000003,0.000001
12118,1,1,0.000002,0.999995,0.000002,0.000001
22315,0,0,0.999996,0.000000,0.000000,0.000004
5904,3,3,0.010371,0.000019,0.000044,0.989567
8542,2,2,0.000000,0.000081,0.999916,0.000003
18067,1,1,0.000007,0.999989,0.000001,0.000003
23377,0,0,0.999998,0.000000,0.000000,0.000002
13196,1,1,0.000001,0.999999,0.000000,0.000000
28203,0,0,0.999997,0.000000,0.000000,0.000003
19144,1,1,0.000012,0.999981,0.000002,0.000005
2778,3,3,0.000051,0.000005,0.000009,0.999935
25321,0,0,0.999999,0.000000,0.000000,0.000001
25018,0,0,0.999997,0.000000,0.000000,0.000002
20612,1,1,0.000007,0.999988,0.000002,0.000003
14886,1,1,0.000007,0.999985,0.000006,0.000003
31679,0,0,0.999998,0.000000,0.000000,0.000002
28487,0,0,0.999997,0.000000,0.000000,0.000002
31797,0,0,0.999998,0.000000,0.000000,0.000002
1803,3,3,0.000057,0.000006,0.000009,0.999928
9536,1,1,0.000002,0.999997,0.000001,0.000001
16699,1,1,0.000006,0.999990,0.000001,0.000002
31056,0,0,0.999998,0.000000,0.000000,0.000002
33197,0,0,0.999255,0.000000,0.000000,0.000745
31309,0,0,0.999999,0.000000,0.000000,0.000001
1246,3,3,0.000517,0.000250,0.000095,0.999138
552,3,3,0.000081,0.000015,0.000014,0.999890
30232,0,0,0.999999,0.000000,0.000000,0.000001
1216,3,3,0.000921,0.000607,0.000128,0.998344
22643,0,0,0.999997,0.000000,0.000000,0.000003
15429,1,1,0.000001,0.999998,0.000000,0.000000
3037,3,3,0.000087,0.000014,0.000013,0.999887
32601,0,0,0.999998,0.000000,0.000000,0.000002
14109,1,1,0.000002,0.999995,0.000001,0.000001
25234,0,0,0.999998,0.000000,0.000000,0.000002
234,3,3,0.000101,0.000018,0.000016,0.999865
5790,3,3,0.009244,0.000019,0.000044,0.990694
2014,3,3,0.000106,0.000015,0.000016,0.999863
12451,1,1,0.000030,0.999919,0.000036,0.000015
9682,1,1,0.000002,0.999996,0.000001,0.000001
10540,1,1,0.000005,0.999988,0.000005,0.000002
20296,1,1,0.000011,0.999981,0.000003,0.000005
8273,2,2,0.000000,0.000076,0.999922,0.000002
27202,0,0,0.999998,0.000000,0.000000,0.000002
33190,0,0,0.999027,0.000000,0.000000,0.000973
29657,0,0,0.999999,0.000000,0.000000,0.000001
10542,1,1,0.000001,0.999997,0.000002,0.000000
3110,3,3,0.000405,0.000096,0.000054,0.999445
2753,3,3,0.000242,0.000022,0.000033,0.999703
1964,3,3,0.000092,0.000016,0.000014,0.999877
18244,1,1,0.000010,0.999984,0.000002,0.000004
27095,0,0,0.999998,0.000000,0.000000,0.000002
23570,0,0,0.999998,0.000000,0.000000,0.000002
12182,1,1,0.000003,0.999992,0.000003,0.000001
19983,1,1,0.000003,0.999995,0.000001,0.000001
28470,0,0,0.999999,0.000000,0.000000,0.000001
27427,0,0,0.999998,0.000000,0.000000,0.000002
18128,1,1,0.000004,0.999994,0.000001,0.000001
15717,1,1,0.000001,0.999999,0.000000,0.000000
4257,3,3,0.000065,0.000008,0.000010,0.999917
20933,1,1,0.000007,0.999989,0.000002,0.000003
29258,0,0,0.999997,0.000000,0.000000,0.000003
26634,0,0,0.999998,0.000000,0.000000,0.000002
8157,2,2,0.000000,0.000049,0.999950,0.000001
8780,2,2,0.000000,0.000077,0.999921,0.000002
10830,1,1,0.000002,0.999994,0.000003,0.000001
10011,1,1,0.000003,0.999993,0.000003,0.000001
22733,0,0,0.999998,0.000000,0.000000,0.000002
26738,0,0,0.999998,0.000000,0.000000,0.000002
27832,0,0,0.999998,0.000000,0.000000,0.000002
31076,0,0,0.999998,0.000000,0.000000,0.000002
2250,3,3,0.000356,0.000005,0.000013,0.999626
1055,3,3,0.000091,0.000018,0.000019,0.999872
3026,3,3,0.000076,0.000009,0.000010,0.999904
23571,0,0,0.999998,0.000000,0.000000,0.000002
14488,1,1,0.000001,0.999999,0.000000,0.000000
21649,0,0,0.999997,0.000000,0.000000,0.000003
14054,1,1,0.000000,1.000000,0.000000,0.000000
7466,2,2,0.000000,0.000056,0.999943,0.000001
22916,0,0,0.999997,0.000000,0.000000,0.000003
13063,1,1,0.000001,0.999998,0.000000,0.000000
26833,0,0,0.999998,0.000000,0.000000,0.000002
13248,1,1,0.000001,0.999998,0.000000,0.000000
33258,0,0,0.998892,0.000000,0.000000,0.001108
13776,1,1,0.000008,0.999986,0.000002,0.000003
23029,0,0,0.999997,0.000000,0.000000,0.000003
22539,0,0,0.999998,0.000000,0.000000,0.000002
15895,1,1,0.000036,0.999937,0.000008,0.000018
14800,1,1,0.000031,0.999948,0.000004,0.000016
30722,0,0,0.999999,0.000000,0.000000,0.000001
9952,1,1,0.000001,0.999997,0.000002,0.000000
19741,1,1,0.000007,0.999988,0.000002,0.000003
12102,1,1,0.000020,0.999945,0.000026,0.000009
16604,1,1,0.000005,0.999992,0.000001,0.000002
23133,0,0,0.999999,0.000000,0.000000,0.000001
15673,1,1,0.000010,0.999983,0.000003,0.000004
31299,0,0,0.999998,0.000000,0.000000,0.000002
30970,0,0,0.999998,0.000000,0.000000,0.000002
23324,0,0,0.999998,0.000000,0.000000,0.000002
7098,2,2,0.000000,0.000049,0.999950,0.000001
1760,3,3,0.000037,0.000005,0.000006,0.999952
15528,1,1,0.000005,0.999991,0.000002,0.000002
26226,0,0,0.999998,0.000000,0.000000,0.000002
4376,3,3,0.000074,0.000005,0.000010,0.999911
18585,1,1,0.000008,0.999987,0.000002,0.000003
30380,0,0,0.999997,0.000000,0.000000,0.000002
26139,0,0,0.999998,0.000000,0.000000,0.000002
13449,1,1,0.000001,0.999999,0.000000,0.000000
14699,1,1,0.000007,0.999988,0.000002,0.000003
2837,3,3,0.000076,0.000010,0.000013,0.999902
3017,3,3,0.000084,0.000010,0.000014,0.999892
21803,0,0,0.999997,0.000000,0.000000,0.000004
20083,1,1,0.000010,0.999984,0.000003,0.000004
956,3,3,0.000136,0.000034,0.000020,0.999811
10512,1,1,0.000002,0.999995,0.000003,0.000001
15982,1,1,0.000010,0.999984,0.000002,0.000004
7966,2,2,0.000000,0.000048,0.999951,0.000001
31270,0,0,0.999999,0.000000,0.000000,0.000001
7068,2,2,0.000000,0.000054,0.999945,0.000001
3101,3,3,0.000084,0.000014,0.000013,0.999889
32957,0,0,0.999219,0.000000,0.000000,0.000780
28682,0,0,0.999998,0.000000,0.000000,0.000002
262,3,3,0.000071,0.000012,0.000012,0.999905
6165,3,3,0.011406,0.000019,0.000044,0.988531
18757,1,1,0.000006,0.999991,0.000001,0.000002
32621,0,0,0.999999,0.000000,0.000000,0.000001
30946,0,0,0.999998,0.000000,0.000000,0.000002
28538,0,0,0.999998,0.000000,0.000000,0.000002
23316,0,0,0.999998,0.000000,0.000000,0.000002
31391,0,0,0.999998,0.000000,0.000000,0.000002
27932,0,0,0.999997,0.000000,0.000000,0.000003
26120,0,0,0.999998,0.000000,0.000000,0.000002
20176,1,1,0.000003,0.999995,0.000001,0.000001
338,3,3,0.000063,0.000009,0.000012,0.999917
14843,1,1,0.000012,0.999980,0.000003,0.000005
23954,0,0,0.999998,0.000000,0.000000,0.000002
7292,2,2,0.000000,0.000040,0.999959,0.000001
7705,2,2,0.000000,0.000063,0.999936,0.000002
30746,0,0,0.999998,0.000000,0.000000,0.000002
18186,1,1,0.000010,0.999984,0.000002,0.000004
5453,3,3,0.019350,0.000018,0.000043,0.980588
33097,0,0,0.999131,0.000000,0.000000,0.000869
13299,1,1,0.000004,0.999992,0.000002,0.000002
3969,3,3,0.000108,0.000017,0.000017,0.999859
28284,0,0,0.999996,0.000000,0.000000,0.000004
31922,0,0,0.999998,0.000000,0.000000,0.000002
15203,1,1,0.000001,0.999999,0.000000,0.000000
20018,1,1,0.000004,0.999993,0.000001,0.000002
23244,0,0,0.999997,0.000000,0.000000,0.000003
15182,1,1,0.000003,0.999995,0.000001,0.000001
26496,0,0,0.999997,0.000000,0.000000,0.000003
14781,1,1,0.000001,0.999998,0.000001,0.000000
30108,0,0,0.999998,0.000000,0.000000,0.000002
11180,1,1,0.000006,0.999986,0.000006,0.000002
510,3,3,0.000092,0.000016,0.000015,0.999877
28555,0,0,0.999999,0.000000,0.000000,0.000001
24464,0,0,0.999998,0.000000,0.000000,0.000002
26642,0,0,0.999998,0.000000,0.000000,0.000002
4200,3,3,0.000062,0.000007,0.000009,0.999923
26643,0,0,0.999998,0.000000,0.000000,0.000002
6344,3,3,0.012212,0.000019,0.000044,0.987725
17303,1,1,0.000006,0.999991,0.000001,0.000002
9334,1,1,0.000007,0.999988,0.000002,0.000003
30125,0,0,0.999998,0.000000,0.000000,0.000002
22161,0,0,0.999998,0.000000,0.000000,0.000002
9607,1,1,0.000098,0.999795,0.000052,0.000055
9358,1,1,0.000002,0.999996,0.000001,0.000001
23077,0,0,0.996953,0.000000,0.000000,0.003047
9485,1,1,0.000004,0.999994,0.000001,0.000001
32874,0,3,0.001658,0.000027,0.000057,0.998258
12262,1,1,0.000006,0.999987,0.000005,0.000002
19575,1,1,0.000008,0.999986,0.000002,0.000003
2021,3,3,0.000058,0.000005,0.000008,0.999929
3195,3,3,0.000096,0.000016,0.000015,0.999873
21553,0,0,0.999997,0.000000,0.000000,0.000002
22739,0,0,0.999998,0.000000,0.000000,0.000002
19290,1,1,0.000011,0.999981,0.000003,0.000005
14528,1,1,0.000002,0.999997,0.000000,0.000001
7930,2,2,0.000000,0.000048,0.999951,0.000001
7920,2,2,0.000000,0.000049,0.999950,0.000001
15460,1,1,0.000001,0.999999,0.000000,0.000000
889,3,3,0.000117,0.000024,0.000017,0.999842
30835,0,0,0.999998,0.000000,0.000000,0.000002
25166,0,0,0.999998,0.000000,0.000000,0.000002
23959,0,0,0.999998,0.000000,0.000000,0.000002
5522,3,3,0.011868,0.000019,0.000044,0.988069
4367,3,3,0.000073,0.000008,0.000012,0.999907
2714,3,3,0.000079,0.000010,0.000012,0.999899
5420,3,3,0.025451,0.000018,0.000042,0.974489
33225,0,0,0.998268,0.000000,0.000000,0.001732
15894,1,1,0.000033,0.999938,0.000012,0.000017
14756,1,1,0.000001,0.999999,0.000000,0.000000
8457,2,2,0.000000,0.000060,0.999938,0.000001
29748,0,0,0.999999,0.000000,0.000000,0.000001
12306,1,1,0.000003,0.999992,0.000003,0.000001
14947,1,1,0.000006,0.999990,0.000002,0.000002
7550,2,2,0.000000,0.000042,0.999957,0.000001
28558,0,0,0.999997,0.000000,0.000000,0.000003
8959,2,2,0.000000,0.000102,0.999894,0.000004
5549,3,3,0.011472,0.000019,0.000044,0.988466
23785,0,0,0.999997,0.000000,0.000000,0.000003
21950,0,0,0.999998,0.000000,0.000000,0.000002
23884,0,0,0.999998,0.000000,0.000000,0.000002
18550,1,1,0.000007,0.999988,0.000002,0.000003
33027,0,0,0.999386,0.000000,0.000000,0.000614
20882,1,1,0.000005,0.999991,0.000001,0.000002
28335,0,0,0.999998,0.000000,0.000000,0.000002
22090,0,0,0.999997,0.000000,0.000000,0.000003
16956,1,1,0.000006,0.999990,0.000001,0.000002
7529,2,2,0.000000,0.000167,0.999826,0.000007
27493,0,0,0.999998,0.000000,0.000000,0.000002
14989,1,1,0.000004,0.999993,0.000002,0.000001
17304,1,1,0.000006,0.999990,0.000002,0.000002
20692,1,1,0.000008,0.999988,0.000002,0.000003
3095,3,3,0.000062,0.000009,0.000010,0.999919
17691,1,1,0.000010,0.999983,0.000002,0.000004
26743,0,0,0.999998,0.000000,0.000000,0.000002
28512,0,0,0.999999,0.000000,0.000000,0.000001
30375,0,0,0.999998,0.000000,0.000000,0.000002
22831,0,0,0.999997,0.000000,0.000000,0.000003
7053,2,2,0.000000,0.000164,0.999828,0.000008
24215,0,0,0.999997,0.000000,0.000000,0.000002
32358,0,0,0.999999,0.000000,0.000000,0.000001
13510,1,1,0.000006,0.999991,0.000002,0.000002
18826,1,1,0.000009,0.999986,0.000002,0.000004
21697,0,0,0.999997,0.000000,0.000000,0.000003
23286,0,0,0.999997,0.000000,0.000000,0.000003
2955,3,3,0.000048,0.000005,0.000009,0.999938
5768,3,3,0.009725,0.000019,0.000044,0.990213
5861,3,3,0.010308,0.000019,0.000044,0.989629
28224,0,0,0.999998,0.000000,0.000000,0.000002
461,3,3,0.000525,0.000246,0.000261,0.998968
32485,0,0,0.999997,0.000000,0.000000,0.000003
27753,0,0,0.999996,0.000000,0.000000,0.000004
24208,0,0,0.999998,0.000000,0.000000,0.000002
18562,1,1,0.000016,0.999974,0.000003,0.000007
33035,0,0,0.999424,0.000000,0.000000,0.000576
3098,3,3,0.000058,0.000008,0.000012,0.999922
29983,0,0,0.999998,0.000000,0.000000,0.000002
1933,3,3,0.000089,0.000017,0.000013,0.999880
15990,1,1,0.000010,0.999985,0.000002,0.000004
15694,1,1,0.000002,0.999997,0.000001,0.000001
28661,0,0,0.999998,0.000000,0.000000,0.000002
22285,0,0,0.999997,0.000000,0.000000,0.000003
2618,3,3,0.000337,0.000012,0.000021,0.999630
26732,0,0,0.999998,0.000000,0.000000,0.000002
27563,0,0,0.999998,0.000000,0.000000,0.000002
30244,0,0,0.999997,0.000000,0.000000,0.000003
21581,0,0,0.999997,0.000000,0.000000,0.000003
17700,1,1,0.000006,0.999991,0.000002,0.000002
4089,3,3,0.000095,0.000006,0.000011,0.999888
21134,1,1,0.000018,0.999970,0.000004,0.000008
20539,1,1,0.000005,0.999992,0.000001,0.000002
11916,1,1,0.000005,0.999989,0.000004,0.000002
19061,1,1,0.000010,0.999983,0.000002,0.000004
16975,1,1,0.000008,0.999987,0.000002,0.000003
32460,0,0,0.999999,0.000000,0.000000,0.000001
8482,2,2,0.000000,0.000098,0.999899,0.000003
7309,2,2,0.000000,0.000035,0.999964,0.000001
12910,1,1,0.000033,0.999909,0.000039,0.000018
13882,1,1,0.000052,0.999913,0.000006,0.000029
6316,3,3,0.012746,0.000019,0.000044,0.987192
31297,0,0,0.999998,0.000000,0.000000,0.000002
29034,0,0,0.999998,0.000000,0.000000,0.000002
7904,2,2,0.000000,0.000082,0.999916,0.000003
3856,3,3,0.000122,0.000012,0.000019,0.999847
12857,1,1,0.000004,0.999990,0.000005,0.000001
32571,0,0,0.999998,0.000000,0.000000,0.000002
22334,0,0,0.999999,0.000000,0.000000,0.000001
32830,0,0,0.999999,0.000000,0.000000,0.000001
15719,1,1,0.000003,0.999995,0.000001,0.000001
14785,1,1,0.000003,0.999994,0.000001,0.000001
995,3,3,0.002536,0.000062,0.000122,0.997280
25205,0,0,0.999998,0.000000,0.000000,0.000002
22908,0,0,0.999996,0.000000,0.000000,0.000004
23237,0,0,0.999996,0.000000,0.000000,0.000004
21623,0,0,0.999998,0.000000,0.000000,0.000002
4035,3,3,0.000048,0.000006,0.000008,0.999939
17796,1,1,0.000007,0.999988,0.000002,0.000003
5811,3,3,0.009843,0.000019,0.000044,0.990094
31237,0,0,0.999999,0.000000,0.000000,0.000001
28282,0,0,0.999998,0.000000,0.000000,0.000002
24683,0,0,0.999998,0.000000,0.000000,0.000002
32141,0,0,0.999998,0.000000,0.000000,0.000002
1778,3,3,0.000103,0.000020,0.000018,0.999858
7455,2,2,0.000000,0.000073,0.999925,0.000002
11151,1,1,0.000004,0.999991,0.000004,0.000001
16123,1,1,0.000013,0.999979,0.000003,0.000005
24341,0,0,0.999997,0.000000,0.000000,0.000003
13627,1,1,0.000003,0.999995,0.000002,0.000001
10561,1,1,0.000002,0.999994,0.000003,0.000001
28122,0,0,0.999997,0.000000,0.000000,0.000003
12203,1,1,0.000005,0.999988,0.000005,0.000002
16702,1,1,0.000014,0.999977,0.000003,0.000006
15179,1,1,0.000001,0.999999,0.000000,0.000000
32398,0,0,0.999998,0.000000,0.000000,0.000002
9462,1,1,0.000004,0.999992,0.000002,0.000002
14432,1,1,0.000001,0.999999,0.000000,0.000000
27858,0,0,0.999996,0.000000,0.000000,0.000004
25652,0,0,0.999998,0.000000,0.000000,0.000002
21192,1,1,0.000013,0.999979,0.000003,0.000006
29218,0,0,0.999998,0.000000,0.000000,0.000002
16526,1,1,0.000005,0.999992,0.000001,0.000002
1627,3,3,0.000138,0.000025,0.000020,0.999816
16827,1,1,0.000015,0.999975,0.000003,0.000007
15422,1,1,0.000004,0.999993,0.000001,0.000001
15161,1,1,0.000000,1.000000,0.000000,0.000000
2426,3,3,0.000084,0.000007,0.000011,0.999899
27916,0,0,1.000000,0.000000,0.000000,0.000000
19987,1,1,0.000006,0.999990,0.000002,0.000002
20230,1,1,0.000006,0.999991,0.000001,0.000002
27647,0,0,0.999998,0.000000,0.000000,0.000002
11672,1,1,0.000004,0.999992,0.000003,0.000001
704,3,3,0.000086,0.000015,0.000027,0.999872
25203,0,0,0.999998,0.000000,0.000000,0.000002
6423,3,3,0.011450,0.000019,0.000044,0.988488
13996,1,1,0.000003,0.999995,0.000001,0.000001
21965,0,0,0.999996,0.000000,0.000000,0.000004
6923,2,2,0.000000,0.000040,0.999959,0.000001
5615,3,3,0.011572,0.000019,0.000044,0.988366
5837,3,3,0.010597,0.000019,0.000044,0.989340
4167,3,3,0.000050,0.000005,0.000008,0.999937
27676,0,0,0.999995,0.000000,0.000000,0.000005
9739,1,1,0.000005,0.999989,0.000005,0.000002
25160,0,0,0.999998,0.000000,0.000000,0.000002
15804,1,1,0.000002,0.999997,0.000001,0.000001
32640,0,0,0.999999,0.000000,0.000000,0.000001
33090,0,0,0.999136,0.000000,0.000000,0.000864
19596,1,1,0.000006,0.999990,0.000002,0.000002
11,3,3,0.003524,0.000494,0.000388,0.995594
27115,0,0,0.999998,0.000000,0.000000,0.000002
30157,0,0,0.999993,0.000000,0.000000,0.000007
26422,0,0,0.999998,0.000000,0.000000,0.000002
29085,0,0,0.999998,0.000000,0.000000,0.000002
7468,2,2,0.000000,0.000053,0.999946,0.000001
21920,0,0,0.999997,0.000000,0.000000,0.000003
17528,1,1,0.000011,0.999982,0.000002,0.000005
7683,2,2,0.000000,0.000042,0.999957,0.000001
16341,1,1,0.000008,0.999987,0.000002,0.000003
6347,3,3,0.012815,0.000019,0.000044,0.987123
11367,1,1,0.000004,0.999991,0.000004,0.000001
31542,0,0,0.999998,0.000000,0.000000,0.000002
21814,0,0,0.999997,0.000000,0.000000,0.000003
7729,2,2,0.000000,0.000042,0.999957,0.000001
25938,0,0,0.999997,0.000000,0.000000,0.000003
30174,0,0,0.999998,0.000000,0.000000,0.000002
4173,3,3,0.000055,0.000008,0.000010,0.999926
10465,1,1,0.000002,0.999996,0.000002,0.000000
19193,1,1,0.000007,0.999989,0.000001,0.000003
29307,0,0,0.999997,0.000000,0.000000,0.000003
17963,1,1,0.000007,0.999989,0.000001,0.000003
29833,0,0,0.999998,0.000000,0.000000,0.000002
31406,0,0,0.999998,0.000000,0.000000,0.000002
3672,3,3,0.000061,0.000003,0.000008,0.999928
2372,3,3,0.000078,0.000006,0.000011,0.999906
2444,3,3,0.000066,0.000010,0.000012,0.999913
2048,3,3,0.000220,0.000022,0.000034,0.999724
11444,1,1,0.000002,0.999994,0.000003,0.000001
27429,0,0,0.999998,0.000000,0.000000,0.000002
7060,2,2,0.000000,0.000049,0.999950,0.000001
28272,0,0,0.999994,0.000000,0.000000,0.000006
16624,1,1,0.000015,0.999975,0.000003,0.000007
32314,0,0,0.999999,0.000000,0.000000,0.000001
5554,3,3,0.010694,0.000019,0.000044,0.989243
2677,3,3,0.000111,0.000017,0.000018,0.999854
3648,3,3,0.000073,0.000006,0.000012,0.999909
9436,1,1,0.000004,0.999993,0.000001,0.000002
10158,1,1,0.000002,0.999996,0.000002,0.000000
5715,3,3,0.012664,0.000019,0.000044,0.987273
14286,1,1,0.000004,0.999993,0.000001,0.000001
13469,1,1,0.000002,0.999997,0.000001,0.000001
6050,3,3,0.010687,0.000019,0.000044,0.989251
8443,2,2,0.000000,0.000117,0.999878,0.000004
24863,0,0,0.999980,0.000000,0.000000,0.000020
29269,0,0,0.999998,0.000000,0.000000,0.000002
23165,0,0,0.999998,0.000000,0.000000,0.000002
9224,1,1,0.000021,0.999963,0.000006,0.000010
1605,3,3,0.000082,0.000015,0.000012,0.999891
16910,1,1,0.000014,0.999977,0.000003,0.000006
16492,1,1,0.000006,0.999991,0.000001,0.000002
4723,3,3,0.000058,0.000008,0.000012,0.999921
33200,0,0,0.999231,0.000000,0.000000,0.000768
4030,3,3,0.000068,0.000008,0.000012,0.999911
24515,0,0,0.999998,0.000000,0.000000,0.000002
6465,3,3,0.011616,0.000019,0.000044,0.988321
2485,3,3,0.000144,0.000014,0.000022,0.999821
31521,0,0,0.999998,0.000000,0.000000,0.000001
25061,0,0,0.999998,0.000000,0.000000,0.000002
33101,0,0,0.999094,0.000000,0.000000,0.000906
16824,1,1,0.000017,0.999971,0.000004,0.000008
6765,2,2,0.000000,0.000055,0.999943,0.000001
13668,1,1,0.000002,0.999996,0.000001,0.000001
22527,0,0,0.999996,0.000000,0.000000,0.000004
33,3,3,0.000068,0.000012,0.000010,0.999910
27619,0,0,0.999998,0.000000,0.000000,0.000002
22995,0,0,0.999997,0.000000,0.000000,0.000003
18912,1,1,0.000014,0.999977,0.000003,0.000006
27964,0,0,0.999995,0.000000,0.000000,0.000005
6401,3,3,0.011781,0.000019,0.000044,0.988156
28995,0,0,0.999997,0.000000,0.000000,0.000003
6759,2,2,0.000000,0.000046,0.999953,0.000001
8654,2,2,0.000000,0.000130,0.999864,0.000006
25267,0,0,0.999998,0.000000,0.000000,0.000002
25153,0,0,0.999998,0.000000,0.000000,0.000002
18637,1,1,0.000009,0.999986,0.000002,0.000004
15534,1,1,0.000012,0.999979,0.000004,0.000005
12285,1,1,0.000006,0.999987,0.000005,0.000002
20907,1,1,0.000007,0.999988,0.000002,0.000003
4274,3,3,0.000063,0.000007,0.000009,0.999921
15769,1,1,0.000003,0.999995,0.000001,0.000001
24499,0,0,0.999998,0.000000,0.000000,0.000002
29375,0,0,0.999993,0.000000,0.000000,0.000007
18793,1,1,0.000011,0.999981,0.000003,0.000005
28243,0,0,0.999999,0.000000,0.000000,0.000001
7064,2,2,0.000000,0.000118,0.999877,0.000005
26408,0,0,0.999997,0.000000,0.000000,0.000003
454,3,3,0.000095,0.000021,0.000028,0.999857
1007,3,3,0.000250,0.000085,0.000031,0.999634
3240,3,3,0.000691,0.000017,0.000031,0.999261
255,3,3,0.000061,0.000009,0.000012,0.999918
17140,1,1,0.000009,0.999985,0.000002,0.000004
19394,1,1,0.000005,0.999993,0.000001,0.000002
24104,0,0,0.999997,0.000000,0.000000,0.000003
21640,0,0,0.999996,0.000000,0.000000,0.000004
27684,0,0,0.999997,0.000000,0.000000,0.000003
25221,0,0,0.999998,0.000000,0.000000,0.000002
27156,0,0,0.999997,0.000000,0.000000,0.000003
32161,0,0,0.999999,0.000000,0.000000,0.000001
18399,1,1,0.000015,0.999975,0.000003,0.000007
32131,0,0,0.999998,0.000000,0.000000,0.000002
1082,3,3,0.000139,0.000032,0.000022,0.999806
9665,1,1,0.000002,0.999997,0.000001,0.000001
19684,1,1,0.000017,0.999973,0.000003,0.000008
5863,3,3,0.010161,0.000019,0.000044,0.989776
12568,1,1,0.000005,0.999989,0.000005,0.000001
25131,0,0,0.999998,0.000000,0.000000,0.000002
15813,1,1,0.000004,0.999993,0.000001,0.000002
30575,0,0,0.999999,0.000000,0.000000,0.000001
20173,1,1,0.000004,0.999993,0.000001,0.000002
29650,0,0,0.999999,0.000000,0.000000,0.000001
23189,0,0,0.999998,0.000000,0.000000,0.000002
21544,0,0,0.999998,0.000000,0.000000,0.000002
2911,3,3,0.000057,0.000009,0.000011,0.999923
19516,1,1,0.000005,0.999992,0.000001,0.000002
14580,1,1,0.000002,0.999996,0.000001,0.000001
10833,1,1,0.000003,0.999992,0.000004,0.000001
89,3,3,0.000179,0.000035,0.000026,0.999760
28068,0,0,0.999998,0.000000,0.000000,0.000002
29380,0,0,0.999999,0.000000,0.000000,0.000001
10180,1,1,0.000002,0.999996,0.000002,0.000000
29713,0,0,0.999995,0.000000,0.000000,0.000005
24453,0,0,0.999997,0.000000,0.000000,0.000003
13450,1,1,0.000001,0.999998,0.000001,0.000000
930,3,3,0.000074,0.000013,0.000020,0.999893
22707,0,0,0.999995,0.000000,0.000000,0.000005
9533,1,1,0.000003,0.999995,0.000001,0.000001
32596,0,0,0.999998,0.000000,0.000000,0.000002
14373,1,1,0.000001,0.999998,0.000000,0.000000
26778,0,0,0.999998,0.000000,0.000000,0.000002
23455,0,0,0.999997,0.000000,0.000000,0.000003
6735,2,2,0.000000,0.000074,0.999924,0.000002
17143,1,1,0.000004,0.999993,0.000001,0.000001
17770,1,1,0.000005,0.999991,0.000002,0.000002
30856,0,0,0.999998,0.000000,0.000000,0.000002
29617,0,0,0.999997,0.000000,0.000000,0.000003
10938,1,1,0.000003,0.999993,0.000003,0.000001
30038,0,0,0.999998,0.000000,0.000000,0.000002
19524,1,1,0.000011,0.999982,0.000003,0.000005
9010,2,2,0.000002,0.000816,0.999110,0.000071
5359,3,3,0.029559,0.000019,0.000044,0.970378
21673,0,0,0.999998,0.000000,0.000000,0.000002
27632,0,0,0.999998,0.000000,0.000000,0.000002
280,3,3,0.000217,0.000043,0.000020,0.999720
30826,0,0,0.999998,0.000000,0.000000,0.000002
21326,1,1,0.000010,0.999983,0.000002,0.000004
27439,0,0,0.999998,0.000000,0.000000,0.000002
28259,0,0,0.999999,0.000000,0.000000,0.000001
20568,1,1,0.000004,0.999993,0.000001,0.000002
16555,1,1,0.000009,0.999986,0.000002,0.000003
25588,0,0,0.999997,0.000000,0.000000,0.000003
23530,0,0,0.999998,0.000000,0.000000,0.000002
17839,1,1,0.000004,0.999994,0.000001,0.000001
8559,2,2,0.000000,0.000075,0.999923,0.000002
3587,3,3,0.000059,0.000008,0.000009,0.999923
25533,0,0,0.999998,0.000000,0.000000,0.000002
26628,0,0,0.999998,0.000000,0.000000,0.000002
19541,1,1,0.000004,0.999993,0.000001,0.000001
9755,1,1,0.000002,0.999996,0.000002,0.000000
6704,2,2,0.000000,0.000062,0.999937,0.000002
18778,1,1,0.000008,0.999987,0.000002,0.000003
25541,0,0,0.999998,0.000000,0.000000,0.000002
14,3,3,0.002772,0.001562,0.000340,0.995326
7757,2,2,0.000000,0.000083,0.999915,0.000003
13556,1,1,0.000004,0.999993,0.000001,0.000002
32027,0,0,0.999998,0.000000,0.000000,0.000002
6232,3,3,0.011705,0.000019,0.000044,0.988232
12926,1,1,0.000015,0.999956,0.000023,0.000006
2096,3,3,0.000096,0.000018,0.000013,0.999873
23289,0,0,0.999997,0.000000,0.000000,0.000003
31375,0,0,0.999998,0.000000,0.000000,0.000002
22309,0,0,0.999997,0.000000,0.000000,0.000003
21617,0,0,0.999998,0.000000,0.000000,0.000002
30868,0,0,0.999999,0.000000,0.000000,0.000001
5204,3,3,0.029686,0.000019,0.000044,0.970251
15782,1,1,0.000032,0.999947,0.000004,0.000017
23817,0,0,0.999998,0.000000,0.000000,0.000002
28046,0,0,0.999998,0.000000,0.000000,0.000002
6002,3,3,0.011013,0.000019,0.000044,0.988924
27317,0,0,0.999998,0.000000,0.000000,0.000002
1394,3,3,0.000116,0.000030,0.000017,0.999837
20422,1,1,0.000006,0.999989,0.000002,0.000003
5926,3,3,0.010392,0.000019,0.000044,0.989546
9188,1,1,0.000007,0.999988,0.000002,0.000003
431,3,3,0.000081,0.000015,0.000014,0.999891
11651,1,1,0.000003,0.999994,0.000003,0.000001
14842,1,1,0.000010,0.999983,0.000003,0.000004
20285,1,1,0.000016,0.999973,0.000003,0.000007
7195,2,2,0.000000,0.000038,0.999961,0.000001
24254,0,0,0.999998,0.000000,0.000000,0.000002
29563,0,0,0.999996,0.000000,0.000000,0.000004
6677,2,2,0.000000,0.000114,0.999882,0.000004
121,3,3,0.000753,0.000445,0.000151,0.998651
5945,3,3,0.010230,0.000019,0.000044,0.989708
19036,1,1,0.000007,0.999988,0.000002,0.000003
5817,3,3,0.010401,0.000019,0.000044,0.989537
3487,3,3,0.000063,0.000009,0.000013,0.999915
19221,1,1,0.000020,0.999965,0.000006,0.000009
9517,1,1,0.000003,0.999994,0.000001,0.000001
27179,0,0,0.999997,0.000000,0.000000,0.000002
18576,1,1,0.000009,0.999986,0.000002,0.000004
1974,3,3,0.000241,0.000010,0.000019,0.999730
7359,2,2,0.000000,0.000042,0.999957,0.000001
2583,3,3,0.000207,0.000011,0.000019,0.999763
10907,1,1,0.000003,0.999993,0.000003,0.000001
13118,1,1,0.000006,0.999990,0.000002,0.000002
9152,2,2,0.000000,0.000131,0.999864,0.000005
3183,3,3,0.000109,0.000022,0.000015,0.999854
17239,1,1,0.000016,0.999974,0.000003,0.000007
27214,0,0,0.999998,0.000000,0.000000,0.000002
31638,0,0,0.999998,0.000000,0.000000,0.000002
2258,3,3,0.000140,0.000012,0.000018,0.999830
3103,3,3,0.000082,0.000013,0.000013,0.999891
29971,0,0,0.999999,0.000000,0.000000,0.000001
27379,0,0,0.999997,0.000000,0.000000,0.000003
23401,0,0,0.999997,0.000000,0.000000,0.000003
2478,3,3,0.000110,0.000020,0.000018,0.999853
384,3,3,0.000119,0.000026,0.000016,0.999839
32642,0,0,0.999999,0.000000,0.000000,0.000001
793,3,3,0.000191,0.000050,0.000023,0.999735
25065,0,0,0.999998,0.000000,0.000000,0.000002
1315,3,3,0.000241,0.000078,0.000049,0.999631
24094,0,0,0.999997,0.000000,0.000000,0.000003
14792,1,1,0.000008,0.999987,0.000002,0.000003
18733,1,1,0.000005,0.999991,0.000001,0.000002
2805,3,3,0.000109,0.000008,0.000014,0.999869
10211,1,1,0.000002,0.999994,0.000003,0.000001
32447,0,0,0.999999,0.000000,0.000000,0.000001
5803,3,3,0.010088,0.000019,0.000044,0.989850
31207,0,0,0.999998,0.000000,0.000000,0.000002
11617,1,1,0.000003,0.999994,0.000003,0.000001
4834,3,3,0.000051,0.000007,0.000008,0.999934
18865,1,1,0.000010,0.999983,0.000002,0.000004
22982,0,0,0.999997,0.000000,0.000000,0.000003
1290,3,3,0.000218,0.000062,0.000031,0.999688
1384,3,3,0.000060,0.000007,0.000008,0.999925
24508,0,0,0.999998,0.000000,0.000000,0.000002
19842,1,1,0.000007,0.999989,0.000002,0.000003
5429,3,3,0.019272,0.000018,0.000043,0.980666
27792,0,0,0.999997,0.000000,0.000000,0.000003
32360,0,0,0.999999,0.000000,0.000000,0.000001
20531,1,1,0.000004,0.999993,0.000001,0.000002
6938,2,2,0.000000,0.000065,0.999933,0.000002
9743,1,1,0.000002,0.999995,0.000002,0.000001
16068,1,1,0.000005,0.999991,0.000001,0.000002
9923,1,1,0.000003,0.999993,0.000003,0.000001
18248,1,1,0.000008,0.999988,0.000002,0.000003
24001,0,0,0.999998,0.000000,0.000000,0.000002
20,3,3,0.001618,0.000362,0.000179,0.997841
8630,2,2,0.000000,0.000079,0.999919,0.000002
25882,0,0,0.999998,0.000000,0.000000,0.000002
29112,0,0,0.999999,0.000000,0.000000,0.000001
3343,3,3,0.000063,0.000006,0.000009,0.999922
23528,0,0,0.999998,0.000000,0.000000,0.000002
236,3,3,0.000070,0.000011,0.000011,0.999908
27188,0,0,0.999998,0.000000,0.000000,0.000002
12236,1,1,0.000003,0.999993,0.000003,0.000001
23440,0,0,0.999997,0.000000,0.000000,0.000003
25231,0,0,0.999997,0.000000,0.000000,0.000003
7287,2,2,0.000000,0.000063,0.999935,0.000002
11283,1,1,0.000003,0.999993,0.000003,0.000001
7170,2,2,0.000000,0.000099,0.999897,0.000003
20512,1,1,0.000006,0.999990,0.000002,0.000002
10521,1,1,0.000002,0.999995,0.000002,0.000001
10271,1,1,0.000002,0.999994,0.000003,0.000001
11638,1,1,0.000007,0.999985,0.000006,0.000002
13781,1,1,0.000006,0.999991,0.000002,0.000002
30060,0,0,0.999994,0.000000,0.000000,0.000006
10265,1,1,0.000001,0.999997,0.000001,0.000000
17224,1,1,0.000009,0.999986,0.000002,0.000004
1408,3,3,0.000078,0.000012,0.000010,0.999900
2227,3,3,0.000456,0.000007,0.000017,0.999519
32117,0,0,0.999998,0.000000,0.000000,0.000002
18974,1,1,0.000005,0.999991,0.000001,0.000002
5195,3,3,0.029366,0.000019,0.000044,0.970571
20970,1,1,0.000010,0.999983,0.000003,0.000004
29478,0,0,0.999999,0.000000,0.000000,0.000001
26566,0,0,0.999998,0.000000,0.000000,0.000002
26303,0,0,0.999997,0.000000,0.000000,0.000003
6565,3,3,0.000602,0.000085,0.000087,0.999226
2244,3,3,0.000168,0.000027,0.000025,0.999780
5052,3,3,0.000055,0.000006,0.000009,0.999930
28179,0,0,0.999998,0.000000,0.000000,0.000002
8227,2,2,0.000000,0.000069,0.999929,0.000002
5957,3,3,0.010131,0.000019,0.000044,0.989807
20005,1,1,0.000007,0.999989,0.000002,0.000003
28859,0,0,0.999998,0.000000,0.000000,0.000002
10806,1,1,0.000003,0.999993,0.000003,0.000001
6736,2,2,0.000000,0.000114,0.999882,0.000004
7887,2,2,0.000000,0.000044,0.999955,0.000001
19871,1,1,0.000005,0.999992,0.000001,0.000002
809,3,3,0.000092,0.000017,0.000027,0.999864
10638,1,1,0.000002,0.999995,0.000002,0.000001
17269,1,1,0.000008,0.999987,0.000002,0.000003
15505,1,1,0.000002,0.999996,0.000001,0.000001
25316,0,0,0.999997,0.000000,0.000000,0.000002
1202,3,3,0.000132,0.000025,0.000027,0.999816
1382,3,3,0.000072,0.000006,0.000009,0.999913
7677,2,2,0.000000,0.000067,0.999931,0.000002
27117,0,0,0.999998,0.000000,0.000000,0.000002
10378,1,1,0.000003,0.999993,0.000003,0.000001
18642,1,1,0.000009,0.999986,0.000002,0.000004
31639,0,0,0.999999,0.000000,0.000000,0.000001
31170,0,0,0.999998,0.000000,0.000000,0.000002
11285,1,1,0.000005,0.999988,0.000005,0.000002
1651,3,3,0.000092,0.000018,0.000012,0.999878
6557,3,3,0.025272,0.000018,0.000043,0.974667
2036,3,3,0.000105,0.000022,0.000013,0.999860
30211,0,0,0.999997,0.000000,0.000000,0.000002
7262,2,2,0.000000,0.000064,0.999935,0.000002
6627,2,2,0.000000,0.000182,0.999808,0.000009
19217,1,1,0.000008,0.999986,0.000003,0.000003
3895,3,3,0.000056,0.000009,0.000010,0.999925
11498,1,1,0.000002,0.999994,0.000003,0.000001
12697,1,1,0.000463,0.998692,0.000472,0.000373
339,3,3,0.000065,0.000010,0.000013,0.999912
31969,0,0,0.999999,0.000000,0.000000,0.000001
29521,0,0,0.999998,0.000000,0.000000,0.000002
24257,0,0,0.999998,0.000000,0.000000,0.000002
30409,0,0,0.999997,0.000000,0.000000,0.000003
33265,0,0,0.999171,0.000000,0.000000,0.000829
30591,0,0,0.999997,0.000000,0.000000,0.000003
25859,0,0,0.999998,0.000000,0.000000,0.000002
2904,3,3,0.000090,0.000016,0.000016,0.999878
25967,0,0,0.999997,0.000000,0.000000,0.000003
16704,1,1,0.000025,0.999959,0.000004,0.000012
26187,0,0,0.999998,0.000000,0.000000,0.000002
660,3,3,0.000089,0.000014,0.000016,0.999882
1700,3,3,0.000054,0.000007,0.000008,0.999931
26860,0,0,0.999998,0.000000,0.000000,0.000002
22117,0,0,0.999995,0.000000,0.000000,0.000005
16529,1,1,0.000004,0.999994,0.000001,0.000001
32394,0,0,0.999998,0.000000,0.000000,0.000002
14217,1,1,0.000000,0.999999,0.000000,0.000000
23330,0,0,0.999997,0.000000,0.000000,0.000002
8360,2,2,0.000000,0.000044,0.999955,0.000001
616,3,3,0.000171,0.000033,0.000025,0.999772
16973,1,1,0.000010,0.999983,0.000002,0.000004
19198,1,1,0.000010,0.999984,0.000002,0.000004
21233,1,1,0.000006,0.999991,0.000001,0.000002
17688,1,1,0.000022,0.999962,0.000005,0.000010
17967,1,1,0.000009,0.999985,0.000002,0.000004
13175,1,1,0.000002,0.999996,0.000001,0.000001
4851,3,3,0.000053,0.000005,0.000009,0.999933
5252,3,3,0.028281,0.000019,0.000044,0.971656
22350,0,0,0.999996,0.000000,0.000000,0.000004
4075,3,3,0.000079,0.000012,0.000012,0.999896
11981,1,1,0.000005,0.999989,0.000005,0.000002
25842,0,0,0.999997,0.000000,0.000000,0.000003
17937,1,1,0.000007,0.999989,0.000002,0.000003
1256,3,3,0.000179,0.000043,0.000051,0.999726
15816,1,1,0.000006,0.999990,0.000002,0.000002
25031,0,0,0.999998,0.000000,0.000000,0.000002
21528,0,0,0.999997,0.000000,0.000000,0.000003
14322,1,1,0.000002,0.999997,0.000000,0.000001
11019,1,1,0.000005,0.999989,0.000005,0.000001
16939,1,1,0.000010,0.999984,0.000002,0.000004
2623,3,3,0.000095,0.000018,0.000014,0.999873
1029,3,3,0.000099,0.000017,0.000015,0.999869
15128,1,1,0.000005,0.999992,0.000001,0.000002
23834,0,0,0.999998,0.000000,0.000000,0.000002
27513,0,0,0.999998,0.000000,0.000000,0.000002
13264,1,1,0.000001,0.999998,0.000001,0.000000
3486,3,3,0.000046,0.000005,0.000008,0.999940
30501,0,0,0.999998,0.000000,0.000000,0.000002
18599,1,1,0.000013,0.999978,0.000003,0.000006
28192,0,0,0.999998,0.000000,0.000000,0.000002
23610,0,0,0.999998,0.000000,0.000000,0.000002
17058,1,1,0.000010,0.999984,0.000002,0.000004
30738,0,0,0.999999,0.000000,0.000000,0.000001
30057,0,0,0.999995,0.000000,0.000000,0.000005
17722,1,1,0.000008,0.999987,0.000002,0.000003
17965,1,1,0.000010,0.999984,0.000002,0.000004
321,3,3,0.000081,0.000008,0.000013,0.999898
14408,1,1,0.000001,0.999998,0.000000,0.000000
9781,1,1,0.000003,0.999994,0.000003,0.000001
7594,2,2,0.000000,0.000056,0.999943,0.000001
16850,1,1,0.000008,0.999986,0.000002,0.000003
24781,0,0,0.999998,0.000000,0.000000,0.000002
27694,0,0,0.999998,0.000000,0.000000,0.000002
18525,1,1,0.000007,0.999989,0.000001,0.000003
28135,0,0,0.999998,0.000000,0.000000,0.000002
9095,2,2,0.000000,0.000035,0.999964,0.000001
20681,1,1,0.000006,0.999990,0.000002,0.000003
2411,3,3,0.000101,0.000010,0.000016,0.999874
8280,2,2,0.000000,0.000070,0.999928,0.000002
5421,3,3,0.025506,0.000018,0.000043,0.974433
24269,0,0,0.999997,0.000000,0.000000,0.000003
8262,2,2,0.000000,0.000054,0.999945,0.000001
20279,1,1,0.000011,0.999982,0.000003,0.000004
33044,0,0,0.999398,0.000000,0.000000,0.000602
15221,1,1,0.000002,0.999997,0.000001,0.000001
20361,1,1,0.000006,0.999990,0.000002,0.000002
20387,1,1,0.000007,0.999989,0.000002,0.000003
7315,2,2,0.000000,0.000045,0.999954,0.000001
31689,0,0,0.999998,0.000000,0.000000,0.000002
9566,1,1,0.000006,0.999989,0.000002,0.000003
21914,0,0,0.999998,0.000000,0.000000,0.000002
1817,3,3,0.000075,0.000011,0.000011,0.999904
30546,0,0,0.999999,0.000000,0.000000,0.000001
26126,0,0,0.999999,0.000000,0.000000,0.000001
28001,0,0,0.999998,0.000000,0.000000,0.000002
28505,0,0,0.999996,0.000000,0.000000,0.000004
10133,1,1,0.000002,0.999996,0.000002,0.000000
32728,0,0,0.999999,0.000000,0.000000,0.000001
2356,3,3,0.000082,0.000014,0.000013,0.999891
10386,1,1,0.000004,0.999990,0.000004,0.000001
31256,0,0,0.999998,0.000000,0.000000,0.000002
28370,0,0,0.999997,0.000000,0.000000,0.000003
26814,0,0,0.999998,0.000000,0.000000,0.000002
9407,1,1,0.000002,0.999997,0.000001,0.000001
4353,3,3,0.000050,0.000005,0.000008,0.999937
5403,3,3,0.012626,0.000018,0.000043,0.987313
14611,1,1,0.000000,0.999999,0.000000,0.000000
10093,1,1,0.000002,0.999994,0.000003,0.000001
14107,1,1,0.000000,0.999999,0.000000,0.000000
6829,2,2,0.000000,0.000061,0.999937,0.000002
15055,1,1,0.000004,0.999994,0.000001,0.000001
22365,0,0,0.999995,0.000000,0.000000,0.000005
30526,0,0,0.999999,0.000000,0.000000,0.000001
17207,1,1,0.000007,0.999989,0.000002,0.000003
27696,0,0,0.999999,0.000000,0.000000,0.000001
26579,0,0,0.999998,0.000000,0.000000,0.000002
27022,0,0,0.999998,0.000000,0.000000,0.000002
17414,1,1,0.000006,0.999990,0.000002,0.000002
8609,2,2,0.000000,0.000065,0.999933,0.000002
701,3,3,0.001102,0.001115,0.012830,0.984954
27523,0,0,0.999998,0.000000,0.000000,0.000002
16755,1,1,0.000010,0.999982,0.000004,0.000004
1018,3,3,0.000081,0.000015,0.000013,0.999891
32743,0,0,0.999998,0.000000,0.000000,0.000002
16236,1,1,0.000007,0.999989,0.000002,0.000003
5872,3,3,0.011036,0.000019,0.000044,0.988901
3207,3,3,0.000090,0.000012,0.000013,0.999885
7588,2,2,0.000000,0.000095,0.999902,0.000003
32391,0,0,0.999998,0.000000,0.000000,0.000002
23462,0,0,0.999997,0.000000,0.000000,0.000003
17136,1,1,0.000010,0.999983,0.000002,0.000004
11640,1,1,0.000006,0.999988,0.000005,0.000002
1667,3,3,0.000206,0.000051,0.000028,0.999714
3440,3,3,0.000077,0.000013,0.000012,0.999898
16343,1,1,0.000005,0.999992,0.000001,0.000002
33109,0,0,0.999051,0.000000,0.000000,0.000949
27481,0,0,0.999997,0.000000,0.000000,0.000003
3167,3,3,0.000080,0.000012,0.000011,0.999898
29601,0,0,0.999996,0.000000,0.000000,0.000004
29836,0,0,0.999997,0.000000,0.000000,0.000003
14883,1,1,0.000001,0.999998,0.000000,0.000000
15142,1,1,0.000000,1.000000,0.000000,0.000000
6728,2,2,0.000000,0.000068,0.999930,0.000002
27669,0,0,0.999999,0.000000,0.000000,0.000001
19986,1,1,0.000007,0.999988,0.000002,0.000003
21400,0,0,0.999998,0.000000,0.000000,0.000002
8567,2,2,0.000000,0.000043,0.999956,0.000001
22237,0,0,0.999997,0.000000,0.000000,0.000003
3958,3,3,0.000067,0.000007,0.000010,0.999916
19087,1,1,0.000010,0.999984,0.000002,0.000004
16153,1,1,0.000023,0.999962,0.000004,0.000011
29747,0,0,0.999999,0.000000,0.000000,0.000001
3498,3,3,0.000115,0.000015,0.000019,0.999851
26443,0,0,0.999998,0.000000,0.000000,0.000002
15986,1,1,0.000002,0.999997,0.000001,0.000001
21984,0,0,0.999998,0.000000,0.000000,0.000002
11096,1,1,0.000003,0.999993,0.000003,0.000001
3638,3,3,0.000048,0.000006,0.000009,0.999938
33068,0,0,0.999741,0.000000,0.000000,0.000258
18896,1,1,0.000007,0.999989,0.000001,0.000003
16669,1,1,0.000010,0.999983,0.000002,0.000004
23715,0,0,0.999998,0.000000,0.000000,0.000002
28123,0,0,0.999997,0.000000,0.000000,0.000003
12327,1,1,0.000008,0.999981,0.000008,0.000003
17632,1,1,0.000009,0.999985,0.000002,0.000004
8540,2,2,0.000000,0.000100,0.999896,0.000004
30332,0,0,0.999997,0.000000,0.000000,0.000003
25230,0,0,0.999997,0.000000,0.000000,0.000003
24114,0,0,0.999998,0.000000,0.000000,0.000002
20563,1,1,0.000006,0.999990,0.000002,0.000002
8039,2,2,0.000000,0.000039,0.999960,0.000001
525,3,3,0.000079,0.000017,0.000018,0.999886
26186,0,0,0.999998,0.000000,0.000000,0.000002
23169,0,0,0.999997,0.000000,0.000000,0.000003
20488,1,1,0.000005,0.999991,0.000002,0.000002
23365,0,0,0.999998,0.000000,0.000000,0.000002
5543,3,3,0.011797,0.000019,0.000044,0.988141
17642,1,1,0.000021,0.999965,0.000004,0.000010
11723,1,1,0.000004,0.999992,0.000004,0.000001
18529,1,1,0.000008,0.999987,0.000002,0.000003
18618,1,1,0.000005,0.999991,0.000001,0.000002
27380,0,0,0.999997,0.000000,0.000000,0.000003
11930,1,1,0.000016,0.999962,0.000015,0.000007
4187,3,3,0.000039,0.000004,0.000008,0.999949
31869,0,0,0.999999,0.000000,0.000000,0.000001
3668,3,3,0.000050,0.000003,0.000008,0.999938
13431,1,1,0.000008,0.999987,0.000002,0.000003
17457,1,1,0.000004,0.999994,0.000001,0.000001
3761,3,3,0.000076,0.000011,0.000012,0.999901
25074,0,0,0.999998,0.000000,0.000000,0.000002
8393,2,2,0.000001,0.000304,0.999674,0.000021
4878,3,3,0.000053,0.000007,0.000011,0.999929
20194,1,1,0.000009,0.999986,0.000002,0.000004
8682,2,2,0.000000,0.000049,0.999950,0.000001
25039,0,0,0.999998,0.000000,0.000000,0.000002
16675,1,1,0.000017,0.999972,0.000004,0.000007
26956,0,0,0.999998,0.000000,0.000000,0.000002
24546,0,0,0.999998,0.000000,0.000000,0.000002
31179,0,0,0.999999,0.000000,0.000000,0.000001
19970,1,1,0.000003,0.999995,0.000001,0.000001
9344,1,1,0.000002,0.999996,0.000001,0.000001
31691,0,0,0.999998,0.000000,0.000000,0.000002
8497,2,2,0.000000,0.000108,0.999888,0.000003
22341,0,0,0.999997,0.000000,0.000000,0.000003
19743,1,1,0.000014,0.999978,0.000003,0.000006
9098,2,2,0.000000,0.000064,0.999934,0.000002
22570,0,0,0.999996,0.000000,0.000000,0.000004
10709,1,1,0.000001,0.999997,0.000001,0.000000
14986,1,1,0.000000,0.999999,0.000000,0.000000
30014,0,0,0.999998,0.000000,0.000000,0.000002
23191,0,0,0.999998,0.000000,0.000000,0.000002
24582,0,0,0.999998,0.000000,0.000000,0.000002
9780,1,1,0.000004,0.999992,0.000003,0.000001
15795,1,1,0.000003,0.999995,0.000001,0.000001
1360,3,3,0.000241,0.000042,0.000031,0.999686
21469,0,0,0.999997,0.000000,0.000000,0.000003
32020,0,0,0.999998,0.000000,0.000000,0.000002
22516,0,0,0.999997,0.000000,0.000000,0.000003
17573,1,1,0.000006,0.999990,0.000001,0.000002
15039,1,1,0.000000,0.999999,0.000000,0.000000
29581,0,0,0.999999,0.000000,0.000000,0.000001
11937,1,1,0.000003,0.999993,0.000003,0.000001
29395,0,0,0.999995,0.000000,0.000000,0.000005
20675,1,1,0.000008,0.999987,0.000002,0.000003
3994,3,3,0.000055,0.000008,0.000009,0.999927
246,3,3,0.000070,0.000011,0.000013,0.999906
26979,0,0,0.999998,0.000000,0.000000,0.000002
1066,3,3,0.000050,0.000008,0.000008,0.999934
17782,1,1,0.000004,0.999993,0.000001,0.000002
31464,0,0,0.999998,0.000000,0.000000,0.000002
23750,0,0,0.999998,0.000000,0.000000,0.000002
12504,1,1,0.000006,0.999986,0.000006,0.000002
8734,2,2,0.000000,0.000058,0.999941,0.000001
11002,1,1,0.000009,0.999977,0.000010,0.000004
20472,1,1,0.000008,0.999987,0.000002,0.000003
3616,3,3,0.000106,0.000019,0.000015,0.999860
29867,0,0,0.999995,0.000000,0.000000,0.000005
13855,1,1,0.000025,0.999954,0.000009,0.000012
11064,1,1,0.000003,0.999994,0.000003,0.000001
9427,1,1,0.000007,0.999988,0.000002,0.000003
26250,0,0,0.999997,0.000000,0.000000,0.000003
5826,3,3,0.010062,0.000019,0.000044,0.989876
1058,3,3,0.000064,0.000012,0.000008,0.999916
14086,1,1,0.000001,0.999998,0.000001,0.000000
15110,1,1,0.000000,0.999999,0.000000,0.000000
21521,0,0,0.999998,0.000000,0.000000,0.000002
24884,0,0,0.999999,0.000000,0.000000,0.000001
28503,0,0,0.999993,0.000000,0.000000,0.000007
17094,1,1,0.000007,0.999988,0.000002,0.000003
32881,0,0,0.999430,0.000000,0.000000,0.000569
25209,0,0,0.999998,0.000000,0.000000,0.000002
21736,0,0,0.999997,0.000000,0.000000,0.000003
4329,3,3,0.000107,0.000004,0.000009,0.999880
14928,1,1,0.000001,0.999998,0.000001,0.000000
15633,1,1,0.000001,0.999998,0.000001,0.000000
26569,0,0,0.999998,0.000000,0.000000,0.000002
8661,2,2,0.000000,0.000081,0.999917,0.000003
30719,0,0,0.999998,0.000000,0.000000,0.000002
22436,0,0,0.999995,0.000000,0.000000,0.000005
17728,1,1,0.000008,0.999986,0.000002,0.000003
4614,3,3,0.000052,0.000007,0.000009,0.999931
21282,1,1,0.000004,0.999993,0.000001,0.000002
26110,0,0,0.999998,0.000000,0.000000,0.000002
2470,3,3,0.000068,0.000009,0.000011,0.999911
574,3,3,0.000094,0.000014,0.000015,0.999876
31354,0,0,0.999998,0.000000,0.000000,0.000002
6885,2,2,0.000000,0.000035,0.999964,0.000001
30991,0,0,0.999998,0.000000,0.000000,0.000002
25412,0,0,0.999998,0.000000,0.000000,0.000002
7044,2,2,0.000000,0.000046,0.999954,0.000001
4954,3,3,0.000161,0.000029,0.000023,0.999787
7824,2,2,0.000000,0.000079,0.999919,0.000002
27084,0,0,0.999998,0.000000,0.000000,0.000002
0,3,3,0.000531,0.000229,0.000140,0.999101
8642,2,2,0.000000,0.000087,0.999910,0.000003
8071,2,2,0.000000,0.000047,0.999952,0.000001
11252,1,1,0.000006,0.999987,0.000005,0.000002
28748,0,0,0.999998,0.000000,0.000000,0.000002
27310,0,0,0.999998,0.000000,0.000000,0.000002
6451,3,3,0.011309,0.000019,0.000044,0.988629
19546,1,1,0.000012,0.999980,0.000003,0.000005
25562,0,0,0.999998,0.000000,0.000000,0.000002
7838,2,2,0.000000,0.000039,0.999960,0.000001
29064,0,0,0.999999,0.000000,0.000000,0.000001
24474,0,0,0.999998,0.000000,0.000000,0.000002
16280,1,1,0.000004,0.999994,0.000001,0.000001
10681,1,1,0.000003,0.999992,0.000004,0.000001
19750,1,1,0.000006,0.999990,0.000002,0.000002
1429,3,3,0.000094,0.000009,0.000013,0.999884
6664,2,2,0.000000,0.000047,0.999952,0.000001
14934,1,1,0.000001,0.999999,0.000000,0.000000
12752,1,1,0.000010,0.999978,0.000009,0.000004
3266,3,3,0.000703,0.000103,0.000101,0.999093
21012,1,1,0.000005,0.999992,0.000001,0.000002
1617,3,3,0.000054,0.000008,0.000008,0.999930
25590,0,0,0.999997,0.000000,0.000000,0.000003
30023,0,0,0.999997,0.000000,0.000000,0.000003
14471,1,1,0.000001,0.999999,0.000000,0.000000
30554,0,0,0.999998,0.000000,0.000000,0.000002
2551,3,3,0.000129,0.000011,0.000019,0.999841
3950,3,3,0.000048,0.000004,0.000008,0.999939
13895,1,1,0.000102,0.999804,0.000038,0.000056
29239,0,0,0.999998,0.000000,0.000000,0.000002
2185,3,3,0.000081,0.000009,0.000013,0.999897
16379,1,1,0.000002,0.999996,0.000001,0.000001
9497,1,1,0.000007,0.999989,0.000002,0.000003
19929,1,1,0.000005,0.999992,0.000001,0.000002
12297,1,1,0.000004,0.999991,0.000004,0.000001
32855,0,0,0.999999,0.000000,0.000000,0.000001
5914,3,3,0.010350,0.000019,0.000044,0.989588
23451,0,0,0.999998,0.000000,0.000000,0.000002
23201,0,0,0.999998,0.000000,0.000000,0.000002
14773,1,1,0.000010,0.999983,0.000003,0.000004
10286,1,1,0.000002,0.999995,0.000003,0.000001
4418,3,3,0.000067,0.000010,0.000011,0.999912
25254,0,0,0.999998,0.000000,0.000000,0.000002
11941,1,1,0.000005,0.999989,0.000005,0.000002
17634,1,1,0.000011,0.999982,0.000002,0.000005
16964,1,1,0.000009,0.999985,0.000002,0.000004
29926,0,0,0.999999,0.000000,0.000000,0.000001
8228,2,2,0.000000,0.000061,0.999938,0.000002
13829,1,1,0.000008,0.999985,0.000004,0.000003
107,3,3,0.000102,0.000023,0.000020,0.999854
20756,1,1,0.000005,0.999992,0.000001,0.000002
32338,0,0,0.999998,0.000000,0.000000,0.000002
12060,1,1,0.000004,0.999989,0.000005,0.000001
14901,1,1,0.000002,0.999996,0.000001,0.000001
28546,0,0,0.999998,0.000000,0.000000,0.000002
15508,1,1,0.000003,0.999995,0.000001,0.000001
16323,1,1,0.000009,0.999985,0.000002,0.000004
22647,0,0,0.999997,0.000000,0.000000,0.000003
17810,1,1,0.000007,0.999989,0.000001,0.000003
31972,0,0,0.999999,0.000000,0.000000,0.000001
18906,1,1,0.000014,0.999977,0.000003,0.000006
12861,1,1,0.000052,0.999876,0.000041,0.000031
24619,0,0,0.999997,0.000000,0.000000,0.000002
11012,1,1,0.000008,0.999980,0.000009,0.000003
8667,2,2,0.000000,0.000093,0.999904,0.000003
15191,1,1,0.000002,0.999996,0.000001,0.000001
19192,1,1,0.000006,0.999991,0.000001,0.000002
28285,0,0,0.999996,0.000000,0.000000,0.000004
2328,3,3,0.000130,0.000007,0.000014,0.999849
25138,0,0,0.999998,0.000000,0.000000,0.000002
13141,1,1,0.000002,0.999997,0.000001,0.000001
32521,0,0,0.999998,0.000000,0.000000,0.000002
5494,3,3,0.011839,0.000019,0.000044,0.988098
31290,0,0,0.999998,0.000000,0.000000,0.000002
5607,3,3,0.010247,0.000019,0.000044,0.989690
32403,0,0,0.999998,0.000000,0.000000,0.000002
11826,1,1,0.000006,0.999988,0.000005,0.000002
15995,1,1,0.000007,0.999988,0.000002,0.000003
882,3,3,0.000091,0.000017,0.000014,0.999879
18423,1,1,0.000013,0.999978,0.000003,0.000006
16662,1,1,0.000009,0.999986,0.000002,0.000004
23819,0,0,0.999997,0.000000,0.000000,0.000002
4796,3,3,0.000056,0.000007,0.000009,0.999928
10960,1,1,0.000003,0.999993,0.000003,0.000001
26991,0,0,0.999998,0.000000,0.000000,0.000002
15401,1,1,0.000002,0.999996,0.000001,0.000001
8046,2,2,0.000000,0.000041,0.999959,0.000001
12807,1,1,0.000007,0.999985,0.000006,0.000002
14794,1,1,0.000000,0.999999,0.000000,0.000000
9766,1,1,0.000002,0.999995,0.000002,0.000001
31966,0,0,0.999998,0.000000,0.000000,0.000002
12920,1,1,0.000005,0.999984,0.000009,0.000002
21685,0,0,0.999998,0.000000,0.000000,0.000002
25968,0,0,0.999997,0.000000,0.000000,0.000003
27627,0,0,0.999997,0.000000,0.000000,0.000003
4435,3,3,0.000062,0.000008,0.000010,0.999921
25623,0,0,0.999998,0.000000,0.000000,0.000002
30521,0,0,0.999998,0.000000,0.000000,0.000002
14333,1,1,0.000004,0.999993,0.000002,0.000001
2409,3,3,0.000240,0.000021,0.000033,0.999705
25107,0,0,0.999998,0.000000,0.000000,0.000002
15953,1,1,0.000005,0.999992,0.000001,0.000002
27246,0,0,0.999998,0.000000,0.000000,0.000002
29088,0,0,0.999997,0.000000,0.000000,0.000003
15965,1,1,0.000005,0.999992,0.000001,0.000002
6575,2,2,0.000010,0.001919,0.997842,0.000229
15173,1,1,0.000002,0.999995,0.000002,0.000001
29946,0,0,0.999998,0.000000,0.000000,0.000002
29501,0,0,0.999999,0.000000,0.000000,0.000001
13960,1,1,0.000007,0.999988,0.000002,0.000003
10322,1,1,0.000003,0.999994,0.000003,0.000001
2469,3,3,0.000079,0.000011,0.000014,0.999897
5471,3,3,0.012934,0.000019,0.000045,0.987002
1543,3,3,0.000058,0.000009,0.000009,0.999924
28167,0,0,0.999998,0.000000,0.000000,0.000002
3401,3,3,0.000098,0.000007,0.000014,0.999882
32153,0,0,0.999999,0.000000,0.000000,0.000001
26295,0,0,0.999998,0.000000,0.000000,0.000002
25288,0,0,0.999998,0.000000,0.000000,0.000002
27375,0,0,0.999998,0.000000,0.000000,0.000002
21160,1,1,0.000009,0.999986,0.000002,0.000003
25526,0,0,0.999997,0.000000,0.000000,0.000003
31741,0,0,0.999998,0.000000,0.000000,0.000002
7286,2,2,0.000000,0.000048,0.999951,0.000001
29780,0,0,0.999996,0.000000,0.000000,0.000004
31291,0,0,0.999998,0.000000,0.000000,0.000002
30178,0,0,0.999997,0.000000,0.000000,0.000003
3594,3,3,0.000071,0.000004,0.000009,0.999917
6646,2,2,0.000000,0.000062,0.999936,0.000002
11836,1,1,0.000008,0.999980,0.000009,0.000003
23584,0,0,0.999998,0.000000,0.000000,0.000002
18982,1,1,0.000005,0.999992,0.000001,0.000002
15607,1,1,0.000001,0.999998,0.000000,0.000000
13877,1,1,0.000018,0.999970,0.000004,0.000008
464,3,3,0.000333,0.000138,0.000220,0.999310
15096,1,1,0.000004,0.999991,0.000004,0.000002
23734,0,0,0.999997,0.000000,0.000000,0.000003
12378,1,1,0.000006,0.999987,0.000005,0.000002
23243,0,0,0.999997,0.000000,0.000000,0.000003
20087,1,1,0.000009,0.999985,0.000002,0.000004
13570,1,1,0.000021,0.999964,0.000005,0.000010
2024,3,3,0.000072,0.000005,0.000010,0.999913
22060,0,0,0.999998,0.000000,0.000000,0.000002
9686,1,1,0.000001,0.999998,0.000000,0.000000
13835,1,1,0.000002,0.999997,0.000001,0.000001
3646,3,3,0.000060,0.000004,0.000010,0.999925
18269,1,1,0.000009,0.999986,0.000002,0.000004
16241,1,1,0.000018,0.999970,0.000004,0.000008
15778,1,1,0.000054,0.999902,0.000014,0.000030
27488,0,0,0.999998,0.000000,0.000000,0.000002
7575,2,2,0.000000,0.000062,0.999937,0.000002
26960,0,0,0.999998,0.000000,0.000000,0.000002
30107,0,0,0.999998,0.000000,0.000000,0.000002
19880,1,1,0.000005,0.999991,0.000002,0.000002
31956,0,0,0.999998,0.000000,0.000000,0.000002
17569,1,1,0.000007,0.999989,0.000001,0.000003
32926,0,0,0.999349,0.000000,0.000000,0.000651
13525,1,1,0.000002,0.999996,0.000001,0.000001
21085,1,1,0.000006,0.999990,0.000002,0.000002
31024,0,0,0.999998,0.000000,0.000000,0.000002
12764,1,1,0.000002,0.999995,0.000002,0.000001
7801,2,2,0.000000,0.000047,0.999952,0.000001
13509,1,1,0.000003,0.999995,0.000001,0.000001
4370,3,3,0.000095,0.000010,0.000015,0.999880
21071,1,1,0.000007,0.999988,0.000002,0.000003
7250,2,2,0.000000,0.000051,0.999948,0.000001
7528,2,2,0.000000,0.000075,0.999923,0.000002
31503,0,0,0.999998,0.000000,0.000000,0.000002
23596,0,0,0.999997,0.000000,0.000000,0.000003
6550,3,3,0.003969,0.000018,0.000042,0.995971
16141,1,1,0.000012,0.999981,0.000002,0.000005
18369,1,1,0.000008,0.999986,0.000002,0.000003
5253,3,3,0.025067,0.000018,0.000043,0.974871
18421,1,1,0.000008,0.999988,0.000002,0.000003
26335,0,0,0.999998,0.000000,0.000000,0.000002
5979,3,3,0.010787,0.000019,0.000044,0.989150
15925,1,1,0.000018,0.999970,0.000004,0.000008
32867,0,0,0.999998,0.000000,0.000000,0.000002
27795,0,0,0.999998,0.000000,0.000000,0.000002
13917,1,1,0.000011,0.999976,0.000009,0.000004
23942,0,0,0.999998,0.000000,0.000000,0.000002
111,3,3,0.001120,0.000755,0.000115,0.998010
5003,3,3,0.000186,0.000041,0.000025,0.999749
15435,1,1,0.000001,0.999999,0.000000,0.000000
7768,2,2,0.000000,0.000075,0.999923,0.000002
18758,1,1,0.000006,0.999991,0.000001,0.000002
31368,0,0,0.999998,0.000000,0.000000,0.000002
3322,3,3,0.000074,0.000012,0.000014,0.999900
18718,1,1,0.000016,0.999974,0.000003,0.000007
7770,2,2,0.000000,0.000061,0.999938,0.000002
29697,0,0,0.999994,0.000000,0.000000,0.000006
15981,1,1,0.000010,0.999983,0.000002,0.000004
2621,3,3,0.000090,0.000016,0.000015,0.999879
10722,1,1,0.000002,0.999994,0.000003,0.000001
36,3,3,0.000137,0.000031,0.000022,0.999810
7747,2,2,0.000000,0.000063,0.999936,0.000002
7218,2,2,0.000000,0.000044,0.999955,0.000001
13441,1,1,0.000004,0.999993,0.000001,0.000002
19037,1,1,0.000011,0.999982,0.000002,0.000004
24442,0,0,0.999996,0.000000,0.000000,0.000004
3024,3,3,0.000057,0.000006,0.000009,0.999928
4987,3,3,0.000089,0.000013,0.000015,0.999883
32606,0,0,0.999998,0.000000,0.000000,0.000002
7478,2,2,0.000000,0.000079,0.999918,0.000002
14001,1,1,0.000001,0.999998,0.000000,0.000000
4604,3,3,0.000053,0.000006,0.000009,0.999932
24734,0,0,0.999996,0.000000,0.000000,0.000004
17793,1,1,0.000009,0.999985,0.000002,0.000004
32592,0,0,0.999998,0.000000,0.000000,0.000002
2233,3,3,0.000239,0.000026,0.000033,0.999702
29743,0,0,0.999998,0.000000,0.000000,0.000002
24111,0,0,0.999998,0.000000,0.000000,0.000002
28085,0,0,0.999998,0.000000,0.000000,0.000002
21653,0,0,0.999997,0.000000,0.000000,0.000003
21947,0,0,0.999998,0.000000,0.000000,0.000002
15187,1,1,0.000001,0.999997,0.000001,0.000000
5804,3,3,0.010114,0.000019,0.000044,0.989824
5484,3,3,0.011922,0.000019,0.000044,0.988015
15757,1,1,0.000008,0.999986,0.000002,0.000003
20904,1,1,0.000009,0.999986,0.000002,0.000004
12418,1,1,0.000027,0.999938,0.000020,0.000014
7175,2,2,0.000000,0.000035,0.999964,0.000001
4826,3,3,0.000052,0.000006,0.000010,0.999932
5380,3,3,0.028190,0.000018,0.000044,0.971748
22406,0,0,0.999996,0.000000,0.000000,0.000004
29968,0,0,0.999998,0.000000,0.000000,0.000002
14125,1,1,0.000001,0.999998,0.000001,0.000000
27788,0,0,0.999998,0.000000,0.000000,0.000002
26027,0,0,0.999997,0.000000,0.000000,0.000002
21389,1,1,0.000040,0.999933,0.000007,0.000020
5984,3,3,0.010812,0.000019,0.000044,0.989126
31455,0,0,0.999998,0.000000,0.000000,0.000002
21905,0,0,0.999997,0.000000,0.000000,0.000003
25804,0,0,0.999997,0.000000,0.000000,0.000003
7470,2,2,0.000000,0.000047,0.999952,0.000001
29784,0,0,0.999998,0.000000,0.000000,0.000002
22022,0,0,0.999997,0.000000,0.000000,0.000003
22088,0,0,0.999998,0.000000,0.000000,0.000002
5397,3,3,0.028477,0.000019,0.000044,0.971460
29655,0,0,0.999999,0.000000,0.000000,0.000001
13308,1,1,0.000002,0.999997,0.000001,0.000001
5907,3,3,0.010312,0.000019,0.000044,0.989625
20856,1,1,0.000012,0.999981,0.000002,0.000005
19663,1,1,0.000015,0.999975,0.000003,0.000007
32747,0,0,0.999999,0.000000,0.000000,0.000001
2679,3,3,0.000101,0.000020,0.000017,0.999862
5586,3,3,0.010537,0.000019,0.000044,0.989400
1506,3,3,0.000106,0.000016,0.000015,0.999862
28394,0,0,0.999999,0.000000,0.000000,0.000001
15992,1,1,0.000024,0.999960,0.000005,0.000011
4133,3,3,0.000084,0.000015,0.000015,0.999886
2819,3,3,0.000113,0.000012,0.000015,0.999860
29649,0,0,0.999999,0.000000,0.000000,0.000001
29720,0,0,0.999998,0.000000,0.000000,0.000002
25633,0,0,0.999997,0.000000,0.000000,0.000002
15620,1,1,0.000006,0.999990,0.000002,0.000002
21431,0,0,0.999997,0.000000,0.000000,0.000003
13337,1,1,0.000003,0.999995,0.000001,0.000001
32518,0,0,0.999998,0.000000,0.000000,0.000002
14508,1,1,0.000001,0.999998,0.000001,0.000000
21094,1,1,0.000006,0.999990,0.000002,0.000002
20386,1,1,0.000007,0.999988,0.000002,0.000003
232,3,3,0.000105,0.000018,0.000016,0.999861
8300,2,2,0.000000,0.000081,0.999917,0.000002
25616,0,0,0.999998,0.000000,0.000000,0.000002
18046,1,1,0.000012,0.999981,0.000002,0.000005
8869,2,2,0.000000,0.000042,0.999957,0.000001
22311,0,0,0.999996,0.000000,0.000000,0.000004
14450,1,1,0.000002,0.999996,0.000001,0.000001
33085,0,0,0.998356,0.000000,0.000000,0.001644
22094,0,0,0.999997,0.000000,0.000000,0.000003
29769,0,0,0.999999,0.000000,0.000000,0.000001
27718,0,0,0.999970,0.000000,0.000000,0.000030
17254,1,1,0.000018,0.999971,0.000003,0.000008
18555,1,1,0.000010,0.999983,0.000002,0.000004
8992,2,2,0.000000,0.000115,0.999880,0.000004
650,3,3,0.000082,0.000014,0.000015,0.999890
13879,1,1,0.000066,0.999888,0.000009,0.000037
9975,1,1,0.000002,0.999995,0.000002,0.000001
6492,3,3,0.011303,0.000019,0.000044,0.988634
16281,1,1,0.000005,0.999992,0.000001,0.000002
16678,1,1,0.000018,0.999970,0.000004,0.000008
7020,2,2,0.000000,0.000056,0.999943,0.000001
14031,1,1,0.000001,0.999999,0.000000,0.000000
10945,1,1,0.000002,0.999994,0.000003,0.000001
26692,0,0,0.999997,0.000000,0.000000,0.000003
19413,1,1,0.000009,0.999985,0.000002,0.000004
19365,1,1,0.000006,0.999990,0.000001,0.000002
19859,1,1,0.000005,0.999992,0.000001,0.000002
16780,1,1,0.000009,0.999984,0.000002,0.000004
28515,0,0,0.999999,0.000000,0.000000,0.000001
13826,1,1,0.000002,0.999996,0.000001,0.000001
10487,1,1,0.000002,0.999996,0.000002,0.000000
25691,0,0,0.999998,0.000000,0.000000,0.000002
18116,1,1,0.000006,0.999989,0.000002,0.000003
32432,0,0,0.999998,0.000000,0.000000,0.000002
9219,1,1,0.000005,0.999991,0.000002,0.000002
7255,2,2,0.000000,0.000043,0.999956,0.000001
17272,1,1,0.000022,0.999964,0.000004,0.000010
4649,3,3,0.000149,0.000009,0.000016,0.999826
24831,0,0,0.999998,0.000000,0.000000,0.000002
29699,0,0,0.999993,0.000000,0.000000,0.000007
28296,0,0,0.999998,0.000000,0.000000,0.000002
22439,0,0,0.999983,0.000000,0.000000,0.000017
5544,3,3,0.011814,0.000019,0.000044,0.988124
8033,2,2,0.000000,0.000082,0.999915,0.000002
2294,3,3,0.001370,0.000007,0.000021,0.998601
2962,3,3,0.000067,0.000007,0.000010,0.999917
21917,0,0,0.999997,0.000000,0.000000,0.000002
11747,1,1,0.000004,0.999990,0.000004,0.000001
3355,3,3,0.000051,0.000006,0.000009,0.999935
20825,1,1,0.000006,0.999991,0.000001,0.000002
4786,3,3,0.000048,0.000006,0.000008,0.999939
21361,1,1,0.000012,0.999981,0.000003,0.000005
31621,0,0,0.999997,0.000000,0.000000,0.000003
15567,1,1,0.000004,0.999993,0.000002,0.000002
19724,1,1,0.000009,0.999984,0.000003,0.000004
7847,2,2,0.000000,0.000033,0.999967,0.000001
26568,0,0,0.999998,0.000000,0.000000,0.000002
14325,1,1,0.000004,0.999993,0.000001,0.000002
10242,1,1,0.000002,0.999996,0.000002,0.000000
6243,3,3,0.011741,0.000019,0.000044,0.988196
7630,2,2,0.000000,0.000051,0.999948,0.000001
18055,1,1,0.000011,0.999982,0.000002,0.000004
3490,3,3,0.000098,0.000017,0.000019,0.999865
17365,1,1,0.000008,0.999987,0.000002,0.000003
21316,1,1,0.000006,0.999990,0.000002,0.000002
25737,0,0,0.999998,0.000000,0.000000,0.000002
24136,0,0,0.999998,0.000000,0.000000,0.000002
1962,3,3,0.000081,0.000013,0.000013,0.999893
28387,0,0,0.999999,0.000000,0.000000,0.000001
29393,0,0,0.999998,0.000000,0.000000,0.000002
3977,3,3,0.000087,0.000016,0.000019,0.999877
13022,1,1,0.000001,0.999998,0.000001,0.000000
17328,1,1,0.000014,0.999977,0.000003,0.000006
27426,0,0,0.999998,0.000000,0.000000,0.000002
14812,1,1,0.000002,0.999996,0.000001,0.000001
20260,1,1,0.000005,0.999992,0.000001,0.000002
6833,2,2,0.000000,0.000044,0.999955,0.000001
20275,1,1,0.000012,0.999979,0.000003,0.000005
28606,0,0,0.999999,0.000000,0.000000,0.000001
31417,0,0,0.999999,0.000000,0.000000,0.000001
19732,1,1,0.000004,0.999993,0.000001,0.000002
4186,3,3,0.000043,0.000005,0.000007,0.999944
23527,0,0,0.999998,0.000000,0.000000,0.000002
17953,1,1,0.000007,0.999988,0.000002,0.000003
24337,0,0,0.999998,0.000000,0.000000,0.000002
7180,2,2,0.000000,0.000056,0.999943,0.000001
32980,0,0,0.999180,0.000000,0.000000,0.000820
3609,3,3,0.000055,0.000005,0.000007,0.999932
12651,1,1,0.000006,0.999984,0.000007,0.000002
14766,1,1,0.000002,0.999997,0.000001,0.000001
21916,0,0,0.999997,0.000000,0.000000,0.000003
5835,3,3,0.009868,0.000019,0.000044,0.990070
6318,3,3,0.013137,0.000019,0.000044,0.986800
1056,3,3,0.000088,0.000016,0.000012,0.999884
4644,3,3,0.000057,0.000009,0.000009,0.999925
29101,0,0,0.999997,0.000000,0.000000,0.000003
19768,1,1,0.000007,0.999988,0.000002,0.000003
30292,0,0,0.999999,0.000000,0.000000,0.000001
16825,1,1,0.000019,0.999967,0.000004,0.000009
26267,0,0,0.999998,0.000000,0.000000,0.000002
29464,0,0,0.999999,0.000000,0.000000,0.000001
11404,1,1,0.000004,0.999991,0.000004,0.000001
16847,1,1,0.000008,0.999987,0.000002,0.000003
11926,1,1,0.000010,0.999977,0.000008,0.000004
21692,0,0,0.999998,0.000000,0.000000,0.000002
20014,1,1,0.000006,0.999990,0.000002,0.000002
21668,0,0,0.999999,0.000000,0.000000,0.000001
13652,1,1,0.000003,0.999995,0.000001,0.000001
19330,1,1,0.000023,0.999961,0.000006,0.000011
6282,3,3,0.012021,0.000019,0.000044,0.987917
24616,0,0,0.999998,0.000000,0.000000,0.000002
27410,0,0,0.999998,0.000000,0.000000,0.000002
3447,3,3,0.000075,0.000010,0.000013,0.999902
19102,1,1,0.000010,0.999983,0.000002,0.000004
28178,0,0,0.999998,0.000000,0.000000,0.000002
23532,0,0,0.999998,0.000000,0.000000,0.000002
28910,0,0,0.999998,0.000000,0.000000,0.000002
7272,2,2,0.000000,0.000041,0.999958,0.000001
12853,1,1,0.000003,0.999991,0.000004,0.000001
18699,1,1,0.000030,0.999949,0.000006,0.000014
32832,0,0,0.999998,0.000000,0.000000,0.000002
22692,0,0,0.999997,0.000000,0.000000,0.000003
24125,0,0,0.999998,0.000000,0.000000,0.000002
28912,0,0,0.999998,0.000000,0.000000,0.000002
5370,3,3,0.029131,0.000019,0.000044,0.970807
31222,0,0,0.999998,0.000000,0.000000,0.000002
11185,1,1,0.000002,0.999995,0.000002,0.000001
6934,2,2,0.000000,0.000076,0.999921,0.000002
9798,1,1,0.000004,0.999989,0.000005,0.000001
24543,0,0,0.999998,0.000000,0.000000,0.000002
9596,1,1,0.001361,0.996961,0.000442,0.001236
32910,0,0,0.999420,0.000000,0.000000,0.000579
31110,0,0,0.999998,0.000000,0.000000,0.000002
17545,1,1,0.000006,0.999990,0.000002,0.000002
11567,1,1,0.000004,0.999990,0.000004,0.000001
7833,2,2,0.000000,0.000053,0.999946,0.000001
11229,1,1,0.000005,0.999988,0.000005,0.000002
29096,0,0,0.999999,0.000000,0.000000,0.000001
24785,0,0,0.999998,0.000000,0.000000,0.000002
32595,0,0,0.999998,0.000000,0.000000,0.000002
19708,1,1,0.000005,0.999992,0.000002,0.000002
30404,0,0,0.999998,0.000000,0.000000,0.000002
29008,0,0,0.999996,0.000000,0.000000,0.000004
12367,1,1,0.000002,0.999994,0.000003,0.000001
6919,2,2,0.000000,0.000086,0.999912,0.000003
31036,0,0,0.999998,0.000000,0.000000,0.000002
20885,1,1,0.000012,0.999980,0.000003,0.000005
32588,0,0,0.999998,0.000000,0.000000,0.000002
23776,0,0,0.999998,0.000000,0.000000,0.000002
26484,0,0,0.999997,0.000000,0.000000,0.000003
28877,0,0,0.999998,0.000000,0.000000,0.000002
5637,3,3,0.009827,0.000019,0.000044,0.990111
12828,1,1,0.000023,0.999944,0.000021,0.000012
6657,2,2,0.000000,0.000045,0.999954,0.000001
5344,3,3,0.027932,0.000018,0.000044,0.972005
13032,1,1,0.000000,0.999999,0.000000,0.000000
30358,0,0,0.999996,0.000000,0.000000,0.000004
19836,1,1,0.000002,0.999996,0.000001,0.000001
31389,0,0,0.999998,0.000000,0.000000,0.000002
28800,0,0,0.999999,0.000000,0.000000,0.000001
29577,0,0,0.999997,0.000000,0.000000,0.000003
5450,3,3,0.019621,0.000018,0.000043,0.980318
17950,1,1,0.000010,0.999983,0.000002,0.000004
5568,3,3,0.011832,0.000019,0.000044,0.988106
1087,3,3,0.000093,0.000015,0.000011,0.999881
29858,0,0,0.999998,0.000000,0.000000,0.000002
29195,0,0,0.999998,0.000000,0.000000,0.000002
20201,1,1,0.000009,0.999985,0.000002,0.000004
28566,0,0,0.999998,0.000000,0.000000,0.000002
27438,0,0,0.999998,0.000000,0.000000,0.000002
12393,1,1,0.000001,0.999997,0.000002,0.000000
10442,1,1,0.000003,0.999993,0.000003,0.000001
8816,2,2,0.000000,0.000068,0.999930,0.000002
31001,0,0,0.999999,0.000000,0.000000,0.000001
26987,0,0,0.999997,0.000000,0.000000,0.000003
6260,3,3,0.011844,0.000019,0.000044,0.988093
23381,0,0,0.999998,0.000000,0.000000,0.000002
26249,0,0,0.999997,0.000000,0.000000,0.000003
15390,1,1,0.000002,0.999996,0.000001,0.000001
10895,1,1,0.000007,0.999984,0.000007,0.000002
13462,1,1,0.000002,0.999996,0.000001,0.000001
8770,2,2,0.000000,0.000055,0.999943,0.000001
22398,0,0,0.999997,0.000000,0.000000,0.000003
29181,0,0,0.999998,0.000000,0.000000,0.000002
29032,0,0,0.999999,0.000000,0.000000,0.000001
23938,0,0,0.999998,0.000000,0.000000,0.000002
33212,0,0,0.999002,0.000000,0.000000,0.000998
10073,1,1,0.000003,0.999994,0.000003,0.000001
11039,1,1,0.000003,0.999994,0.000003,0.000001
20031,1,1,0.000004,0.999994,0.000001,0.000001
22677,0,0,0.999997,0.000000,0.000000,0.000003
9728,1,1,0.000002,0.999995,0.000002,0.000001
20804,1,1,0.000005,0.999992,0.000001,0.000002
5775,3,3,0.010466,0.000019,0.000044,0.989472
8384,2,2,0.000000,0.000100,0.999896,0.000003
31045,0,0,0.999998,0.000000,0.000000,0.000002
25569,0,0,0.999996,0.000000,0.000000,0.000004
22182,0,0,0.999997,0.000000,0.000000,0.000003
2907,3,3,0.000069,0.000010,0.000015,0.999905
25103,0,0,0.999998,0.000000,0.000000,0.000002
14761,1,1,0.000016,0.999973,0.000003,0.000007
28556,0,0,0.999998,0.000000,0.000000,0.000002
19882,1,1,0.000008,0.999986,0.000002,0.000003
3709,3,3,0.000049,0.000006,0.000008,0.999937
5581,3,3,0.011553,0.000019,0.000044,0.988385
27603,0,0,0.999998,0.000000,0.000000,0.000002
31554,0,0,0.999999,0.000000,0.000000,0.000001
6789,2,2,0.000000,0.000095,0.999902,0.000003
28301,0,0,0.999999,0.000000,0.000000,0.000001
27415,0,0,0.999998,0.000000,0.000000,0.000002
27143,0,0,0.999998,0.000000,0.000000,0.000002
27013,0,0,0.999998,0.000000,0.000000,0.000002
8535,2,2,0.000000,0.000067,0.999931,0.000002
22407,0,0,0.999996,0.000000,0.000000,0.000004
17089,1,1,0.000010,0.999983,0.000003,0.000004
7503,2,2,0.000000,0.000044,0.999956,0.000001
3826,3,3,0.000049,0.000005,0.000008,0.999938
26088,0,0,0.999997,0.000000,0.000000,0.000003
19729,1,1,0.000005,0.999991,0.000001,0.000002
8552,2,2,0.000000,0.000033,0.999966,0.000001
11719,1,1,0.000020,0.999955,0.000016,0.000009
10415,1,1,0.000002,0.999996,0.000002,0.000000
1624,3,3,0.000139,0.000033,0.000020,0.999808
18734,1,1,0.000008,0.999987,0.000002,0.000003
5756,3,3,0.009214,0.000019,0.000044,0.990723
18810,1,1,0.000008,0.999988,0.000002,0.000003
4472,3,3,0.000069,0.000010,0.000012,0.999909
2594,3,3,0.000061,0.000008,0.000010,0.999920
32647,0,0,0.999998,0.000000,0.000000,0.000002
14120,1,1,0.000001,0.999998,0.000000,0.000000
31800,0,0,0.999998,0.000000,0.000000,0.000002
21963,0,0,0.999996,0.000000,0.000000,0.000004
24853,0,0,0.999998,0.000000,0.000000,0.000002
14593,1,1,0.000001,0.999999,0.000000,0.000000
28400,0,0,0.999998,0.000000,0.000000,0.000002
7231,2,2,0.000000,0.000139,0.999855,0.000006
16540,1,1,0.000019,0.999967,0.000005,0.000009
16889,1,1,0.000004,0.999993,0.000001,0.000002
20859,1,1,0.000010,0.999984,0.000002,0.000004
19298,1,1,0.000010,0.999984,0.000002,0.000004
27403,0,0,0.999998,0.000000,0.000000,0.000002
9141,2,2,0.000000,0.000063,0.999936,0.000001
26171,0,0,0.999997,0.000000,0.000000,0.000002
25974,0,0,0.999998,0.000000,0.000000,0.000002
26322,0,0,0.999998,0.000000,0.000000,0.000002
7066,2,2,0.000001,0.000336,0.999634,0.000029
20653,1,1,0.000006,0.999989,0.000002,0.000003
10212,1,1,0.000003,0.999993,0.000003,0.000001
3541,3,3,0.000056,0.000005,0.000009,0.999930
1248,3,3,0.000364,0.000107,0.000051,0.999478
5212,3,3,0.025891,0.000018,0.000044,0.974047
24823,0,0,0.999998,0.000000,0.000000,0.000002
2343,3,3,0.000617,0.000035,0.000051,0.999297
24745,0,0,0.999998,0.000000,0.000000,0.000002
31180,0,0,0.999999,0.000000,0.000000,0.000001
33154,0,0,0.999052,0.000000,0.000000,0.000948
8267,2,2,0.000000,0.000073,0.999924,0.000002
10281,1,1,0.000002,0.999995,0.000002,0.000001
29516,0,0,0.999998,0.000000,0.000000,0.000002
18444,1,1,0.000006,0.999990,0.000001,0.000002
25391,0,0,0.999998,0.000000,0.000000,0.000002
29903,0,0,0.999998,0.000000,0.000000,0.000002
19958,1,1,0.000012,0.999980,0.000003,0.000005
3,3,3,0.007340,0.011896,0.000804,0.979959
24959,0,0,0.999998,0.000000,0.000000,0.000002
23103,0,0,0.999998,0.000000,0.000000,0.000002
5102,3,3,0.001157,0.000071,0.000075,0.998697
3463,3,3,0.000100,0.000004,0.000011,0.999885
33007,0,0,0.999513,0.000000,0.000000,0.000487
6680,2,2,0.000000,0.000081,0.999917,0.000002
4002,3,3,0.000055,0.000005,0.000008,0.999932
9991,1,1,0.000007,0.999982,0.000009,0.000002
30173,0,0,0.999999,0.000000,0.000000,0.000001
30890,0,0,0.999998,0.000000,0.000000,0.000002
31099,0,0,0.999998,0.000000,0.000000,0.000002
1321,3,3,0.000160,0.000039,0.000028,0.999773
3022,3,3,0.000072,0.000009,0.000012,0.999907
33024,0,0,0.999348,0.000000,0.000000,0.000652
717,3,3,0.000281,0.000101,0.000146,0.999472
8416,2,2,0.000000,0.000043,0.999956,0.000001
32026,0,0,0.999998,0.000000,0.000000,0.000002
15265,1,1,0.000004,0.999993,0.000001,0.000001
9893,1,1,0.000002,0.999995,0.000003,0.000001
20112,1,1,0.000007,0.999989,0.000002,0.000003
13809,1,1,0.000003,0.999995,0.000001,0.000001
13767,1,1,0.000002,0.999996,0.000001,0.000001
25022,0,0,0.999998,0.000000,0.000000,0.000002
30988,0,0,0.999998,0.000000,0.000000,0.000002
13292,1,1,0.000002,0.999997,0.000001,0.000001
10757,1,1,0.000002,0.999994,0.000003,0.000001
356,3,3,0.000137,0.000032,0.000024,0.999808
4921,3,3,0.000104,0.000021,0.000016,0.999859
17292,1,1,0.000006,0.999991,0.000001,0.000002
11266,1,1,0.000003,0.999994,0.000003,0.000001
22819,0,0,0.999997,0.000000,0.000000,0.000003
16952,1,1,0.000003,0.999995,0.000001,0.000001
31497,0,0,0.999999,0.000000,0.000000,0.000001
14294,1,1,0.000001,0.999997,0.000001,0.000000
10582,1,1,0.000002,0.999994,0.000003,0.000001
4113,3,3,0.000058,0.000008,0.000009,0.999925
7715,2,2,0.000000,0.000086,0.999911,0.000002
25378,0,0,0.999998,0.000000,0.000000,0.000002
24443,0,0,0.999996,0.000000,0.000000,0.000004
25969,0,0,0.999997,0.000000,0.000000,0.000003
11906,1,1,0.000006,0.999987,0.000005,0.000002
19814,1,1,0.000003,0.999995,0.000001,0.000001
7451,2,2,0.000000,0.000038,0.999961,0.000001
21485,0,0,0.999997,0.000000,0.000000,0.000002
16527,1,1,0.000008,0.999987,0.000002,0.000003
22771,0,0,0.999996,0.000000,0.000000,0.000004
10346,1,1,0.000003,0.999992,0.000003,0.000001
17206,1,1,0.000003,0.999995,0.000001,0.000001
19527,1,1,0.000006,0.999990,0.000002,0.000002
10071,1,1,0.000003,0.999992,0.000003,0.000001
20679,1,1,0.000005,0.999992,0.000001,0.000002
24975,0,0,0.999998,0.000000,0.000000,0.000002
19669,1,1,0.000010,0.999984,0.000002,0.000004
24400,0,0,0.999997,0.000000,0.000000,0.000003
2047,3,3,0.000876,0.000026,0.000047,0.999052
22267,0,0,0.999997,0.000000,0.000000,0.000003
27704,0,0,0.999998,0.000000,0.000000,0.000002
32107,0,0,0.999998,0.000000,0.000000,0.000002
26371,0,0,0.999998,0.000000,0.000000,0.000002
6693,2,2,0.000000,0.000033,0.999966,0.000001
30739,0,0,0.999999,0.000000,0.000000,0.000001
10029,1,1,0.000001,0.999996,0.000002,0.000000
18032,1,1,0.000006,0.999990,0.000001,0.000002
18965,1,1,0.000008,0.999988,0.000002,0.000003
25680,0,0,0.999998,0.000000,0.000000,0.000002
7173,2,2,0.000000,0.000044,0.999956,0.000001
33126,0,0,0.998918,0.000000,0.000000,0.001082
24977,0,0,0.999998,0.000000,0.000000,0.000002
32790,0,0,0.999998,0.000000,0.000000,0.000002
10079,1,1,0.000002,0.999995,0.000003,0.000001
5545,3,3,0.011804,0.000019,0.000044,0.988134
13672,1,1,0.000006,0.999989,0.000002,0.000003
6013,3,3,0.010945,0.000019,0.000044,0.988992
28460,0,0,0.999998,0.000000,0.000000,0.000002
252,3,3,0.000060,0.000009,0.000012,0.999918
4294,3,3,0.000072,0.000011,0.000012,0.999905
4718,3,3,0.000078,0.000012,0.000011,0.999899
32060,0,0,0.999999,0.000000,0.000000,0.000001
26995,0,0,0.999997,0.000000,0.000000,0.000003
19309,1,1,0.000013,0.999979,0.000003,0.000006
10667,1,1,0.000008,0.999981,0.000008,0.000003
25363,0,0,0.999998,0.000000,0.000000,0.000002
16267,1,1,0.000009,0.999985,0.000002,0.000004
12909,1,1,0.000021,0.999947,0.000022,0.000010
8637,2,2,0.000000,0.000068,0.999930,0.000002
30043,0,0,0.999998,0.000000,0.000000,0.000002
11816,1,1,0.000008,0.999982,0.000007,0.000003
18807,1,1,0.000022,0.999964,0.000004,0.000010
14185,1,1,0.000004,0.999992,0.000002,0.000002
11485,1,1,0.000003,0.999992,0.000004,0.000001
2323,3,3,0.000093,0.000006,0.000012,0.999890
4935,3,3,0.000276,0.000053,0.000037,0.999634
21048,1,1,0.000013,0.999979,0.000003,0.000005
27288,0,0,0.999998,0.000000,0.000000,0.000002
32965,0,0,0.999383,0.000000,0.000000,0.000616
9139,2,2,0.000000,0.000077,0.999921,0.000002
1693,3,3,0.000046,0.000006,0.000007,0.999942
8852,2,2,0.000000,0.000067,0.999931,0.000002
12538,1,1,0.000238,0.999165,0.000310,0.000287
1787,3,3,0.000058,0.000008,0.000008,0.999926
8246,2,2,0.000000,0.000154,0.999838,0.000008
2773,3,3,0.000073,0.000011,0.000013,0.999903
17592,1,1,0.000009,0.999985,0.000002,0.000004
10109,1,1,0.000003,0.999993,0.000003,0.000001
21047,1,1,0.000013,0.999979,0.000003,0.000006
17214,1,1,0.000004,0.999994,0.000001,0.000001
32777,0,0,0.999998,0.000000,0.000000,0.000002
6603,2,2,0.000000,0.000048,0.999951,0.000001
5892,3,3,0.010509,0.000019,0.000044,0.989428
31022,0,0,0.999998,0.000000,0.000000,0.000002
24764,0,0,0.999998,0.000000,0.000000,0.000002
14230,1,1,0.000002,0.999996,0.000001,0.000001
25684,0,0,0.999998,0.000000,0.000000,0.000002
15910,1,1,0.000002,0.999996,0.000001,0.000001
24143,0,0,0.999998,0.000000,0.000000,0.000002
8355,2,2,0.000000,0.000056,0.999943,0.000001
33163,0,0,0.999184,0.000000,0.000000,0.000815
32889,0,0,0.999521,0.000000,0.000000,0.000479
21651,0,0,0.999997,0.000000,0.000000,0.000003
2782,3,3,0.000060,0.000008,0.000009,0.999923
7502,2,2,0.000000,0.000036,0.999963,0.000001
28488,0,0,0.999998,0.000000,0.000000,0.000002
10690,1,1,0.000008,0.999982,0.000008,0.000003
5532,3,3,0.011944,0.000019,0.000044,0.987993
16199,1,1,0.000008,0.999987,0.000002,0.000003
27123,0,0,0.999997,0.000000,0.000000,0.000003
30098,0,0,0.999998,0.000000,0.000000,0.000002
16751,1,1,0.000019,0.999969,0.000004,0.000008
2184,3,3,0.000086,0.000009,0.000013,0.999892
18022,1,1,0.000008,0.999988,0.000002,0.000003
20923,1,1,0.000008,0.999986,0.000002,0.000003
3422,3,3,0.000064,0.000006,0.000010,0.999920
3643,3,3,0.000058,0.000006,0.000009,0.999927
26582,0,0,0.999998,0.000000,0.000000,0.000002
26222,0,0,0.999997,0.000000,0.000000,0.000003
5883,3,3,0.010225,0.000019,0.000044,0.989713
15600,1,1,0.000006,0.999989,0.000003,0.000002
21978,0,0,0.999996,0.000000,0.000000,0.000004
14640,1,1,0.000001,0.999999,0.000000,0.000000
811,3,3,0.000089,0.000017,0.000033,0.999861
18975,1,1,0.000004,0.999993,0.000001,0.000002
9217,1,1,0.000012,0.999980,0.000003,0.000005
30587,0,0,0.999997,0.000000,0.000000,0.000003
5444,3,3,0.019372,0.000018,0.000043,0.980567
28685,0,0,0.999999,0.000000,0.000000,0.000001
23488,0,0,0.999997,0.000000,0.000000,0.000003
32863,0,0,0.999998,0.000000,0.000000,0.000002
6121,3,3,0.011396,0.000019,0.000044,0.988542
2940,3,3,0.000094,0.000011,0.000015,0.999880
26499,0,0,0.999997,0.000000,0.000000,0.000003
12667,1,1,0.000004,0.999989,0.000006,0.000001
30957,0,0,0.999998,0.000000,0.000000,0.000002
28405,0,0,0.999997,0.000000,0.000000,0.000003
14444,1,1,0.000000,0.999999,0.000000,0.000000
18627,1,1,0.000012,0.999980,0.000002,0.000005
4487,3,3,0.000070,0.000010,0.000012,0.999908
1138,3,3,0.000058,0.000008,0.000009,0.999925
24944,0,0,0.999997,0.000000,0.000000,0.000002
11632,1,1,0.000002,0.999995,0.000003,0.000001
26132,0,0,0.999998,0.000000,0.000000,0.000002
32771,0,0,0.999998,0.000000,0.000000,0.000002
26866,0,0,0.999998,0.000000,0.000000,0.000002
30833,0,0,0.999998,0.000000,0.000000,0.000002
28447,0,0,0.999998,0.000000,0.000000,0.000002
23351,0,0,0.999998,0.000000,0.000000,0.000002
20968,1,1,0.000010,0.999984,0.000002,0.000004
23511,0,0,0.999998,0.000000,0.000000,0.000002
9172,1,1,0.000002,0.999997,0.000001,0.000001
2976,3,3,0.000085,0.000008,0.000012,0.999896
17087,1,1,0.000011,0.999980,0.000003,0.000005
22076,0,0,0.999998,0.000000,0.000000,0.000002
20852,1,1,0.000003,0.999996,0.000001,0.000001
23481,0,0,0.999998,0.000000,0.000000,0.000002
27090,0,0,0.999998,0.000000,0.000000,0.000002
30484,0,0,0.999998,0.000000,0.000000,0.000002
16672,1,1,0.000013,0.999979,0.000003,0.000005
7077,2,2,0.000000,0.000049,0.999950,0.000001
28157,0,0,0.999998,0.000000,0.000000,0.000002
32702,0,0,0.999999,0.000000,0.000000,0.000001
28007,0,0,0.999998,0.000000,0.000000,0.000002
24148,0,0,0.999998,0.000000,0.000000,0.000002
670,3,3,0.000073,0.000011,0.000011,0.999904
20151,1,1,0.000009,0.999986,0.000002,0.000003
7386,2,2,0.000000,0.000044,0.999955,0.000001
6196,3,3,0.011446,0.000019,0.000044,0.988491
9704,1,1,0.000003,0.999996,0.000001,0.000001
29390,0,0,0.999999,0.000000,0.000000,0.000001
11452,1,1,0.000003,0.999992,0.000004,0.000001
1711,3,3,0.000115,0.000023,0.000016,0.999846
23398,0,0,0.999996,0.000000,0.000000,0.000004
20221,1,1,0.000008,0.999986,0.000002,0.000003
18995,1,1,0.000019,0.999969,0.000004,0.000008
6560,3,3,0.024229,0.000020,0.000046,0.975706
14534,1,1,0.000001,0.999999,0.000000,0.000000
12516,1,1,0.000091,0.999753,0.000082,0.000073
27167,0,0,0.999997,0.000000,0.000000,0.000003
5464,3,3,0.019136,0.000018,0.000043,0.980803
28721,0,0,0.999998,0.000000,0.000000,0.000002
24034,0,0,0.999998,0.000000,0.000000,0.000002
9021,2,2,0.000000,0.000046,0.999953,0.000001
28705,0,0,0.999998,0.000000,0.000000,0.000002
9667,1,1,0.000002,0.999996,0.000001,0.000001
31536,0,0,0.999999,0.000000,0.000000,0.000001
15739,1,1,0.000010,0.999983,0.000004,0.000004
5222,3,3,0.027508,0.000019,0.000044,0.972430
25654,0,0,0.999998,0.000000,0.000000,0.000002
2333,3,3,0.000073,0.000010,0.000013,0.999903
12226,1,1,0.000005,0.999988,0.000005,0.000002
31440,0,0,0.999998,0.000000,0.000000,0.000002
10379,1,1,0.000003,0.999993,0.000003,0.000001
2414,3,3,0.000076,0.000006,0.000010,0.999907
30097,0,0,0.999999,0.000000,0.000000,0.000001
1557,3,3,0.000068,0.000009,0.000010,0.999913
13066,1,1,0.000002,0.999997,0.000001,0.000001
19089,1,1,0.000012,0.999980,0.000003,0.000005
21538,0,0,0.999997,0.000000,0.000000,0.000003
9722,1,1,0.000004,0.999992,0.000003,0.000001
14033,1,1,0.000005,0.999991,0.000003,0.000002
402,3,3,0.000068,0.000013,0.000016,0.999904
6175,3,3,0.011678,0.000019,0.000044,0.988260
19040,1,1,0.000005,0.999991,0.000001,0.000002
18605,1,1,0.000005,0.999991,0.000002,0.000002
11083,1,1,0.000004,0.999991,0.000004,0.000001
147,3,3,0.000068,0.000012,0.000011,0.999909
18455,1,1,0.000014,0.999977,0.000003,0.000006
28817,0,0,0.999999,0.000000,0.000000,0.000001
14173,1,1,0.000005,0.999992,0.000002,0.000002
28902,0,0,0.999999,0.000000,0.000000,0.000001
31901,0,0,0.999998,0.000000,0.000000,0.000002
22327,0,0,0.999998,0.000000,0.000000,0.000002
4027,3,3,0.000074,0.000007,0.000013,0.999907
16959,1,1,0.000008,0.999986,0.000002,0.000003
9265,1,1,0.000022,0.999959,0.000008,0.000010
30176,0,0,0.999998,0.000000,0.000000,0.000002
28092,0,0,0.999998,0.000000,0.000000,0.000002
28795,0,0,0.999999,0.000000,0.000000,0.000001
11392,1,1,0.000005,0.999989,0.000005,0.000001
26886,0,0,0.999998,0.000000,0.000000,0.000002
28895,0,0,0.999998,0.000000,0.000000,0.000002
20649,1,1,0.000003,0.999995,0.000001,0.000001
21962,0,0,0.999995,0.000000,0.000000,0.000005
16090,1,1,0.000006,0.999990,0.000002,0.000002
14942,1,1,0.000000,0.999999,0.000000,0.000000
264,3,3,0.000086,0.000018,0.000017,0.999879
30715,0,0,0.999998,0.000000,0.000000,0.000002
8272,2,2,0.000000,0.000065,0.999933,0.000002
4642,3,3,0.000122,0.000024,0.000020,0.999833
32591,0,0,0.999998,0.000000,0.000000,0.000002
32542,0,0,0.999998,0.000000,0.000000,0.000002
8916,2,2,0.000000,0.000062,0.999937,0.000002
18960,1,1,0.000006,0.999991,0.000001,0.000002
14933,1,1,0.000000,0.999999,0.000000,0.000000
25020,0,0,0.999997,0.000000,0.000000,0.000003
4926,3,3,0.000362,0.000118,0.000043,0.999477
20228,1,1,0.000016,0.999973,0.000004,0.000007
24103,0,0,0.999997,0.000000,0.000000,0.000003
15277,1,1,0.000015,0.999970,0.000008,0.000007
18144,1,1,0.000006,0.999990,0.000001,0.000002
27182,0,0,0.999997,0.000000,0.000000,0.000003
32576,0,0,0.999998,0.000000,0.000000,0.000002
116,3,3,0.000105,0.000022,0.000023,0.999850
5318,3,3,0.028594,0.000019,0.000044,0.971344
31402,0,0,0.999998,0.000000,0.000000,0.000002
10289,1,1,0.000004,0.999989,0.000005,0.000001
13370,1,1,0.000003,0.999995,0.000001,0.000001
4054,3,3,0.000072,0.000013,0.000014,0.999901
30599,0,0,0.999998,0.000000,0.000000,0.000002
13281,1,1,0.000002,0.999997,0.000001,0.000001
23746,0,0,0.999997,0.000000,0.000000,0.000003
10403,1,1,0.000002,0.999995,0.000002,0.000001
22205,0,0,0.999995,0.000000,0.000000,0.000005
21407,0,0,0.999997,0.000000,0.000000,0.000003
32365,0,0,0.999998,0.000000,0.000000,0.000002
15165,1,1,0.000003,0.999995,0.000001,0.000001
1938,3,3,0.000295,0.000106,0.000044,0.999555
11621,1,1,0.000003,0.999993,0.000003,0.000001
28744,0,0,0.999999,0.000000,0.000000,0.000001
22025,0,0,0.999996,0.000000,0.000000,0.000004
20810,1,1,0.000003,0.999995,0.000001,0.000001
22589,0,0,0.999996,0.000000,0.000000,0.000004
26682,0,0,0.999998,0.000000,0.000000,0.000002
21352,1,1,0.000013,0.999979,0.000003,0.000006
27940,0,0,0.999914,0.000000,0.000000,0.000086
32444,0,0,0.999998,0.000000,0.000000,0.000002
21536,0,0,0.999997,0.000000,0.000000,0.000003
20148,1,1,0.000006,0.999990,0.000002,0.000002
5495,3,3,0.011855,0.000019,0.000044,0.988082
26792,0,0,0.999997,0.000000,0.000000,0.000003
10424,1,1,0.000003,0.999992,0.000004,0.000001
9870,1,1,0.000002,0.999996,0.000002,0.000000
22026,0,0,0.999996,0.000000,0.000000,0.000004
17745,1,1,0.000011,0.999982,0.000002,0.000005
32539,0,0,0.999998,0.000000,0.000000,0.000002
20106,1,1,0.000007,0.999989,0.000002,0.000003
5376,3,3,0.029024,0.000019,0.000044,0.970913
3914,3,3,0.000054,0.000008,0.000009,0.999929
20824,1,1,0.000006,0.999990,0.000002,0.000002
4837,3,3,0.000057,0.000008,0.000010,0.999925
25752,0,0,0.999998,0.000000,0.000000,0.000002
18631,1,1,0.000008,0.999988,0.000002,0.000003
13237,1,1,0.000022,0.999961,0.000006,0.000011
23070,0,0,0.999796,0.000000,0.000000,0.000204
13137,1,1,0.000008,0.999986,0.000003,0.000003
15564,1,1,0.000006,0.999989,0.000002,0.000002
15216,1,1,0.000002,0.999996,0.000001,0.000001
19813,1,1,0.000012,0.999980,0.000003,0.000005
9013,2,2,0.000174,0.015930,0.980550,0.003346
32301,0,0,0.999999,0.000000,0.000000,0.000001
1600,3,3,0.000081,0.000014,0.000011,0.999894
897,3,3,0.000169,0.000032,0.000024,0.999775
32068,0,0,0.999999,0.000000,0.000000,0.000001
28676,0,0,0.999999,0.000000,0.000000,0.000001
27173,0,0,0.999998,0.000000,0.000000,0.000002
17537,1,1,0.000006,0.999991,0.000001,0.000002
13191,1,1,0.000001,0.999999,0.000000,0.000000
16216,1,1,0.000005,0.999992,0.000001,0.000002
24427,0,0,0.999997,0.000000,0.000000,0.000003
5834,3,3,0.009608,0.000018,0.000044,0.990330
11594,1,1,0.000007,0.999978,0.000013,0.000003
3402,3,3,0.000073,0.000007,0.000013,0.999908
351,3,3,0.000112,0.000025,0.000026,0.999838
28283,0,0,0.999997,0.000000,0.000000,0.000003
8204,2,2,0.000000,0.000129,0.999866,0.000005
5736,3,3,0.010352,0.000019,0.000044,0.989586
7806,2,2,0.000000,0.000121,0.999874,0.000005
23435,0,0,0.999998,0.000000,0.000000,0.000002
5996,3,3,0.010615,0.000019,0.000044,0.989323
10530,1,1,0.000003,0.999993,0.000003,0.000001
20571,1,1,0.000011,0.999982,0.000003,0.000004
23684,0,0,0.999998,0.000000,0.000000,0.000002
16590,1,1,0.000004,0.999993,0.000001,0.000002
17333,1,1,0.000006,0.999990,0.000001,0.000002
20305,1,1,0.000005,0.999992,0.000001,0.000002
9609,1,1,0.000153,0.999671,0.000085,0.000091
31672,0,0,0.999998,0.000000,0.000000,0.000002
779,3,3,0.000071,0.000013,0.000011,0.999906
21323,1,1,0.000006,0.999990,0.000002,0.000002
21304,1,1,0.000006,0.999990,0.000001,0.000002
29604,0,0,0.999995,0.000000,0.000000,0.000005
24503,0,0,0.999998,0.000000,0.000000,0.000002
20058,1,1,0.000004,0.999994,0.000001,0.000001
21081,1,1,0.000005,0.999992,0.000001,0.000002
9701,1,1,0.000003,0.999996,0.000001,0.000001
17850,1,1,0.000003,0.999995,0.000001,0.000001
30948,0,0,0.999998,0.000000,0.000000,0.000002
3561,3,3,0.000056,0.000007,0.000009,0.999928
24881,0,0,0.999999,0.000000,0.000000,0.000001
23340,0,0,0.999996,0.000000,0.000000,0.000004
7288,2,2,0.000000,0.000090,0.999907,0.000003
4852,3,3,0.000047,0.000004,0.000008,0.999941
998,3,3,0.000114,0.000023,0.000020,0.999842
8980,2,2,0.000000,0.000039,0.999960,0.000001
8215,2,2,0.000000,0.000108,0.999888,0.000004
4804,3,3,0.000092,0.000015,0.000014,0.999879
20937,1,1,0.000004,0.999994,0.000001,0.000001
23845,0,0,0.999998,0.000000,0.000000,0.000002
28214,0,0,0.999997,0.000000,0.000000,0.000003
3362,3,3,0.000047,0.000005,0.000008,0.999940
9957,1,1,0.000002,0.999995,0.000002,0.000001
14351,1,1,0.000007,0.999987,0.000003,0.000003
7497,2,2,0.000000,0.000082,0.999916,0.000002
27104,0,0,0.999998,0.000000,0.000000,0.000002
15615,1,1,0.000012,0.999980,0.000003,0.000005
5491,3,3,0.011903,0.000019,0.000044,0.988034
30769,0,0,0.999999,0.000000,0.000000,0.000001
30938,0,0,0.999998,0.000000,0.000000,0.000002
13878,1,1,0.000030,0.999950,0.000005,0.000015
14507,1,1,0.000001,0.999997,0.000001,0.000000
19654,1,1,0.000008,0.999987,0.000002,0.000003
26355,0,0,0.999998,0.000000,0.000000,0.000002
4191,3,3,0.000066,0.000010,0.000017,0.999907
19235,1,1,0.000011,0.999982,0.000002,0.000005
30912,0,0,0.999999,0.000000,0.000000,0.000001
10151,1,1,0.000002,0.999995,0.000002,0.000001
10736,1,1,0.000001,0.999997,0.000001,0.000000
29952,0,0,0.999997,0.000000,0.000000,0.000003
8634,2,2,0.000000,0.000105,0.999891,0.000004
10299,1,1,0.000002,0.999995,0.000002,0.000001
13002,1,1,0.000002,0.999997,0.000001,0.000001
12607,1,1,0.000004,0.999990,0.000004,0.000001
3300,3,3,0.000226,0.000053,0.000033,0.999688
18876,1,1,0.000004,0.999993,0.000001,0.000002
19056,1,1,0.000008,0.999987,0.000002,0.000003
26939,0,0,0.999997,0.000000,0.000000,0.000003
18393,1,1,0.000006,0.999989,0.000002,0.000003
31769,0,0,0.999997,0.000000,0.000000,0.000003
31078,0,0,0.999999,0.000000,0.000000,0.000001
14271,1,1,0.000002,0.999997,0.000000,0.000001
15341,1,1,0.000001,0.999998,0.000001,0.000000
24615,0,0,0.999998,0.000000,0.000000,0.000002
6745,2,2,0.000000,0.000073,0.999925,0.000002
33262,0,0,0.999103,0.000000,0.000000,0.000897
33036,0,0,0.999406,0.000000,0.000000,0.000593
10210,1,1,0.000003,0.999994,0.000003,0.000001
13477,1,1,0.000002,0.999997,0.000001,0.000001
12772,1,1,0.000002,0.999994,0.000003,0.000001
13365,1,1,0.000004,0.999993,0.000002,0.000001
13338,1,1,0.000001,0.999999,0.000000,0.000000
17448,1,1,0.000008,0.999987,0.000002,0.000003
23824,0,0,0.999996,0.000000,0.000000,0.000004
3200,3,3,0.000059,0.000009,0.000010,0.999923
6497,3,3,0.011243,0.000019,0.000044,0.988695
20567,1,1,0.000007,0.999988,0.000002,0.000003
18475,1,1,0.000005,0.999991,0.000001,0.000002
2175,3,3,0.000049,0.000006,0.000008,0.999936
760,3,3,0.000163,0.000042,0.000045,0.999750
17873,1,1,0.000007,0.999988,0.000002,0.000003
4069,3,3,0.000084,0.000012,0.000013,0.999891
11752,1,1,0.000008,0.999984,0.000006,0.000003
9966,1,1,0.000003,0.999994,0.000003,0.000001
19360,1,1,0.000004,0.999993,0.000001,0.000002
13200,1,1,0.000006,0.999990,0.000002,0.000002
22480,0,0,0.999993,0.000000,0.000000,0.000007
27679,0,0,0.999996,0.000000,0.000000,0.000004
10844,1,1,0.000002,0.999995,0.000002,0.000001
22972,0,0,0.999996,0.000000,0.000000,0.000004
15382,1,1,0.000005,0.999990,0.000003,0.000002
5433,3,3,0.019931,0.000018,0.000043,0.980008
15844,1,1,0.000026,0.999954,0.000007,0.000012
10406,1,1,0.000002,0.999995,0.000002,0.000001
16667,1,1,0.000007,0.999989,0.000002,0.000003
5229,3,3,0.028043,0.000019,0.000044,0.971895
6248,3,3,0.011569,0.000019,0.000044,0.988368
20495,1,1,0.000012,0.999981,0.000003,0.000005
24447,0,0,0.999998,0.000000,0.000000,0.000002
3363,3,3,0.000054,0.000005,0.000009,0.999932
32963,0,0,0.999243,0.000000,0.000000,0.000757
1136,3,3,0.000068,0.000010,0.000011,0.999911
4361,3,3,0.000051,0.000007,0.000008,0.999934
774,3,3,0.000057,0.000009,0.000010,0.999924
7917,2,2,0.000000,0.000043,0.999956,0.000001
7508,2,2,0.000000,0.000131,0.999865,0.000004
12944,1,1,0.000006,0.999984,0.000008,0.000002
12002,1,1,0.000006,0.999987,0.000005,0.000002
10469,1,1,0.000005,0.999988,0.000005,0.000002
22637,0,0,0.999997,0.000000,0.000000,0.000003
22246,0,0,0.999998,0.000000,0.000000,0.000002
16632,1,1,0.000014,0.999976,0.000004,0.000006
22922,0,0,0.999997,0.000000,0.000000,0.000003
2078,3,3,0.000066,0.000005,0.000009,0.999920
21893,0,0,0.999998,0.000000,0.000000,0.000002
13003,1,1,0.000003,0.999994,0.000001,0.000001
15168,1,1,0.000001,0.999998,0.000000,0.000000
15366,1,1,0.000006,0.999990,0.000002,0.000002
11684,1,1,0.000001,0.999997,0.000002,0.000000
846,3,3,0.000072,0.000011,0.000010,0.999907
33017,0,0,0.999376,0.000000,0.000000,0.000624
32701,0,0,0.999999,0.000000,0.000000,0.000001
17905,1,1,0.000005,0.999991,0.000001,0.000002
18127,1,1,0.000010,0.999983,0.000002,0.000004
12888,1,1,0.000007,0.999981,0.000009,0.000003
12678,1,1,0.000004,0.999991,0.000004,0.000001
31319,0,0,0.999998,0.000000,0.000000,0.000002
27168,0,0,0.999997,0.000000,0.000000,0.000003
23438,0,0,0.999997,0.000000,0.000000,0.000002
2694,3,3,0.000089,0.000015,0.000012,0.999884
21974,0,0,0.999996,0.000000,0.000000,0.000004
18649,1,1,0.000007,0.999988,0.000002,0.000003
29254,0,0,0.999998,0.000000,0.000000,0.000002
11116,1,1,0.000003,0.999993,0.000003,0.000001
18577,1,1,0.000008,0.999986,0.000002,0.000003
15485,1,1,0.000000,0.999999,0.000000,0.000000
29125,0,0,0.999999,0.000000,0.000000,0.000001
4233,3,3,0.000057,0.000006,0.000010,0.999928
25019,0,0,0.999997,0.000000,0.000000,0.000003
23418,0,0,0.999998,0.000000,0.000000,0.000002
7685,2,2,0.000000,0.000044,0.999955,0.000001
14409,1,1,0.000002,0.999997,0.000001,0.000001
16623,1,1,0.000007,0.999989,0.000002,0.000003
1904,3,3,0.000088,0.000008,0.000014,0.999890
18109,1,1,0.000006,0.999990,0.000002,0.000002
18806,1,1,0.000007,0.999990,0.000001,0.000003
29611,0,0,0.999999,0.000000,0.000000,0.000001
21960,0,0,0.999997,0.000000,0.000000,0.000003
20311,1,1,0.000012,0.999980,0.000003,0.000005
15755,1,1,0.000006,0.999990,0.000002,0.000002
21708,0,0,0.999998,0.000000,0.000000,0.000002
19229,1,1,0.000008,0.999987,0.000002,0.000003
2074,3,3,0.000154,0.000011,0.000021,0.999814
20202,1,1,0.000004,0.999993,0.000001,0.000002
19884,1,1,0.000003,0.999995,0.000001,0.000001
31218,0,0,0.999998,0.000000,0.000000,0.000002
5496,3,3,0.012077,0.000019,0.000044,0.987860
16977,1,1,0.000005,0.999991,0.000001,0.000002
29334,0,0,0.999998,0.000000,0.000000,0.000002
19142,1,1,0.000014,0.999976,0.000003,0.000006
5108,3,3,0.000902,0.000152,0.000141,0.998806
15130,1,1,0.000001,0.999998,0.000000,0.000000
7758,2,2,0.000000,0.000047,0.999952,0.000001
21451,0,0,0.999997,0.000000,0.000000,0.000003
2704,3,3,0.000066,0.000010,0.000011,0.999914
1824,3,3,0.000070,0.000011,0.000011,0.999909
7254,2,2,0.000000,0.000043,0.999956,0.000001
24432,0,0,0.999997,0.000000,0.000000,0.000003
26916,0,0,0.999997,0.000000,0.000000,0.000003
26094,0,0,0.999998,0.000000,0.000000,0.000002
26765,0,0,0.999998,0.000000,0.000000,0.000002
30971,0,0,0.999998,0.000000,0.000000,0.000002
27047,0,0,0.999997,0.000000,0.000000,0.000003
27830,0,0,0.999998,0.000000,0.000000,0.000002
8886,2,2,0.000105,0.005493,0.991406,0.002996
28008,0,0,0.999998,0.000000,0.000000,0.000002
20596,1,1,0.000012,0.999981,0.000003,0.000005
4528,3,3,0.000062,0.000006,0.000009,0.999923
31208,0,0,0.999998,0.000000,0.000000,0.000002
14023,1,1,0.000006,0.999990,0.000002,0.000002
28443,0,0,0.999998,0.000000,0.000000,0.000002
19338,1,1,0.000012,0.999980,0.000003,0.000005
24201,0,0,0.999998,0.000000,0.000000,0.000002
32175,0,0,0.999998,0.000000,0.000000,0.000002
12787,1,1,0.000001,0.999997,0.000001,0.000000
23744,0,0,0.999997,0.000000,0.000000,0.000003
24124,0,0,0.999997,0.000000,0.000000,0.000002
5609,3,3,0.010156,0.000019,0.000044,0.989781
290,3,3,0.000067,0.000010,0.000012,0.999911
30967,0,0,0.999999,0.000000,0.000000,0.000001
164,3,3,0.000800,0.000027,0.000041,0.999132
14336,1,1,0.000001,0.999999,0.000000,0.000000
24260,0,0,0.999999,0.000000,0.000000,0.000001
21251,1,1,0.000013,0.999979,0.000003,0.000005
1271,3,3,0.000597,0.000329,0.000110,0.998963
21743,0,0,0.999997,0.000000,0.000000,0.000003
6333,3,3,0.011941,0.000019,0.000044,0.987995
19170,1,1,0.000007,0.999989,0.000002,0.000003
8374,2,2,0.000000,0.000066,0.999933,0.000002
26064,0,0,0.999998,0.000000,0.000000,0.000002
124,3,3,0.000445,0.000150,0.000065,0.999340
19118,1,1,0.000023,0.999963,0.000004,0.000010
15064,1,1,0.000000,1.000000,0.000000,0.000000
6409,3,3,0.011628,0.000019,0.000044,0.988310
8323,2,2,0.000000,0.000087,0.999910,0.000003
14044,1,1,0.000002,0.999996,0.000001,0.000001
903,3,3,0.000416,0.000163,0.000064,0.999357
10042,1,1,0.000007,0.999983,0.000008,0.000002
29149,0,0,0.999998,0.000000,0.000000,0.000002
8081,2,2,0.000000,0.000092,0.999905,0.000003
15606,1,1,0.000004,0.999993,0.000002,0.000001
9933,1,1,0.000004,0.999989,0.000005,0.000001
18279,1,1,0.000007,0.999988,0.000002,0.000003
26045,0,0,0.999998,0.000000,0.000000,0.000002
1194,3,3,0.000146,0.000039,0.000023,0.999792
7205,2,2,0.000000,0.000087,0.999910,0.000003
23893,0,0,0.999997,0.000000,0.000000,0.000003
3096,3,3,0.000054,0.000008,0.000009,0.999929
3844,3,3,0.000056,0.000006,0.000010,0.999928
30477,0,0,0.999999,0.000000,0.000000,0.000001
3667,3,3,0.000053,0.000003,0.000008,0.999936
22391,0,0,0.999998,0.000000,0.000000,0.000002
5479,3,3,0.010985,0.000019,0.000045,0.988952
1783,3,3,0.000105,0.000020,0.000014,0.999860
19751,1,1,0.000006,0.999991,0.000002,0.000002
16396,1,1,0.000007,0.999989,0.000002,0.000003
22851,0,0,0.999998,0.000000,0.000000,0.000002
33278,0,0,0.999324,0.000000,0.000000,0.000675
7080,2,2,0.000000,0.000071,0.999927,0.000002
29726,0,0,0.999998,0.000000,0.000000,0.000002
21119,1,1,0.000007,0.999989,0.000002,0.000003
16996,1,1,0.000006,0.999991,0.000001,0.000002
23371,0,0,0.999997,0.000000,0.000000,0.000003
19561,1,1,0.000007,0.999988,0.000002,0.000003
9304,1,1,0.000005,0.999992,0.000001,0.000002
2063,3,3,0.000351,0.000050,0.000050,0.999549
29179,0,0,0.999998,0.000000,0.000000,0.000002
14522,1,1,0.000001,0.999999,0.000000,0.000000
2815,3,3,0.000098,0.000012,0.000016,0.999874
26523,0,0,0.999998,0.000000,0.000000,0.000002
28129,0,0,0.999998,0.000000,0.000000,0.000002
12710,1,1,0.000020,0.999957,0.000014,0.000009
893,3,3,0.000095,0.000017,0.000015,0.999874
23887,0,0,0.999998,0.000000,0.000000,0.000002
26495,0,0,0.999997,0.000000,0.000000,0.000003
11527,1,1,0.000005,0.999987,0.000006,0.000002
7088,2,2,0.000000,0.000060,0.999938,0.000002
4169,3,3,0.000044,0.000006,0.000008,0.999943
20534,1,1,0.000009,0.999985,0.000003,0.000004
32399,0,0,0.999998,0.000000,0.000000,0.000002
22386,0,0,0.999997,0.000000,0.000000,0.000003
1399,3,3,0.000513,0.000303,0.000043,0.999140
19497,1,1,0.000007,0.999989,0.000002,0.000003
18648,1,1,0.000004,0.999993,0.000001,0.000002
32844,0,0,0.999998,0.000000,0.000000,0.000002
15535,1,1,0.000011,0.999980,0.000004,0.000005
2267,3,3,0.001710,0.000006,0.000017,0.998266
13475,1,1,0.000019,0.999966,0.000006,0.000009
29924,0,0,0.999999,0.000000,0.000000,0.000001
5215,3,3,0.028817,0.000019,0.000044,0.971120
17175,1,1,0.000009,0.999985,0.000002,0.000004
9776,1,1,0.000003,0.999992,0.000004,0.000001
20462,1,1,0.000007,0.999989,0.000002,0.000003
30609,0,0,0.999998,0.000000,0.000000,0.000002
7780,2,2,0.000000,0.000127,0.999867,0.000005
16301,1,1,0.000010,0.999984,0.000002,0.000004
31705,0,0,0.999998,0.000000,0.000000,0.000002
5258,3,3,0.028971,0.000019,0.000044,0.970966
10682,1,1,0.000009,0.999981,0.000008,0.000003
391,3,3,0.000055,0.000007,0.000016,0.999923
18036,1,1,0.000010,0.999983,0.000002,0.000004
30518,0,0,0.999999,0.000000,0.000000,0.000001
5454,3,3,0.019094,0.000018,0.000043,0.980844
5913,3,3,0.010224,0.000018,0.000044,0.989714
30997,0,0,0.999998,0.000000,0.000000,0.000002
8596,2,2,0.000000,0.000094,0.999903,0.000003
3421,3,3,0.000125,0.000006,0.000012,0.999857
17656,1,1,0.000009,0.999986,0.000002,0.000004
2724,3,3,0.000122,0.000016,0.000018,0.999844
14000,1,1,0.000002,0.999997,0.000001,0.000001
13642,1,1,0.000002,0.999996,0.000001,0.000001
11792,1,1,0.000029,0.999931,0.000026,0.000014
22682,0,0,0.999998,0.000000,0.000000,0.000002
21001,1,1,0.000007,0.999989,0.000002,0.000003
18252,1,1,0.000005,0.999992,0.000001,0.000002
17562,1,1,0.000012,0.999981,0.000003,0.000005
22380,0,0,0.999998,0.000000,0.000000,0.000002
11869,1,1,0.000005,0.999989,0.000005,0.000002
19626,1,1,0.000009,0.999986,0.000002,0.000004
21693,0,0,0.999997,0.000000,0.000000,0.000003
4753,3,3,0.000050,0.000007,0.000009,0.999934
11568,1,1,0.000004,0.999990,0.000005,0.000001
6898,2,2,0.000000,0.000067,0.999931,0.000002
8640,2,2,0.000000,0.000082,0.999915,0.000003
25555,0,0,0.999998,0.000000,0.000000,0.000002
19416,1,1,0.000003,0.999995,0.000001,0.000001
16385,1,1,0.000018,0.999969,0.000004,0.000008
16253,1,1,0.000006,0.999990,0.000002,0.000002
3256,3,3,0.000071,0.000008,0.000011,0.999909
4398,3,3,0.000095,0.000015,0.000013,0.999877
31061,0,0,0.999998,0.000000,0.000000,0.000002
507,3,3,0.000115,0.000023,0.000021,0.999841
22197,0,0,0.999997,0.000000,0.000000,0.000003
17552,1,1,0.000008,0.999988,0.000002,0.000003
14279,1,1,0.000002,0.999996,0.000001,0.000001
29677,0,0,0.999997,0.000000,0.000000,0.000003
15544,1,1,0.000005,0.999991,0.000002,0.000002
2151,3,3,0.000072,0.000008,0.000012,0.999908
32879,0,0,0.999375,0.000000,0.000000,0.000625
26273,0,0,0.999998,0.000000,0.000000,0.000002
530,3,3,0.000139,0.000035,0.000027,0.999799
31551,0,0,0.999998,0.000000,0.000000,0.000002
17828,1,1,0.000008,0.999987,0.000002,0.000003
16195,1,1,0.000002,0.999997,0.000001,0.000001
23447,0,0,0.999998,0.000000,0.000000,0.000002
20906,1,1,0.000009,0.999985,0.000002,0.000004
10768,1,1,0.000002,0.999995,0.000003,0.000001
21626,0,0,0.999997,0.000000,0.000000,0.000002
22472,0,0,0.999995,0.000000,0.000000,0.000005
20922,1,1,0.000018,0.999970,0.000004,0.000008
13586,1,1,0.000019,0.999966,0.000006,0.000009
3598,3,3,0.000058,0.000006,0.000009,0.999928
7326,2,2,0.000000,0.000072,0.999926,0.000002
25396,0,0,0.999996,0.000000,0.000000,0.000004
14557,1,1,0.000006,0.999989,0.000002,0.000002
8629,2,2,0.000000,0.000075,0.999923,0.000002
22919,0,0,0.999997,0.000000,0.000000,0.000003
30743,0,0,0.999998,0.000000,0.000000,0.000002
17561,1,1,0.000008,0.999987,0.000002,0.000003
23389,0,0,0.999997,0.000000,0.000000,0.000003
32632,0,0,0.999998,0.000000,0.000000,0.000002
29618,0,0,0.999997,0.000000,0.000000,0.000003
16036,1,1,0.000010,0.999984,0.000002,0.000004
13279,1,1,0.000001,0.999999,0.000000,0.000000
3791,3,3,0.000079,0.000013,0.000014,0.999894
23100,0,0,0.999997,0.000000,0.000000,0.000003
6378,3,3,0.011552,0.000019,0.000044,0.988385
11983,1,1,0.000006,0.999986,0.000006,0.000002
21429,0,0,0.999997,0.000000,0.000000,0.000003
2003,3,3,0.000175,0.000027,0.000028,0.999770
10252,1,1,0.000003,0.999993,0.000003,0.000001
30206,0,0,0.999996,0.000000,0.000000,0.000004
16521,1,1,0.000007,0.999989,0.000002,0.000003
16696,1,1,0.000006,0.999990,0.000002,0.000003
4357,3,3,0.000041,0.000005,0.000006,0.999948
8458,2,2,0.000000,0.000058,0.999941,0.000001
24843,0,0,0.999998,0.000000,0.000000,0.000002
7334,2,2,0.000000,0.000050,0.999949,0.000001
14584,1,1,0.000001,0.999998,0.000001,0.000000
11972,1,1,0.000009,0.999980,0.000007,0.000003
27837,0,0,0.999997,0.000000,0.000000,0.000003
27884,0,0,0.999997,0.000000,0.000000,0.000003
32486,0,0,0.999997,0.000000,0.000000,0.000003
24691,0,0,0.999998,0.000000,0.000000,0.000002
32652,0,0,0.999999,0.000000,0.000000,0.000001
25879,0,0,0.999998,0.000000,0.000000,0.000002
18990,1,1,0.000007,0.999988,0.000002,0.000003
8424,2,2,0.000000,0.000041,0.999958,0.000001
24093,0,0,0.999997,0.000000,0.000000,0.000003
13550,1,1,0.000003,0.999996,0.000001,0.000001
10879,1,1,0.000004,0.999992,0.000004,0.000001
1998,3,3,0.004834,0.000020,0.000044,0.995102
12421,1,1,0.000008,0.999982,0.000007,0.000003
6256,3,3,0.012012,0.000019,0.000044,0.987925
14434,1,1,0.000000,0.999999,0.000000,0.000000
16411,1,1,0.000007,0.999989,0.000002,0.000003
32952,0,0,0.999302,0.000000,0.000000,0.000697
10842,1,1,0.000003,0.999993,0.000003,0.000001
20827,1,1,0.000009,0.999985,0.000002,0.000004
25427,0,0,0.999998,0.000000,0.000000,0.000002
23078,0,0,0.987705,0.000000,0.000001,0.012294
13223,1,1,0.000003,0.999995,0.000001,0.000001
11449,1,1,0.000005,0.999989,0.000005,0.000002
2848,3,3,0.000059,0.000009,0.000009,0.999923
23880,0,0,0.999997,0.000000,0.000000,0.000003
29496,0,0,0.999998,0.000000,0.000000,0.000002
21873,0,0,0.999997,0.000000,0.000000,0.000003
19980,1,1,0.000005,0.999992,0.000001,0.000002
27268,0,0,0.999998,0.000000,0.000000,0.000002
13615,1,1,0.000006,0.999990,0.000002,0.000002
32582,0,0,0.999998,0.000000,0.000000,0.000002
27297,0,0,0.999998,0.000000,0.000000,0.000002
5046,3,3,0.000043,0.000004,0.000007,0.999946
16017,1,1,0.000005,0.999992,0.000001,0.000002
24818,0,0,0.999998,0.000000,0.000000,0.000002
11219,1,1,0.000006,0.999986,0.000006,0.000002
8327,2,2,0.000000,0.000094,0.999902,0.000003
6000,3,3,0.010965,0.000019,0.000044,0.988973
313,3,3,0.000061,0.000007,0.000010,0.999921
19071,1,1,0.000014,0.999976,0.000004,0.000006
3804,3,3,0.000040,0.000004,0.000007,0.999949
531,3,3,0.000218,0.000067,0.000044,0.999671
1654,3,3,0.000043,0.000006,0.000006,0.999946
1742,3,3,0.000099,0.000017,0.000016,0.999869
21660,0,0,0.999998,0.000000,0.000000,0.000002
13760,1,1,0.000008,0.999986,0.000002,0.000003
555,3,3,0.000190,0.000028,0.000038,0.999744
1103,3,3,0.000077,0.000015,0.000015,0.999892
10302,1,1,0.000002,0.999995,0.000002,0.000001
3522,3,3,0.000048,0.000005,0.000008,0.999940
25258,0,0,0.999998,0.000000,0.000000,0.000002
5564,3,3,0.011704,0.000019,0.000044,0.988234
28003,0,0,0.999998,0.000000,0.000000,0.000002
1831,3,3,0.000200,0.000028,0.000032,0.999740
26836,0,0,0.999998,0.000000,0.000000,0.000002
11952,1,1,0.000003,0.999992,0.000003,0.000001
5391,3,3,0.028908,0.000019,0.000044,0.971030
20353,1,1,0.000003,0.999995,0.000001,0.000001
23441,0,0,0.999997,0.000000,0.000000,0.000003
3816,3,3,0.000053,0.000006,0.000008,0.999932
24987,0,0,0.999998,0.000000,0.000000,0.000002
24472,0,0,0.999998,0.000000,0.000000,0.000002
17026,1,1,0.000009,0.999986,0.000002,0.000003
23851,0,0,0.999997,0.000000,0.000000,0.000003
26647,0,0,0.999998,0.000000,0.000000,0.000002
27772,0,0,0.999998,0.000000,0.000000,0.000002
14719,1,1,0.000008,0.999986,0.000003,0.000003
20403,1,1,0.000008,0.999986,0.000002,0.000003
10773,1,1,0.000003,0.999993,0.000003,0.000001
2947,3,3,0.000043,0.000006,0.000007,0.999944
22119,0,0,0.999995,0.000000,0.000000,0.000005
32204,0,0,0.999998,0.000000,0.000000,0.000002
14047,1,1,0.000000,0.999999,0.000000,0.000000
22050,0,0,0.999997,0.000000,0.000000,0.000003
23218,0,0,0.999996,0.000000,0.000000,0.000004
6946,2,2,0.000000,0.000073,0.999925,0.000002
7291,2,2,0.000000,0.000037,0.999963,0.000001
1864,3,3,0.000059,0.000009,0.000009,0.999923
4719,3,3,0.000069,0.000009,0.000011,0.999911
18219,1,1,0.000008,0.999987,0.000002,0.000003
14157,1,1,0.000000,1.000000,0.000000,0.000000
11376,1,1,0.000002,0.999995,0.000003,0.000001
12210,1,1,0.000254,0.999011,0.000403,0.000332
15300,1,1,0.000045,0.999901,0.000031,0.000022
15865,1,1,0.000003,0.999995,0.000001,0.000001
29105,0,0,0.999997,0.000000,0.000000,0.000003
30128,0,0,0.999997,0.000000,0.000000,0.000003
24040,0,0,0.999998,0.000000,0.000000,0.000002
31129,0,0,0.999999,0.000000,0.000000,0.000001
31909,0,0,0.999998,0.000000,0.000000,0.000002
21412,0,0,0.999997,0.000000,0.000000,0.000002
4236,3,3,0.000042,0.000005,0.000007,0.999946
17825,1,1,0.000008,0.999988,0.000002,0.000003
33124,0,0,0.999038,0.000000,0.000000,0.000962
29942,0,0,0.999998,0.000000,0.000000,0.000002
26933,0,0,0.999998,0.000000,0.000000,0.000002
1907,3,3,0.000143,0.000006,0.000012,0.999840
11407,1,1,0.000002,0.999994,0.000003,0.000001
20385,1,1,0.000005,0.999992,0.000001,0.000002
26686,0,0,0.999998,0.000000,0.000000,0.000002
7008,2,2,0.000000,0.000069,0.999929,0.000002
32351,0,0,0.999999,0.000000,0.000000,0.000001
31566,0,0,0.999998,0.000000,0.000000,0.000002
11956,1,1,0.000003,0.999994,0.000003,0.000001
12596,1,1,0.000002,0.999995,0.000002,0.000001
4080,3,3,0.000067,0.000010,0.000011,0.999912
1847,3,3,0.000072,0.000011,0.000011,0.999906
28597,0,0,0.999999,0.000000,0.000000,0.000001
29432,0,0,0.999997,0.000000,0.000000,0.000003
25139,0,0,0.999998,0.000000,0.000000,0.000002
8256,2,2,0.000000,0.000079,0.999919,0.000002
21850,0,0,0.999997,0.000000,0.000000,0.000003
29541,0,0,0.999997,0.000000,0.000000,0.000003
3727,3,3,0.000060,0.000007,0.000011,0.999922
24922,0,0,0.999997,0.000000,0.000000,0.000003
9985,1,1,0.000002,0.999995,0.000002,0.000001
18716,1,1,0.000017,0.999970,0.000005,0.000008
21038,1,1,0.000008,0.999988,0.000002,0.000003
8339,2,2,0.000000,0.000080,0.999917,0.000002
9908,1,1,0.000001,0.999997,0.000001,0.000000
7118,2,2,0.000000,0.000039,0.999960,0.000001
16931,1,1,0.000006,0.999990,0.000001,0.000002
13535,1,1,0.000003,0.999995,0.000001,0.000001
29221,0,0,0.999998,0.000000,0.000000,0.000002
3045,3,3,0.000533,0.000069,0.000073,0.999325
1431,3,3,0.000090,0.000008,0.000011,0.999892
32262,0,0,0.999998,0.000000,0.000000,0.000001
32375,0,0,0.999998,0.000000,0.000000,0.000002
6906,2,2,0.000000,0.000079,0.999919,0.000002
17781,1,1,0.000004,0.999994,0.000001,0.000001
18923,1,1,0.000039,0.999934,0.000008,0.000019
28568,0,0,0.999999,0.000000,0.000000,0.000001
30714,0,0,0.999998,0.000000,0.000000,0.000002
21398,0,3,0.000191,0.000027,0.000025,0.999757
16802,1,1,0.000008,0.999986,0.000002,0.000003
833,3,3,0.000133,0.000025,0.000018,0.999825
18014,1,1,0.000007,0.999989,0.000002,0.000003
19777,1,1,0.000007,0.999989,0.000002,0.000003
31151,0,0,0.999998,0.000000,0.000000,0.000002
32754,0,0,0.999999,0.000000,0.000000,0.000001
3236,3,3,0.000101,0.000017,0.000014,0.999867
568,3,3,0.000073,0.000013,0.000014,0.999899
7209,2,2,0.000000,0.000040,0.999959,0.000001
10298,1,1,0.000003,0.999994,0.000003,0.000001
23214,0,0,0.999996,0.000000,0.000000,0.000004
33057,0,0,0.999345,0.000000,0.000000,0.000655
8651,2,2,0.000000,0.000127,0.999867,0.000006
25154,0,0,0.999998,0.000000,0.000000,0.000002
7269,2,2,0.000000,0.000041,0.999959,0.000001
26594,0,0,0.999998,0.000000,0.000000,0.000002
33172,0,0,0.998920,0.000000,0.000000,0.001080
32271,0,0,0.999998,0.000000,0.000000,0.000002
16361,1,1,0.000007,0.999989,0.000001,0.000003
6749,2,2,0.000000,0.000066,0.999932,0.000002
24063,0,0,0.999998,0.000000,0.000000,0.000002
18606,1,1,0.000009,0.999984,0.000004,0.000004
27750,0,0,0.999998,0.000000,0.000000,0.000002
29341,0,0,0.999993,0.000000,0.000000,0.000007
14459,1,1,0.000000,0.999999,0.000000,0.000000
5724,3,3,0.018240,0.000019,0.000045,0.981696
25651,0,0,0.999998,0.000000,0.000000,0.000002
14476,1,1,0.000018,0.999971,0.000004,0.000008
14439,1,1,0.000001,0.999999,0.000000,0.000000
14030,1,1,0.000000,0.999999,0.000000,0.000000
8917,2,2,0.000000,0.000061,0.999937,0.000002
6463,3,3,0.011694,0.000019,0.000044,0.988244
27535,0,0,0.999997,0.000000,0.000000,0.000003
3984,3,3,0.000063,0.000006,0.000009,0.999922
6861,2,2,0.000000,0.000106,0.999891,0.000003
14613,1,1,0.000000,1.000000,0.000000,0.000000
20412,1,1,0.000008,0.999987,0.000003,0.000003
4964,3,3,0.000107,0.000018,0.000014,0.999861
15802,1,1,0.000002,0.999996,0.000001,0.000001
25118,0,0,0.999998,0.000000,0.000000,0.000002
29566,0,0,0.999995,0.000000,0.000000,0.000005
11699,1,1,0.000002,0.999996,0.000002,0.000000
27340,0,0,0.999999,0.000000,0.000000,0.000001
1747,3,3,0.000091,0.000016,0.000014,0.999880
24421,0,0,0.999998,0.000000,0.000000,0.000002
32446,0,0,0.999999,0.000000,0.000000,0.000001
22605,0,0,0.999998,0.000000,0.000000,0.000002
13827,1,1,0.000003,0.999995,0.000002,0.000001
8318,2,2,0.000000,0.000097,0.999900,0.000003
776,3,3,0.000074,0.000013,0.000012,0.999901
29471,0,0,0.999995,0.000000,0.000000,0.000005
19917,1,1,0.000010,0.999984,0.000003,0.000004
17945,1,1,0.000007,0.999988,0.000002,0.000003
2676,3,3,0.000291,0.000037,0.000043,0.999629
13590,1,1,0.000006,0.999989,0.000002,0.000002
17211,1,1,0.000015,0.999976,0.000003,0.000006
25976,0,0,0.999997,0.000000,0.000000,0.000003
4888,3,3,0.000039,0.000004,0.000007,0.999950
28100,0,0,0.999998,0.000000,0.000000,0.000002
9453,1,1,0.000006,0.999990,0.000002,0.000002
27744,0,0,0.999997,0.000000,0.000000,0.000003
29449,0,0,0.999995,0.000000,0.000000,0.000005
4578,3,3,0.000047,0.000005,0.000008,0.999940
29007,0,0,0.999997,0.000000,0.000000,0.000003
20585,1,1,0.000010,0.999983,0.000003,0.000004
29724,0,0,0.999997,0.000000,0.000000,0.000003
15988,1,1,0.000007,0.999988,0.000002,0.000003
6907,2,2,0.000000,0.000047,0.999952,0.000001
17415,1,1,0.000006,0.999990,0.000002,0.000002
25790,0,0,0.999998,0.000000,0.000000,0.000002
8800,2,2,0.000000,0.000174,0.999816,0.000009
11364,1,1,0.000001,0.999996,0.000002,0.000000
25960,0,0,0.999998,0.000000,0.000000,0.000002
24213,0,0,0.999997,0.000000,0.000000,0.000003
11389,1,1,0.000005,0.999988,0.000005,0.000002
15637,1,1,0.000003,0.999995,0.000001,0.000001
28946,0,0,0.999997,0.000000,0.000000,0.000003
6194,3,3,0.011677,0.000019,0.000044,0.988261
16227,1,1,0.000009,0.999986,0.000002,0.000004
9209,1,1,0.000003,0.999995,0.000001,0.000001
12416,1,1,0.000111,0.999676,0.000114,0.000098
26840,0,0,0.999998,0.000000,0.000000,0.000002
576,3,3,0.000211,0.000029,0.000030,0.999731
21446,0,0,0.999998,0.000000,0.000000,0.000002
6212,3,3,0.011549,0.000019,0.000044,0.988389
32189,0,0,0.999998,0.000000,0.000000,0.000002
7024,2,2,0.000000,0.000091,0.999907,0.000002
28799,0,0,0.999999,0.000000,0.000000,0.000001
29300,0,0,0.999998,0.000000,0.000000,0.000002
31296,0,0,0.999998,0.000000,0.000000,0.000002
12258,1,1,0.000006,0.999986,0.000006,0.000002
23818,0,0,0.999998,0.000000,0.000000,0.000002
26278,0,0,0.999998,0.000000,0.000000,0.000002
16211,1,1,0.000005,0.999992,0.000001,0.000002
25740,0,0,0.999998,0.000000,0.000000,0.000002
29233,0,0,0.999998,0.000000,0.000000,0.000002
16289,1,1,0.000004,0.999993,0.000001,0.000002
6447,3,3,0.011446,0.000019,0.000044,0.988492
2012,3,3,0.000184,0.000027,0.000029,0.999759
28815,0,0,0.999999,0.000000,0.000000,0.000001
17273,1,1,0.000011,0.999982,0.000002,0.000005
25821,0,0,0.999998,0.000000,0.000000,0.000002
15112,1,1,0.000001,0.999999,0.000000,0.000000
26066,0,0,0.999998,0.000000,0.000000,0.000002
674,3,3,0.000076,0.000011,0.000012,0.999901
21616,0,0,0.999997,0.000000,0.000000,0.000003
10962,1,1,0.000002,0.999995,0.000002,0.000001
16553,1,1,0.000007,0.999988,0.000002,0.000003
18697,1,1,0.000010,0.999983,0.000002,0.000004
14692,1,1,0.000001,0.999999,0.000000,0.000000
15271,1,1,0.000003,0.999996,0.000001,0.000001
7021,2,2,0.000000,0.000058,0.999941,0.000001
4102,3,3,0.000046,0.000006,0.000008,0.999941
17126,1,1,0.000005,0.999991,0.000001,0.000002
523,3,3,0.000088,0.000021,0.000030,0.999861
13285,1,1,0.000001,0.999999,0.000000,0.000000
23098,0,0,0.999998,0.000000,0.000000,0.000002
18491,1,1,0.000006,0.999991,0.000001,0.000002
63,3,3,0.000094,0.000019,0.000018,0.999869
9015,2,2,0.000000,0.000071,0.999927,0.000002
14578,1,1,0.000003,0.999995,0.000001,0.000001
8184,2,2,0.000000,0.000192,0.999799,0.000008
31077,0,0,0.999998,0.000000,0.000000,0.000002
19145,1,1,0.000032,0.999946,0.000006,0.000016
21329,1,1,0.000067,0.999886,0.000012,0.000036
17683,1,1,0.000021,0.999966,0.000004,0.000009
17117,1,1,0.000009,0.999985,0.000002,0.000004
12106,1,1,0.000025,0.999932,0.000033,0.000011
31053,0,0,0.999999,0.000000,0.000000,0.000001
33179,0,0,0.999044,0.000000,0.000000,0.000956
2136,3,3,0.000143,0.000037,0.000028,0.999792
29447,0,0,0.999994,0.000000,0.000000,0.000006
10564,1,1,0.000001,0.999998,0.000001,0.000000
24771,0,0,0.999998,0.000000,0.000000,0.000002
8600,2,2,0.000000,0.000067,0.999931,0.000002
2358,3,3,0.000066,0.000010,0.000010,0.999915
31279,0,0,0.999999,0.000000,0.000000,0.000001
7188,2,2,0.000000,0.000036,0.999964,0.000001
2309,3,3,0.000096,0.000016,0.000014,0.999875
14103,1,1,0.000001,0.999997,0.000001,0.000001
14605,1,1,0.000002,0.999997,0.000001,0.000001
9988,1,1,0.000004,0.999990,0.000005,0.000001
13540,1,1,0.000003,0.999995,0.000001,0.000001
27686,0,0,0.999997,0.000000,0.000000,0.000003
4151,3,3,0.000080,0.000009,0.000013,0.999898
6302,3,3,0.012281,0.000019,0.000044,0.987656
25399,0,0,0.999996,0.000000,0.000000,0.000004
20674,1,1,0.000007,0.999989,0.000002,0.000003
9312,1,1,0.000003,0.999995,0.000001,0.000001
5112,3,3,0.000246,0.000038,0.000036,0.999680
9103,2,2,0.000000,0.000084,0.999913,0.000003
18434,1,1,0.000006,0.999990,0.000002,0.000002
14416,1,1,0.000009,0.999983,0.000005,0.000004
13458,1,1,0.000008,0.999986,0.000003,0.000003
11833,1,1,0.000007,0.999985,0.000007,0.000002
1781,3,3,0.000208,0.000056,0.000029,0.999708
28955,0,0,0.999999,0.000000,0.000000,0.000001
16911,1,1,0.000009,0.999985,0.000002,0.000004
169,3,3,0.000074,0.000008,0.000011,0.999907
15189,1,1,0.000001,0.999998,0.000001,0.000000
23140,0,0,0.999997,0.000000,0.000000,0.000003
20157,1,1,0.000003,0.999995,0.000001,0.000001
22674,0,0,0.999997,0.000000,0.000000,0.000003
20902,1,1,0.000006,0.999990,0.000001,0.000002
13065,1,1,0.000001,0.999998,0.000000,0.000000
22236,0,0,0.999996,0.000000,0.000000,0.000004
11454,1,1,0.000003,0.999994,0.000003,0.000001
31858,0,0,0.999998,0.000000,0.000000,0.000002
18959,1,1,0.000007,0.999988,0.000002,0.000003
27733,0,0,0.999998,0.000000,0.000000,0.000002
2439,3,3,0.000098,0.000010,0.000014,0.999878
9826,1,1,0.000002,0.999994,0.000003,0.000001
2011,3,3,0.000208,0.000029,0.000032,0.999731
18045,1,1,0.000005,0.999992,0.000001,0.000002
28058,0,0,0.999999,0.000000,0.000000,0.000001
28264,0,0,0.999998,0.000000,0.000000,0.000002
11458,1,1,0.000002,0.999996,0.000002,0.000000
6453,3,3,0.011377,0.000019,0.000044,0.988561
8538,2,2,0.000000,0.000179,0.999811,0.000010
10753,1,1,0.000002,0.999996,0.000002,0.000001
19715,1,1,0.000005,0.999991,0.000001,0.000002
12676,1,1,0.000004,0.999991,0.000004,0.000001
26469,0,0,0.999998,0.000000,0.000000,0.000002
16406,1,1,0.000012,0.999980,0.000003,0.000005
11089,1,1,0.000002,0.999996,0.000002,0.000000
1746,3,3,0.000078,0.000012,0.000012,0.999897
7669,2,2,0.000000,0.000042,0.999957,0.000001
7743,2,2,0.000000,0.000057,0.999941,0.000001
9253,1,1,0.000010,0.999983,0.000003,0.000004
1302,3,3,0.000231,0.000071,0.000041,0.999656
21496,0,0,0.999999,0.000000,0.000000,0.000001
18410,1,1,0.000011,0.999982,0.000002,0.000005
8602,2,2,0.000000,0.000128,0.999866,0.000005
27802,0,0,0.999997,0.000000,0.000000,0.000003
26841,0,0,0.999998,0.000000,0.000000,0.000002
8434,2,2,0.000000,0.000218,0.999769,0.000013
19352,1,1,0.000017,0.999972,0.000003,0.000008
21524,0,0,0.999997,0.000000,0.000000,0.000003
13871,1,1,0.000006,0.999990,0.000002,0.000002
4652,3,3,0.000062,0.000009,0.000010,0.999918
25570,0,0,0.999997,0.000000,0.000000,0.000003
24072,0,0,0.999999,0.000000,0.000000,0.000001
10914,1,1,0.000004,0.999991,0.000004,0.000001
21022,1,1,0.000011,0.999981,0.000004,0.000005
1187,3,3,0.000189,0.000045,0.000024,0.999741
32018,0,0,0.999998,0.000000,0.000000,0.000002
15483,1,1,0.000003,0.999995,0.000001,0.000001
28599,0,0,0.999999,0.000000,0.000000,0.000001
30186,0,0,0.999997,0.000000,0.000000,0.000003
29152,0,0,0.999998,0.000000,0.000000,0.000002
24898,0,0,0.999997,0.000000,0.000000,0.000003
30396,0,0,0.999997,0.000000,0.000000,0.000003
6456,3,3,0.011252,0.000019,0.000044,0.988685
7411,2,2,0.000000,0.000101,0.999896,0.000003
337,3,3,0.000057,0.000008,0.000011,0.999924
31251,0,0,0.999999,0.000000,0.000000,0.000001
21662,0,0,0.999998,0.000000,0.000000,0.000002
14270,1,1,0.000006,0.999990,0.000001,0.000003
17444,1,1,0.000011,0.999982,0.000002,0.000005
26474,0,0,0.999998,0.000000,0.000000,0.000002
17812,1,1,0.000005,0.999992,0.000001,0.000002
3544,3,3,0.000052,0.000005,0.000009,0.999934
11577,1,1,0.000002,0.999995,0.000002,0.000001
16640,1,1,0.000006,0.999990,0.000002,0.000002
16595,1,1,0.000008,0.999988,0.000002,0.000003
21966,0,0,0.999997,0.000000,0.000000,0.000003
15700,1,1,0.000001,0.999998,0.000000,0.000000
31820,0,0,0.999999,0.000000,0.000000,0.000001
5094,3,3,0.000066,0.000009,0.000010,0.999916
25035,0,0,0.999998,0.000000,0.000000,0.000002
31852,0,0,0.999998,0.000000,0.000000,0.000002
14452,1,1,0.000002,0.999996,0.000001,0.000001
11530,1,1,0.000003,0.999993,0.000003,0.000001
19243,1,1,0.000008,0.999986,0.000002,0.000003
31613,0,0,0.999998,0.000000,0.000000,0.000002
22681,0,0,0.999998,0.000000,0.000000,0.000002
10770,1,1,0.000003,0.999992,0.000004,0.000001
24630,0,0,0.999997,0.000000,0.000000,0.000003
11321,1,1,0.000002,0.999995,0.000002,0.000001
30096,0,0,0.999999,0.000000,0.000000,0.000001
17946,1,1,0.000004,0.999993,0.000001,0.000002
25618,0,0,0.999997,0.000000,0.000000,0.000003
4416,3,3,0.000062,0.000009,0.000011,0.999918
7203,2,2,0.000000,0.000086,0.999911,0.000002
23669,0,0,0.999998,0.000000,0.000000,0.000002
11085,1,1,0.000003,0.999994,0.000003,0.000001
25045,0,0,0.999998,0.000000,0.000000,0.000002
3425,3,3,0.000055,0.000007,0.000009,0.999929
32149,0,0,0.999999,0.000000,0.000000,0.000001
15047,1,1,0.000001,0.999999,0.000000,0.000000
20023,1,1,0.000004,0.999994,0.000001,0.000001
9864,1,1,0.000001,0.999996,0.000002,0.000000
28417,0,0,0.999998,0.000000,0.000000,0.000002
5954,3,3,0.010659,0.000019,0.000044,0.989279
397,3,3,0.000040,0.000005,0.000008,0.999947
28885,0,0,0.999996,0.000000,0.000000,0.000004
28493,0,0,0.999998,0.000000,0.000000,0.000002
11709,1,1,0.000005,0.999987,0.000005,0.000002
5091,3,3,0.000063,0.000010,0.000008,0.999919
6724,2,2,0.000000,0.000054,0.999944,0.000001
12022,1,1,0.000004,0.999990,0.000004,0.000001
32258,0,0,0.999998,0.000000,0.000000,0.000002
14330,1,1,0.000002,0.999997,0.000001,0.000001
7689,2,2,0.000000,0.000085,0.999913,0.000002
13528,1,1,0.000002,0.999996,0.000001,0.000001
15097,1,1,0.000001,0.999997,0.000001,0.000000
25524,0,0,0.999997,0.000000,0.000000,0.000003
25749,0,0,0.999998,0.000000,0.000000,0.000002
22357,0,0,0.999997,0.000000,0.000000,0.000003
23124,0,0,0.999995,0.000000,0.000000,0.000005
11138,1,1,0.000002,0.999996,0.000002,0.000000
26599,0,0,0.999997,0.000000,0.000000,0.000003
31728,0,0,0.999998,0.000000,0.000000,0.000002
11210,1,1,0.000003,0.999993,0.000003,0.000001
19720,1,1,0.000003,0.999995,0.000001,0.000001
19085,1,1,0.000004,0.999993,0.000001,0.000002
23039,0,0,0.999997,0.000000,0.000000,0.000003
26533,0,0,0.999998,0.000000,0.000000,0.000002
17217,1,1,0.000006,0.999990,0.000001,0.000002
12788,1,1,0.000002,0.999996,0.000002,0.000000
8693,2,2,0.000000,0.000121,0.999874,0.000005
31653,0,0,0.999998,0.000000,0.000000,0.000002
3027,3,3,0.000100,0.000013,0.000014,0.999873
327,3,3,0.000068,0.000008,0.000010,0.999914
13058,1,1,0.000001,0.999998,0.000000,0.000000
29543,0,0,0.999998,0.000000,0.000000,0.000002
4344,3,3,0.000067,0.000007,0.000010,0.999916
22371,0,0,0.999996,0.000000,0.000000,0.000004
5243,3,3,0.027821,0.000019,0.000044,0.972116
25579,0,0,0.999997,0.000000,0.000000,0.000002
21943,0,0,0.999998,0.000000,0.000000,0.000002
21832,0,0,0.999997,0.000000,0.000000,0.000003
3949,3,3,0.000047,0.000004,0.000008,0.999941
7172,2,2,0.000000,0.000070,0.999928,0.000002
13991,1,1,0.000001,0.999998,0.000000,0.000000
32312,0,0,0.999999,0.000000,0.000000,0.000001
29825,0,0,0.999999,0.000000,0.000000,0.000001
409,3,3,0.000039,0.000005,0.000007,0.999949
15826,1,1,0.000006,0.999990,0.000002,0.000002
12113,1,1,0.000003,0.999993,0.000003,0.000001
24086,0,0,0.999997,0.000000,0.000000,0.000002
11620,1,1,0.000002,0.999995,0.000002,0.000001
11953,1,1,0.000003,0.999993,0.000003,0.000001
6410,3,3,0.011491,0.000019,0.000044,0.988447
29487,0,0,0.999999,0.000000,0.000000,0.000001
27368,0,0,0.999998,0.000000,0.000000,0.000002
11176,1,1,0.000003,0.999992,0.000003,0.000001
31409,0,0,0.999998,0.000000,0.000000,0.000002
18453,1,1,0.000008,0.999987,0.000002,0.000003
26921,0,0,0.999998,0.000000,0.000000,0.000002
13053,1,1,0.000002,0.999997,0.000001,0.000001
31214,0,0,0.999999,0.000000,0.000000,0.000001
13306,1,1,0.000001,0.999999,0.000000,0.000000
33043,0,0,0.999408,0.000000,0.000000,0.000592
24070,0,0,0.999998,0.000000,0.000000,0.000002
15919,1,1,0.000019,0.999969,0.000004,0.000008
25659,0,0,0.999998,0.000000,0.000000,0.000002
23030,0,0,0.999997,0.000000,0.000000,0.000003
11361,1,1,0.000002,0.999996,0.000002,0.000000
16944,1,1,0.000009,0.999986,0.000002,0.000004
32897,0,0,0.999419,0.000000,0.000000,0.000581
483,3,3,0.000050,0.000007,0.000006,0.999937
18939,1,1,0.000003,0.999995,0.000001,0.000001
25946,0,0,0.999998,0.000000,0.000000,0.000002
8615,2,2,0.000000,0.000158,0.999835,0.000007
2796,3,3,0.000092,0.000014,0.000016,0.999878
7408,2,2,0.000000,0.000051,0.999948,0.000001
12745,1,1,0.000239,0.999192,0.000257,0.000312
723,3,3,0.000072,0.000012,0.000013,0.999904
9891,1,1,0.000002,0.999996,0.000002,0.000000
28636,0,0,0.999997,0.000000,0.000000,0.000003
16569,1,1,0.000006,0.999990,0.000001,0.000002
3062,3,3,0.000177,0.000019,0.000026,0.999778
16639,1,1,0.000009,0.999985,0.000002,0.000004
31932,0,0,0.999998,0.000000,0.000000,0.000002
3995,3,3,0.000066,0.000010,0.000011,0.999914
31380,0,0,0.999999,0.000000,0.000000,0.000001
4356,3,3,0.000043,0.000005,0.000007,0.999945
15744,1,1,0.000006,0.999989,0.000002,0.000002
5723,3,3,0.020259,0.000019,0.000045,0.979677
4515,3,3,0.000063,0.000008,0.000010,0.999920
8141,2,2,0.000000,0.000045,0.999954,0.000001
4063,3,3,0.000088,0.000015,0.000015,0.999882
19765,1,1,0.000009,0.999985,0.000002,0.000004
2525,3,3,0.000066,0.000010,0.000010,0.999915
16422,1,1,0.000009,0.999986,0.000002,0.000003
10717,1,1,0.000002,0.999995,0.000002,0.000001
3641,3,3,0.000062,0.000007,0.000011,0.999920
11931,1,1,0.000016,0.999963,0.000014,0.000007
9955,1,1,0.000003,0.999992,0.000004,0.000001
30455,0,0,0.999998,0.000000,0.000000,0.000002
31565,0,0,0.999998,0.000000,0.000000,0.000002
2260,3,3,0.000219,0.000011,0.000021,0.999749
25779,0,0,0.999997,0.000000,0.000000,0.000003
9934,1,1,0.000006,0.999985,0.000007,0.000002
17799,1,1,0.000006,0.999990,0.000001,0.000003
11324,1,1,0.000001,0.999997,0.000001,0.000000
23084,0,0,0.999986,0.000000,0.000000,0.000014
2070,3,3,0.000459,0.000003,0.000010,0.999528
21722,0,0,0.999998,0.000000,0.000000,0.000002
8818,2,2,0.000000,0.000085,0.999912,0.000003
31302,0,0,0.999998,0.000000,0.000000,0.000002
8594,2,2,0.000000,0.000058,0.999941,0.000001
28846,0,0,0.999998,0.000000,0.000000,0.000002
9658,1,1,0.000002,0.999997,0.000000,0.000001
13592,1,1,0.000001,0.999998,0.000000,0.000000
8302,2,2,0.000000,0.000050,0.999949,0.000001
5980,3,3,0.010845,0.000019,0.000044,0.989093
29251,0,0,0.999998,0.000000,0.000000,0.000002
9794,1,1,0.000003,0.999993,0.000003,0.000001
565,3,3,0.000179,0.000039,0.000042,0.999740
10783,1,1,0.000005,0.999988,0.000005,0.000002
17013,1,1,0.000014,0.999978,0.000003,0.000006
12965,1,1,0.000001,0.999999,0.000000,0.000000
9729,1,1,0.000003,0.999994,0.000003,0.000001
30482,0,0,0.999997,0.000000,0.000000,0.000003
8513,2,2,0.000000,0.000136,0.999859,0.000006
21153,1,1,0.000006,0.999991,0.000001,0.000002
26023,0,0,0.999997,0.000000,0.000000,0.000003
17398,1,1,0.000005,0.999992,0.000001,0.000002
21593,0,0,0.999997,0.000000,0.000000,0.000003
14769,1,1,0.000001,0.999999,0.000000,0.000000
19591,1,1,0.000006,0.999990,0.000002,0.000002
1939,3,3,0.000073,0.000012,0.000010,0.999905
18818,1,1,0.000010,0.999984,0.000002,0.000004
14859,1,1,0.000009,0.999983,0.000005,0.000004
3807,3,3,0.000069,0.000010,0.000011,0.999910
3952,3,3,0.000046,0.000005,0.000008,0.999941
28198,0,0,0.999997,0.000000,0.000000,0.000003
10086,1,1,0.000002,0.999994,0.000003,0.000001
33257,0,0,0.998593,0.000000,0.000000,0.001407
26420,0,0,0.999997,0.000000,0.000000,0.000003
8523,2,2,0.000000,0.000048,0.999951,0.000001
23233,0,0,0.999997,0.000000,0.000000,0.000003
17060,1,1,0.000006,0.999990,0.000002,0.000002
10934,1,1,0.000002,0.999996,0.000002,0.000000
25884,0,0,0.999998,0.000000,0.000000,0.000002
7217,2,2,0.000000,0.000046,0.999953,0.000001
23794,0,0,0.999998,0.000000,0.000000,0.000002
3797,3,3,0.000093,0.000012,0.000015,0.999879
11853,1,1,0.000004,0.999992,0.000004,0.000001
30907,0,0,0.999999,0.000000,0.000000,0.000001
14702,1,1,0.000004,0.999992,0.000002,0.000001
22218,0,0,0.999997,0.000000,0.000000,0.000003
11940,1,1,0.000005,0.999990,0.000004,0.000002
11394,1,1,0.000005,0.999989,0.000005,0.000001
17932,1,1,0.000009,0.999985,0.000002,0.000004
18436,1,1,0.000009,0.999985,0.000002,0.000004
4205,3,3,0.000064,0.000009,0.000011,0.999916
27797,0,0,0.999997,0.000000,0.000000,0.000003
27292,0,0,0.999998,0.000000,0.000000,0.000002
9206,1,1,0.000006,0.999990,0.000002,0.000002
1972,3,3,0.000114,0.000008,0.000015,0.999862
6350,3,3,0.012704,0.000019,0.000044,0.987233
12460,1,1,0.000016,0.999965,0.000013,0.000006
11470,1,1,0.000002,0.999995,0.000002,0.000001
16938,1,1,0.000008,0.999987,0.000002,0.000003
14601,1,1,0.000000,0.999999,0.000000,0.000000
31340,0,0,0.999998,0.000000,0.000000,0.000002
6974,2,2,0.000000,0.000095,0.999902,0.000003
33053,0,0,0.999427,0.000000,0.000000,0.000573
22556,0,0,0.999997,0.000000,0.000000,0.000003
4760,3,3,0.000147,0.000027,0.000024,0.999801
16435,1,1,0.000013,0.999979,0.000003,0.000006
20250,1,1,0.000010,0.999983,0.000003,0.000004
8505,2,2,0.000000,0.000114,0.999881,0.000005
25836,0,0,0.999998,0.000000,0.000000,0.000002
4548,3,3,0.000082,0.000014,0.000014,0.999891
24411,0,0,0.999998,0.000000,0.000000,0.000002
7279,2,2,0.000000,0.000029,0.999971,0.000000
30050,0,0,0.999998,0.000000,0.000000,0.000002
16303,1,1,0.000008,0.999987,0.000002,0.000003
28184,0,0,0.999997,0.000000,0.000000,0.000003
21194,1,1,0.000014,0.999977,0.000003,0.000006
16701,1,1,0.000011,0.999982,0.000002,0.000005
24431,0,0,0.999997,0.000000,0.000000,0.000003
24202,0,0,0.999999,0.000000,0.000000,0.000001
11538,1,1,0.000002,0.999994,0.000002,0.000001
10313,1,1,0.000004,0.999991,0.000004,0.000001
3974,3,3,0.000081,0.000015,0.000017,0.999887
4965,3,3,0.000127,0.000019,0.000016,0.999838
20918,1,1,0.000005,0.999992,0.000001,0.000002
13242,1,1,0.000023,0.999961,0.000005,0.000011
18122,1,1,0.000003,0.999995,0.000001,0.000001
29121,0,0,0.999998,0.000000,0.000000,0.000002
24122,0,0,0.999998,0.000000,0.000000,0.000002
26500,0,0,0.999997,0.000000,0.000000,0.000003
20356,1,1,0.000010,0.999983,0.000002,0.000004
12366,1,1,0.000003,0.999992,0.000004,0.000001
20862,1,1,0.000024,0.999961,0.000004,0.000012
11472,1,1,0.000002,0.999996,0.000002,0.000001
10560,1,1,0.000002,0.999994,0.000003,0.000001
30830,0,0,0.999998,0.000000,0.000000,0.000002
1025,3,3,0.000085,0.000016,0.000017,0.999881
5947,3,3,0.010472,0.000019,0.000044,0.989466
13456,1,1,0.000005,0.999992,0.000002,0.000002
23665,0,0,0.999998,0.000000,0.000000,0.000002
629,3,3,0.000078,0.000011,0.000011,0.999900
21382,1,1,0.000049,0.999919,0.000007,0.000025
32870,0,0,0.998936,0.000000,0.000000,0.001063
10697,1,1,0.000002,0.999994,0.000003,0.000001
9375,1,1,0.000006,0.999991,0.000002,0.000002
3723,3,3,0.000048,0.000006,0.000009,0.999937
11479,1,1,0.000004,0.999990,0.000004,0.000001
25828,0,0,0.999998,0.000000,0.000000,0.000002
7843,2,2,0.000000,0.000106,0.999890,0.000004
9041,2,2,0.000000,0.000042,0.999957,0.000001
5946,3,3,0.010324,0.000019,0.000044,0.989614
3111,3,3,0.000086,0.000015,0.000014,0.999885
11857,1,1,0.000002,0.999996,0.000002,0.000001
8166,2,2,0.000000,0.000051,0.999948,0.000001
23150,0,0,0.999998,0.000000,0.000000,0.000002
15740,1,1,0.000004,0.999994,0.000001,0.000001
26927,0,0,0.999998,0.000000,0.000000,0.000002
30378,0,0,0.999998,0.000000,0.000000,0.000002
1231,3,3,0.000054,0.000007,0.000009,0.999931
416,3,3,0.000058,0.000009,0.000010,0.999923
20698,1,1,0.000010,0.999983,0.000002,0.000004
28864,0,0,0.999996,0.000000,0.000000,0.000004
4673,3,3,0.000051,0.000007,0.000009,0.999933
22453,0,0,0.999996,0.000000,0.000000,0.000004
3663,3,3,0.000048,0.000004,0.000008,0.999939
29960,0,0,0.999998,0.000000,0.000000,0.000002
23027,0,0,0.999997,0.000000,0.000000,0.000003
18713,1,1,0.000013,0.999978,0.000004,0.000006
28736,0,0,0.999999,0.000000,0.000000,0.000001
4606,3,3,0.000047,0.000006,0.000008,0.999939
28490,0,0,0.999998,0.000000,0.000000,0.000002
14216,1,1,0.000000,0.999999,0.000000,0.000000
11504,1,1,0.000002,0.999996,0.000002,0.000000
5278,3,3,0.027436,0.000018,0.000044,0.972502
24985,0,0,0.999998,0.000000,0.000000,0.000002
14446,1,1,0.000000,0.999999,0.000000,0.000000
22078,0,0,0.999998,0.000000,0.000000,0.000002
11341,1,1,0.000003,0.999992,0.000004,0.000001
30752,0,0,0.999998,0.000000,0.000000,0.000002
18216,1,1,0.000006,0.999990,0.000001,0.000002
28935,0,0,0.999997,0.000000,0.000000,0.000003
26264,0,0,0.999998,0.000000,0.000000,0.000002
2026,3,3,0.000059,0.000005,0.000008,0.999928
16902,1,1,0.000008,0.999987,0.000002,0.000003
8421,2,2,0.000000,0.000040,0.999959,0.000001
24565,0,0,0.999997,0.000000,0.000000,0.000003
32332,0,0,0.999998,0.000000,0.000000,0.000002
25001,0,0,0.999998,0.000000,0.000000,0.000002
1835,3,3,0.000093,0.000012,0.000013,0.999882
19186,1,1,0.000005,0.999993,0.000001,0.000002
5874,3,3,0.010806,0.000019,0.000044,0.989131
10556,1,1,0.000003,0.999993,0.000003,0.000001
12849,1,1,0.000003,0.999994,0.000003,0.000001
7644,2,2,0.000000,0.000059,0.999939,0.000001
29261,0,0,0.999998,0.000000,0.000000,0.000002
6094,3,3,0.011485,0.000019,0.000044,0.988452
18343,1,1,0.000006,0.999990,0.000002,0.000002
9061,2,2,0.000000,0.000073,0.999925,0.000002
3303,3,3,0.000094,0.000017,0.000017,0.999873
1641,3,3,0.000129,0.000027,0.000020,0.999825
15083,1,1,0.000000,1.000000,0.000000,0.000000
24529,0,0,0.999997,0.000000,0.000000,0.000003
20592,1,1,0.000005,0.999992,0.000001,0.000002
23304,0,0,0.999997,0.000000,0.000000,0.000003
7477,2,2,0.000000,0.000076,0.999922,0.000002
6954,2,2,0.000000,0.000048,0.999951,0.000001
5213,3,3,0.029218,0.000019,0.000044,0.970719
26123,0,0,0.999998,0.000000,0.000000,0.000002
28010,0,0,0.999998,0.000000,0.000000,0.000002
6156,3,3,0.011306,0.000019,0.000044,0.988632
10000,1,1,0.000006,0.999986,0.000006,0.000002
5054,3,3,0.000087,0.000014,0.000016,0.999883
19617,1,1,0.000017,0.999969,0.000006,0.000008
16480,1,1,0.000008,0.999986,0.000002,0.000003
3907,3,3,0.000060,0.000009,0.000010,0.999921
2142,3,0,0.999979,0.000000,0.000000,0.000021
6141,3,3,0.010980,0.000019,0.000044,0.988957
15948,1,1,0.000005,0.999991,0.000001,0.000002
2430,3,3,0.000174,0.000026,0.000026,0.999773
13883,1,1,0.000041,0.999932,0.000006,0.000021
22639,0,0,0.999997,0.000000,0.000000,0.000003
18267,1,1,0.000008,0.999988,0.000002,0.000003
12399,1,1,0.000002,0.999995,0.000002,0.000001
7438,2,2,0.000000,0.000057,0.999942,0.000001
27261,0,0,0.999999,0.000000,0.000000,0.000001
24780,0,0,0.999998,0.000000,0.000000,0.000002
20121,1,1,0.000006,0.999990,0.000002,0.000002
17039,1,1,0.000006,0.999990,0.000001,0.000002
19802,1,1,0.000015,0.999974,0.000004,0.000007
29240,0,0,0.999998,0.000000,0.000000,0.000002
11137,1,1,0.000002,0.999995,0.000002,0.000001
24058,0,0,0.999998,0.000000,0.000000,0.000002
5250,3,3,0.028026,0.000019,0.000044,0.971911
11063,1,1,0.000006,0.999985,0.000006,0.000002
3745,3,3,0.000055,0.000008,0.000010,0.999926
15410,1,1,0.000003,0.999995,0.000001,0.000001
6786,2,2,0.000000,0.000074,0.999925,0.000002
299,3,3,0.000065,0.000010,0.000013,0.999912
12588,1,1,0.000002,0.999995,0.000003,0.000001
7448,2,2,0.000000,0.000035,0.999965,0.000001
14132,1,1,0.000001,0.999998,0.000000,0.000000
10250,1,1,0.000002,0.999994,0.000003,0.000001
9910,1,1,0.000003,0.999992,0.000004,0.000001
31921,0,0,0.999998,0.000000,0.000000,0.000002
32565,0,0,0.999998,0.000000,0.000000,0.000002
26260,0,0,0.999998,0.000000,0.000000,0.000002
8875,2,2,0.000000,0.000044,0.999955,0.000001
9113,2,2,0.000000,0.000062,0.999936,0.000002
19326,1,1,0.000012,0.999979,0.000003,0.000005
31945,0,0,0.999998,0.000000,0.000000,0.000002
82,3,3,0.000055,0.000007,0.000008,0.999930
8220,2,2,0.000000,0.000055,0.999944,0.000001
31734,0,0,0.999999,0.000000,0.000000,0.000001
26015,0,0,0.999998,0.000000,0.000000,0.000002
29074,0,0,0.999997,0.000000,0.000000,0.000002
21102,1,1,0.000010,0.999983,0.000002,0.000004
20161,1,1,0.000011,0.999982,0.000003,0.000005
1754,3,3,0.000054,0.000008,0.000009,0.999929
14929,1,1,0.000001,0.999999,0.000000,0.000000
5111,3,3,0.000283,0.000052,0.000044,0.999620
3911,3,3,0.000068,0.000009,0.000012,0.999911
3120,3,3,0.000082,0.000015,0.000013,0.999889
4645,3,3,0.000066,0.000010,0.000009,0.999914
2706,3,3,0.000061,0.000009,0.000009,0.999921
1583,3,3,0.000290,0.000039,0.000037,0.999634
12673,1,1,0.000003,0.999992,0.000004,0.000001
26804,0,0,0.999998,0.000000,0.000000,0.000002
981,3,3,0.000182,0.000049,0.000039,0.999729
16351,1,1,0.000009,0.999985,0.000002,0.000004
16775,1,1,0.000006,0.999990,0.000001,0.000002
22001,0,0,0.999997,0.000000,0.000000,0.000003
21903,0,0,0.999997,0.000000,0.000000,0.000003
18352,1,1,0.000010,0.999983,0.000002,0.000004
3157,3,3,0.000111,0.000022,0.000017,0.999850
9922,1,1,0.000003,0.999993,0.000003,0.000001
31848,0,0,0.999998,0.000000,0.000000,0.000002
14804,1,1,0.000019,0.999965,0.000007,0.000009
705,3,3,0.000039,0.000005,0.000008,0.999948
14820,1,1,0.000006,0.999990,0.000002,0.000002
32067,0,0,0.999999,0.000000,0.000000,0.000001
32659,0,0,0.999999,0.000000,0.000000,0.000001
20993,1,1,0.000006,0.999990,0.000002,0.000003
6280,3,3,0.011638,0.000019,0.000044,0.988299
30883,0,0,0.999999,0.000000,0.000000,0.000001
25126,0,0,0.999998,0.000000,0.000000,0.000002
1722,3,3,0.000067,0.000011,0.000009,0.999912
19507,1,1,0.000008,0.999987,0.000002,0.000003
19876,1,1,0.000004,0.999994,0.000001,0.000001
7985,2,2,0.000000,0.000052,0.999947,0.000001
6058,3,3,0.011483,0.000019,0.000044,0.988454
17057,1,1,0.000005,0.999992,0.000001,0.000002
26834,0,0,0.999998,0.000000,0.000000,0.000002
12688,1,1,0.000003,0.999993,0.000003,0.000001
7506,2,2,0.000000,0.000050,0.999949,0.000001
15966,1,1,0.000004,0.999993,0.000001,0.000002
23857,0,0,0.999997,0.000000,0.000000,0.000003
23504,0,0,0.999998,0.000000,0.000000,0.000002
24358,0,0,0.999997,0.000000,0.000000,0.000003
30626,0,0,0.999998,0.000000,0.000000,0.000002
9225,1,1,0.000064,0.999876,0.000024,0.000036
32698,0,0,0.999999,0.000000,0.000000,0.000001
30315,0,0,0.999998,0.000000,0.000000,0.000002
1973,3,3,0.000143,0.000010,0.000017,0.999830
1400,3,3,0.000701,0.000417,0.000063,0.998819
17985,1,1,0.000005,0.999991,0.000002,0.000002
32231,0,0,0.999997,0.000000,0.000000,0.000003
7939,2,2,0.000000,0.000038,0.999961,0.000001
27747,0,0,0.999998,0.000000,0.000000,0.000002
25823,0,0,0.999998,0.000000,0.000000,0.000002
3698,3,3,0.000062,0.000008,0.000010,0.999920
13424,1,1,0.000002,0.999997,0.000001,0.000001
21337,1,1,0.000123,0.999607,0.000193,0.000076
26854,0,0,0.999998,0.000000,0.000000,0.000002
12360,1,1,0.000003,0.999992,0.000003,0.000001
33136,0,0,0.999179,0.000000,0.000000,0.000821
1602,3,3,0.000067,0.000011,0.000009,0.999912
443,3,3,0.000070,0.000011,0.000018,0.999902
3063,3,3,0.000097,0.000010,0.000015,0.999878
5205,3,3,0.028463,0.000019,0.000044,0.971475
6538,3,3,0.000218,0.000046,0.000035,0.999701
4439,3,3,0.000065,0.000005,0.000009,0.999921
15148,1,1,0.000002,0.999997,0.000001,0.000001
32833,0,0,0.999998,0.000000,0.000000,0.000002
30234,0,0,0.999999,0.000000,0.000000,0.000001
4853,3,3,0.000056,0.000006,0.000009,0.999929
4358,3,3,0.000046,0.000006,0.000007,0.999940
16881,1,1,0.000005,0.999992,0.000001,0.000002
25566,0,0,0.999997,0.000000,0.000000,0.000003
3265,3,3,0.000316,0.000060,0.000045,0.999578
1238,3,3,0.000092,0.000014,0.000017,0.999876
26240,0,0,0.999998,0.000000,0.000000,0.000002
24235,0,0,0.999998,0.000000,0.000000,0.000002
22431,0,0,0.999993,0.000000,0.000000,0.000007
10677,1,1,0.000003,0.999994,0.000003,0.000001
10941,1,1,0.000005,0.999987,0.000005,0.000002
11502,1,1,0.000004,0.999991,0.000004,0.000001
10708,1,1,0.000003,0.999994,0.000003,0.000001
5236,3,3,0.027798,0.000019,0.000044,0.972139
27533,0,0,0.999998,0.000000,0.000000,0.000002
29114,0,0,0.999999,0.000000,0.000000,0.000001
24569,0,0,0.999998,0.000000,0.000000,0.000002
23152,0,0,0.999998,0.000000,0.000000,0.000002
18129,1,1,0.000005,0.999992,0.000001,0.000002
9763,1,1,0.000003,0.999992,0.000003,0.000001
27278,0,0,0.999998,0.000000,0.000000,0.000002
16469,1,1,0.000014,0.999976,0.000004,0.000006
2057,3,3,0.000255,0.000036,0.000032,0.999676
8379,2,2,0.000000,0.000091,0.999907,0.000003
19874,1,1,0.000008,0.999986,0.000002,0.000003
11465,1,1,0.000003,0.999993,0.000003,0.000001
22732,0,0,0.999998,0.000000,0.000000,0.000002
11843,1,1,0.000003,0.999994,0.000003,0.000001
31622,0,0,0.999998,0.000000,0.000000,0.000002
20709,1,1,0.000017,0.999972,0.000004,0.000007
27345,0,0,0.999998,0.000000,0.000000,0.000002
8117,2,2,0.000000,0.000044,0.999956,0.000001
24685,0,0,0.999998,0.000000,0.000000,0.000002
3654,3,3,0.000051,0.000007,0.000009,0.999933
28765,0,0,0.999563,0.000000,0.000000,0.000437
23036,0,0,0.999997,0.000000,0.000000,0.000003
478,3,3,0.000157,0.000043,0.000020,0.999779
6352,3,3,0.011554,0.000019,0.000045,0.988382
24775,0,0,0.999998,0.000000,0.000000,0.000002
7122,2,2,0.000000,0.000035,0.999964,0.000001
5758,3,3,0.009000,0.000019,0.000044,0.990937
2194,3,3,0.000118,0.000008,0.000015,0.999858
7772,2,2,0.000000,0.000046,0.999953,0.000001
31733,0,0,0.999999,0.000000,0.000000,0.000001
31162,0,0,0.999999,0.000000,0.000000,0.000001
6979,2,2,0.000000,0.000107,0.999890,0.000003
22347,0,0,0.999996,0.000000,0.000000,0.000004
31708,0,0,0.999998,0.000000,0.000000,0.000002
10778,1,1,0.000005,0.999990,0.000004,0.000001
27921,0,0,0.999993,0.000000,0.000000,0.000007
755,3,3,0.000070,0.000012,0.000010,0.999908
29039,0,0,0.999997,0.000000,0.000000,0.000003
18002,1,1,0.000007,0.999988,0.000002,0.000003
1457,3,3,0.000716,0.000005,0.000014,0.999265
3459,3,3,0.000064,0.000006,0.000011,0.999919
4142,3,3,0.000056,0.000008,0.000008,0.999928
28874,0,0,0.999998,0.000000,0.000000,0.000002
24463,0,0,0.999998,0.000000,0.000000,0.000002
11254,1,1,0.000004,0.999990,0.000005,0.000001
11516,1,1,0.000004,0.999990,0.000005,0.000001
15497,1,1,0.000002,0.999997,0.000001,0.000001
10776,1,1,0.000002,0.999995,0.000002,0.000001
13319,1,1,0.000004,0.999994,0.000001,0.000001
2983,3,3,0.000073,0.000011,0.000011,0.999905
20493,1,1,0.000012,0.999980,0.000003,0.000005
31159,0,0,0.999999,0.000000,0.000000,0.000001
28587,0,0,0.999998,0.000000,0.000000,0.000002
23457,0,0,0.999997,0.000000,0.000000,0.000003
10719,1,1,0.000001,0.999996,0.000002,0.000000
8962,2,2,0.000000,0.000055,0.999943,0.000001
26711,0,0,0.999997,0.000000,0.000000,0.000002
14367,1,1,0.000000,0.999999,0.000000,0.000000
18683,1,1,0.000016,0.999973,0.000003,0.000007
24370,0,0,0.999998,0.000000,0.000000,0.000002
11160,1,1,0.000002,0.999996,0.000002,0.000001
31504,0,0,0.999998,0.000000,0.000000,0.000002
27406,0,0,0.999998,0.000000,0.000000,0.000002
20008,1,1,0.000021,0.999963,0.000006,0.000010
26507,0,0,0.999998,0.000000,0.000000,0.000002
20913,1,1,0.000011,0.999981,0.000003,0.000005
21143,1,1,0.000007,0.999989,0.000002,0.000003
32129,0,0,0.999998,0.000000,0.000000,0.000002
29397,0,0,0.999996,0.000000,0.000000,0.000004
10122,1,1,0.000001,0.999996,0.000002,0.000000
18850,1,1,0.000009,0.999986,0.000002,0.000004
19529,1,1,0.000025,0.999959,0.000005,0.000011
31294,0,0,0.999998,0.000000,0.000000,0.000002
12325,1,1,0.000003,0.999992,0.000004,0.000001
27862,0,0,0.999998,0.000000,0.000000,0.000002
24163,0,0,0.999998,0.000000,0.000000,0.000002
5721,3,3,0.019096,0.000019,0.000045,0.980840
31550,0,0,0.999997,0.000000,0.000000,0.000003
3781,3,3,0.000073,0.000010,0.000013,0.999904
16594,1,1,0.000005,0.999991,0.000001,0.000002
33184,0,0,0.999064,0.000000,0.000000,0.000936
5770,3,3,0.009758,0.000019,0.000044,0.990179
23929,0,0,0.999998,0.000000,0.000000,0.000002
27588,0,0,0.999998,0.000000,0.000000,0.000002
23981,0,0,0.999998,0.000000,0.000000,0.000002
9668,1,1,0.000001,0.999999,0.000000,0.000000
21264,1,1,0.000011,0.999982,0.000003,0.000005
19106,1,1,0.000012,0.999981,0.000002,0.000005
32664,0,0,0.999999,0.000000,0.000000,0.000001
27283,0,0,0.999998,0.000000,0.000000,0.000002
7376,2,2,0.000000,0.000036,0.999964,0.000001
29940,0,0,0.999996,0.000000,0.000000,0.000004
4610,3,3,0.000054,0.000007,0.000008,0.999931
11969,1,1,0.000005,0.999988,0.000005,0.000002
21552,0,0,0.999998,0.000000,0.000000,0.000002
969,3,3,0.000234,0.000063,0.000032,0.999670
7446,2,2,0.000000,0.000036,0.999963,0.000001
24129,0,0,0.999997,0.000000,0.000000,0.000003
14944,1,1,0.000001,0.999999,0.000000,0.000000
17015,1,1,0.000005,0.999992,0.000001,0.000002
19378,1,1,0.000007,0.999989,0.000002,0.000003
22265,0,0,0.999997,0.000000,0.000000,0.000003
1297,3,3,0.000106,0.000021,0.000022,0.999851
25676,0,0,0.999997,0.000000,0.000000,0.000002
4871,3,3,0.000045,0.000006,0.000007,0.999942
28703,0,0,0.999997,0.000000,0.000000,0.000003
21991,0,0,0.999997,0.000000,0.000000,0.000003
19114,1,1,0.000008,0.999986,0.000002,0.000003
15343,1,1,0.000003,0.999995,0.000001,0.000001
10790,1,1,0.000002,0.999996,0.000002,0.000001
29868,0,0,0.999996,0.000000,0.000000,0.000004
24989,0,0,0.999998,0.000000,0.000000,0.000002
29384,0,0,0.999998,0.000000,0.000000,0.000002
11481,1,1,0.000002,0.999995,0.000002,0.000000
15726,1,1,0.000001,0.999998,0.000001,0.000000
31439,0,0,0.999998,0.000000,0.000000,0.000002
12574,1,1,0.000002,0.999994,0.000003,0.000001
7363,2,2,0.000000,0.000034,0.999966,0.000001
1444,3,3,0.000347,0.000011,0.000022,0.999619
22005,0,0,0.999998,0.000000,0.000000,0.000002
17746,1,1,0.000018,0.999970,0.000004,0.000008
6230,3,3,0.011631,0.000019,0.000044,0.988307
4991,3,3,0.000157,0.000029,0.000023,0.999792
23964,0,0,0.999998,0.000000,0.000000,0.000002
14774,1,1,0.000002,0.999997,0.000000,0.000001
5465,3,3,0.019015,0.000018,0.000043,0.980924
18131,1,1,0.000005,0.999992,0.000001,0.000002
19656,1,1,0.000006,0.999991,0.000001,0.000002
16337,1,1,0.000010,0.999984,0.000002,0.000004
32719,0,0,0.999998,0.000000,0.000000,0.000002
32487,0,0,0.999997,0.000000,0.000000,0.000003
14314,1,1,0.000005,0.999989,0.000003,0.000002
24712,0,0,0.999938,0.000000,0.000000,0.000062
17080,1,1,0.000012,0.999980,0.000003,0.000005
21783,0,0,0.999997,0.000000,0.000000,0.000003
2821,3,3,0.000077,0.000008,0.000011,0.999903
10585,1,1,0.000003,0.999993,0.000003,0.000001
20280,1,1,0.000024,0.999960,0.000005,0.000011
5868,3,3,0.010850,0.000019,0.000044,0.989088
18446,1,1,0.000018,0.999970,0.000004,0.000008
26053,0,0,0.999999,0.000000,0.000000,0.000001
10183,1,1,0.000003,0.999994,0.000003,0.000001
1119,3,3,0.000062,0.000009,0.000011,0.999917
10820,1,1,0.000003,0.999993,0.000003,0.000001
24632,0,0,0.999998,0.000000,0.000000,0.000002
4110,3,3,0.000083,0.000013,0.000015,0.999889
32221,0,0,0.999998,0.000000,0.000000,0.000002
17668,1,1,0.000008,0.999987,0.000002,0.000003
31568,0,0,0.999998,0.000000,0.000000,0.000002
15796,1,1,0.000004,0.999993,0.000001,0.000002
29953,0,0,0.999995,0.000000,0.000000,0.000005
3954,3,3,0.000051,0.000006,0.000008,0.999935
4894,3,3,0.000054,0.000009,0.000010,0.999927
1875,3,3,0.000053,0.000007,0.000009,0.999930
710,3,3,0.000047,0.000007,0.000011,0.999936
18224,1,1,0.000004,0.999993,0.000001,0.000002
10712,1,1,0.000004,0.999990,0.000004,0.000001
72,3,3,0.000109,0.000017,0.000017,0.999856
26811,0,0,0.999998,0.000000,0.000000,0.000002
6561,3,3,0.098575,0.000020,0.000047,0.901358
17757,1,1,0.000008,0.999987,0.000002,0.000003
25890,0,0,0.999998,0.000000,0.000000,0.000002
508,3,3,0.000109,0.000022,0.000023,0.999846
23256,0,0,0.999998,0.000000,0.000000,0.000002
17992,1,1,0.000023,0.999961,0.000005,0.000011
8174,2,2,0.000000,0.000053,0.999946,0.000001
2520,3,3,0.000123,0.000014,0.000019,0.999844
11224,1,1,0.000006,0.999987,0.000006,0.000002
7507,2,2,0.000000,0.000188,0.999805,0.000007
17884,1,1,0.000012,0.999981,0.000002,0.000005
26734,0,0,0.999998,0.000000,0.000000,0.000002
29962,0,0,0.999997,0.000000,0.000000,0.000003
21554,0,0,0.999998,0.000000,0.000000,0.000002
26407,0,0,0.999997,0.000000,0.000000,0.000003
9175,1,1,0.000003,0.999994,0.000001,0.000001
13116,1,1,0.000005,0.999991,0.000002,0.000002
21331,1,1,0.000168,0.999690,0.000036,0.000106
2192,3,3,0.000062,0.000005,0.000009,0.999924
17670,1,1,0.000010,0.999984,0.000002,0.000004
30478,0,0,0.999998,0.000000,0.000000,0.000002
19108,1,1,0.000011,0.999982,0.000002,0.000005
21507,0,0,0.999998,0.000000,0.000000,0.000002
9992,1,1,0.000028,0.999923,0.000036,0.000013
11529,1,1,0.000003,0.999993,0.000003,0.000001
26301,0,0,0.999998,0.000000,0.000000,0.000002
1691,3,3,0.000070,0.000011,0.000011,0.999909
15573,1,1,0.000007,0.999987,0.000003,0.000003
2535,3,3,0.000069,0.000010,0.000010,0.999910
4337,3,3,0.000077,0.000010,0.000013,0.999900
1950,3,3,0.000198,0.000013,0.000024,0.999766
14741,1,1,0.000000,0.999999,0.000000,0.000000
6840,2,2,0.000000,0.000049,0.999950,0.000001
23581,0,0,0.999998,0.000000,0.000000,0.000002
25822,0,0,0.999998,0.000000,0.000000,0.000002
21181,1,1,0.000009,0.999985,0.000002,0.000004
1714,3,3,0.000117,0.000020,0.000015,0.999848
21655,0,0,0.999997,0.000000,0.000000,0.000003
19029,1,1,0.000006,0.999990,0.000002,0.000002
4446,3,3,0.000100,0.000013,0.000014,0.999873
5503,3,3,0.011898,0.000019,0.000044,0.988039
28880,0,0,0.999999,0.000000,0.000000,0.000001
32457,0,0,0.999999,0.000000,0.000000,0.000001
20147,1,1,0.000013,0.999978,0.000004,0.000006
29621,0,0,0.999996,0.000000,0.000000,0.000004
2951,3,3,0.000042,0.000006,0.000008,0.999945
4440,3,3,0.000055,0.000006,0.000008,0.999932
19675,1,1,0.000005,0.999993,0.000001,0.000002
5876,3,3,0.010451,0.000019,0.000044,0.989487
19586,1,1,0.000004,0.999994,0.000001,0.000001
29167,0,0,0.999999,0.000000,0.000000,0.000001
6850,2,2,0.000000,0.000062,0.999936,0.000002
13945,1,1,0.000048,0.999917,0.000009,0.000026
9160,2,1,0.003986,0.937975,0.046716,0.011323
6671,2,2,0.000000,0.000046,0.999953,0.000001
4613,3,3,0.000057,0.000008,0.000010,0.999925
12171,1,1,0.000002,0.999994,0.000003,0.000001
32269,0,0,0.999998,0.000000,0.000000,0.000002
11004,1,1,0.000006,0.999985,0.000007,0.000002
23787,0,0,0.999997,0.000000,0.000000,0.000003
26580,0,0,0.999998,0.000000,0.000000,0.000002
19849,1,1,0.000005,0.999992,0.000001,0.000002
21338,1,1,0.000160,0.999535,0.000203,0.000102
15854,1,1,0.000004,0.999993,0.000001,0.000002
25304,0,0,0.999998,0.000000,0.000000,0.000002
341,3,3,0.000080,0.000015,0.000016,0.999889
19968,1,1,0.000005,0.999991,0.000001,0.000002
10658,1,1,0.000002,0.999995,0.000003,0.000001
4454,3,3,0.000061,0.000007,0.000011,0.999921
9222,1,1,0.000004,0.999993,0.000002,0.000002
22657,0,0,0.999996,0.000000,0.000000,0.000004
21221,1,1,0.000008,0.999987,0.000002,0.000003
31982,0,0,0.999998,0.000000,0.000000,0.000002
18111,1,1,0.000006,0.999990,0.000001,0.000002
29197,0,0,0.999997,0.000000,0.000000,0.000003
15770,1,1,0.000007,0.999988,0.000002,0.000003
1676,3,3,0.000052,0.000007,0.000008,0.999934
11828,1,1,0.000005,0.999990,0.000004,0.000002
24718,0,0,0.999998,0.000000,0.000000,0.000002
22794,0,0,0.999997,0.000000,0.000000,0.000003
2528,3,3,0.000073,0.000010,0.000012,0.999905
1843,3,3,0.000073,0.000012,0.000012,0.999903
28842,0,0,0.999995,0.000000,0.000000,0.000005
7479,2,2,0.000000,0.000134,0.999860,0.000006
1361,3,3,0.000121,0.000017,0.000015,0.999847
15370,1,1,0.000006,0.999989,0.000002,0.000003
18893,1,1,0.000012,0.999981,0.000002,0.000005
5603,3,3,0.010692,0.000019,0.000044,0.989246
2319,3,3,0.000071,0.000009,0.000011,0.999910
9863,1,1,0.000003,0.999993,0.000003,0.000001
24701,0,0,0.999997,0.000000,0.000000,0.000003
30222,0,0,0.999999,0.000000,0.000000,0.000001
7127,2,2,0.000000,0.000055,0.999944,0.000001
26570,0,0,0.999998,0.000000,0.000000,0.000002
9437,1,1,0.000004,0.999994,0.000001,0.000001
20626,1,1,0.000007,0.999988,0.000002,0.000003
26475,0,0,0.999998,0.000000,0.000000,0.000002
13421,1,1,0.000007,0.999989,0.000002,0.000003
11548,1,1,0.000002,0.999995,0.000003,0.000001
19964,1,1,0.000004,0.999993,0.000001,0.000002
30815,0,0,0.999998,0.000000,0.000000,0.000002
29371,0,0,0.999997,0.000000,0.000000,0.000003
17123,1,1,0.000004,0.999993,0.000001,0.000002
16179,1,1,0.000011,0.999982,0.000002,0.000005
3584,3,3,0.000051,0.000007,0.000009,0.999933
19028,1,1,0.000008,0.999987,0.000002,0.000003
14604,1,1,0.000001,0.999998,0.000000,0.000000
17863,1,1,0.000008,0.999986,0.000002,0.000003
18612,1,1,0.000008,0.999986,0.000002,0.000003
16409,1,1,0.000007,0.999988,0.000002,0.000003
32478,0,0,0.999998,0.000000,0.000000,0.000002
3244,3,3,0.000259,0.000050,0.000039,0.999652
8188,2,2,0.000000,0.000272,0.999711,0.000016
22857,0,0,0.999998,0.000000,0.000000,0.000002
13750,1,1,0.000017,0.999971,0.000005,0.000007
32006,0,0,0.999998,0.000000,0.000000,0.000002
23713,0,0,0.999999,0.000000,0.000000,0.000001
21857,0,0,0.999998,0.000000,0.000000,0.000002
25861,0,0,0.999998,0.000000,0.000000,0.000002
5338,3,3,0.028760,0.000018,0.000044,0.971178
32209,0,0,0.999998,0.000000,0.000000,0.000002
9144,2,2,0.000000,0.000058,0.999940,0.000001
10862,1,1,0.000005,0.999989,0.000005,0.000002
9115,2,2,0.000000,0.000118,0.999877,0.000005
10553,1,1,0.000002,0.999995,0.000002,0.000001
9025,2,2,0.000000,0.000052,0.999947,0.000001
11997,1,1,0.000007,0.999985,0.000006,0.000002
18147,1,1,0.000002,0.999996,0.000001,0.000001
2147,3,3,0.000048,0.000005,0.000008,0.999940
13942,1,1,0.000020,0.999967,0.000004,0.000009
32495,0,0,0.999998,0.000000,0.000000,0.000002
20607,1,1,0.000016,0.999973,0.000004,0.000007
27648,0,0,0.999998,0.000000,0.000000,0.000002
8486,2,2,0.000000,0.000214,0.999774,0.000012
22258,0,0,0.999997,0.000000,0.000000,0.000003
17373,1,1,0.000005,0.999992,0.000002,0.000002
13017,1,1,0.000002,0.999997,0.000001,0.000001
32320,0,0,0.999999,0.000000,0.000000,0.000001
32251,0,0,0.999998,0.000000,0.000000,0.000002
3336,3,3,0.000055,0.000008,0.000009,0.999927
27762,0,0,0.999997,0.000000,0.000000,0.000002
15479,1,1,0.000004,0.999993,0.000002,0.000001
14050,1,1,0.000000,0.999999,0.000000,0.000000
28113,0,0,0.999998,0.000000,0.000000,0.000002
5375,3,3,0.029721,0.000019,0.000044,0.970217
990,3,3,0.000155,0.000023,0.000029,0.999793
30877,0,0,0.999998,0.000000,0.000000,0.000002
18548,1,1,0.000009,0.999985,0.000002,0.000004
6324,3,3,0.012512,0.000019,0.000044,0.987425
15105,1,1,0.000002,0.999997,0.000001,0.000001
13542,1,1,0.000009,0.999986,0.000002,0.000004
3172,3,3,0.000176,0.000029,0.000025,0.999770
30800,0,0,0.999998,0.000000,0.000000,0.000002
19603,1,1,0.000009,0.999986,0.000002,0.000004
8578,2,2,0.000000,0.000068,0.999930,0.000002
18447,1,1,0.000013,0.999979,0.000003,0.000005
23496,0,0,0.999996,0.000000,0.000000,0.000004
24759,0,0,0.999998,0.000000,0.000000,0.000002
30837,0,0,0.999998,0.000000,0.000000,0.000002
8746,2,2,0.000000,0.000081,0.999917,0.000003
24702,0,0,0.999998,0.000000,0.000000,0.000002
29435,0,0,0.999999,0.000000,0.000000,0.000001
8850,2,2,0.000000,0.000047,0.999952,0.000001
9432,1,1,0.000005,0.999992,0.000001,0.000002
20949,1,1,0.000009,0.999985,0.000002,0.000004
22822,0,0,0.999997,0.000000,0.000000,0.000002
24561,0,0,0.999997,0.000000,0.000000,0.000002
31508,0,0,0.999997,0.000000,0.000000,0.000002
19948,1,1,0.000005,0.999991,0.000001,0.000002
17281,1,1,0.000008,0.999987,0.000002,0.000003
12605,1,1,0.000007,0.999984,0.000007,0.000002
3925,3,3,0.000058,0.000008,0.000010,0.999924
13273,1,1,0.000001,0.999998,0.000000,0.000000
15085,1,1,0.000000,0.999999,0.000000,0.000000
25677,0,0,0.999997,0.000000,0.000000,0.000002
7336,2,2,0.000000,0.000036,0.999964,0.000001
22658,0,0,0.999997,0.000000,0.000000,0.000003
21346,1,1,0.000033,0.999925,0.000026,0.000017
8001,2,2,0.000000,0.000049,0.999950,0.000001
4221,3,3,0.000125,0.000024,0.000019,0.999831
19566,1,1,0.000007,0.999988,0.000002,0.000003
15372,1,1,0.000010,0.999982,0.000003,0.000004
2898,3,3,0.000059,0.000009,0.000010,0.999922
14802,1,1,0.000019,0.999968,0.000005,0.000009
32999,0,0,0.999028,0.000000,0.000000,0.000972
10377,1,1,0.000003,0.999993,0.000003,0.000001
31980,0,0,0.999998,0.000000,0.000000,0.000002
7558,2,2,0.000000,0.000046,0.999953,0.000001
15123,1,1,0.000000,0.999999,0.000000,0.000000
3991,3,3,0.000055,0.000008,0.000010,0.999928
16159,1,1,0.000008,0.999986,0.000002,0.000003
20204,1,1,0.000004,0.999993,0.000001,0.000002
8767,2,2,0.000000,0.000153,0.999840,0.000007
11006,1,1,0.000003,0.999993,0.000003,0.000001
17257,1,1,0.000005,0.999992,0.000001,0.000002
23308,0,0,0.999997,0.000000,0.000000,0.000003
8269,2,2,0.000000,0.000064,0.999935,0.000002
30192,0,0,0.999996,0.000000,0.000000,0.000004
25915,0,0,0.999998,0.000000,0.000000,0.000002
30910,0,0,0.999999,0.000000,0.000000,0.000001
18841,1,1,0.000012,0.999981,0.000002,0.000005
17786,1,1,0.000006,0.999990,0.000001,0.000002
27480,0,0,0.999997,0.000000,0.000000,0.000003
16863,1,1,0.000007,0.999989,0.000002,0.000003
33140,0,0,0.999451,0.000000,0.000000,0.000549
13675,1,1,0.000030,0.999947,0.000009,0.000015
20127,1,1,0.000007,0.999989,0.000002,0.000003
16089,1,1,0.000004,0.999994,0.000001,0.000001
32516,0,0,0.999998,0.000000,0.000000,0.000002
28621,0,0,0.999999,0.000000,0.000000,0.000001
14389,1,1,0.000002,0.999995,0.000001,0.000001
12603,1,1,0.000002,0.999995,0.000002,0.000001
41,3,3,0.002023,0.001474,0.000242,0.996261
24110,0,0,0.999998,0.000000,0.000000,0.000002
23229,0,0,0.999997,0.000000,0.000000,0.000003
30355,0,0,0.999999,0.000000,0.000000,0.000001
14228,1,1,0.000002,0.999996,0.000001,0.000001
31839,0,0,0.999998,0.000000,0.000000,0.000002
1450,3,3,0.000903,0.000046,0.000067,0.998984
28781,0,0,0.999998,0.000000,0.000000,0.000002
2321,3,3,0.000085,0.000006,0.000012,0.999897
23646,0,0,0.999999,0.000000,0.000000,0.000001
14154,1,1,0.000001,0.999999,0.000000,0.000000
411,3,3,0.000050,0.000007,0.000008,0.999935
28273,0,0,0.999994,0.000000,0.000000,0.000006
7112,2,2,0.000000,0.000050,0.999949,0.000001
18284,1,1,0.000005,0.999992,0.000001,0.000002
2622,3,3,0.000128,0.000025,0.000020,0.999827
25086,0,0,0.999997,0.000000,0.000000,0.000003
8490,2,2,0.000000,0.000138,0.999856,0.000006
25886,0,0,0.999998,0.000000,0.000000,0.000002
26976,0,0,0.999998,0.000000,0.000000,0.000002
16247,1,1,0.000013,0.999978,0.000003,0.000006
15803,1,1,0.000003,0.999994,0.000001,0.000001
21676,0,0,0.999998,0.000000,0.000000,0.000002
5175,3,3,0.029951,0.000019,0.000044,0.969985
27581,0,0,0.999998,0.000000,0.000000,0.000002
16272,1,1,0.000011,0.999983,0.000002,0.000004
4503,3,3,0.000192,0.000034,0.000026,0.999747
20739,1,1,0.000007,0.999989,0.000002,0.000003
1165,3,3,0.000191,0.000049,0.000041,0.999718
28904,0,0,0.999999,0.000000,0.000000,0.000001
11211,1,1,0.000003,0.999994,0.000003,0.000001
33054,0,0,0.999423,0.000000,0.000000,0.000577
32840,0,0,0.999998,0.000000,0.000000,0.000002
13825,1,1,0.000002,0.999996,0.000002,0.000001
4309,3,3,0.000057,0.000006,0.000009,0.999928
21951,0,0,0.999998,0.000000,0.000000,0.000002
11106,1,1,0.000003,0.999992,0.000003,0.000001
28742,0,0,0.999999,0.000000,0.000000,0.000001
11505,1,1,0.000002,0.999996,0.000002,0.000000
8431,2,2,0.000000,0.000100,0.999897,0.000003
17188,1,1,0.000006,0.999990,0.000002,0.000002
15863,1,1,0.000015,0.999975,0.000003,0.000007
14037,1,1,0.000000,0.999999,0.000000,0.000000
11424,1,1,0.000002,0.999996,0.000002,0.000000
6104,3,3,0.011119,0.000019,0.000044,0.988819
1022,3,3,0.000184,0.000046,0.000037,0.999733
12883,1,1,0.000043,0.999884,0.000050,0.000023
13488,1,1,0.000002,0.999996,0.000001,0.000001
8928,2,2,0.000000,0.000088,0.999909,0.000003
25594,0,0,0.999998,0.000000,0.000000,0.000002
6180,3,3,0.011718,0.000019,0.000044,0.988220
32885,0,0,0.999417,0.000000,0.000000,0.000583
24907,0,0,0.999997,0.000000,0.000000,0.000003
8249,2,2,0.000000,0.000115,0.999881,0.000004
21376,1,1,0.000061,0.999896,0.000009,0.000033
25117,0,0,0.999999,0.000000,0.000000,0.000001
27879,0,0,0.999998,0.000000,0.000000,0.000002
5697,3,3,0.010479,0.000019,0.000044,0.989459
487,3,3,0.000064,0.000011,0.000010,0.999915
8319,2,2,0.000000,0.000111,0.999885,0.000004
4388,3,3,0.000073,0.000014,0.000011,0.999902
9625,1,1,0.000245,0.999416,0.000178,0.000162
33202,0,0,0.999191,0.000000,0.000000,0.000809
2489,3,3,0.000156,0.000016,0.000023,0.999805
29048,0,0,0.999998,0.000000,0.000000,0.000002
22324,0,0,0.999998,0.000000,0.000000,0.000002
30285,0,0,0.999993,0.000000,0.000000,0.000007
22346,0,0,0.999996,0.000000,0.000000,0.000004
32479,0,0,0.999999,0.000000,0.000000,0.000001
27136,0,0,0.999998,0.000000,0.000000,0.000002
7634,2,2,0.000000,0.000082,0.999915,0.000002
13165,1,1,0.000002,0.999996,0.000001,0.000001
27009,0,0,0.999998,0.000000,0.000000,0.000002
29524,0,0,0.999998,0.000000,0.000000,0.000002
28967,0,0,0.999999,0.000000,0.000000,0.000001
16542,1,1,0.000011,0.999982,0.000003,0.000005
30730,0,0,0.999998,0.000000,0.000000,0.000002
22245,0,0,0.999998,0.000000,0.000000,0.000002
19148,1,1,0.000008,0.999987,0.000002,0.000003
3726,3,3,0.000053,0.000006,0.000010,0.999931
10019,1,1,0.000002,0.999996,0.000002,0.000001
20637,1,1,0.000004,0.999994,0.000001,0.000001
21546,0,0,0.999997,0.000000,0.000000,0.000003
29116,0,0,0.999999,0.000000,0.000000,0.000001
6149,3,3,0.011561,0.000019,0.000044,0.988376
28362,0,0,0.999997,0.000000,0.000000,0.000002
6837,2,2,0.000000,0.000072,0.999926,0.000002
24488,0,0,0.999998,0.000000,0.000000,0.000002
7049,2,2,0.000000,0.000118,0.999878,0.000005
22079,0,0,0.999998,0.000000,0.000000,0.000002
32558,0,0,0.999998,0.000000,0.000000,0.000002
9689,1,1,0.000001,0.999999,0.000000,0.000000
8949,2,2,0.000374,0.015813,0.975413,0.008400
12213,1,1,0.000175,0.999429,0.000198,0.000197
22223,0,0,0.999997,0.000000,0.000000,0.000003
25066,0,0,0.999998,0.000000,0.000000,0.000002
18462,1,1,0.000005,0.999993,0.000001,0.000002
10935,1,1,0.000003,0.999993,0.000003,0.000001
7605,2,2,0.000000,0.000043,0.999956,0.000001
19076,1,1,0.000006,0.999990,0.000001,0.000002
30545,0,0,0.999999,0.000000,0.000000,0.000001
21165,1,1,0.000005,0.999991,0.000001,0.000002
32471,0,0,0.999999,0.000000,0.000000,0.000001
8576,2,2,0.000000,0.000062,0.999936,0.000002
18992,1,1,0.000006,0.999990,0.000001,0.000002
9616,1,1,0.000110,0.999733,0.000093,0.000064
8477,2,2,0.000001,0.000325,0.999650,0.000024
4298,3,3,0.000068,0.000010,0.000012,0.999910
27836,0,0,0.999997,0.000000,0.000000,0.000003
11903,1,1,0.000005,0.999989,0.000005,0.000002
20244,1,1,0.000011,0.999982,0.000003,0.000005
9346,1,1,0.000003,0.999995,0.000001,0.000001
15208,1,1,0.000001,0.999999,0.000000,0.000000
2326,3,3,0.000866,0.000004,0.000013,0.999117
20225,1,1,0.000007,0.999989,0.000002,0.000003
5300,3,3,0.029687,0.000019,0.000044,0.970250
31307,0,0,0.999998,0.000000,0.000000,0.000002
24693,0,0,0.999998,0.000000,0.000000,0.000002
19636,1,1,0.000012,0.999981,0.000003,0.000005
21584,0,0,0.999996,0.000000,0.000000,0.000004
28107,0,0,0.999998,0.000000,0.000000,0.000002
25817,0,0,0.999998,0.000000,0.000000,0.000002
9187,1,1,0.000007,0.999989,0.000002,0.000003
14088,1,1,0.000000,0.999999,0.000000,0.000000
10110,1,1,0.000002,0.999994,0.000003,0.000001
33064,0,0,0.999149,0.000000,0.000000,0.000851
9448,1,1,0.000005,0.999992,0.000001,0.000002
28776,0,0,0.999996,0.000000,0.000000,0.000004
11614,1,1,0.000002,0.999995,0.000002,0.000001
17404,1,1,0.000005,0.999992,0.000001,0.000002
24847,0,0,0.999998,0.000000,0.000000,0.000002
17598,1,1,0.000009,0.999985,0.000002,0.000004
9882,1,1,0.000005,0.999989,0.000005,0.000001
20255,1,1,0.000012,0.999981,0.000003,0.000005
27935,0,0,0.999987,0.000000,0.000000,0.000013
22282,0,0,0.999997,0.000000,0.000000,0.000003
7699,2,2,0.000000,0.000050,0.999949,0.000001
26148,0,0,0.999998,0.000000,0.000000,0.000002
29282,0,0,0.999998,0.000000,0.000000,0.000002
7000,2,2,0.000000,0.000064,0.999935,0.000002
10375,1,1,0.000002,0.999996,0.000002,0.000000
2575,3,3,0.000227,0.000041,0.000032,0.999700
11518,1,1,0.000011,0.999972,0.000013,0.000004
7305,2,2,0.000000,0.000040,0.999959,0.000001
13765,1,1,0.000003,0.999995,0.000001,0.000001
28717,0,0,0.999998,0.000000,0.000000,0.000002
20273,1,1,0.000006,0.999990,0.000002,0.000002
26629,0,0,0.999998,0.000000,0.000000,0.000002
19523,1,1,0.000008,0.999987,0.000002,0.000003
10993,1,1,0.000003,0.999993,0.000003,0.000001
1393,3,3,0.000112,0.000026,0.000018,0.999843
17996,1,1,0.000015,0.999976,0.000003,0.000006
16158,1,1,0.000015,0.999976,0.000003,0.000006
19774,1,1,0.000003,0.999995,0.000001,0.000001
15091,1,1,0.000000,0.999999,0.000000,0.000000
18634,1,1,0.000010,0.999984,0.000002,0.000004
9694,1,1,0.000003,0.999996,0.000001,0.000001
29059,0,0,0.999998,0.000000,0.000000,0.000002
7034,2,2,0.000000,0.000056,0.999943,0.000001
26286,0,0,0.999998,0.000000,0.000000,0.000002
24302,0,0,0.999999,0.000000,0.000000,0.000001
13040,1,1,0.000001,0.999998,0.000000,0.000000
13201,1,1,0.000002,0.999996,0.000001,0.000001
5086,3,3,0.000191,0.000051,0.000039,0.999719
9027,2,2,0.000000,0.000036,0.999963,0.000001
7717,2,2,0.000000,0.000052,0.999947,0.000001
14080,1,1,0.000000,1.000000,0.000000,0.000000
19956,1,1,0.000006,0.999991,0.000001,0.000002
21795,0,0,0.999997,0.000000,0.000000,0.000003
8331,2,2,0.000000,0.000074,0.999924,0.000002
22419,0,0,0.999997,0.000000,0.000000,0.000003
22785,0,0,0.999997,0.000000,0.000000,0.000003
6321,3,3,0.011769,0.000019,0.000045,0.988167
2722,3,3,0.000163,0.000023,0.000026,0.999788
26,3,3,0.000083,0.000012,0.000012,0.999893
18870,1,1,0.000005,0.999991,0.000001,0.000002
12993,1,1,0.000017,0.999970,0.000005,0.000008
24952,0,0,0.999998,0.000000,0.000000,0.000002
1832,3,3,0.000138,0.000018,0.000022,0.999822
22021,0,0,0.999997,0.000000,0.000000,0.000003
15817,1,1,0.000007,0.999988,0.000002,0.000003
13715,1,1,0.000002,0.999996,0.000001,0.000001
2888,3,3,0.000057,0.000008,0.000008,0.999927
11430,1,1,0.000007,0.999984,0.000007,0.000002
25650,0,0,0.999998,0.000000,0.000000,0.000002
31348,0,0,0.999998,0.000000,0.000000,0.000002
3802,3,3,0.000044,0.000004,0.000007,0.999944
22640,0,0,0.999997,0.000000,0.000000,0.000003
26283,0,0,0.999998,0.000000,0.000000,0.000002
31387,0,0,0.999998,0.000000,0.000000,0.000002
11115,1,1,0.000004,0.999990,0.000004,0.000001
10813,1,1,0.000003,0.999994,0.000003,0.000001
6293,3,3,0.011545,0.000019,0.000044,0.988393
20720,1,1,0.000005,0.999991,0.000001,0.000002
20868,1,1,0.000015,0.999976,0.000003,0.000006
19573,1,1,0.000006,0.999990,0.000001,0.000002
12083,1,1,0.000006,0.999986,0.000007,0.000002
27902,0,0,0.999998,0.000000,0.000000,0.000002
2237,3,3,0.000084,0.000015,0.000014,0.999887
10046,1,1,0.000002,0.999995,0.000003,0.000001
10884,1,1,0.000007,0.999983,0.000007,0.000003
6851,2,2,0.000000,0.000046,0.999953,0.000001
12260,1,1,0.000002,0.999995,0.000002,0.000001
19549,1,1,0.000008,0.999987,0.000002,0.000003
27151,0,0,0.999997,0.000000,0.000000,0.000003
27298,0,0,0.999998,0.000000,0.000000,0.000002
24607,0,0,0.999998,0.000000,0.000000,0.000002
19908,1,1,0.000004,0.999994,0.000001,0.000001
3931,3,3,0.000070,0.000008,0.000012,0.999910
5524,3,3,0.011960,0.000019,0.000044,0.987977
19657,1,1,0.000005,0.999991,0.000001,0.000002
11069,1,1,0.000009,0.999980,0.000008,0.000003
21334,1,1,0.000153,0.999638,0.000109,0.000100
6951,2,2,0.000000,0.000069,0.999929,0.000002
31149,0,0,0.999998,0.000000,0.000000,0.000002
2605,3,3,0.000150,0.000027,0.000026,0.999797
32091,0,0,0.999998,0.000000,0.000000,0.000002
10070,1,1,0.000002,0.999996,0.000002,0.000000
14026,1,1,0.000002,0.999996,0.000001,0.000001
19042,1,1,0.000014,0.999976,0.000003,0.000006
32257,0,0,0.999998,0.000000,0.000000,0.000002
25754,0,0,0.999998,0.000000,0.000000,0.000002
27793,0,0,0.999997,0.000000,0.000000,0.000002
17316,1,1,0.000009,0.999985,0.000002,0.000004
1694,3,3,0.000052,0.000007,0.000008,0.999933
22545,0,0,0.999997,0.000000,0.000000,0.000003
13232,1,1,0.000009,0.999984,0.000003,0.000004
804,3,3,0.000315,0.000117,0.000129,0.999439
14431,1,1,0.000000,0.999999,0.000000,0.000000
14920,1,1,0.000014,0.999977,0.000004,0.000006
29555,0,0,0.999997,0.000000,0.000000,0.000003
14212,1,1,0.000007,0.999986,0.000005,0.000003
4552,3,3,0.000056,0.000008,0.000008,0.999928
10102,1,1,0.000004,0.999991,0.000004,0.000001
27881,0,0,0.999998,0.000000,0.000000,0.000002
28298,0,0,0.999999,0.000000,0.000000,0.000001
13620,1,1,0.000004,0.999994,0.000001,0.000001
31143,0,0,0.999998,0.000000,0.000000,0.000002
15249,1,1,0.000005,0.999992,0.000001,0.000002
33222,0,0,0.998675,0.000000,0.000000,0.001325
15913,1,1,0.000006,0.999990,0.000002,0.000002
12224,1,1,0.000009,0.999978,0.000010,0.000003
26774,0,0,0.999998,0.000000,0.000000,0.000002
20773,1,1,0.000014,0.999976,0.000003,0.000006
3783,3,3,0.000060,0.000009,0.000009,0.999922
7338,2,2,0.000000,0.000036,0.999963,0.000001
24821,0,0,0.999997,0.000000,0.000000,0.000003
25987,0,0,0.999998,0.000000,0.000000,0.000002
27338,0,0,0.999998,0.000000,0.000000,0.000002
30943,0,0,0.999998,0.000000,0.000000,0.000002
11342,1,1,0.000002,0.999994,0.000003,0.000001
32604,0,0,0.999998,0.000000,0.000000,0.000002
13374,1,1,0.000004,0.999993,0.000001,0.000001
14536,1,1,0.000001,0.999999,0.000000,0.000000
6839,2,2,0.000000,0.000039,0.999960,0.000001
13753,1,1,0.000005,0.999992,0.000002,0.000002
3632,3,3,0.000068,0.000010,0.000010,0.999911
18969,1,1,0.000005,0.999991,0.000001,0.000002
28200,0,0,0.999997,0.000000,0.000000,0.000003
2441,3,3,0.000209,0.000024,0.000033,0.999733
20235,1,1,0.000005,0.999992,0.000001,0.000002
7808,2,2,0.000000,0.000123,0.999872,0.000005
5398,3,3,0.028329,0.000019,0.000044,0.971609
1552,3,3,0.000156,0.000036,0.000025,0.999783
20952,1,1,0.000007,0.999988,0.000002,0.000003
33034,0,0,0.999409,0.000000,0.000000,0.000591
31484,0,0,0.999998,0.000000,0.000000,0.000002
26823,0,0,0.999998,0.000000,0.000000,0.000002
11698,1,1,0.000002,0.999995,0.000002,0.000001
4564,3,3,0.000056,0.000007,0.000009,0.999927
17741,1,1,0.000010,0.999983,0.000002,0.000004
17687,1,1,0.000021,0.999965,0.000004,0.000009
7623,2,2,0.000000,0.000052,0.999947,0.000001
10032,1,1,0.000004,0.999990,0.000005,0.000001
13290,1,1,0.000001,0.999998,0.000000,0.000000
19233,1,1,0.000006,0.999991,0.000001,0.000002
4632,3,3,0.000077,0.000009,0.000014,0.999901
32951,0,0,0.999267,0.000000,0.000000,0.000733
11237,1,1,0.000003,0.999993,0.000003,0.000001
21488,0,0,0.999998,0.000000,0.000000,0.000002
8037,2,2,0.000000,0.000079,0.999919,0.000002
23562,0,0,0.999998,0.000000,0.000000,0.000002
5686,3,3,0.010245,0.000019,0.000044,0.989692
4297,3,3,0.000058,0.000008,0.000010,0.999923
19209,1,1,0.000015,0.999976,0.000003,0.000006
4477,3,3,0.000054,0.000007,0.000009,0.999929
26863,0,0,0.999998,0.000000,0.000000,0.000002
33259,0,0,0.999019,0.000000,0.000000,0.000981
8685,2,2,0.000000,0.000054,0.999945,0.000001
3809,3,3,0.000090,0.000012,0.000016,0.999882
4630,3,3,0.000083,0.000009,0.000014,0.999894
18508,1,1,0.000011,0.999981,0.000003,0.000005
914,3,3,0.000064,0.000010,0.000008,0.999919
6927,2,2,0.000000,0.000112,0.999884,0.000004
5966,3,3,0.010538,0.000019,0.000044,0.989400
28127,0,0,0.999998,0.000000,0.000000,0.000002
31238,0,0,0.999999,0.000000,0.000000,0.000001
12486,1,1,0.000008,0.999982,0.000008,0.000003
7924,2,2,0.000000,0.000043,0.999957,0.000001
860,3,3,0.000060,0.000009,0.000013,0.999917
28047,0,0,0.999998,0.000000,0.000000,0.000002
10711,1,1,0.000002,0.999995,0.000003,0.000001
11218,1,1,0.000006,0.999986,0.000006,0.000002
26466,0,0,0.999998,0.000000,0.000000,0.000002
9883,1,1,0.000002,0.999994,0.000003,0.000001
20966,1,1,0.000004,0.999994,0.000001,0.000001
7454,2,2,0.000000,0.000051,0.999947,0.000001
20251,1,1,0.000008,0.999987,0.000002,0.000003
2146,3,3,0.000051,0.000005,0.000008,0.999936
13411,1,1,0.000035,0.999938,0.000010,0.000017
32038,0,0,0.999999,0.000000,0.000000,0.000001
5694,3,3,0.011085,0.000019,0.000044,0.988852
24991,0,0,0.999998,0.000000,0.000000,0.000002
7748,2,2,0.000000,0.000103,0.999893,0.000003
4065,3,3,0.000113,0.000022,0.000019,0.999846
23583,0,0,0.999998,0.000000,0.000000,0.000002
14317,1,1,0.000000,0.999999,0.000000,0.000000
7835,2,2,0.000000,0.000047,0.999952,0.000001
223,3,3,0.000067,0.000010,0.000011,0.999912
30828,0,0,0.999998,0.000000,0.000000,0.000002
31085,0,0,0.999997,0.000000,0.000000,0.000003
21137,1,1,0.000007,0.999989,0.000002,0.000003
17053,1,1,0.000007,0.999988,0.000002,0.000003
30979,0,0,0.999998,0.000000,0.000000,0.000002
31538,0,0,0.999998,0.000000,0.000000,0.000002
17420,1,1,0.000002,0.999996,0.000001,0.000001
4021,3,3,0.000052,0.000007,0.000010,0.999931
10272,1,1,0.000003,0.999994,0.000003,0.000001
16235,1,1,0.000004,0.999993,0.000001,0.000002
32099,0,0,0.999998,0.000000,0.000000,0.000002
33226,0,0,0.998687,0.000000,0.000000,0.001312
10339,1,1,0.000002,0.999995,0.000003,0.000001
4255,3,3,0.000048,0.000006,0.000008,0.999939
16331,1,1,0.000019,0.999968,0.000004,0.000009
13392,1,1,0.000001,0.999998,0.000000,0.000000
30467,0,0,0.999999,0.000000,0.000000,0.000001
9332,1,1,0.000007,0.999989,0.000002,0.000003
10341,1,1,0.000004,0.999990,0.000005,0.000001
2860,3,3,0.000056,0.000008,0.000008,0.999928
13923,1,1,0.000008,0.999983,0.000005,0.000003
7631,2,2,0.000000,0.000057,0.999942,0.000001
15421,1,1,0.000003,0.999995,0.000001,0.000001
3636,3,3,0.000065,0.000007,0.000012,0.999916
22159,0,0,0.999997,0.000000,0.000000,0.000003
30773,0,0,0.999998,0.000000,0.000000,0.000001
21531,0,0,0.999997,0.000000,0.000000,0.000003
24395,0,0,0.999998,0.000000,0.000000,0.000002
14342,1,1,0.000001,0.999999,0.000000,0.000000
4088,3,3,0.000070,0.000005,0.000009,0.999916
30566,0,0,0.999998,0.000000,0.000000,0.000002
22931,0,0,0.999997,0.000000,0.000000,0.000003
32276,0,0,0.999998,0.000000,0.000000,0.000002
21895,0,0,0.999998,0.000000,0.000000,0.000002
14602,1,1,0.000001,0.999999,0.000000,0.000000
11191,1,1,0.000004,0.999991,0.000004,0.000001
1966,3,3,0.000061,0.000009,0.000009,0.999920
30171,0,0,0.999997,0.000000,0.000000,0.000003
8270,2,2,0.000000,0.000073,0.999924,0.000002
29358,0,0,0.999997,0.000000,0.000000,0.000002
24445,0,0,0.999997,0.000000,0.000000,0.000003
2589,3,3,0.000087,0.000011,0.000013,0.999888
27337,0,0,0.999998,0.000000,0.000000,0.000002
2797,3,3,0.000086,0.000013,0.000014,0.999887
7536,2,2,0.000000,0.000053,0.999946,0.000001
4016,3,3,0.000052,0.000005,0.000009,0.999933
2524,3,3,0.000070,0.000010,0.000011,0.999909
10905,1,1,0.000002,0.999994,0.000003,0.000001
7986,2,2,0.000000,0.000052,0.999947,0.000001
17862,1,1,0.000007,0.999988,0.000002,0.000003
24266,0,0,0.999997,0.000000,0.000000,0.000003
3082,3,3,0.000063,0.000010,0.000011,0.999917
5182,3,3,0.027133,0.000019,0.000044,0.972804
31228,0,0,0.999998,0.000000,0.000000,0.000002
22162,0,0,0.999997,0.000000,0.000000,0.000003
27199,0,0,0.999998,0.000000,0.000000,0.000002
4927,3,3,0.000441,0.000112,0.000056,0.999391
7990,2,2,0.000000,0.000032,0.999967,0.000001
10645,1,1,0.000004,0.999991,0.000004,0.000001
12207,1,1,0.000062,0.999841,0.000054,0.000043
29944,0,0,0.999998,0.000000,0.000000,0.000002
28655,0,0,0.999998,0.000000,0.000000,0.000002
19705,1,1,0.000003,0.999995,0.000001,0.000001
12315,1,1,0.000004,0.999991,0.000004,0.000001
29819,0,0,0.999995,0.000000,0.000000,0.000005
27,3,3,0.000095,0.000015,0.000013,0.999877
11099,1,1,0.000002,0.999994,0.000003,0.000001
19172,1,1,0.000012,0.999980,0.000003,0.000005
29041,0,0,0.999998,0.000000,0.000000,0.000001
13051,1,1,0.000002,0.999997,0.000001,0.000001
19823,1,1,0.000004,0.999993,0.000001,0.000001
12101,1,1,0.000004,0.999989,0.000005,0.000001
9634,1,1,0.000028,0.999945,0.000015,0.000013
7625,2,2,0.000000,0.000045,0.999954,0.000001
9397,1,1,0.000004,0.999992,0.000001,0.000002
15408,1,1,0.000004,0.999993,0.000002,0.000001
480,3,3,0.000143,0.000025,0.000016,0.999815
9972,1,1,0.000004,0.999992,0.000003,0.000001
1804,3,3,0.000064,0.000007,0.000009,0.999920
2373,3,3,0.000076,0.000005,0.000010,0.999909
33040,0,0,0.999505,0.000000,0.000000,0.000495
20229,1,1,0.000008,0.999987,0.000002,0.000003
4701,3,3,0.000076,0.000009,0.000013,0.999903
8290,2,2,0.000000,0.000146,0.999846,0.000007
21808,0,0,0.999997,0.000000,0.000000,0.000003
30349,0,0,0.999999,0.000000,0.000000,0.000001
25389,0,0,0.999998,0.000000,0.000000,0.000002
17858,1,1,0.000005,0.999991,0.000001,0.000002
22840,0,0,0.999997,0.000000,0.000000,0.000003
27860,0,0,0.999997,0.000000,0.000000,0.000003
18494,1,1,0.000006,0.999989,0.000002,0.000003
25428,0,0,0.999998,0.000000,0.000000,0.000002
26737,0,0,0.999998,0.000000,0.000000,0.000002
1535,3,3,0.000101,0.000014,0.000015,0.999871
20650,1,1,0.000006,0.999990,0.000002,0.000002
27192,0,0,0.999998,0.000000,0.000000,0.000002
25110,0,0,0.999998,0.000000,0.000000,0.000002
32339,0,0,0.999998,0.000000,0.000000,0.000002
15927,1,1,0.000010,0.999983,0.000002,0.000004
32139,0,0,0.999998,0.000000,0.000000,0.000002
12581,1,1,0.000002,0.999995,0.000002,0.000001
17314,1,1,0.000009,0.999986,0.000002,0.000003
4036,3,3,0.000053,0.000007,0.000008,0.999932
12915,1,1,0.000016,0.999955,0.000022,0.000007
21122,1,1,0.000015,0.999974,0.000004,0.000007
16796,1,1,0.000012,0.999981,0.000002,0.000005
10189,1,1,0.000003,0.999993,0.000003,0.000001
30947,0,0,0.999998,0.000000,0.000000,0.000002
15016,1,1,0.000004,0.999993,0.000002,0.000001
18195,1,1,0.000008,0.999987,0.000002,0.000003
18480,1,1,0.000007,0.999989,0.000001,0.000003
9105,2,2,0.000000,0.000081,0.999916,0.000002
19574,1,1,0.000012,0.999981,0.000003,0.000005
2252,3,3,0.000997,0.000006,0.000017,0.998980
2568,3,3,0.000091,0.000012,0.000014,0.999883
9878,1,1,0.000004,0.999991,0.000004,0.000001
4079,3,3,0.000045,0.000006,0.000007,0.999941
13409,1,1,0.000004,0.999992,0.000002,0.000002
9657,1,1,0.000001,0.999998,0.000000,0.000000
32230,0,0,0.999998,0.000000,0.000000,0.000002
6261,3,3,0.011744,0.000019,0.000044,0.988193
16991,1,1,0.000013,0.999977,0.000003,0.000006
24535,0,0,0.999997,0.000000,0.000000,0.000003
16981,1,1,0.000005,0.999992,0.000001,0.000002
28618,0,0,0.999998,0.000000,0.000000,0.000002
20007,1,1,0.000015,0.999974,0.000004,0.000007
2986,3,3,0.000059,0.000008,0.000009,0.999925
26195,0,0,0.999998,0.000000,0.000000,0.000002
13322,1,1,0.000001,0.999998,0.000001,0.000000
26308,0,0,0.999997,0.000000,0.000000,0.000003
5672,3,3,0.009004,0.000019,0.000045,0.990933
15806,1,1,0.000003,0.999996,0.000001,0.000001
17780,1,1,0.000004,0.999994,0.000001,0.000001
25236,0,0,0.999998,0.000000,0.000000,0.000002
15369,1,1,0.000018,0.999969,0.000004,0.000008
10103,1,1,0.000005,0.999989,0.000005,0.000001
21197,1,1,0.000011,0.999982,0.000002,0.000005
4820,3,3,0.000048,0.000005,0.000009,0.999938
5385,3,3,0.026274,0.000018,0.000044,0.973664
30402,0,0,0.999999,0.000000,0.000000,0.000001
19027,1,1,0.000006,0.999990,0.000002,0.000003
10828,1,1,0.000001,0.999996,0.000002,0.000000
21120,1,1,0.000012,0.999979,0.000003,0.000005
13531,1,1,0.000001,0.999998,0.000000,0.000000
7974,2,2,0.000000,0.000042,0.999957,0.000001
9661,1,1,0.000002,0.999996,0.000001,0.000001
7742,2,2,0.000000,0.000061,0.999938,0.000002
22242,0,0,0.999998,0.000000,0.000000,0.000002
27841,0,0,0.999999,0.000000,0.000000,0.000001
2467,3,3,0.000183,0.000017,0.000028,0.999773
27469,0,0,0.999998,0.000000,0.000000,0.000002
21866,0,0,0.999997,0.000000,0.000000,0.000003
33199,0,0,0.999258,0.000000,0.000000,0.000741
8789,2,2,0.000000,0.000080,0.999918,0.000002
4833,3,3,0.000069,0.000010,0.000011,0.999909
27141,0,0,0.999998,0.000000,0.000000,0.000002
71,3,3,0.000108,0.000018,0.000015,0.999858
14455,1,1,0.000007,0.999988,0.000003,0.000003
1170,3,3,0.000160,0.000036,0.000026,0.999778
13112,1,1,0.000001,0.999997,0.000001,0.000000
23717,0,0,0.999998,0.000000,0.000000,0.000002
19845,1,1,0.000004,0.999992,0.000001,0.000002
2607,3,3,0.000228,0.000036,0.000029,0.999707
1879,3,3,0.000069,0.000007,0.000011,0.999914
12954,1,1,0.000022,0.999937,0.000032,0.000010
257,3,3,0.000064,0.000009,0.000011,0.999917
30517,0,0,0.999998,0.000000,0.000000,0.000002
4195,3,3,0.000069,0.000010,0.000011,0.999909
156,3,3,0.000101,0.000017,0.000015,0.999867
661,3,3,0.000219,0.000034,0.000032,0.999715
20684,1,1,0.000010,0.999984,0.000002,0.000004
2315,3,3,0.000076,0.000012,0.000013,0.999899
26877,0,0,0.999998,0.000000,0.000000,0.000002
30444,0,0,0.999999,0.000000,0.000000,0.000001
1547,3,3,0.000058,0.000008,0.000010,0.999925
23442,0,0,0.999997,0.000000,0.000000,0.000002
32012,0,0,0.999998,0.000000,0.000000,0.000002
15650,1,1,0.000003,0.999995,0.000001,0.000001
3398,3,3,0.000060,0.000008,0.000010,0.999923
12760,1,1,0.000003,0.999992,0.000003,0.000001
31431,0,0,0.999998,0.000000,0.000000,0.000002
20515,1,1,0.000009,0.999985,0.000002,0.000004
3535,3,3,0.005080,0.000002,0.000009,0.994908
13939,1,1,0.000005,0.999992,0.000001,0.000002
19244,1,1,0.000006,0.999990,0.000002,0.000002
28190,0,0,0.999998,0.000000,0.000000,0.000002
26930,0,0,0.999998,0.000000,0.000000,0.000002
27931,0,0,0.999997,0.000000,0.000000,0.000003
15399,1,1,0.000002,0.999997,0.000001,0.000001
3129,3,3,0.000081,0.000009,0.000010,0.999900
24170,0,0,0.999999,0.000000,0.000000,0.000001
16161,1,1,0.000017,0.999972,0.000003,0.000008
19862,1,1,0.000004,0.999994,0.000001,0.000001
20206,1,1,0.000015,0.999976,0.000004,0.000006
4570,3,3,0.000046,0.000004,0.000008,0.999941
19905,1,1,0.000005,0.999992,0.000001,0.000002
27332,0,0,0.999998,0.000000,0.000000,0.000002
2718,3,3,0.000118,0.000014,0.000016,0.999852
28260,0,0,0.999998,0.000000,0.000000,0.000002
3812,3,3,0.000066,0.000008,0.000012,0.999914
8382,2,2,0.000000,0.000202,0.999787,0.000010
32758,0,0,0.999999,0.000000,0.000000,0.000001
14288,1,1,0.000004,0.999993,0.000002,0.000001
17017,1,1,0.000006,0.999990,0.000002,0.000003
10613,1,1,0.000002,0.999995,0.000002,0.000001
10751,1,1,0.000004,0.999990,0.000004,0.000001
3039,3,3,0.000119,0.000020,0.000019,0.999841
22003,0,0,0.999998,0.000000,0.000000,0.000002
12248,1,1,0.000020,0.999952,0.000019,0.000009
28254,0,0,0.999998,0.000000,0.000000,0.000002
33107,0,0,0.999049,0.000000,0.000000,0.000951
1657,3,3,0.000052,0.000007,0.000008,0.999933
7903,2,2,0.000000,0.000077,0.999920,0.000002
33260,0,0,0.999079,0.000000,0.000000,0.000921
4755,3,3,0.000062,0.000007,0.000010,0.999921
22933,0,0,0.999996,0.000000,0.000000,0.000004
9440,1,1,0.000007,0.999989,0.000002,0.000003
26181,0,0,0.999998,0.000000,0.000000,0.000002
9691,1,1,0.000002,0.999997,0.000000,0.000001
23595,0,0,0.999998,0.000000,0.000000,0.000002
31600,0,0,0.999998,0.000000,0.000000,0.000002
6738,2,2,0.000000,0.000076,0.999922,0.000002
18202,1,1,0.000003,0.999995,0.000001,0.000001
31514,0,0,0.999998,0.000000,0.000000,0.000002
25135,0,0,0.999998,0.000000,0.000000,0.000002
15819,1,1,0.000014,0.999976,0.000004,0.000006
11038,1,1,0.000008,0.999979,0.000010,0.000003
10569,1,1,0.000002,0.999996,0.000002,0.000000
24025,0,0,0.999997,0.000000,0.000000,0.000003
10620,1,1,0.000003,0.999992,0.000004,0.000001
24721,0,0,0.999998,0.000000,0.000000,0.000002
19685,1,1,0.000019,0.999969,0.000003,0.000009
16357,1,1,0.000006,0.999991,0.000001,0.000002
5309,3,3,0.028438,0.000019,0.000044,0.971499
14262,1,1,0.000004,0.999993,0.000002,0.000001
6033,3,3,0.000429,0.000026,0.000042,0.999503
26337,0,0,0.999998,0.000000,0.000000,0.000002
4444,3,3,0.000059,0.000007,0.000008,0.999925
18709,1,1,0.000026,0.999956,0.000007,0.000012
31574,0,0,0.999998,0.000000,0.000000,0.000002
30931,0,0,0.999998,0.000000,0.000000,0.000002
31907,0,0,0.999998,0.000000,0.000000,0.000002
26541,0,0,0.999999,0.000000,0.000000,0.000001
26006,0,0,0.999998,0.000000,0.000000,0.000002
10142,1,1,0.000003,0.999993,0.000003,0.000001
24159,0,0,0.999998,0.000000,0.000000,0.000002
2798,3,3,0.000062,0.000009,0.000010,0.999920
4603,3,3,0.000064,0.000010,0.000012,0.999914
28453,0,0,0.999998,0.000000,0.000000,0.000002
29106,0,0,0.999998,0.000000,0.000000,0.000002
21997,0,0,0.999997,0.000000,0.000000,0.000003
32458,0,0,0.999999,0.000000,0.000000,0.000001
19194,1,1,0.000012,0.999980,0.000003,0.000005
14547,1,1,0.000002,0.999995,0.000002,0.000001
6523,3,3,0.000114,0.000024,0.000016,0.999846
4694,3,3,0.000053,0.000007,0.000008,0.999932
32850,0,0,0.999999,0.000000,0.000000,0.000001
946,3,3,0.000083,0.000013,0.000012,0.999892
19348,1,1,0.000009,0.999985,0.000002,0.000004
23059,0,0,0.999996,0.000000,0.000000,0.000004
14186,1,1,0.000006,0.999987,0.000004,0.000003
8884,2,2,0.000000,0.000249,0.999737,0.000014
23587,0,0,0.999998,0.000000,0.000000,0.000002
8821,2,2,0.000000,0.000099,0.999897,0.000004
21162,1,1,0.000010,0.999983,0.000002,0.000004
17028,1,1,0.000004,0.999993,0.000001,0.000002
24722,0,0,0.999998,0.000000,0.000000,0.000002
185,3,3,0.000154,0.000018,0.000023,0.999804
305,3,3,0.000081,0.000011,0.000015,0.999894
16707,1,1,0.000016,0.999974,0.000003,0.000007
4560,3,3,0.000044,0.000005,0.000008,0.999944
31446,0,0,0.999998,0.000000,0.000000,0.000002
25281,0,0,0.999998,0.000000,0.000000,0.000002
6329,3,3,0.012211,0.000019,0.000044,0.987726
5929,3,3,0.010294,0.000019,0.000044,0.989643
18801,1,1,0.000005,0.999992,0.000001,0.000002
26517,0,0,0.999998,0.000000,0.000000,0.000002
19436,1,1,0.000009,0.999984,0.000002,0.000004
24050,0,0,0.999998,0.000000,0.000000,0.000002
13059,1,1,0.000002,0.999997,0.000001,0.000001
17064,1,1,0.000007,0.999989,0.000002,0.000003
19563,1,1,0.000009,0.999985,0.000002,0.000004
21011,1,1,0.000008,0.999987,0.000002,0.000003
3083,3,3,0.000086,0.000015,0.000016,0.999883
6276,3,3,0.011787,0.000019,0.000044,0.988151
6040,3,3,0.006758,0.000019,0.000044,0.993180
22449,0,0,0.999996,0.000000,0.000000,0.000004
29297,0,0,0.999997,0.000000,0.000000,0.000003
84,3,3,0.000080,0.000014,0.000012,0.999894
21971,0,0,0.999997,0.000000,0.000000,0.000003
16019,1,1,0.000007,0.999988,0.000002,0.000003
20960,1,1,0.000008,0.999987,0.000002,0.000003
32715,0,0,0.999998,0.000000,0.000000,0.000002
4757,3,3,0.000098,0.000008,0.000017,0.999877
8511,2,2,0.000000,0.000183,0.999807,0.000009
14527,1,1,0.000001,0.999998,0.000000,0.000001
26515,0,0,0.999998,0.000000,0.000000,0.000002
25983,0,0,0.999998,0.000000,0.000000,0.000002
27454,0,0,0.999998,0.000000,0.000000,0.000002
18920,1,1,0.000017,0.999972,0.000004,0.000007
12420,1,1,0.000010,0.999977,0.000009,0.000004
13810,1,1,0.000006,0.999990,0.000002,0.000002
32065,0,0,0.999999,0.000000,0.000000,0.000001
17928,1,1,0.000008,0.999988,0.000002,0.000003
29565,0,0,0.999993,0.000000,0.000000,0.000007
31757,0,0,0.999998,0.000000,0.000000,0.000002
29289,0,0,0.999998,0.000000,0.000000,0.000002
17055,1,1,0.000008,0.999987,0.000002,0.000003
32176,0,0,0.999998,0.000000,0.000000,0.000002
1708,3,3,0.000071,0.000012,0.000012,0.999905
32852,0,0,0.999998,0.000000,0.000000,0.000002
15779,1,1,0.000067,0.999877,0.000018,0.000038
10918,1,1,0.000003,0.999993,0.000003,0.000001
29398,0,0,0.999997,0.000000,0.000000,0.000002
5720,3,3,0.016417,0.000019,0.000044,0.983520
15736,1,1,0.000005,0.999992,0.000002,0.000002
27218,0,0,0.999997,0.000000,0.000000,0.000003
7647,2,2,0.000000,0.000105,0.999891,0.000004
8622,2,2,0.000000,0.000048,0.999951,0.000001
460,3,3,0.000205,0.000062,0.000056,0.999678
13284,1,1,0.000003,0.999993,0.000002,0.000001
362,3,3,0.000065,0.000009,0.000013,0.999914
4017,3,3,0.000052,0.000006,0.000009,0.999932
4273,3,3,0.000056,0.000006,0.000008,0.999930
25614,0,0,0.999998,0.000000,0.000000,0.000002
23207,0,0,0.999996,0.000000,0.000000,0.000004
27875,0,0,0.999998,0.000000,0.000000,0.000002
25751,0,0,0.999998,0.000000,0.000000,0.000002
9854,1,1,0.000003,0.999994,0.000003,0.000001
485,3,3,0.000066,0.000011,0.000009,0.999914
7165,2,2,0.000000,0.000045,0.999954,0.000001
12996,1,1,0.000001,0.999998,0.000001,0.000000
269,3,3,0.001352,0.001151,0.000353,0.997144
30860,0,0,0.999999,0.000000,0.000000,0.000001
17891,1,1,0.000006,0.999990,0.000001,0.000002
4962,3,3,0.000157,0.000028,0.000021,0.999795
23465,0,0,0.999998,0.000000,0.000000,0.000002
23902,0,0,0.999998,0.000000,0.000000,0.000002
32055,0,0,0.999998,0.000000,0.000000,0.000002
30102,0,0,0.999994,0.000000,0.000000,0.000006
5227,3,3,0.029131,0.000019,0.000044,0.970807
32356,0,0,0.999998,0.000000,0.000000,0.000002
7989,2,2,0.000000,0.000034,0.999966,0.000001
14539,1,1,0.000002,0.999997,0.000001,0.000001
12157,1,1,0.000005,0.999989,0.000005,0.000001
28357,0,0,0.999998,0.000000,0.000000,0.000002
8592,2,2,0.000000,0.000138,0.999856,0.000006
6270,3,3,0.011626,0.000019,0.000044,0.988311
3526,3,3,0.000053,0.000005,0.000009,0.999933
4597,3,3,0.000048,0.000006,0.000008,0.999938
19793,1,1,0.000006,0.999990,0.000002,0.000002
29918,0,0,0.999996,0.000000,0.000000,0.000004
14227,1,1,0.000001,0.999997,0.000001,0.000000
23589,0,0,0.999998,0.000000,0.000000,0.000002
16717,1,1,0.000007,0.999988,0.000002,0.000003
1198,3,3,0.000070,0.000011,0.000010,0.999909
32104,0,0,0.999998,0.000000,0.000000,0.000002
7456,2,2,0.000000,0.000070,0.999928,0.000002
24947,0,0,0.999997,0.000000,0.000000,0.000003
23888,0,0,0.999998,0.000000,0.000000,0.000002
20910,1,1,0.000005,0.999992,0.000001,0.000002
17633,1,1,0.000008,0.999988,0.000002,0.000003
2631,3,3,0.000238,0.000013,0.000024,0.999725
29206,0,0,0.999999,0.000000,0.000000,0.000001
31046,0,0,0.999998,0.000000,0.000000,0.000002
2397,3,3,0.000095,0.000008,0.000015,0.999882
8510,2,2,0.000000,0.000089,0.999908,0.000003
30665,0,0,0.999993,0.000000,0.000000,0.000007
17355,1,1,0.000010,0.999984,0.000002,0.000004
13162,1,1,0.000002,0.999996,0.000001,0.000001
5428,3,3,0.019292,0.000018,0.000043,0.980646
12842,1,1,0.000002,0.999996,0.000002,0.000000
15318,1,1,0.000006,0.999991,0.000001,0.000002
10797,1,1,0.000004,0.999989,0.000005,0.000001
19377,1,1,0.000006,0.999991,0.000001,0.000002
25908,0,0,0.999998,0.000000,0.000000,0.000002
27407,0,0,0.999998,0.000000,0.000000,0.000002
3222,3,3,0.000245,0.000035,0.000035,0.999685
1405,3,3,0.000082,0.000014,0.000011,0.999892
14022,1,1,0.000003,0.999994,0.000001,0.000001
25888,0,0,0.999998,0.000000,0.000000,0.000002
16831,1,1,0.000007,0.999989,0.000001,0.000003
12992,1,1,0.000005,0.999992,0.000002,0.000002
14930,1,1,0.000001,0.999999,0.000000,0.000000
23360,0,0,0.999997,0.000000,0.000000,0.000003
7458,2,2,0.000000,0.000057,0.999941,0.000001
17944,1,1,0.000008,0.999987,0.000002,0.000003
14805,1,1,0.000017,0.999964,0.000011,0.000008
22251,0,0,0.999997,0.000000,0.000000,0.000003
30296,0,0,0.999999,0.000000,0.000000,0.000001
2539,3,3,0.000099,0.000014,0.000015,0.999872
7764,2,2,0.000000,0.000046,0.999954,0.000001
4164,3,3,0.000057,0.000006,0.000009,0.999929
12442,1,1,0.000047,0.999881,0.000046,0.000026
1123,3,3,0.000115,0.000023,0.000017,0.999845
31854,0,0,0.999997,0.000000,0.000000,0.000003
6667,2,2,0.000000,0.000052,0.999946,0.000001
9266,1,1,0.000008,0.999986,0.000003,0.000003
25797,0,0,0.999998,0.000000,0.000000,0.000002
15924,1,1,0.000009,0.999986,0.000002,0.000004
18789,1,1,0.000013,0.999978,0.000003,0.000006
31225,0,0,0.999998,0.000000,0.000000,0.000002
9916,1,1,0.000003,0.999993,0.000004,0.000001
20456,1,1,0.000004,0.999993,0.000001,0.000002
11071,1,1,0.000002,0.999996,0.000002,0.000000
13822,1,1,0.000003,0.999993,0.000002,0.000001
15500,1,1,0.000000,0.999999,0.000000,0.000000
17228,1,1,0.000005,0.999992,0.000001,0.000002
332,3,3,0.000053,0.000007,0.000009,0.999931
22665,0,0,0.999996,0.000000,0.000000,0.000004
31618,0,0,0.999998,0.000000,0.000000,0.000002
3166,3,3,0.000074,0.000012,0.000010,0.999904
18674,1,1,0.000012,0.999981,0.000002,0.000005
11807,1,1,0.000004,0.999992,0.000004,0.000001
18078,1,1,0.000025,0.999959,0.000005,0.000011
439,3,3,0.000057,0.000008,0.000012,0.999923
4046,3,3,0.000053,0.000006,0.000010,0.999930
16757,1,1,0.000007,0.999987,0.000003,0.000003
16290,1,1,0.000005,0.999992,0.000001,0.000002
14966,1,1,0.000004,0.999992,0.000003,0.000001
16997,1,1,0.000007,0.999989,0.000002,0.000003
15053,1,1,0.000001,0.999998,0.000000,0.000000
32092,0,0,0.999998,0.000000,0.000000,0.000002
13490,1,1,0.000005,0.999992,0.000002,0.000002
9143,2,2,0.000000,0.000059,0.999939,0.000001
16453,1,1,0.000007,0.999988,0.000002,0.000003
27419,0,0,0.999998,0.000000,0.000000,0.000002
26389,0,0,0.999998,0.000000,0.000000,0.000002
22319,0,0,0.999996,0.000000,0.000000,0.000004
4128,3,3,0.000062,0.000009,0.000010,0.999918
12232,1,1,0.000002,0.999995,0.000003,0.000001
5101,3,3,0.000559,0.000062,0.000055,0.999324
29109,0,0,0.999999,0.000000,0.000000,0.000001
26196,0,0,0.999998,0.000000,0.000000,0.000002
23984,0,0,0.999998,0.000000,0.000000,0.000002
26982,0,0,0.999998,0.000000,0.000000,0.000002
7882,2,2,0.000000,0.000048,0.999951,0.000001
13864,1,1,0.000005,0.999991,0.000002,0.000002
7394,2,2,0.000000,0.000043,0.999956,0.000001
8078,2,2,0.000000,0.000040,0.999959,0.000001
15209,1,1,0.000001,0.999998,0.000000,0.000000
23516,0,0,0.999998,0.000000,0.000000,0.000002
25255,0,0,0.999998,0.000000,0.000000,0.000002
21187,1,1,0.000011,0.999981,0.000003,0.000005
27685,0,0,0.999997,0.000000,0.000000,0.000003
5256,3,3,0.028589,0.000019,0.000044,0.971348
3864,3,3,0.000068,0.000008,0.000010,0.999914
15017,1,1,0.000003,0.999993,0.000003,0.000001
17434,1,1,0.000010,0.999984,0.000002,0.000004
19770,1,1,0.000010,0.999984,0.000002,0.000004
23259,0,0,0.999998,0.000000,0.000000,0.000002
11005,1,1,0.000010,0.999974,0.000012,0.000004
29865,0,0,0.999995,0.000000,0.000000,0.000005
29042,0,0,0.999999,0.000000,0.000000,0.000001
4397,3,3,0.000069,0.000011,0.000010,0.999910
12237,1,1,0.000002,0.999995,0.000003,0.000001
18520,1,1,0.000011,0.999983,0.000002,0.000004
19495,1,1,0.000010,0.999984,0.000002,0.000004
32838,0,0,0.999998,0.000000,0.000000,0.000002
3996,3,3,0.000071,0.000012,0.000012,0.999905
15427,1,1,0.000006,0.999989,0.000002,0.000002
14748,1,1,0.000003,0.999995,0.000001,0.000001
822,3,3,0.000096,0.000016,0.000015,0.999872
1322,3,3,0.000216,0.000065,0.000029,0.999690
22172,0,0,0.999997,0.000000,0.000000,0.000003
7001,2,2,0.000000,0.000143,0.999851,0.000006
2803,3,3,0.000086,0.000005,0.000009,0.999900
4295,3,3,0.000059,0.000008,0.000010,0.999923
19689,1,1,0.000007,0.999988,0.000002,0.000003
26983,0,0,0.999998,0.000000,0.000000,0.000002
14908,1,1,0.000000,0.999999,0.000000,0.000000
1309,3,3,0.002421,0.002007,0.000314,0.995258
6034,3,3,0.000572,0.000025,0.000042,0.999361
13006,1,1,0.000001,0.999999,0.000000,0.000000
27735,0,0,0.999997,0.000000,0.000000,0.000003
6772,2,2,0.000000,0.000069,0.999929,0.000002
2353,3,3,0.000193,0.000029,0.000030,0.999748
30865,0,0,0.999998,0.000000,0.000000,0.000002
16591,1,1,0.000004,0.999993,0.000001,0.000002
26492,0,0,0.999998,0.000000,0.000000,0.000002
26573,0,0,0.999998,0.000000,0.000000,0.000002
25350,0,0,0.999997,0.000000,0.000000,0.000003
9509,1,1,0.000011,0.999982,0.000003,0.000004
22457,0,0,0.999997,0.000000,0.000000,0.000002
28631,0,0,0.999999,0.000000,0.000000,0.000001
4698,3,3,0.000052,0.000006,0.000009,0.999934
6355,3,3,0.011935,0.000019,0.000044,0.988002
24811,0,0,0.999998,0.000000,0.000000,0.000002
25116,0,0,0.999998,0.000000,0.000000,0.000002
20702,1,1,0.000003,0.999995,0.000001,0.000001
18632,1,1,0.000007,0.999989,0.000002,0.000003
6766,2,2,0.000000,0.000046,0.999953,0.000001
2225,3,3,0.000163,0.000005,0.000011,0.999821
9757,1,1,0.000003,0.999993,0.000003,0.000001
3310,3,3,0.000111,0.000016,0.000017,0.999856
11824,1,1,0.000009,0.999979,0.000008,0.000003
30146,0,0,0.999998,0.000000,0.000000,0.000002
30952,0,0,0.999998,0.000000,0.000000,0.000002
27656,0,0,0.999997,0.000000,0.000000,0.000003
6041,3,3,0.008119,0.000018,0.000044,0.991819
32199,0,0,0.999998,0.000000,0.000000,0.000002
4323,3,3,0.000070,0.000011,0.000012,0.999907
32849,0,0,0.999998,0.000000,0.000000,0.000001
32865,0,0,0.999999,0.000000,0.000000,0.000001
2200,3,3,0.000104,0.000004,0.000009,0.999883
25361,0,0,0.999997,0.000000,0.000000,0.000003
23930,0,0,0.999998,0.000000,0.000000,0.000002
20965,1,1,0.000013,0.999979,0.000003,0.000005
24715,0,0,0.999991,0.000000,0.000000,0.000009
5446,3,3,0.019294,0.000018,0.000043,0.980645
28351,0,0,0.999999,0.000000,0.000000,0.000001
22582,0,0,0.999996,0.000000,0.000000,0.000004
1561,3,3,0.000049,0.000006,0.000008,0.999938
22920,0,0,0.999998,0.000000,0.000000,0.000002
16058,1,1,0.000016,0.999974,0.000003,0.000007
12190,1,1,0.000003,0.999993,0.000003,0.000001
30321,0,0,0.999998,0.000000,0.000000,0.000002
12675,1,1,0.000003,0.999992,0.000004,0.000001
16449,1,1,0.000006,0.999990,0.000001,0.000002
20866,1,1,0.000017,0.999973,0.000003,0.000007
22777,0,0,0.999997,0.000000,0.000000,0.000003
13283,1,1,0.000005,0.999991,0.000003,0.000002
6535,3,3,0.000190,0.000050,0.000028,0.999732
3302,3,3,0.000081,0.000014,0.000015,0.999890
9789,1,1,0.000004,0.999991,0.000004,0.000001
10546,1,1,0.000005,0.999987,0.000005,0.000002
14968,1,1,0.000001,0.999998,0.000001,0.000000
7316,2,2,0.000000,0.000032,0.999967,0.000000
29894,0,0,0.999998,0.000000,0.000000,0.000002
26447,0,0,0.999998,0.000000,0.000000,0.000002
10971,1,1,0.000004,0.999991,0.000004,0.000001
10024,1,1,0.000002,0.999994,0.000003,0.000001
32285,0,0,0.999998,0.000000,0.000000,0.000002
24658,0,0,0.999999,0.000000,0.000000,0.000001
9449,1,1,0.000012,0.999979,0.000003,0.000005
14964,1,1,0.000006,0.999989,0.000003,0.000002
24369,0,0,0.999998,0.000000,0.000000,0.000002
199,3,3,0.000085,0.000016,0.000014,0.999885
30037,0,0,0.999998,0.000000,0.000000,0.000002
26438,0,0,0.999998,0.000000,0.000000,0.000002
8920,2,2,0.000006,0.001060,0.998758,0.000177
31877,0,0,0.999998,0.000000,0.000000,0.000002
19753,1,1,0.000006,0.999990,0.000001,0.000002
27015,0,0,0.999998,0.000000,0.000000,0.000002
5774,3,3,0.010392,0.000019,0.000044,0.989546
5935,3,3,0.010567,0.000019,0.000044,0.989370
6699,2,2,0.000000,0.000079,0.999918,0.000002
26446,0,0,0.999998,0.000000,0.000000,0.000002
16243,1,1,0.000012,0.999980,0.000003,0.000005
1844,3,3,0.000101,0.000021,0.000019,0.999860
19548,1,1,0.000009,0.999985,0.000002,0.000004
8032,2,2,0.000000,0.000040,0.999959,0.000001
24352,0,0,0.999998,0.000000,0.000000,0.000002
22160,0,0,0.999998,0.000000,0.000000,0.000002
14191,1,1,0.000000,0.999999,0.000000,0.000000
3920,3,3,0.000048,0.000006,0.000008,0.999938
18590,1,1,0.000008,0.999987,0.000002,0.000003
28900,0,0,0.999996,0.000000,0.000000,0.000004
1417,3,3,0.000079,0.000006,0.000011,0.999904
1734,3,3,0.000049,0.000007,0.000008,0.999936
5511,3,3,0.011827,0.000019,0.000044,0.988110
2503,3,3,0.000150,0.000009,0.000016,0.999825
15232,1,1,0.000004,0.999994,0.000001,0.000001
12891,1,1,0.000006,0.999985,0.000007,0.000002
8030,2,2,0.000000,0.000044,0.999955,0.000001
31883,0,0,0.999998,0.000000,0.000000,0.000002
26127,0,0,0.999998,0.000000,0.000000,0.000001
19021,1,1,0.000008,0.999988,0.000002,0.000003
1652,3,3,0.000085,0.000015,0.000012,0.999888
2793,3,3,0.000059,0.000007,0.000010,0.999923
30311,0,0,0.999997,0.000000,0.000000,0.000003
5059,3,3,0.000060,0.000007,0.000010,0.999924
32572,0,0,0.999998,0.000000,0.000000,0.000002
5269,3,3,0.027646,0.000018,0.000044,0.972292
6980,2,2,0.000000,0.000077,0.999921,0.000002
9489,1,1,0.000008,0.999987,0.000002,0.000003
20813,1,1,0.000016,0.999970,0.000006,0.000007
7585,2,2,0.000000,0.000093,0.999904,0.000003
8995,2,2,0.000000,0.000081,0.999917,0.000002
31659,0,0,0.999999,0.000000,0.000000,0.000001
19276,1,1,0.000005,0.999992,0.000001,0.000002
23019,0,0,0.999998,0.000000,0.000000,0.000002
6007,3,3,0.010947,0.000019,0.000044,0.988991
15498,1,1,0.000002,0.999997,0.000001,0.000001
14658,1,1,0.000001,0.999999,0.000000,0.000000
10668,1,1,0.000012,0.999973,0.000011,0.000004
25957,0,0,0.999998,0.000000,0.000000,0.000002
10179,1,1,0.000002,0.999994,0.000003,0.000001
23456,0,0,0.999997,0.000000,0.000000,0.000003
8468,2,2,0.000001,0.000281,0.999699,0.000019
19695,1,1,0.000023,0.999962,0.000005,0.000010
23054,0,0,0.999996,0.000000,0.000000,0.000004
13023,1,1,0.000001,0.999998,0.000000,0.000000
7520,2,2,0.000000,0.000050,0.999949,0.000001
28965,0,0,0.999998,0.000000,0.000000,0.000002
29992,0,0,0.999998,0.000000,0.000000,0.000002
22758,0,0,0.999997,0.000000,0.000000,0.000003
29271,0,0,0.999999,0.000000,0.000000,0.000001
3346,3,3,0.000081,0.000008,0.000013,0.999898
20467,1,1,0.000011,0.999981,0.000003,0.000005
18340,1,1,0.000006,0.999991,0.000001,0.000002
1471,3,3,0.000119,0.000011,0.000017,0.999853
18799,1,1,0.000004,0.999994,0.000001,0.000001
23297,0,0,0.999997,0.000000,0.000000,0.000003
471,3,3,0.000051,0.000008,0.000006,0.999935
2936,3,3,0.000064,0.000004,0.000008,0.999923
3866,3,3,0.000061,0.000007,0.000011,0.999920
342,3,3,0.000098,0.000020,0.000026,0.999856
13962,1,1,0.000102,0.999824,0.000008,0.000066
24664,0,0,0.999999,0.000000,0.000000,0.000001
6799,2,2,0.000000,0.000029,0.999971,0.000000
12839,1,1,0.000010,0.999977,0.000009,0.000004
6028,3,3,0.000175,0.000040,0.000026,0.999760
22886,0,0,0.999997,0.000000,0.000000,0.000003
25771,0,0,0.999998,0.000000,0.000000,0.000002
11494,1,1,0.000002,0.999995,0.000003,0.000001
28372,0,0,0.999998,0.000000,0.000000,0.000002
9292,1,1,0.000007,0.999989,0.000002,0.000003
5501,3,3,0.012067,0.000019,0.000044,0.987871
12356,1,1,0.000004,0.999991,0.000004,0.000001
21532,0,0,0.999997,0.000000,0.000000,0.000002
11949,1,1,0.000003,0.999994,0.000003,0.000001
24747,0,0,0.999998,0.000000,0.000000,0.000002
7235,2,2,0.000000,0.000070,0.999928,0.000002
14048,1,1,0.000000,0.999999,0.000000,0.000000
16654,1,1,0.000006,0.999990,0.000001,0.000002
7993,2,2,0.000000,0.000044,0.999955,0.000001
5156,3,3,0.032190,0.000019,0.000044,0.967746
18654,1,1,0.000006,0.999990,0.000001,0.000002
31244,0,0,0.999999,0.000000,0.000000,0.000001
3752,3,3,0.000062,0.000008,0.000010,0.999920
31014,0,0,0.999998,0.000000,0.000000,0.000002
6170,3,3,0.011722,0.000019,0.000044,0.988216
22468,0,0,0.999990,0.000000,0.000000,0.000010
4868,3,3,0.000056,0.000008,0.000010,0.999925
3088,3,3,0.000095,0.000019,0.000017,0.999869
15050,1,1,0.000002,0.999996,0.000001,0.000001
31101,0,0,0.999998,0.000000,0.000000,0.000002
9093,2,2,0.000000,0.000071,0.999927,0.000002
12155,1,1,0.000007,0.999984,0.000007,0.000002
30659,0,0,0.999994,0.000000,0.000000,0.000006
3857,3,3,0.000106,0.000012,0.000017,0.999866
12227,1,1,0.000014,0.999966,0.000014,0.000006
3600,3,3,0.000058,0.000008,0.000008,0.999926
28154,0,0,0.999998,0.000000,0.000000,0.000002
6426,3,3,0.011471,0.000019,0.000044,0.988466
6930,2,2,0.000000,0.000068,0.999931,0.000002
32537,0,0,0.999998,0.000000,0.000000,0.000002
25634,0,0,0.999998,0.000000,0.000000,0.000002
3099,3,3,0.000074,0.000013,0.000015,0.999898
2061,3,3,0.000541,0.000135,0.000073,0.999251
2737,3,3,0.000363,0.000050,0.000057,0.999530
17258,1,1,0.000004,0.999993,0.000001,0.000002
22023,0,0,0.999997,0.000000,0.000000,0.000003
12656,1,1,0.000008,0.999982,0.000008,0.000003
21455,0,0,0.999997,0.000000,0.000000,0.000003
3071,3,3,0.000077,0.000011,0.000012,0.999900
15745,1,1,0.000003,0.999995,0.000001,0.000001
13155,1,1,0.000003,0.999995,0.000001,0.000001
23080,0,0,0.999637,0.000000,0.000000,0.000363
33253,0,0,0.998610,0.000000,0.000000,0.001390
15336,1,1,0.002368,0.991360,0.003564,0.002708
13543,1,1,0.000005,0.999992,0.000001,0.000002
3032,3,3,0.000072,0.000010,0.000011,0.999907
5316,3,3,0.027672,0.000019,0.000044,0.972265
10607,1,1,0.000006,0.999987,0.000005,0.000002
12780,1,1,0.000002,0.999996,0.000002,0.000001
6004,3,3,0.011178,0.000019,0.000044,0.988760
19294,1,1,0.000011,0.999982,0.000002,0.000005
11017,1,1,0.000003,0.999993,0.000003,0.000001
9457,1,1,0.000012,0.999979,0.000004,0.000005
17727,1,1,0.000010,0.999984,0.000002,0.000004
13698,1,1,0.000005,0.999990,0.000002,0.000002
2617,3,3,0.000441,0.000009,0.000020,0.999530
18184,1,1,0.000004,0.999993,0.000001,0.000002
26012,0,0,0.999998,0.000000,0.000000,0.000002
29580,0,0,0.999997,0.000000,0.000000,0.000003
28547,0,0,0.999999,0.000000,0.000000,0.000001
8794,2,2,0.000000,0.000083,0.999914,0.000002
7949,2,2,0.000000,0.000078,0.999920,0.000002
21245,1,1,0.000009,0.999986,0.000002,0.000004
5618,3,3,0.011695,0.000019,0.000044,0.988243
3473,3,3,0.000050,0.000006,0.000010,0.999934
31946,0,0,0.999998,0.000000,0.000000,0.000002
28327,0,0,0.999998,0.000000,0.000000,0.000002
15274,1,1,0.000007,0.999987,0.000003,0.000003
4451,3,3,0.000059,0.000005,0.000008,0.999927
8358,2,2,0.000000,0.000045,0.999954,0.000001
21200,1,1,0.000006,0.999990,0.000002,0.000002
28809,0,0,0.999999,0.000000,0.000000,0.000001
19807,1,1,0.000007,0.999988,0.000002,0.000003
19551,1,1,0.000007,0.999988,0.000002,0.000003
26761,0,0,0.999998,0.000000,0.000000,0.000002
19805,1,1,0.000006,0.999990,0.000002,0.000002
20959,1,1,0.000004,0.999993,0.000001,0.000002
23245,0,0,0.999996,0.000000,0.000000,0.000004
3865,3,3,0.000073,0.000009,0.000011,0.999907
13120,1,1,0.000014,0.999977,0.000004,0.000006
2398,3,3,0.000079,0.000006,0.000012,0.999903
32137,0,0,0.999998,0.000000,0.000000,0.000002
13153,1,1,0.000016,0.999971,0.000006,0.000007
8048,2,2,0.000000,0.000054,0.999945,0.000001
14574,1,1,0.000000,0.999999,0.000000,0.000000
18106,1,1,0.000014,0.999978,0.000003,0.000006
22800,0,0,0.999996,0.000000,0.000000,0.000004
19690,1,1,0.000010,0.999983,0.000002,0.000004
32975,0,0,0.999186,0.000000,0.000000,0.000814
16493,1,1,0.000008,0.999987,0.000002,0.000003
2883,3,3,0.000126,0.000024,0.000021,0.999830
12244,1,1,0.000001,0.999997,0.000002,0.000000
21356,1,1,0.000011,0.999982,0.000002,0.000005
12988,1,1,0.000003,0.999995,0.000001,0.000001
29347,0,0,0.999992,0.000000,0.000000,0.000008
18274,1,1,0.000005,0.999992,0.000001,0.000002
26266,0,0,0.999998,0.000000,0.000000,0.000002
10576,1,1,0.000003,0.999993,0.000003,0.000001
30071,0,0,0.999998,0.000000,0.000000,0.000002
31748,0,0,0.999999,0.000000,0.000000,0.000001
6177,3,3,0.011749,0.000019,0.000044,0.988189
6351,3,3,0.012039,0.000019,0.000045,0.987898
32451,0,0,0.999998,0.000000,0.000000,0.000002
27308,0,0,0.999998,0.000000,0.000000,0.000002
16066,1,1,0.000004,0.999994,0.000001,0.000001
5492,3,3,0.011831,0.000019,0.000044,0.988106
31150,0,0,0.999998,0.000000,0.000000,0.000002
16888,1,1,0.000002,0.999997,0.000001,0.000001
15319,1,1,0.000008,0.999987,0.000002,0.000003
32349,0,0,0.999999,0.000000,0.000000,0.000001
2910,3,3,0.000080,0.000014,0.000019,0.999887
3255,3,3,0.000060,0.000007,0.000010,0.999923
2354,3,3,0.000159,0.000027,0.000025,0.999788
15247,1,1,0.000003,0.999996,0.000001,0.000001
28741,0,0,0.999998,0.000000,0.000000,0.000002
25265,0,0,0.999997,0.000000,0.000000,0.000003
20067,1,1,0.000008,0.999987,0.000002,0.000003
27506,0,0,0.999998,0.000000,0.000000,0.000002
28161,0,0,0.999998,0.000000,0.000000,0.000002
11791,1,1,0.000049,0.999879,0.000045,0.000027
14319,1,1,0.000000,0.999999,0.000000,0.000000
24921,0,0,0.999997,0.000000,0.000000,0.000002
29491,0,0,0.999997,0.000000,0.000000,0.000003
27035,0,0,0.999997,0.000000,0.000000,0.000002
12503,1,1,0.000006,0.999986,0.000006,0.000002
32506,0,0,0.999999,0.000000,0.000000,0.000001
22609,0,0,0.999997,0.000000,0.000000,0.000003
1834,3,3,0.000079,0.000009,0.000011,0.999900
14793,1,1,0.000006,0.999990,0.000002,0.000002
16122,1,1,0.000016,0.999973,0.000003,0.000007
6956,2,2,0.000000,0.000049,0.999950,0.000001
6929,2,2,0.000000,0.000056,0.999943,0.000001
28959,0,0,0.999999,0.000000,0.000000,0.000001
27804,0,0,0.999997,0.000000,0.000000,0.000003
3306,3,3,0.000105,0.000021,0.000021,0.999852
4543,3,3,0.000060,0.000010,0.000009,0.999922
1792,3,3,0.000119,0.000017,0.000016,0.999848
3832,3,3,0.000067,0.000009,0.000011,0.999913
32703,0,0,0.999999,0.000000,0.000000,0.000001
21480,0,0,0.999997,0.000000,0.000000,0.000003
22699,0,0,0.999995,0.000000,0.000000,0.000005
31959,0,0,0.999998,0.000000,0.000000,0.000002
778,3,3,0.000091,0.000018,0.000013,0.999878
20179,1,1,0.000005,0.999992,0.000001,0.000002
25872,0,0,0.999998,0.000000,0.000000,0.000002
22695,0,0,0.999995,0.000000,0.000000,0.000005
10816,1,1,0.000003,0.999994,0.000003,0.000001
30093,0,0,0.999998,0.000000,0.000000,0.000002
1515,3,3,0.000071,0.000008,0.000011,0.999910
9194,1,1,0.000010,0.999982,0.000004,0.000004
14707,1,1,0.000007,0.999988,0.000002,0.000003
11217,1,1,0.000002,0.999995,0.000002,0.000001
25302,0,0,0.999998,0.000000,0.000000,0.000002
10040,1,1,0.000002,0.999996,0.000002,0.000000
23359,0,0,0.999997,0.000000,0.000000,0.000003
1409,3,3,0.000106,0.000013,0.000013,0.999869
7925,2,2,0.000000,0.000048,0.999951,0.000001
22375,0,0,0.999997,0.000000,0.000000,0.000003
31527,0,0,0.999998,0.000000,0.000000,0.000002
23187,0,0,0.999998,0.000000,0.000000,0.000002
32307,0,0,0.999998,0.000000,0.000000,0.000002
13981,1,1,0.000009,0.999985,0.000003,0.000003
26393,0,0,0.999998,0.000000,0.000000,0.000002
13653,1,1,0.000003,0.999995,0.000001,0.000001
8402,2,2,0.000000,0.000116,0.999880,0.000004
885,3,3,0.000070,0.000012,0.000015,0.999903
23414,0,0,0.999998,0.000000,0.000000,0.000002
7215,2,2,0.000000,0.000036,0.999964,0.000001
10680,1,1,0.000003,0.999992,0.000003,0.000001
17975,1,1,0.000013,0.999979,0.000003,0.000005
29863,0,0,0.999997,0.000000,0.000000,0.000003
13947,1,1,0.000026,0.999955,0.000006,0.000013
28289,0,0,0.999998,0.000000,0.000000,0.000002
1016,3,3,0.000091,0.000017,0.000012,0.999879
30614,0,0,0.999997,0.000000,0.000000,0.000003
17320,1,1,0.000006,0.999991,0.000001,0.000002
16690,1,1,0.000006,0.999991,0.000001,0.000002
11580,1,1,0.000001,0.999997,0.000002,0.000000
24583,0,0,0.999997,0.000000,0.000000,0.000003
12408,1,1,0.000012,0.999971,0.000012,0.000005
14121,1,1,0.000002,0.999996,0.000001,0.000001
10687,1,1,0.000003,0.999993,0.000003,0.000001
15648,1,1,0.000001,0.999998,0.000000,0.000000
19817,1,1,0.000002,0.999996,0.000001,0.000001
12251,1,1,0.000006,0.999986,0.000006,0.000002
22283,0,0,0.999997,0.000000,0.000000,0.000003
3532,3,3,0.000072,0.000004,0.000009,0.999916
29824,0,0,0.999999,0.000000,0.000000,0.000001
16405,1,1,0.000005,0.999992,0.000001,0.000002
15647,1,1,0.000006,0.999989,0.000002,0.000002
11730,1,1,0.000005,0.999990,0.000004,0.000001
13088,1,1,0.000004,0.999993,0.000001,0.000001
10669,1,1,0.000002,0.999995,0.000002,0.000001
16646,1,1,0.000005,0.999991,0.000001,0.000002
22550,0,0,0.999996,0.000000,0.000000,0.000004
3655,3,3,0.000035,0.000005,0.000005,0.999955
17263,1,1,0.000005,0.999993,0.000001,0.000002
30767,0,0,0.999998,0.000000,0.000000,0.000002
12165,1,1,0.000010,0.999978,0.000008,0.000004
4551,3,3,0.000049,0.000007,0.000007,0.999937
31786,0,0,0.999998,0.000000,0.000000,0.000002
13848,1,1,0.000003,0.999995,0.000001,0.000001
28204,0,0,0.999998,0.000000,0.000000,0.000002
15851,1,1,0.000019,0.999967,0.000005,0.000009
29332,0,0,0.999998,0.000000,0.000000,0.000002
7488,2,2,0.000000,0.000035,0.999964,0.000001
20319,1,1,0.000005,0.999992,0.000001,0.000002
5794,3,3,0.009382,0.000019,0.000044,0.990556
5504,3,3,0.011969,0.000019,0.000044,0.987969
11995,1,1,0.000006,0.999986,0.000006,0.000002
5135,3,3,0.004047,0.000021,0.000047,0.995885
2058,3,3,0.000268,0.000043,0.000035,0.999654
5567,3,3,0.012055,0.000019,0.000044,0.987882
19271,1,1,0.000011,0.999982,0.000002,0.000005
26359,0,0,0.999998,0.000000,0.000000,0.000002
23042,0,0,0.999997,0.000000,0.000000,0.000003
29772,0,0,0.999998,0.000000,0.000000,0.000002
12808,1,1,0.000005,0.999987,0.000006,0.000002
13815,1,1,0.000006,0.999990,0.000002,0.000002
25747,0,0,0.999998,0.000000,0.000000,0.000002
390,3,3,0.000052,0.000006,0.000013,0.999928
2601,3,3,0.000072,0.000013,0.000014,0.999901
6945,2,2,0.000000,0.000059,0.999940,0.000001
15021,1,1,0.000000,0.999999,0.000000,0.000000
31739,0,0,0.999998,0.000000,0.000000,0.000002
21797,0,0,0.999997,0.000000,0.000000,0.000003
1357,3,3,0.001519,0.000211,0.000175,0.998095
8756,2,2,0.000000,0.000057,0.999942,0.000001
22996,0,0,0.999997,0.000000,0.000000,0.000003
27255,0,0,0.999998,0.000000,0.000000,0.000002
1538,3,3,0.000072,0.000010,0.000011,0.999907
18963,1,1,0.000019,0.999967,0.000005,0.000009
32224,0,0,0.999998,0.000000,0.000000,0.000002
3223,3,3,0.000289,0.000038,0.000044,0.999629
9995,1,1,0.000002,0.999994,0.000003,0.000001
11422,1,1,0.000001,0.999997,0.000002,0.000000
22747,0,0,0.999997,0.000000,0.000000,0.000003
33114,0,0,0.999045,0.000000,0.000000,0.000955
25259,0,0,0.999998,0.000000,0.000000,0.000002
30863,0,0,0.999998,0.000000,0.000000,0.000002
16538,1,1,0.000023,0.999962,0.000005,0.000010
773,3,3,0.000075,0.000013,0.000014,0.999898
19300,1,1,0.000008,0.999987,0.000002,0.000003
31591,0,0,0.999998,0.000000,0.000000,0.000002
26479,0,0,0.999997,0.000000,0.000000,0.000003
24776,0,0,0.999998,0.000000,0.000000,0.000002
26937,0,0,0.999997,0.000000,0.000000,0.000003
22379,0,0,0.999999,0.000000,0.000000,0.000001
789,3,3,0.000069,0.000011,0.000009,0.999911
22118,0,0,0.999992,0.000000,0.000000,0.000008
13169,1,1,0.000004,0.999994,0.000001,0.000001
29249,0,0,0.999998,0.000000,0.000000,0.000002
16793,1,1,0.000015,0.999975,0.000003,0.000007
10948,1,1,0.000002,0.999995,0.000002,0.000001
33021,0,0,0.999088,0.000000,0.000000,0.000911
1671,3,3,0.000095,0.000017,0.000015,0.999872
26678,0,0,0.999998,0.000000,0.000000,0.000002
32573,0,0,0.999998,0.000000,0.000000,0.000002
25334,0,0,0.999998,0.000000,0.000000,0.000002
3978,3,3,0.000103,0.000022,0.000023,0.999852
17761,1,1,0.000008,0.999986,0.000002,0.000003
22463,0,0,0.999993,0.000000,0.000000,0.000007
26764,0,0,0.999998,0.000000,0.000000,0.000002
6162,3,3,0.011349,0.000019,0.000044,0.988589
15510,1,1,0.000010,0.999983,0.000002,0.000004
32883,0,0,0.999346,0.000000,0.000000,0.000654
20713,1,1,0.000010,0.999984,0.000002,0.000004
24287,0,0,0.999998,0.000000,0.000000,0.000002
17760,1,1,0.000009,0.999986,0.000002,0.000003
19000,1,1,0.000014,0.999976,0.000003,0.000006
25921,0,0,0.999998,0.000000,0.000000,0.000002
31775,0,0,0.999999,0.000000,0.000000,0.000001
7043,2,2,0.000000,0.000048,0.999951,0.000001
23193,0,0,0.999998,0.000000,0.000000,0.000002
10462,1,1,0.000002,0.999996,0.000002,0.000000
31595,0,0,0.999998,0.000000,0.000000,0.000002
10953,1,1,0.000006,0.999987,0.000005,0.000002
18804,1,1,0.000018,0.999971,0.000003,0.000008
8858,2,2,0.000000,0.000072,0.999926,0.000002
16497,1,1,0.000011,0.999981,0.000003,0.000005
10006,1,1,0.000002,0.999994,0.000003,0.000001
23424,0,0,0.999998,0.000000,0.000000,0.000002
31263,0,0,0.999999,0.000000,0.000000,0.000001
25409,0,0,0.999998,0.000000,0.000000,0.000002
8784,2,2,0.000000,0.000051,0.999948,0.000001
16547,1,1,0.000008,0.999985,0.000003,0.000003
853,3,3,0.000173,0.000042,0.000037,0.999748
22062,0,0,0.999998,0.000000,0.000000,0.000002
29361,0,0,0.999997,0.000000,0.000000,0.000003
18947,1,1,0.000003,0.999995,0.000001,0.000001
27433,0,0,0.999998,0.000000,0.000000,0.000002
5739,3,3,0.010001,0.000019,0.000044,0.989936
12630,1,1,0.000003,0.999992,0.000004,0.000001
20581,1,1,0.000004,0.999993,0.000001,0.000002
7956,2,2,0.000000,0.000057,0.999942,0.000001
17176,1,1,0.000005,0.999992,0.000001,0.000002
14131,1,1,0.000001,0.999999,0.000000,0.000000
10655,1,1,0.000003,0.999993,0.000003,0.000001
12183,1,1,0.000004,0.999990,0.000004,0.000001
9239,1,1,0.000003,0.999995,0.000001,0.000001
7915,2,2,0.000000,0.000039,0.999961,0.000001
10705,1,1,0.000002,0.999995,0.000002,0.000001
2633,3,3,0.000219,0.000011,0.000020,0.999749
29180,0,0,0.999998,0.000000,0.000000,0.000002
7138,2,2,0.000000,0.000027,0.999973,0.000000
30615,0,0,0.999997,0.000000,0.000000,0.000003
22051,0,0,0.999996,0.000000,0.000000,0.000004
24026,0,0,0.999997,0.000000,0.000000,0.000003
8872,2,2,0.000000,0.000083,0.999915,0.000002
7607,2,2,0.000000,0.000049,0.999950,0.000001
28966,0,0,0.999998,0.000000,0.000000,0.000002
17251,1,1,0.000008,0.999987,0.000002,0.000003
28506,0,0,0.999997,0.000000,0.000000,0.000003
14240,1,1,0.000001,0.999999,0.000000,0.000000
11800,1,1,0.000003,0.999992,0.000003,0.000001
25129,0,0,0.999998,0.000000,0.000000,0.000002
3013,3,3,0.000078,0.000008,0.000011,0.999903
14687,1,1,0.000006,0.999989,0.000002,0.000002
120,3,3,0.000183,0.000051,0.000034,0.999732
21912,0,0,0.999998,0.000000,0.000000,0.000002
16855,1,1,0.000015,0.999976,0.000003,0.000006
15724,1,1,0.000015,0.999973,0.000006,0.000006
8812,2,2,0.000000,0.000097,0.999900,0.000003
23920,0,0,0.999997,0.000000,0.000000,0.000003
19167,1,1,0.000011,0.999982,0.000002,0.000005
14017,1,1,0.000001,0.999998,0.000000,0.000000
31548,0,0,0.999998,0.000000,0.000000,0.000002
4296,3,3,0.000057,0.000008,0.000010,0.999926
14809,1,1,0.000001,0.999998,0.000000,0.000000
2280,3,3,0.000879,0.000005,0.000015,0.999100
18487,1,1,0.000006,0.999990,0.000001,0.000003
27555,0,0,0.999998,0.000000,0.000000,0.000002
16322,1,1,0.000010,0.999984,0.000002,0.000004
2978,3,3,0.000105,0.000009,0.000016,0.999870
26003,0,0,0.999998,0.000000,0.000000,0.000002
20092,1,1,0.000011,0.999982,0.000003,0.000005
5923,3,3,0.010655,0.000019,0.000044,0.989283
27675,0,0,0.999997,0.000000,0.000000,0.000003
1463,3,3,0.000342,0.000076,0.000050,0.999533
2243,3,3,0.000106,0.000015,0.000017,0.999862
5194,3,3,0.028160,0.000019,0.000044,0.971777
5178,3,3,0.029557,0.000019,0.000044,0.970380
27353,0,0,0.999997,0.000000,0.000000,0.000003
20057,1,1,0.000009,0.999985,0.000002,0.000004
694,3,3,0.000059,0.000009,0.000011,0.999921
1485,3,3,0.000063,0.000008,0.000009,0.999919
12890,1,1,0.000004,0.999989,0.000005,0.000001
19661,1,1,0.000004,0.999993,0.000001,0.000002
29461,0,0,0.999998,0.000000,0.000000,0.000002
24173,0,0,0.999999,0.000000,0.000000,0.000001
3862,3,3,0.000061,0.000006,0.000009,0.999924
32246,0,0,0.999998,0.000000,0.000000,0.000002
11379,1,1,0.000005,0.999989,0.000005,0.000002
9285,1,1,0.000011,0.999982,0.000003,0.000004
18551,1,1,0.000007,0.999989,0.000002,0.000003
13714,1,1,0.000004,0.999993,0.000002,0.000001
24380,0,0,0.999998,0.000000,0.000000,0.000002
17933,1,1,0.000008,0.999986,0.000002,0.000003
7899,2,2,0.000000,0.000044,0.999955,0.000001
25507,0,0,0.999997,0.000000,0.000000,0.000003
6823,2,2,0.000000,0.000088,0.999909,0.000002
10660,1,1,0.000005,0.999989,0.000005,0.000002
15531,1,1,0.000006,0.999989,0.000002,0.000002
695,3,3,0.000078,0.000013,0.000013,0.999896
17301,1,1,0.000007,0.999990,0.000001,0.000003
14090,1,1,0.000001,0.999998,0.000000,0.000000
12931,1,1,0.000004,0.999991,0.000004,0.000001
28319,0,0,0.999998,0.000000,0.000000,0.000002
12873,1,1,0.000011,0.999973,0.000012,0.000004
2752,3,3,0.000207,0.000020,0.000030,0.999742
6108,3,3,0.011373,0.000019,0.000044,0.988564
6802,2,2,0.000000,0.000105,0.999892,0.000003
28574,0,0,0.999998,0.000000,0.000000,0.000002
10185,1,1,0.000003,0.999994,0.000003,0.000001
7947,2,2,0.000000,0.000058,0.999941,0.000001
28391,0,0,0.999998,0.000000,0.000000,0.000002
27765,0,0,0.999999,0.000000,0.000000,0.000001
13296,1,1,0.000001,0.999998,0.000000,0.000000
24177,0,0,0.999998,0.000000,0.000000,0.000002
13478,1,1,0.000001,0.999997,0.000001,0.000000
28328,0,0,0.999998,0.000000,0.000000,0.000002
27624,0,0,0.999998,0.000000,0.000000,0.000002
8503,2,2,0.000000,0.000109,0.999887,0.000004
637,3,3,0.000144,0.000018,0.000023,0.999815
28174,0,0,0.999998,0.000000,0.000000,0.000002
13340,1,1,0.000001,0.999999,0.000000,0.000000
24003,0,0,0.999997,0.000000,0.000000,0.000003
17713,1,1,0.000005,0.999993,0.000001,0.000002
28783,0,0,0.999999,0.000000,0.000000,0.000001
30574,0,0,0.999999,0.000000,0.000000,0.000001
14223,1,1,0.000012,0.999978,0.000004,0.000006
12998,1,1,0.000004,0.999994,0.000001,0.000001
19340,1,1,0.000007,0.999988,0.000002,0.000003
1634,3,3,0.000074,0.000011,0.000011,0.999904
31664,0,0,0.999999,0.000000,0.000000,0.000001
6649,2,2,0.000000,0.000040,0.999959,0.000001
2788,3,3,0.000055,0.000007,0.000011,0.999928
22037,0,0,0.999997,0.000000,0.000000,0.000003
17048,1,1,0.000010,0.999984,0.000002,0.000004
22781,0,0,0.999997,0.000000,0.000000,0.000003
22998,0,0,0.999997,0.000000,0.000000,0.000003
26527,0,0,0.999997,0.000000,0.000000,0.000003
27919,0,0,0.999996,0.000000,0.000000,0.000004
16488,1,1,0.000006,0.999991,0.000001,0.000002
16387,1,1,0.000009,0.999985,0.000002,0.000004
20958,1,1,0.000005,0.999992,0.000001,0.000002
18507,1,1,0.000006,0.999990,0.000001,0.000002
2405,3,3,0.000222,0.000013,0.000024,0.999741
3133,3,3,0.000059,0.000008,0.000009,0.999924
8806,2,2,0.000000,0.000074,0.999924,0.000002
18049,1,1,0.000006,0.999991,0.000001,0.000002
26049,0,0,0.999998,0.000000,0.000000,0.000002
19257,1,1,0.000009,0.999986,0.000002,0.000003
16318,1,1,0.000011,0.999982,0.000002,0.000005
4770,3,3,0.000090,0.000004,0.000009,0.999897
22216,0,0,0.999998,0.000000,0.000000,0.000002
10565,1,1,0.000002,0.999994,0.000003,0.000001
26926,0,0,0.999998,0.000000,0.000000,0.000002
26037,0,0,0.999998,0.000000,0.000000,0.000002
14583,1,1,0.000005,0.999992,0.000002,0.000002
29248,0,0,0.999997,0.000000,0.000000,0.000003
50,3,3,0.000281,0.000066,0.000032,0.999622
29852,0,0,0.999998,0.000000,0.000000,0.000001
18243,1,1,0.000012,0.999981,0.000002,0.000005
7610,2,2,0.000000,0.000040,0.999959,0.000001
21064,1,1,0.000006,0.999990,0.000002,0.000002
17382,1,1,0.000009,0.999985,0.000002,0.000004
26506,0,0,0.999997,0.000000,0.000000,0.000003
12500,1,1,0.000003,0.999992,0.000004,0.000001
8643,2,2,0.000000,0.000121,0.999874,0.000005
9935,1,1,0.000005,0.999989,0.000005,0.000002
14514,1,1,0.000000,0.999999,0.000000,0.000000
2418,3,3,0.000227,0.000033,0.000033,0.999707
1744,3,3,0.000063,0.000009,0.000011,0.999917
27061,0,0,0.999998,0.000000,0.000000,0.000002
10746,1,1,0.000002,0.999994,0.000003,0.000001
23995,0,0,0.999997,0.000000,0.000000,0.000003
5797,3,3,0.009641,0.000019,0.000044,0.990296
33252,0,0,0.998836,0.000000,0.000000,0.001164
19143,1,1,0.000010,0.999984,0.000002,0.000004
7878,2,2,0.000000,0.000042,0.999957,0.000001
18239,1,1,0.000007,0.999988,0.000002,0.000003
13144,1,1,0.000003,0.999996,0.000001,0.000001
18307,1,1,0.000006,0.999989,0.000002,0.000003
4510,3,3,0.000096,0.000017,0.000014,0.999872
3218,3,3,0.000069,0.000011,0.000011,0.999909
8901,2,2,0.000000,0.000075,0.999923,0.000002
10947,1,1,0.000004,0.999990,0.000004,0.000001
23656,0,0,0.999998,0.000000,0.000000,0.000002
30597,0,0,0.999998,0.000000,0.000000,0.000002
2387,3,3,0.000092,0.000009,0.000013,0.999886
24477,0,0,0.999998,0.000000,0.000000,0.000002
22412,0,0,0.999997,0.000000,0.000000,0.000003
1316,3,3,0.001466,0.001196,0.001133,0.996205
3314,3,3,0.000074,0.000008,0.000011,0.999906
11948,1,1,0.000006,0.999988,0.000005,0.000002
12436,1,1,0.000011,0.999976,0.000010,0.000004
30024,0,0,0.999997,0.000000,0.000000,0.000003
18479,1,1,0.000012,0.999980,0.000003,0.000005
12884,1,1,0.000049,0.999868,0.000056,0.000027
6272,3,3,0.011789,0.000019,0.000044,0.988149
13093,1,1,0.000002,0.999997,0.000001,0.000001
14868,1,1,0.000005,0.999992,0.000001,0.000002
11840,1,1,0.000009,0.999979,0.000009,0.000003
2838,3,3,0.000141,0.000027,0.000022,0.999811
30199,0,0,0.999998,0.000000,0.000000,0.000002
2641,3,3,0.000097,0.000014,0.000017,0.999873
32668,0,0,0.999999,0.000000,0.000000,0.000001
33244,0,0,0.999216,0.000000,0.000000,0.000784
20053,1,1,0.000006,0.999989,0.000002,0.000003
22631,0,0,0.999997,0.000000,0.000000,0.000003
18011,1,1,0.000007,0.999989,0.000002,0.000003
30458,0,0,0.999999,0.000000,0.000000,0.000001
17509,1,1,0.000015,0.999975,0.000003,0.000007
6892,2,2,0.000000,0.000039,0.999960,0.000001
14626,1,1,0.000000,0.999999,0.000000,0.000000
27165,0,0,0.999997,0.000000,0.000000,0.000003
32218,0,0,0.999999,0.000000,0.000000,0.000001
17162,1,1,0.000014,0.999975,0.000004,0.000006
11846,1,1,0.000005,0.999990,0.000004,0.000002
11593,1,1,0.000006,0.999984,0.000008,0.000002
26702,0,0,0.999998,0.000000,0.000000,0.000002
4117,3,3,0.000059,0.000008,0.000010,0.999924
28340,0,0,0.999998,0.000000,0.000000,0.000002
16583,1,1,0.000010,0.999984,0.000002,0.000004
2447,3,3,0.000056,0.000008,0.000009,0.999927
28978,0,0,0.999997,0.000000,0.000000,0.000003
4752,3,3,0.000045,0.000006,0.000008,0.999941
15666,1,1,0.000004,0.999993,0.000001,0.000002
8838,2,2,0.000000,0.000065,0.999934,0.000002
12905,1,1,0.000031,0.999918,0.000033,0.000017
30570,0,0,0.999998,0.000000,0.000000,0.000002
26206,0,0,0.999998,0.000000,0.000000,0.000002
31450,0,0,0.999998,0.000000,0.000000,0.000002
16974,1,1,0.000010,0.999984,0.000002,0.000004
15502,1,1,0.000001,0.999997,0.000001,0.000000
6285,3,3,0.011955,0.000019,0.000044,0.987982
28632,0,0,0.999999,0.000000,0.000000,0.000001
14123,1,1,0.000001,0.999998,0.000000,0.000000
11774,1,1,0.000007,0.999984,0.000006,0.000002
32032,0,0,0.999998,0.000000,0.000000,0.000002
3841,3,3,0.000056,0.000006,0.000009,0.999929
17121,1,1,0.000006,0.999991,0.000001,0.000002
12483,1,1,0.000004,0.999991,0.000004,0.000001
19199,1,1,0.000013,0.999978,0.000003,0.000006
23405,0,0,0.999998,0.000000,0.000000,0.000002
18247,1,1,0.000008,0.999988,0.000002,0.000003
2392,3,3,0.000118,0.000014,0.000019,0.999849
18404,1,1,0.000005,0.999992,0.000001,0.000002
8948,2,2,0.007373,0.262859,0.643633,0.086135
25358,0,0,0.999998,0.000000,0.000000,0.000002
28005,0,0,0.999998,0.000000,0.000000,0.000002
6501,3,3,0.011240,0.000019,0.000044,0.988698
29986,0,0,0.999998,0.000000,0.000000,0.000002
16,3,3,0.002300,0.001424,0.000265,0.996011
12100,1,1,0.000005,0.999987,0.000006,0.000002
7821,2,2,0.000000,0.000149,0.999846,0.000005
12193,1,1,0.000001,0.999997,0.000001,0.000000
26057,0,0,0.999998,0.000000,0.000000,0.000002
1949,3,3,0.000269,0.000017,0.000030,0.999684
26824,0,0,0.999998,0.000000,0.000000,0.000002
771,3,3,0.000083,0.000015,0.000016,0.999886
25887,0,0,0.999998,0.000000,0.000000,0.000002
18754,1,1,0.000012,0.999980,0.000003,0.000005
5324,3,3,0.027909,0.000018,0.000044,0.972029
27574,0,0,0.999998,0.000000,0.000000,0.000002
11287,1,1,0.000004,0.999991,0.000004,0.000001
8151,2,2,0.000000,0.000035,0.999964,0.000001
3387,3,3,0.000055,0.000007,0.000009,0.999929
24862,0,0,0.999980,0.000000,0.000000,0.000020
19078,1,1,0.000007,0.999989,0.000002,0.000003
2538,3,3,0.000070,0.000011,0.000010,0.999909
13782,1,1,0.000001,0.999997,0.000001,0.000000
3012,3,3,0.000056,0.000006,0.000009,0.999929
21777,0,0,0.999998,0.000000,0.000000,0.000002
24808,0,0,0.999998,0.000000,0.000000,0.000002
14704,1,1,0.000001,0.999998,0.000001,0.000000
31641,0,0,0.999998,0.000000,0.000000,0.000002
10194,1,1,0.000003,0.999992,0.000004,0.000001
23747,0,0,0.999997,0.000000,0.000000,0.000003
11703,1,1,0.000002,0.999994,0.000003,0.000001
11872,1,1,0.000008,0.999981,0.000007,0.000003
4514,3,3,0.000062,0.000007,0.000010,0.999921
16092,1,1,0.000003,0.999996,0.000001,0.000001
11524,1,1,0.000003,0.999992,0.000004,0.000001
32397,0,0,0.999997,0.000000,0.000000,0.000003
7716,2,2,0.000000,0.000050,0.999949,0.000001
28986,0,0,0.999988,0.000000,0.000000,0.000012
18236,1,1,0.000006,0.999990,0.000002,0.000002
2017,3,3,0.000071,0.000010,0.000011,0.999908
24591,0,0,0.999998,0.000000,0.000000,0.000002
30469,0,0,0.999999,0.000000,0.000000,0.000001
1493,3,3,0.000042,0.000005,0.000008,0.999945
19128,1,1,0.000012,0.999981,0.000002,0.000005
12063,1,1,0.000022,0.999947,0.000021,0.000010
9303,1,1,0.000007,0.999989,0.000002,0.000003
2941,3,3,0.000063,0.000009,0.000012,0.999916
15111,1,1,0.000000,0.999999,0.000000,0.000000
4748,3,3,0.000054,0.000005,0.000008,0.999934
2073,3,3,0.001390,0.000008,0.000022,0.998579
28882,0,0,0.999997,0.000000,0.000000,0.000003
11231,1,1,0.000001,0.999997,0.000002,0.000000
12565,1,1,0.000003,0.999992,0.000004,0.000001
28712,0,0,0.999999,0.000000,0.000000,0.000001
4408,3,3,0.000053,0.000003,0.000007,0.999937
12218,1,1,0.000004,0.999990,0.000004,0.000001
4616,3,3,0.000048,0.000006,0.000009,0.999936
19316,1,1,0.000014,0.999976,0.000003,0.000006
12353,1,1,0.000001,0.999997,0.000002,0.000000
9653,1,1,0.000001,0.999999,0.000000,0.000000
32675,0,0,0.999999,0.000000,0.000000,0.000001
20118,1,1,0.000017,0.999972,0.000004,0.000007
27081,0,0,0.999998,0.000000,0.000000,0.000002
11759,1,1,0.000017,0.999962,0.000013,0.000008
28665,0,0,0.999998,0.000000,0.000000,0.000002
13667,1,1,0.000002,0.999997,0.000001,0.000001
22780,0,0,0.999997,0.000000,0.000000,0.000003
12491,1,1,0.000008,0.999982,0.000007,0.000003
2415,3,3,0.000102,0.000009,0.000013,0.999875
17201,1,1,0.000007,0.999988,0.000002,0.000003
27665,0,0,0.999996,0.000000,0.000000,0.000004
10646,1,1,0.000004,0.999990,0.000005,0.000001
20956,1,1,0.000008,0.999986,0.000002,0.000003
28197,0,0,0.999997,0.000000,0.000000,0.000003
29441,0,0,0.999997,0.000000,0.000000,0.000003
27422,0,0,0.999998,0.000000,0.000000,0.000002
21930,0,0,0.999997,0.000000,0.000000,0.000003
17106,1,1,0.000007,0.999988,0.000002,0.000003
644,3,3,0.000107,0.000018,0.000015,0.999860
16784,1,1,0.000013,0.999978,0.000003,0.000006
25591,0,0,0.999997,0.000000,0.000000,0.000003
12805,1,1,0.000005,0.999990,0.000004,0.000002
7919,2,2,0.000000,0.000036,0.999963,0.000001
8793,2,2,0.000000,0.000095,0.999902,0.000003
13618,1,1,0.000002,0.999997,0.000000,0.000001
24695,0,0,0.999998,0.000000,0.000000,0.000002
20443,1,1,0.000015,0.999976,0.000003,0.000006
1574,3,3,0.000058,0.000008,0.000009,0.999925
30323,0,0,0.999993,0.000000,0.000000,0.000007
25883,0,0,0.999998,0.000000,0.000000,0.000002
12001,1,1,0.000004,0.999991,0.000004,0.000001
145,3,3,0.000068,0.000011,0.000012,0.999909
24458,0,0,0.999998,0.000000,0.000000,0.000002
4677,3,3,0.000055,0.000007,0.000009,0.999928
10826,1,1,0.000003,0.999992,0.000003,0.000001
23718,0,0,0.999997,0.000000,0.000000,0.000003
21765,0,0,0.999998,0.000000,0.000000,0.000002
21782,0,0,0.999997,0.000000,0.000000,0.000003
21672,0,0,0.999998,0.000000,0.000000,0.000002
10600,1,1,0.000002,0.999996,0.000002,0.000000
2735,3,3,0.000564,0.000033,0.000051,0.999352
10135,1,1,0.000003,0.999993,0.000003,0.000001
15063,1,1,0.000000,1.000000,0.000000,0.000000
6963,2,2,0.000001,0.000387,0.999596,0.000016
8330,2,2,0.000000,0.000171,0.999820,0.000009
12852,1,1,0.000008,0.999982,0.000007,0.000003
957,3,3,0.000140,0.000030,0.000021,0.999809
17010,1,1,0.000011,0.999983,0.000002,0.000004
13909,1,1,0.002400,0.991765,0.002969,0.002866
15822,1,1,0.000006,0.999990,0.000002,0.000002
2018,3,3,0.000050,0.000007,0.000007,0.999936
12626,1,1,0.000002,0.999995,0.000002,0.000001
25500,0,0,0.999997,0.000000,0.000000,0.000003
7810,2,2,0.000000,0.000127,0.999867,0.000006
26332,0,0,0.999998,0.000000,0.000000,0.000002
25092,0,0,0.999998,0.000000,0.000000,0.000002
27527,0,0,0.999998,0.000000,0.000000,0.000002
3345,3,3,0.000078,0.000007,0.000012,0.999903
29585,0,0,0.999995,0.000000,0.000000,0.000005
18685,1,1,0.000010,0.999983,0.000002,0.000004
17899,1,1,0.000012,0.999981,0.000002,0.000005
14448,1,1,0.000002,0.999996,0.000001,0.000001
25081,0,0,0.999998,0.000000,0.000000,0.000002
19600,1,1,0.000011,0.999982,0.000002,0.000005
18578,1,1,0.000008,0.999988,0.000002,0.000003
16234,1,1,0.000011,0.999982,0.000003,0.000005
25755,0,0,0.999998,0.000000,0.000000,0.000002
31567,0,0,0.999998,0.000000,0.000000,0.000002
7987,2,2,0.000000,0.000049,0.999950,0.000001
3634,3,3,0.000058,0.000007,0.000009,0.999926
25843,0,0,0.999997,0.000000,0.000000,0.000003
22195,0,0,0.999996,0.000000,0.000000,0.000004
32166,0,0,0.999999,0.000000,0.000000,0.000001
8738,2,2,0.000000,0.000075,0.999923,0.000002
11010,1,1,0.000008,0.999981,0.000008,0.000003
10031,1,1,0.000003,0.999992,0.000004,0.000001
21402,0,0,0.999998,0.000000,0.000000,0.000002
26230,0,0,0.999998,0.000000,0.000000,0.000002
4666,3,3,0.000062,0.000005,0.000009,0.999924
30791,0,0,0.999998,0.000000,0.000000,0.000002
17286,1,1,0.000008,0.999987,0.000002,0.000003
14219,1,1,0.000002,0.999996,0.000001,0.000001
28168,0,0,0.999998,0.000000,0.000000,0.000002
11996,1,1,0.000004,0.999990,0.000005,0.000001
32594,0,0,0.999998,0.000000,0.000000,0.000002
22491,0,0,0.999995,0.000000,0.000000,0.000005
5225,3,3,0.028621,0.000019,0.000044,0.971316
28308,0,0,0.999998,0.000000,0.000000,0.000002
16178,1,1,0.000014,0.999977,0.000003,0.000006
8495,2,2,0.000000,0.000203,0.999787,0.000010
29564,0,0,0.999994,0.000000,0.000000,0.000006
20502,1,1,0.000006,0.999990,0.000002,0.000002
9166,1,1,0.000005,0.999990,0.000003,0.000002
32789,0,0,0.999998,0.000000,0.000000,0.000002
30007,0,0,0.999998,0.000000,0.000000,0.000002
30423,0,0,0.999996,0.000000,0.000000,0.000004
10295,1,1,0.000003,0.999994,0.000003,0.000001
23299,0,0,0.999997,0.000000,0.000000,0.000003
20216,1,1,0.000006,0.999990,0.000002,0.000002
31336,0,0,0.999998,0.000000,0.000000,0.000002
28286,0,0,0.999997,0.000000,0.000000,0.000003
20442,1,1,0.000013,0.999979,0.000003,0.000006
21545,0,0,0.999998,0.000000,0.000000,0.000002
1334,3,3,0.000065,0.000005,0.000009,0.999922
29077,0,0,0.999998,0.000000,0.000000,0.000002
26801,0,0,0.999998,0.000000,0.000000,0.000002
30941,0,0,0.999998,0.000000,0.000000,0.000002
10412,1,1,0.000002,0.999995,0.000002,0.000001
9986,1,1,0.000003,0.999992,0.000004,0.000001
12856,1,1,0.000003,0.999993,0.000003,0.000001
12825,1,1,0.000005,0.999989,0.000005,0.000001
20831,1,1,0.000005,0.999992,0.000001,0.000002
17020,1,1,0.000006,0.999990,0.000001,0.000002
19843,1,1,0.000006,0.999990,0.000002,0.000002
12608,1,1,0.000002,0.999996,0.000002,0.000000
23318,0,0,0.999998,0.000000,0.000000,0.000002
25461,0,0,0.999998,0.000000,0.000000,0.000002
6124,3,3,0.011700,0.000019,0.000044,0.988238
14172,1,1,0.000001,0.999999,0.000000,0.000000
7332,2,2,0.000000,0.000106,0.999890,0.000004
26197,0,0,0.999998,0.000000,0.000000,0.000002
15030,1,1,0.000001,0.999999,0.000000,0.000000
8253,2,2,0.000000,0.000103,0.999893,0.000004
21932,0,0,0.999997,0.000000,0.000000,0.000003
17894,1,1,0.000005,0.999992,0.000001,0.000002
21300,1,1,0.000010,0.999983,0.000002,0.000004
25317,0,0,0.999998,0.000000,0.000000,0.000002
6416,3,3,0.011311,0.000019,0.000044,0.988627
8621,2,2,0.000000,0.000041,0.999958,0.000001
4602,3,3,0.000060,0.000009,0.000009,0.999922
23016,0,0,0.999997,0.000000,0.000000,0.000003
17411,1,1,0.000012,0.999981,0.000002,0.000005
4150,3,3,0.000103,0.000012,0.000014,0.999871
6277,3,3,0.011503,0.000019,0.000044,0.988434
19560,1,1,0.000004,0.999993,0.000001,0.000002
1388,3,3,0.000059,0.000008,0.000008,0.999924
4230,3,3,0.000048,0.000006,0.000008,0.999939
19789,1,1,0.000009,0.999985,0.000002,0.000004
9261,1,1,0.000003,0.999994,0.000002,0.000001
29829,0,0,0.999997,0.000000,0.000000,0.000003
20146,1,1,0.000008,0.999986,0.000002,0.000003
14066,1,1,0.000009,0.999985,0.000002,0.000004
1468,3,3,0.000090,0.000011,0.000012,0.999887
27965,0,0,0.999995,0.000000,0.000000,0.000005
28528,0,0,0.999999,0.000000,0.000000,0.000001
11492,1,1,0.000003,0.999992,0.000004,0.000001
16349,1,1,0.000008,0.999987,0.000002,0.000003
15548,1,1,0.000003,0.999995,0.000001,0.000001
8718,2,2,0.000000,0.000061,0.999938,0.000001
400,3,3,0.000053,0.000007,0.000011,0.999929
33218,0,0,0.999167,0.000000,0.000000,0.000833
600,3,3,0.000180,0.000036,0.000026,0.999759
25100,0,0,0.999998,0.000000,0.000000,0.000002
26378,0,0,0.999998,0.000000,0.000000,0.000002
20823,1,1,0.000006,0.999990,0.000002,0.000002
3957,3,3,0.000062,0.000007,0.000009,0.999922
6255,3,3,0.011899,0.000019,0.000044,0.988038
29731,0,0,0.999998,0.000000,0.000000,0.000002
11464,1,1,0.000002,0.999995,0.000002,0.000001
11340,1,1,0.000010,0.999977,0.000010,0.000004
6027,3,3,0.000231,0.000063,0.000034,0.999673
32650,0,0,0.999999,0.000000,0.000000,0.000001
26028,0,0,0.999998,0.000000,0.000000,0.000002
18137,1,1,0.000019,0.999969,0.000003,0.000009
19246,1,1,0.000012,0.999980,0.000002,0.000005
30690,0,0,0.999999,0.000000,0.000000,0.000001
3574,3,3,0.000065,0.000012,0.000012,0.999911
4340,3,3,0.000084,0.000013,0.000013,0.999890
9720,1,1,0.000002,0.999996,0.000002,0.000000
4957,3,3,0.000323,0.000096,0.000040,0.999542
9024,2,2,0.000000,0.000045,0.999954,0.000001
30229,0,0,0.999999,0.000000,0.000000,0.000001
29013,0,0,0.999998,0.000000,0.000000,0.000002
31658,0,0,0.999998,0.000000,0.000000,0.000002
1461,3,3,0.000298,0.000027,0.000037,0.999638
15552,1,1,0.000009,0.999984,0.000003,0.000004
15052,1,1,0.000001,0.999999,0.000000,0.000000
27367,0,0,0.999998,0.000000,0.000000,0.000002
9084,2,2,0.000000,0.000044,0.999955,0.000001
8957,2,2,0.000000,0.000051,0.999948,0.000001
6125,3,3,0.011752,0.000019,0.000044,0.988185
17822,1,1,0.000014,0.999977,0.000003,0.000006
29702,0,0,0.999996,0.000000,0.000000,0.000004
17056,1,1,0.000006,0.999990,0.000001,0.000003
4713,3,3,0.000112,0.000020,0.000017,0.999851
31879,0,0,0.999998,0.000000,0.000000,0.000002
1764,3,3,0.000042,0.000005,0.000008,0.999945
22175,0,0,0.999998,0.000000,0.000000,0.000002
1608,3,3,0.000060,0.000009,0.000011,0.999920
20846,1,1,0.000006,0.999990,0.000002,0.000002
23385,0,0,0.999997,0.000000,0.000000,0.000003
12685,1,1,0.000007,0.999984,0.000007,0.000002
18249,1,1,0.000013,0.999979,0.000003,0.000005
8153,2,2,0.000000,0.000044,0.999955,0.000001
18543,1,1,0.000009,0.999985,0.000002,0.000004
3533,3,3,0.000369,0.000003,0.000010,0.999618
21311,1,1,0.000009,0.999985,0.000002,0.000004
14895,1,1,0.000004,0.999994,0.000001,0.000001
19941,1,1,0.000005,0.999992,0.000001,0.000002
16689,1,1,0.000008,0.999987,0.000002,0.000003
2581,3,3,0.000096,0.000008,0.000012,0.999884
9963,1,1,0.000001,0.999997,0.000001,0.000000
29287,0,0,0.999998,0.000000,0.000000,0.000002
14442,1,1,0.000002,0.999996,0.000002,0.000001
30432,0,0,0.999998,0.000000,0.000000,0.000002
28960,0,0,0.999998,0.000000,0.000000,0.000002
20535,1,1,0.000004,0.999994,0.000001,0.000001
26244,0,0,0.999998,0.000000,0.000000,0.000002
5355,3,3,0.028938,0.000018,0.000044,0.970999
27052,0,0,0.999997,0.000000,0.000000,0.000003
323,3,3,0.000166,0.000009,0.000018,0.999807
5000,3,3,0.000112,0.000016,0.000018,0.999854
13455,1,1,0.000002,0.999995,0.000001,0.000001
607,3,3,0.000065,0.000010,0.000011,0.999914
17436,1,1,0.000012,0.999981,0.000002,0.000005
5871,3,3,0.011330,0.000019,0.000044,0.988607
14078,1,1,0.000000,0.999999,0.000000,0.000000
16342,1,1,0.000008,0.999988,0.000002,0.000003
29469,0,0,0.999996,0.000000,0.000000,0.000004
6502,3,3,0.011325,0.000019,0.000044,0.988613
30039,0,0,0.999998,0.000000,0.000000,0.000002
25780,0,0,0.999998,0.000000,0.000000,0.000002
12525,1,1,0.000010,0.999978,0.000009,0.000004
21032,1,1,0.000009,0.999985,0.000002,0.000004
27933,0,0,0.999988,0.000000,0.000000,0.000012
12138,1,1,0.000003,0.999993,0.000003,0.000001
2251,3,3,0.000702,0.000005,0.000015,0.999279
26232,0,0,0.999999,0.000000,0.000000,0.000001
7562,2,2,0.000000,0.000045,0.999954,0.000001
25702,0,0,0.999998,0.000000,0.000000,0.000002
7957,2,2,0.000000,0.000041,0.999958,0.000001
23594,0,0,0.999998,0.000000,0.000000,0.000002
16150,1,1,0.000021,0.999967,0.000003,0.000009
11533,1,1,0.000001,0.999997,0.000002,0.000000
19175,1,1,0.000006,0.999990,0.000001,0.000003
22036,0,0,0.999997,0.000000,0.000000,0.000003
25470,0,0,0.999997,0.000000,0.000000,0.000003
29990,0,0,0.999998,0.000000,0.000000,0.000002
20352,1,1,0.000014,0.999976,0.000003,0.000006
6273,3,3,0.011875,0.000019,0.000044,0.988063
22946,0,0,0.999997,0.000000,0.000000,0.000003
28508,0,0,0.999999,0.000000,0.000000,0.000001
7083,2,2,0.000000,0.000034,0.999965,0.000001
6337,3,3,0.012033,0.000019,0.000045,0.987903
4037,3,3,0.000077,0.000012,0.000013,0.999899
32726,0,0,0.999999,0.000000,0.000000,0.000001
5735,3,3,0.010133,0.000019,0.000044,0.989805
29511,0,0,0.999997,0.000000,0.000000,0.000003
7241,2,2,0.000000,0.000040,0.999959,0.000001
16803,1,1,0.000015,0.999975,0.000003,0.000007
13719,1,1,0.000002,0.999996,0.000001,0.000001
24538,0,0,0.999998,0.000000,0.000000,0.000002
24056,0,0,0.999998,0.000000,0.000000,0.000002
5785,3,3,0.009875,0.000019,0.000044,0.990063
32866,0,0,0.999999,0.000000,0.000000,0.000001
26331,0,0,0.999998,0.000000,0.000000,0.000002
16575,1,1,0.000006,0.999990,0.000002,0.000002
31489,0,0,0.999997,0.000000,0.000000,0.000003
23767,0,0,0.999998,0.000000,0.000000,0.000002
11984,1,1,0.000004,0.999992,0.000004,0.000001
23055,0,0,0.999997,0.000000,0.000000,0.000003
7736,2,2,0.000000,0.000073,0.999925,0.000002
20780,1,1,0.000005,0.999992,0.000001,0.000002
17437,1,1,0.000015,0.999975,0.000003,0.000007
150,3,3,0.000075,0.000012,0.000011,0.999902
8233,2,2,0.000000,0.000081,0.999916,0.000003
10083,1,1,0.000004,0.999992,0.000004,0.000001
2908,3,3,0.000040,0.000005,0.000008,0.999947
23799,0,0,0.999997,0.000000,0.000000,0.000003
23688,0,0,0.999998,0.000000,0.000000,0.000002
21184,1,1,0.000009,0.999985,0.000002,0.000004
20527,1,1,0.000011,0.999981,0.000003,0.000005
8097,2,2,0.000000,0.000047,0.999952,0.000001
2924,3,3,0.000050,0.000008,0.000008,0.999934
30894,0,0,0.999999,0.000000,0.000000,0.000001
14068,1,1,0.000001,0.999999,0.000000,0.000000
7831,2,2,0.000000,0.000034,0.999966,0.000001
2400,3,3,0.000482,0.000007,0.000016,0.999495
1047,3,3,0.000072,0.000012,0.000011,0.999905
3097,3,3,0.000068,0.000010,0.000012,0.999909
25599,0,0,0.999998,0.000000,0.000000,0.000002
10446,1,1,0.000008,0.999982,0.000008,0.000003
28035,0,0,0.999998,0.000000,0.000000,0.000002
13416,1,1,0.000011,0.999981,0.000003,0.000005
440,3,3,0.000048,0.000006,0.000010,0.999936
23148,0,0,0.999997,0.000000,0.000000,0.000003
24138,0,0,0.999999,0.000000,0.000000,0.000001
18518,1,1,0.000008,0.999986,0.000002,0.000003
9058,2,2,0.000000,0.000050,0.999949,0.000001
28749,0,0,0.999998,0.000000,0.000000,0.000002
10689,1,1,0.000004,0.999990,0.000005,0.000001
21755,0,0,0.999998,0.000000,0.000000,0.000002
8686,2,2,0.000000,0.000069,0.999929,0.000002
7627,2,2,0.000000,0.000044,0.999955,0.000001
33155,0,0,0.999175,0.000000,0.000000,0.000824
22687,0,0,0.999997,0.000000,0.000000,0.000003
33104,0,0,0.999204,0.000000,0.000000,0.000795
16136,1,1,0.000013,0.999978,0.000004,0.000006
8921,2,2,0.000000,0.000074,0.999924,0.000002
12791,1,1,0.000003,0.999992,0.000003,0.000001
2431,3,3,0.000131,0.000023,0.000021,0.999825
17582,1,1,0.000009,0.999986,0.000002,0.000003
7187,2,2,0.000000,0.000033,0.999967,0.000001
25721,0,0,0.999997,0.000000,0.000000,0.000003
18569,1,1,0.000004,0.999994,0.000001,0.000001
21489,0,0,0.999998,0.000000,0.000000,0.000002
32374,0,0,0.999998,0.000000,0.000000,0.000002
15242,1,1,0.000001,0.999998,0.000000,0.000000
4661,3,3,0.000101,0.000021,0.000021,0.999857
29514,0,0,0.999997,0.000000,0.000000,0.000003
30915,0,0,0.999998,0.000000,0.000000,0.000002
19840,1,1,0.000006,0.999990,0.000002,0.000002
11607,1,1,0.000015,0.999965,0.000013,0.000006
26041,0,0,0.999997,0.000000,0.000000,0.000003
32631,0,0,0.999998,0.000000,0.000000,0.000002
12086,1,1,0.000044,0.999887,0.000042,0.000027
13778,1,1,0.000003,0.999996,0.000001,0.000001
23141,0,0,0.999997,0.000000,0.000000,0.000003
23638,0,0,0.999998,0.000000,0.000000,0.000002
16350,1,1,0.000009,0.999985,0.000002,0.000004
5664,3,3,0.010075,0.000019,0.000044,0.989862
30103,0,0,0.999994,0.000000,0.000000,0.000006
141,3,3,0.000060,0.000009,0.000013,0.999917
17883,1,1,0.000007,0.999989,0.000002,0.000003
5,3,3,0.002625,0.002338,0.000307,0.994730
17276,1,1,0.000005,0.999992,0.000001,0.000002
28031,0,0,0.999997,0.000000,0.000000,0.000003
2993,3,3,0.000077,0.000011,0.000012,0.999900
14129,1,1,0.000002,0.999997,0.000001,0.000001
12434,1,1,0.000006,0.999986,0.000006,0.000002
26434,0,0,0.999998,0.000000,0.000000,0.000002
32684,0,0,0.999999,0.000000,0.000000,0.000001
13710,1,1,0.000009,0.999984,0.000003,0.000004
9464,1,1,0.000004,0.999994,0.000001,0.000001
14428,1,1,0.000010,0.999983,0.000003,0.000004
17844,1,1,0.000014,0.999977,0.000003,0.000006
7409,2,2,0.000000,0.000060,0.999939,0.000002
22620,0,0,0.999995,0.000000,0.000000,0.000005
18428,1,1,0.000006,0.999991,0.000001,0.000002
16430,1,1,0.000008,0.999987,0.000002,0.000003
26035,0,0,0.999998,0.000000,0.000000,0.000002
19256,1,1,0.000007,0.999988,0.000002,0.000003
6117,3,3,0.011804,0.000019,0.000044,0.988133
9718,1,1,0.000003,0.999992,0.000003,0.000001
13068,1,1,0.000003,0.999995,0.000001,0.000001
604,3,3,0.000091,0.000016,0.000014,0.999879
27282,0,0,0.999998,0.000000,0.000000,0.000002
16129,1,1,0.000008,0.999987,0.000002,0.000003
12972,1,1,0.000052,0.999907,0.000014,0.000027
23144,0,0,0.999997,0.000000,0.000000,0.000003
2270,3,3,0.028043,0.000009,0.000025,0.971923
4778,3,3,0.000062,0.000009,0.000010,0.999919
24940,0,0,0.999997,0.000000,0.000000,0.000003
22010,0,0,0.999997,0.000000,0.000000,0.000003
24374,0,0,0.999998,0.000000,0.000000,0.000002
24548,0,0,0.999998,0.000000,0.000000,0.000002
30312,0,0,0.999998,0.000000,0.000000,0.000002
10126,1,1,0.000005,0.999989,0.000005,0.000001
22838,0,0,0.999997,0.000000,0.000000,0.000003
23154,0,0,0.999998,0.000000,0.000000,0.000002
1569,3,3,0.000065,0.000008,0.000009,0.999917
16200,1,1,0.000003,0.999995,0.000001,0.000001
4978,3,3,0.000056,0.000005,0.000008,0.999931
29893,0,0,0.999996,0.000000,0.000000,0.000004
20972,1,1,0.000008,0.999987,0.000002,0.000003
17601,1,1,0.000005,0.999991,0.000001,0.000002
6433,3,3,0.011510,0.000019,0.000044,0.988427
33237,0,0,0.998990,0.000000,0.000000,0.001010
12444,1,1,0.000007,0.999982,0.000008,0.000003
24928,0,0,0.999997,0.000000,0.000000,0.000003
11080,1,1,0.000003,0.999993,0.000003,0.000001
18962,1,1,0.000005,0.999991,0.000001,0.000002
10761,1,1,0.000004,0.999990,0.000004,0.000001
8412,2,2,0.000000,0.000083,0.999914,0.000003
8977,2,2,0.000000,0.000093,0.999903,0.000003
19218,1,1,0.000005,0.999992,0.000001,0.000002
15227,1,1,0.000001,0.999998,0.000001,0.000000
10781,1,1,0.000002,0.999994,0.000003,0.000001
16230,1,1,0.000006,0.999990,0.000001,0.000002
26881,0,0,0.999997,0.000000,0.000000,0.000003
21988,0,0,0.999998,0.000000,0.000000,0.000002
9079,2,2,0.000000,0.000072,0.999926,0.000002
13131,1,1,0.000008,0.999985,0.000003,0.000003
6143,3,3,0.010986,0.000019,0.000044,0.988952
11198,1,1,0.000005,0.999988,0.000005,0.000002
20021,1,1,0.000006,0.999990,0.000002,0.000002
24130,0,0,0.999997,0.000000,0.000000,0.000003
25199,0,0,0.999997,0.000000,0.000000,0.000003
19015,1,1,0.000012,0.999979,0.000003,0.000005
18966,1,1,0.000016,0.999973,0.000003,0.000007
30551,0,0,0.999999,0.000000,0.000000,0.000001
14806,1,1,0.000004,0.999992,0.000003,0.000001
15351,1,1,0.000029,0.999950,0.000007,0.000014
26684,0,0,0.999998,0.000000,0.000000,0.000002
32170,0,0,0.999998,0.000000,0.000000,0.000002
10648,1,1,0.000002,0.999995,0.000003,0.000001
30408,0,0,0.999996,0.000000,0.000000,0.000004
8799,2,2,0.000000,0.000113,0.999882,0.000005
2587,3,3,0.000080,0.000008,0.000013,0.999899
9226,1,1,0.000021,0.999962,0.000007,0.000010
28623,0,0,0.999998,0.000000,0.000000,0.000002
11453,1,1,0.000007,0.999983,0.000008,0.000002
29242,0,0,0.999998,0.000000,0.000000,0.000002
1002,3,3,0.000121,0.000029,0.000015,0.999835
21392,0,1,0.000291,0.999479,0.000038,0.000193
1508,3,3,0.000135,0.000019,0.000019,0.999826
12195,1,1,0.000001,0.999998,0.000001,0.000000
23058,0,0,0.999997,0.000000,0.000000,0.000004
6339,3,3,0.011942,0.000019,0.000044,0.987994
19023,1,1,0.000006,0.999990,0.000002,0.000002
16214,1,1,0.000004,0.999994,0.000001,0.000001
32981,0,0,0.999143,0.000000,0.000000,0.000857
32327,0,0,0.999998,0.000000,0.000000,0.000002
968,3,3,0.000344,0.000052,0.000063,0.999541
17908,1,1,0.000006,0.999990,0.000001,0.000002
4264,3,3,0.000056,0.000007,0.000009,0.999927
4981,3,3,0.000076,0.000005,0.000009,0.999910
11225,1,1,0.000003,0.999994,0.000003,0.000001
15882,1,1,0.000010,0.999980,0.000006,0.000004
13100,1,1,0.000002,0.999997,0.000001,0.000001
166,3,3,0.000185,0.000016,0.000023,0.999776
32735,0,0,0.999998,0.000000,0.000000,0.000002
22020,0,0,0.999997,0.000000,0.000000,0.000003
19688,1,1,0.000007,0.999989,0.000002,0.000003
28961,0,0,0.999998,0.000000,0.000000,0.000002
3081,3,3,0.000053,0.000007,0.000009,0.999931
2590,3,3,0.000136,0.000016,0.000020,0.999829
13086,1,1,0.000003,0.999995,0.000001,0.000001
9932,1,1,0.000003,0.999993,0.000003,0.000001
19328,1,1,0.000032,0.999945,0.000008,0.000015
10807,1,1,0.000005,0.999988,0.000005,0.000002
10925,1,1,0.000003,0.999993,0.000003,0.000001
24857,0,0,0.999998,0.000000,0.000000,0.000002
31298,0,0,0.999998,0.000000,0.000000,0.000002
30191,0,0,0.999997,0.000000,0.000000,0.000003
2170,3,3,0.000059,0.000006,0.000009,0.999925
19639,1,1,0.000010,0.999984,0.000002,0.000004
3919,3,3,0.000071,0.000011,0.000012,0.999906
28095,0,0,0.999998,0.000000,0.000000,0.000002
8697,2,2,0.000000,0.000142,0.999852,0.000006
16383,1,1,0.000010,0.999984,0.000002,0.000004
4012,3,3,0.000060,0.000010,0.000011,0.999919
21273,1,1,0.000011,0.999982,0.000002,0.000004
30000,0,0,0.999998,0.000000,0.000000,0.000002
8653,2,2,0.000000,0.000103,0.999893,0.000004
21549,0,0,0.999998,0.000000,0.000000,0.000002
26189,0,0,0.999998,0.000000,0.000000,0.000002
31644,0,0,0.999999,0.000000,0.000000,0.000001
11878,1,1,0.000009,0.999980,0.000008,0.000003
31656,0,0,0.999998,0.000000,0.000000,0.000002
29783,0,0,0.999997,0.000000,0.000000,0.000003
23812,0,0,0.999999,0.000000,0.000000,0.000001
15776,1,1,0.000006,0.999989,0.000002,0.000003
2303,3,3,0.000189,0.000029,0.000031,0.999752
16891,1,1,0.000010,0.999983,0.000002,0.000004
12473,1,1,0.000009,0.999978,0.000009,0.000003
8413,2,2,0.000000,0.000135,0.999860,0.000006
18556,1,1,0.000012,0.999980,0.000002,0.000005
15947,1,1,0.000010,0.999983,0.000002,0.000004
19499,1,1,0.000014,0.999976,0.000003,0.000006
27658,0,0,0.999998,0.000000,0.000000,0.000002
7555,2,2,0.000003,0.000713,0.999201,0.000083
30483,0,0,0.999997,0.000000,0.000000,0.000003
24532,0,0,0.999997,0.000000,0.000000,0.000003
12343,1,1,0.000002,0.999994,0.000003,0.000001
11591,1,1,0.000001,0.999997,0.000002,0.000000
12014,1,1,0.000006,0.999985,0.000006,0.000002
17012,1,1,0.000016,0.999973,0.000003,0.000007
488,3,3,0.000084,0.000017,0.000014,0.999885
13884,1,1,0.000084,0.999855,0.000012,0.000049
7427,2,2,0.000000,0.000046,0.999953,0.000001
26671,0,0,0.999998,0.000000,0.000000,0.000002
631,3,3,0.000087,0.000014,0.000013,0.999886
13634,1,1,0.000000,0.999999,0.000000,0.000000
1125,3,3,0.000070,0.000011,0.000012,0.999907
10287,1,1,0.000003,0.999992,0.000004,0.000001
31392,0,0,0.999998,0.000000,0.000000,0.000002
8930,2,2,0.000000,0.000225,0.999764,0.000011
14570,1,1,0.000007,0.999987,0.000004,0.000003
1659,3,3,0.000057,0.000009,0.000011,0.999922
11074,1,1,0.000003,0.999993,0.000003,0.000001
30944,0,0,0.999998,0.000000,0.000000,0.000002
18764,1,1,0.000013,0.999978,0.000003,0.000006
18798,1,1,0.000006,0.999990,0.000001,0.000002
28332,0,0,0.999998,0.000000,0.000000,0.000002
31698,0,0,0.999999,0.000000,0.000000,0.000001
14595,1,1,0.000007,0.999987,0.000003,0.000003
31558,0,0,0.999999,0.000000,0.000000,0.000001
10744,1,1,0.000003,0.999993,0.000004,0.000001
29827,0,0,0.999998,0.000000,0.000000,0.000002
2423,3,3,0.000118,0.000013,0.000019,0.999850
22912,0,0,0.999997,0.000000,0.000000,0.000003
4643,3,3,0.000075,0.000012,0.000012,0.999900
16593,1,1,0.000005,0.999992,0.000001,0.000002
20704,1,1,0.000009,0.999985,0.000002,0.000004
25602,0,0,0.999997,0.000000,0.000000,0.000002
20728,1,1,0.000007,0.999987,0.000002,0.000003
21180,1,1,0.000005,0.999992,0.000001,0.000002
1003,3,3,0.000199,0.000060,0.000027,0.999715
16266,1,1,0.000008,0.999986,0.000002,0.000003
3210,3,3,0.000072,0.000010,0.000011,0.999907
25864,0,0,0.999998,0.000000,0.000000,0.000002
27386,0,0,0.999999,0.000000,0.000000,0.000001
27398,0,0,0.999998,0.000000,0.000000,0.000002
24972,0,0,0.999998,0.000000,0.000000,0.000002
23652,0,0,0.999998,0.000000,0.000000,0.000002
20095,1,1,0.000006,0.999990,0.000002,0.000002
11177,1,1,0.000002,0.999996,0.000002,0.000000
10707,1,1,0.000004,0.999991,0.000004,0.000001
32194,0,0,0.999999,0.000000,0.000000,0.000001
29204,0,0,0.999998,0.000000,0.000000,0.000002
2981,3,3,0.000072,0.000009,0.000013,0.999906
13113,1,1,0.000000,0.999999,0.000000,0.000000
25990,0,0,0.999998,0.000000,0.000000,0.000002
10400,1,1,0.000004,0.999992,0.000004,0.000001
2468,3,3,0.000129,0.000014,0.000021,0.999836
19285,1,1,0.000014,0.999977,0.000003,0.000006
4473,3,3,0.000060,0.000008,0.000010,0.999922
25549,0,0,0.999997,0.000000,0.000000,0.000003
32992,0,0,0.998887,0.000000,0.000000,0.001113
30287,0,0,0.999997,0.000000,0.000000,0.000003
29981,0,0,0.999998,0.000000,0.000000,0.000002
10933,1,1,0.000006,0.999986,0.000006,0.000002
14787,1,1,0.000018,0.999970,0.000004,0.000008
9523,1,1,0.000003,0.999996,0.000001,0.000001
6023,3,3,0.000351,0.000039,0.000052,0.999558
16450,1,1,0.000007,0.999988,0.000002,0.000003
12216,1,1,0.000017,0.999959,0.000016,0.000008
8409,2,2,0.000001,0.000347,0.999621,0.000031
31112,0,0,0.999998,0.000000,0.000000,0.000002
7942,2,2,0.000000,0.000048,0.999951,0.000001
2859,3,3,0.000069,0.000011,0.000009,0.999910
817,3,3,0.000158,0.000035,0.000022,0.999785
5948,3,3,0.010444,0.000019,0.000044,0.989494
24765,0,0,0.999998,0.000000,0.000000,0.000002
11634,1,1,0.000004,0.999990,0.000004,0.000001
20934,1,1,0.000007,0.999989,0.000002,0.000003
8554,2,2,0.000000,0.000054,0.999945,0.000001
21781,0,0,0.999997,0.000000,0.000000,0.000003
22667,0,0,0.999995,0.000000,0.000000,0.000005
20639,1,1,0.000004,0.999994,0.000001,0.000001
951,3,3,0.000098,0.000018,0.000016,0.999868
18334,1,1,0.000004,0.999993,0.000001,0.000002
9750,1,1,0.000003,0.999994,0.000003,0.000001
15766,1,1,0.000002,0.999997,0.000001,0.000001
21225,1,1,0.000013,0.999979,0.000003,0.000005
9352,1,1,0.000002,0.999996,0.000001,0.000001
13105,1,1,0.000001,0.999998,0.000000,0.000000
1232,3,3,0.000054,0.000007,0.000009,0.999931
20528,1,1,0.000012,0.999979,0.000003,0.000005
18753,1,1,0.000013,0.999979,0.000003,0.000006
18210,1,1,0.000007,0.999989,0.000002,0.000003
7220,2,2,0.000000,0.000034,0.999966,0.000001
1753,3,3,0.000067,0.000010,0.000011,0.999911
8182,2,2,0.001780,0.069545,0.903075,0.025600
23037,0,0,0.999997,0.000000,0.000000,0.000002
19568,1,1,0.000002,0.999997,0.000001,0.000001
18701,1,1,0.000007,0.999989,0.000002,0.000003
16865,1,1,0.000012,0.999980,0.000003,0.000005
31219,0,0,0.999998,0.000000,0.000000,0.000002
1955,3,3,0.000393,0.000013,0.000026,0.999568
14921,1,1,0.000006,0.999990,0.000002,0.000002
14667,1,1,0.000001,0.999998,0.000001,0.000000
2084,3,3,0.001566,0.000003,0.000011,0.998420
3292,3,3,0.000056,0.000008,0.000009,0.999927
4442,3,3,0.000077,0.000011,0.000011,0.999901
4351,3,3,0.000067,0.000007,0.000011,0.999914
6526,3,3,0.000149,0.000030,0.000020,0.999801
2065,3,3,0.001557,0.000012,0.000029,0.998402
13959,1,1,0.000003,0.999995,0.000001,0.000001
1177,3,3,0.000127,0.000025,0.000017,0.999830
20040,1,1,0.000012,0.999979,0.000003,0.000005
16237,1,1,0.000010,0.999983,0.000002,0.000004
5005,3,3,0.000130,0.000018,0.000018,0.999834
17296,1,1,0.000011,0.999982,0.000002,0.000005
19268,1,1,0.000010,0.999984,0.000002,0.000004
449,3,3,0.000121,0.000021,0.000021,0.999837
4919,3,3,0.000100,0.000017,0.000017,0.999867
16116,1,1,0.000007,0.999989,0.000002,0.000003
12242,1,1,0.000004,0.999990,0.000005,0.000001
13268,1,1,0.000007,0.999988,0.000002,0.000003
22450,0,0,0.999987,0.000000,0.000000,0.000013
32548,0,0,0.999999,0.000000,0.000000,0.000001
31667,0,0,0.999998,0.000000,0.000000,0.000002
26039,0,0,0.999998,0.000000,0.000000,0.000002
2964,3,3,0.000054,0.000004,0.000007,0.999935
30075,0,0,0.999999,0.000000,0.000000,0.000001
9601,1,1,0.001100,0.997583,0.000377,0.000941
23773,0,0,0.999998,0.000000,0.000000,0.000002
11526,1,1,0.000006,0.999983,0.000008,0.000002
19112,1,1,0.000004,0.999994,0.000001,0.000002
11095,1,1,0.000003,0.999994,0.000003,0.000001
15150,1,1,0.000000,0.999999,0.000000,0.000000
17872,1,1,0.000009,0.999985,0.000002,0.000004
29387,0,0,0.999998,0.000000,0.000000,0.000002
15714,1,1,0.000005,0.999991,0.000002,0.000002
12259,1,1,0.000006,0.999985,0.000007,0.000002
14790,1,1,0.000021,0.999965,0.000004,0.000010
10204,1,1,0.000003,0.999993,0.000003,0.000001
32917,0,0,0.999292,0.000000,0.000000,0.000708
434,3,3,0.000091,0.000018,0.000016,0.999874
10867,1,1,0.000003,0.999994,0.000003,0.000001
19935,1,1,0.000005,0.999992,0.000001,0.000002
18242,1,1,0.000008,0.999987,0.000002,0.000003
28155,0,0,0.999998,0.000000,0.000000,0.000002
21226,1,1,0.000011,0.999983,0.000002,0.000004
6417,3,3,0.011370,0.000019,0.000044,0.988567
17917,1,1,0.000006,0.999990,0.000002,0.000002
12191,1,1,0.000006,0.999987,0.000006,0.000002
22826,0,0,0.999997,0.000000,0.000000,0.000003
29330,0,0,0.999998,0.000000,0.000000,0.000002
27357,0,0,0.999998,0.000000,0.000000,0.000002
16791,1,1,0.000007,0.999988,0.000002,0.000003
6122,3,3,0.011484,0.000019,0.000044,0.988453
16887,1,1,0.000010,0.999983,0.000002,0.000004
25824,0,0,0.999998,0.000000,0.000000,0.000002
20103,1,1,0.000007,0.999989,0.000002,0.000003
17124,1,1,0.000005,0.999991,0.000001,0.000002
10674,1,1,0.000003,0.999994,0.000003,0.000001
18114,1,1,0.000005,0.999992,0.000001,0.000002
3842,3,3,0.000054,0.000006,0.000009,0.999931
10288,1,1,0.000003,0.999993,0.000003,0.000001
3757,3,3,0.000044,0.000005,0.000007,0.999944
16680,1,1,0.000023,0.999961,0.000005,0.000011
23698,0,0,0.999998,0.000000,0.000000,0.000002
32041,0,0,0.999999,0.000000,0.000000,0.000001
5997,3,3,0.010724,0.000019,0.000044,0.989214
33122,0,0,0.999139,0.000000,0.000000,0.000861
10325,1,1,0.000005,0.999988,0.000005,0.000002
32,3,3,0.000057,0.000009,0.000009,0.999926
10112,1,1,0.000009,0.999979,0.000009,0.000003
10727,1,1,0.000002,0.999995,0.000002,0.000001
7718,2,2,0.000000,0.000050,0.999949,0.000001
24837,0,0,0.999998,0.000000,0.000000,0.000002
22441,0,0,0.999964,0.000000,0.000000,0.000036
16473,1,1,0.000004,0.999992,0.000001,0.000002
29295,0,0,0.999998,0.000000,0.000000,0.000002
32967,0,0,0.999290,0.000000,0.000000,0.000710
17821,1,1,0.000010,0.999983,0.000002,0.000004
3393,3,3,0.000042,0.000004,0.000007,0.999947
26725,0,0,0.999998,0.000000,0.000000,0.000002
218,3,3,0.000077,0.000010,0.000012,0.999901
8783,2,2,0.000000,0.000055,0.999944,0.000001
7314,2,2,0.000000,0.000038,0.999961,0.000001
29377,0,0,0.999997,0.000000,0.000000,0.000003
11947,1,1,0.000005,0.999989,0.000004,0.000002
29020,0,0,0.999997,0.000000,0.000000,0.000002
29545,0,0,0.999998,0.000000,0.000000,0.000002
14374,1,1,0.000002,0.999996,0.000001,0.000001
13461,1,1,0.000002,0.999997,0.000001,0.000001
65,3,3,0.000560,0.000250,0.000092,0.999098
12757,1,1,0.000003,0.999993,0.000003,0.000001
20253,1,1,0.000020,0.999968,0.000004,0.000009
30256,0,0,0.999998,0.000000,0.000000,0.000002
1195,3,3,0.000076,0.000013,0.000009,0.999902
539,3,3,0.001042,0.000526,0.000116,0.998316
6432,3,3,0.011615,0.000019,0.000044,0.988323
25151,0,0,0.999997,0.000000,0.000000,0.000003
12256,1,1,0.000016,0.999960,0.000016,0.000007
20152,1,1,0.000008,0.999987,0.000002,0.000003
32090,0,0,0.999998,0.000000,0.000000,0.000002
17541,1,1,0.000007,0.999989,0.000002,0.000003
22166,0,0,0.999997,0.000000,0.000000,0.000003
21150,1,1,0.000007,0.999989,0.000002,0.000003
11289,1,1,0.000003,0.999993,0.000003,0.000001
11827,1,1,0.000007,0.999984,0.000006,0.000002
22057,0,0,0.999997,0.000000,0.000000,0.000003
23367,0,0,0.999998,0.000000,0.000000,0.000002
11584,1,1,0.000011,0.999977,0.000009,0.000004
16368,1,1,0.000011,0.999982,0.000002,0.000005
20954,1,1,0.000006,0.999990,0.000002,0.000002
21879,0,0,0.999998,0.000000,0.000000,0.000002
22428,0,0,0.999992,0.000000,0.000000,0.000008
13050,1,1,0.000002,0.999996,0.000001,0.000001
17237,1,1,0.000008,0.999987,0.000002,0.000003
16391,1,1,0.000006,0.999990,0.000001,0.000002
12927,1,1,0.000011,0.999969,0.000016,0.000004
27956,0,0,0.999997,0.000000,0.000000,0.000003
24230,0,0,0.999998,0.000000,0.000000,0.000002
27910,0,0,0.999996,0.000000,0.000000,0.000004
28939,0,0,0.999997,0.000000,0.000000,0.000003
12818,1,1,0.000038,0.999907,0.000034,0.000021
6867,2,2,0.000000,0.000086,0.999911,0.000003
27653,0,0,0.999998,0.000000,0.000000,0.000002
20185,1,1,0.000005,0.999991,0.000002,0.000002
9709,1,1,0.000003,0.999994,0.000001,0.000001
10456,1,1,0.000002,0.999994,0.000003,0.000001
3384,3,3,0.000055,0.000008,0.000008,0.999929
1893,3,3,0.000575,0.000008,0.000020,0.999398
4875,3,3,0.000050,0.000006,0.000009,0.999935
2173,3,3,0.000063,0.000008,0.000012,0.999917
11366,1,1,0.000002,0.999995,0.000003,0.000001
671,3,3,0.000069,0.000009,0.000011,0.999912
11190,1,1,0.000002,0.999995,0.000003,0.000001
10817,1,1,0.000002,0.999996,0.000002,0.000000
27049,0,0,0.999997,0.000000,0.000000,0.000003
25452,0,0,0.999998,0.000000,0.000000,0.000002
15926,1,1,0.000008,0.999987,0.000002,0.000003
14856,1,1,0.000001,0.999999,0.000000,0.000000
4972,3,3,0.000057,0.000008,0.000009,0.999926
15735,1,1,0.000002,0.999996,0.000001,0.000001
20187,1,1,0.000010,0.999983,0.000003,0.000004
18454,1,1,0.000012,0.999981,0.000002,0.000005
26302,0,0,0.999998,0.000000,0.000000,0.000002
23044,0,0,0.999997,0.000000,0.000000,0.000003
26696,0,0,0.999997,0.000000,0.000000,0.000003
3007,3,3,0.000072,0.000010,0.000011,0.999906
17074,1,1,0.000013,0.999979,0.000003,0.000005
18263,1,1,0.000004,0.999994,0.000001,0.000001
32196,0,0,0.999998,0.000000,0.000000,0.000002
7026,2,2,0.000000,0.000219,0.999772,0.000009
24199,0,0,0.999998,0.000000,0.000000,0.000002
10447,1,1,0.000016,0.999964,0.000014,0.000007
18795,1,1,0.000009,0.999986,0.000002,0.000004
32523,0,0,0.999998,0.000000,0.000000,0.000002
22722,0,0,0.999998,0.000000,0.000000,0.000002
28657,0,0,0.999998,0.000000,0.000000,0.000002
8591,2,2,0.000000,0.000181,0.999809,0.000009
29711,0,0,0.999996,0.000000,0.000000,0.000004
5513,3,3,0.012053,0.000019,0.000044,0.987885
352,3,3,0.000145,0.000038,0.000037,0.999780
22962,0,0,0.999996,0.000000,0.000000,0.000004
15923,1,1,0.000008,0.999987,0.000002,0.000003
15762,1,1,0.000002,0.999996,0.000001,0.000001
14982,1,1,0.000001,0.999999,0.000000,0.000000
19094,1,1,0.000008,0.999987,0.000002,0.000003
6211,3,3,0.011628,0.000019,0.000044,0.988310
891,3,3,0.000120,0.000027,0.000016,0.999837
7264,2,2,0.000000,0.000039,0.999960,0.000001
7943,2,2,0.000000,0.000040,0.999960,0.000001
7744,2,2,0.000000,0.000060,0.999939,0.000001
31744,0,0,0.999999,0.000000,0.000000,0.000001
24366,0,0,0.999998,0.000000,0.000000,0.000002
26807,0,0,0.999998,0.000000,0.000000,0.000002
715,3,3,0.000123,0.000030,0.000071,0.999776
33012,0,0,0.999436,0.000000,0.000000,0.000564
32711,0,0,0.999999,0.000000,0.000000,0.000001
12696,1,1,0.000829,0.997465,0.000833,0.000874
21173,1,1,0.000009,0.999985,0.000002,0.000004
6046,3,3,0.010677,0.000019,0.000044,0.989261
20892,1,1,0.000008,0.999986,0.000002,0.000003
13697,1,1,0.000002,0.999997,0.000001,0.000001
14311,1,1,0.000001,0.999999,0.000000,0.000000
30129,0,0,0.999997,0.000000,0.000000,0.000003
5520,3,3,0.011890,0.000019,0.000044,0.988047
4969,3,3,0.000085,0.000014,0.000013,0.999887
13257,1,1,0.000004,0.999994,0.000001,0.000001
17984,1,1,0.000004,0.999994,0.000001,0.000001
16250,1,1,0.000008,0.999987,0.000002,0.000003
30845,0,0,0.999998,0.000000,0.000000,0.000002
22214,0,0,0.999997,0.000000,0.000000,0.000003
9772,1,1,0.000004,0.999991,0.000004,0.000001
11682,1,1,0.000003,0.999993,0.000003,0.000001
15632,1,1,0.000002,0.999996,0.000001,0.000001
16390,1,1,0.000008,0.999987,0.000002,0.000003
3439,3,3,0.000059,0.000009,0.000010,0.999922
25157,0,0,0.999998,0.000000,0.000000,0.000002
852,3,3,0.000103,0.000022,0.000019,0.999856
26245,0,0,0.999998,0.000000,0.000000,0.000002
8414,2,2,0.000000,0.000059,0.999940,0.000001
12458,1,1,0.000012,0.999973,0.000011,0.000005
27108,0,0,0.999998,0.000000,0.000000,0.000002
2163,3,3,0.000083,0.000007,0.000012,0.999898
29292,0,0,0.999997,0.000000,0.000000,0.000003
29078,0,0,0.999998,0.000000,0.000000,0.000002
11437,1,1,0.000007,0.999985,0.000006,0.000002
30183,0,0,0.999998,0.000000,0.000000,0.000002
3601,3,3,0.000070,0.000010,0.000010,0.999910
17997,1,1,0.000012,0.999980,0.000002,0.000005
20075,1,1,0.000005,0.999992,0.000001,0.000002
18853,1,1,0.000006,0.999990,0.000001,0.000002
31576,0,0,0.999999,0.000000,0.000000,0.000001
22773,0,0,0.999997,0.000000,0.000000,0.000003
25939,0,0,0.999998,0.000000,0.000000,0.000002
19735,1,1,0.000005,0.999991,0.000002,0.000002
13937,1,1,0.000005,0.999991,0.000002,0.000002
10243,1,1,0.000004,0.999991,0.000004,0.000001
23391,0,0,0.999998,0.000000,0.000000,0.000002
14576,1,1,0.000001,0.999999,0.000000,0.000000
20321,1,1,0.000005,0.999992,0.000001,0.000002
32489,0,0,0.999998,0.000000,0.000000,0.000002
19397,1,1,0.000005,0.999992,0.000001,0.000002
13211,1,1,0.000004,0.999993,0.000002,0.000001
5777,3,3,0.010522,0.000019,0.000044,0.989416
22928,0,0,0.999998,0.000000,0.000000,0.000002
3417,3,3,0.000052,0.000006,0.000008,0.999934
226,3,3,0.000074,0.000012,0.000013,0.999900
8487,2,2,0.000000,0.000209,0.999778,0.000012
14751,1,1,0.000005,0.999991,0.000002,0.000002
27197,0,0,0.999998,0.000000,0.000000,0.000002
17185,1,1,0.000007,0.999989,0.000002,0.000003
7459,2,2,0.000000,0.000066,0.999933,0.000002
2301,3,3,0.000760,0.000108,0.000108,0.999024
19779,1,1,0.000004,0.999994,0.000001,0.000001
30161,0,0,0.999997,0.000000,0.000000,0.000003
30082,0,0,0.999995,0.000000,0.000000,0.000005
9319,1,1,0.000007,0.999989,0.000002,0.000003
100,3,3,0.000122,0.000027,0.000019,0.999832
23863,0,0,0.999997,0.000000,0.000000,0.000003
7704,2,2,0.000000,0.000089,0.999908,0.000003
25625,0,0,0.999998,0.000000,0.000000,0.000002
32178,0,0,0.999998,0.000000,0.000000,0.000002
16376,1,1,0.000014,0.999977,0.000003,0.000006
18745,1,1,0.000009,0.999986,0.000002,0.000004
2209,3,3,0.000152,0.000010,0.000019,0.999820
21293,1,1,0.000005,0.999992,0.000001,0.000002
3921,3,3,0.000065,0.000009,0.000011,0.999914
31511,0,0,0.999998,0.000000,0.000000,0.000002
7952,2,2,0.000000,0.000045,0.999954,0.000001
16418,1,1,0.000012,0.999980,0.000002,0.000005
27897,0,0,0.999998,0.000000,0.000000,0.000002
28853,0,0,0.999999,0.000000,0.000000,0.000001
19408,1,1,0.000015,0.999974,0.000004,0.000007
11552,1,1,0.000002,0.999994,0.000003,0.000001
31300,0,0,0.999998,0.000000,0.000000,0.000002
28524,0,0,0.999999,0.000000,0.000000,0.000001
11794,1,1,0.000006,0.999987,0.000006,0.000002
1688,3,3,0.000077,0.000011,0.000012,0.999900
25029,0,0,0.999998,0.000000,0.000000,0.000002
20026,1,1,0.000005,0.999992,0.000001,0.000002
22568,0,0,0.999996,0.000000,0.000000,0.000004
31870,0,0,0.999998,0.000000,0.000000,0.000002
15257,1,1,0.000003,0.999995,0.000002,0.000001
18662,1,1,0.000004,0.999993,0.000001,0.000002
18099,1,1,0.000008,0.999987,0.000002,0.000003
3428,3,3,0.000050,0.000006,0.000008,0.999936
32929,0,0,0.999316,0.000000,0.000000,0.000684
12645,1,1,0.000327,0.998691,0.000490,0.000493
1519,3,3,0.000079,0.000011,0.000012,0.999899
11731,1,1,0.000002,0.999995,0.000002,0.000001
5198,3,3,0.028098,0.000019,0.000044,0.971840
2035,3,3,0.000098,0.000020,0.000013,0.999870
7589,2,2,0.000000,0.000103,0.999893,0.000003
14833,1,1,0.000020,0.999952,0.000018,0.000010
25169,0,0,0.999998,0.000000,0.000000,0.000002
24084,0,0,0.999997,0.000000,0.000000,0.000002
15335,1,1,0.000988,0.997585,0.000587,0.000840
5621,3,3,0.011257,0.000019,0.000044,0.988680
5116,3,3,0.000530,0.000076,0.000068,0.999327
12924,1,1,0.000007,0.999979,0.000012,0.000003
14169,1,1,0.000000,1.000000,0.000000,0.000000
11961,1,1,0.000004,0.999992,0.000003,0.000001
32148,0,0,0.999998,0.000000,0.000000,0.000002
28810,0,0,0.999998,0.000000,0.000000,0.000002
33066,0,0,0.999561,0.000000,0.000000,0.000439
7657,2,2,0.000000,0.000038,0.999961,0.000001
3290,3,3,0.000090,0.000013,0.000015,0.999882
9622,1,1,0.000322,0.999036,0.000410,0.000232
20433,1,1,0.000003,0.999996,0.000001,0.000001
22108,0,0,0.999997,0.000000,0.000000,0.000002
16334,1,1,0.000009,0.999985,0.000002,0.000004
32402,0,0,0.999998,0.000000,0.000000,0.000002
13530,1,1,0.000001,0.999998,0.000000,0.000000
3367,3,3,0.000062,0.000009,0.000010,0.999919
13804,1,1,0.000002,0.999997,0.000001,0.000001
14007,1,1,0.000005,0.999990,0.000003,0.000002
27393,0,0,0.999998,0.000000,0.000000,0.000002
8136,2,2,0.000000,0.000055,0.999944,0.000001
7749,2,2,0.000000,0.000079,0.999919,0.000002
15308,1,1,0.000005,0.999993,0.000001,0.000002
17628,1,1,0.000004,0.999994,0.000001,0.000001
13389,1,1,0.000004,0.999993,0.000001,0.000002
16220,1,1,0.000004,0.999993,0.000001,0.000002
11003,1,1,0.000005,0.999986,0.000006,0.000002
32990,0,0,0.999019,0.000000,0.000000,0.000981
18784,1,1,0.000008,0.999987,0.000002,0.000003
16415,1,1,0.000015,0.999976,0.000003,0.000006
12087,1,1,0.000068,0.999819,0.000064,0.000049
31742,0,0,0.999998,0.000000,0.000000,0.000002
17108,1,1,0.000009,0.999985,0.000002,0.000004
12013,1,1,0.000007,0.999983,0.000007,0.000003
2992,3,3,0.000103,0.000017,0.000014,0.999866
7252,2,2,0.000000,0.000044,0.999955,0.000001
14039,1,1,0.000001,0.999998,0.000001,0.000000
12994,1,1,0.000001,0.999998,0.000000,0.000000
21517,0,0,0.999997,0.000000,0.000000,0.000003
14463,1,1,0.000000,1.000000,0.000000,0.000000
21237,1,1,0.000011,0.999982,0.000003,0.000005
28730,0,0,0.999998,0.000000,0.000000,0.000002
27707,0,0,0.999999,0.000000,0.000000,0.000001
32484,0,0,0.999998,0.000000,0.000000,0.000002
23232,0,0,0.999997,0.000000,0.000000,0.000003
10916,1,1,0.000003,0.999994,0.000003,0.000001
9087,2,2,0.000000,0.000042,0.999957,0.000001
20003,1,1,0.000010,0.999983,0.000003,0.000004
14201,1,1,0.000001,0.999999,0.000000,0.000000
904,3,3,0.000067,0.000013,0.000009,0.999911
21720,0,0,0.999997,0.000000,0.000000,0.000003
19500,1,1,0.000009,0.999985,0.000002,0.000004
20792,1,1,0.000004,0.999993,0.000001,0.000002
7094,2,2,0.000000,0.000064,0.999934,0.000002
28376,0,0,0.999999,0.000000,0.000000,0.000001
13020,1,1,0.000000,0.999999,0.000000,0.000000
605,3,3,0.000083,0.000015,0.000012,0.999890
5378,3,3,0.028202,0.000019,0.000044,0.971736
18917,1,1,0.000008,0.999986,0.000002,0.000003
31692,0,0,0.999998,0.000000,0.000000,0.000002
28828,0,0,0.999998,0.000000,0.000000,0.000002
32818,0,0,0.999999,0.000000,0.000000,0.000001
4977,3,3,0.000063,0.000007,0.000009,0.999921
15772,1,1,0.000001,0.999998,0.000000,0.000000
28519,0,0,0.999998,0.000000,0.000000,0.000002
5255,3,3,0.027423,0.000018,0.000044,0.972515
26820,0,0,0.999998,0.000000,0.000000,0.000002
12284,1,1,0.000002,0.999995,0.000002,0.000001
15357,1,1,0.000015,0.999975,0.000003,0.000007
32243,0,0,0.999997,0.000000,0.000000,0.000003
16001,1,1,0.000006,0.999990,0.000001,0.000002
27660,0,0,0.999998,0.000000,0.000000,0.000002
33276,0,0,0.999082,0.000000,0.000000,0.000918
30010,0,0,0.999997,0.000000,0.000000,0.000003
25558,0,0,0.999998,0.000000,0.000000,0.000002
4916,3,3,0.000216,0.000050,0.000030,0.999703
5117,3,3,0.000634,0.000085,0.000086,0.999195
12738,1,1,0.000003,0.999992,0.000004,0.000001
9183,1,1,0.000016,0.999972,0.000004,0.000007
26951,0,0,0.999998,0.000000,0.000000,0.000002
10513,1,1,0.000003,0.999993,0.000004,0.000001
11970,1,1,0.000012,0.999975,0.000009,0.000005
20725,1,1,0.000011,0.999982,0.000003,0.000005
15481,1,1,0.000001,0.999997,0.000001,0.000000
30485,0,0,0.999997,0.000000,0.000000,0.000003
28436,0,0,0.999998,0.000000,0.000000,0.000002
10811,1,1,0.000004,0.999992,0.000003,0.000001
12952,1,1,0.000002,0.999994,0.000003,0.000001
3585,3,3,0.000072,0.000012,0.000013,0.999902
17964,1,1,0.000011,0.999983,0.000002,0.000004
3724,3,3,0.000043,0.000005,0.000008,0.999944
22058,0,0,0.999997,0.000000,0.000000,0.000003
4502,3,3,0.000451,0.000116,0.000060,0.999374
14561,1,1,0.000001,0.999998,0.000001,0.000000
30464,0,0,0.999997,0.000000,0.000000,0.000003
23870,0,0,0.999998,0.000000,0.000000,0.000002
19204,1,1,0.000024,0.999961,0.000005,0.000011
13588,1,1,0.000010,0.999982,0.000004,0.000004
4923,3,3,0.000077,0.000014,0.000011,0.999898
7178,2,2,0.000000,0.000042,0.999957,0.000001
22158,0,0,0.999998,0.000000,0.000000,0.000002
16401,1,1,0.000004,0.999993,0.000001,0.000002
17421,1,1,0.000004,0.999994,0.000001,0.000001
8890,2,2,0.000000,0.000054,0.999944,0.000001
19930,1,1,0.000005,0.999992,0.000001,0.000002
12519,1,1,0.000013,0.999969,0.000013,0.000005
24963,0,0,0.999998,0.000000,0.000000,0.000002
32022,0,0,0.999998,0.000000,0.000000,0.000002
29806,0,0,0.999998,0.000000,0.000000,0.000002
29553,0,0,0.999997,0.000000,0.000000,0.000003
10306,1,1,0.000002,0.999995,0.000002,0.000001
22576,0,0,0.999997,0.000000,0.000000,0.000003
24367,0,0,0.999998,0.000000,0.000000,0.000002
29586,0,0,0.999991,0.000000,0.000000,0.000009
17424,1,1,0.000005,0.999993,0.000001,0.000002
16907,1,1,0.000007,0.999989,0.000002,0.000003
15983,1,1,0.000010,0.999984,0.000002,0.000004
16631,1,1,0.000010,0.999984,0.000002,0.000004
33194,0,0,0.998956,0.000000,0.000000,0.001043
18613,1,1,0.000009,0.999985,0.000003,0.000004
15138,1,1,0.000001,0.999999,0.000000,0.000000
7740,2,2,0.000000,0.000073,0.999925,0.000002
32273,0,0,0.999999,0.000000,0.000000,0.000001
27133,0,0,0.999998,0.000000,0.000000,0.000002
168,3,3,0.000100,0.000012,0.000014,0.999875
12521,1,1,0.000011,0.999975,0.000010,0.000004
32613,0,0,0.999998,0.000000,0.000000,0.000002
5237,3,3,0.027944,0.000019,0.000044,0.971993
14685,1,1,0.000006,0.999990,0.000002,0.000002
13568,1,1,0.000003,0.999994,0.000001,0.000001
31581,0,0,0.999998,0.000000,0.000000,0.000002
354,3,3,0.000388,0.000172,0.000117,0.999323
18315,1,1,0.000008,0.999986,0.000003,0.000003
23752,0,0,0.999998,0.000000,0.000000,0.000002
3390,3,3,0.000059,0.000008,0.000010,0.999923
22779,0,0,0.999997,0.000000,0.000000,0.000003
19375,1,1,0.000009,0.999986,0.000002,0.000003
27972,0,0,0.999999,0.000000,0.000000,0.000001
32354,0,0,0.999998,0.000000,0.000000,0.000002
6732,2,2,0.000000,0.000041,0.999958,0.000001
32744,0,0,0.999998,0.000000,0.000000,0.000002
21114,1,1,0.000011,0.999982,0.000002,0.000005
14441,1,1,0.000005,0.999990,0.000003,0.000002
12789,1,1,0.000003,0.999993,0.000003,0.000001
2473,3,3,0.000069,0.000008,0.000010,0.999913
9356,1,1,0.000003,0.999995,0.000001,0.000001
13282,1,1,0.000002,0.999996,0.000001,0.000001
21036,1,1,0.000007,0.999988,0.000002,0.000003
5162,3,3,0.031175,0.000019,0.000044,0.968762
28479,0,0,0.999998,0.000000,0.000000,0.000002
26784,0,0,0.999998,0.000000,0.000000,0.000002
9690,1,1,0.000001,0.999998,0.000000,0.000000
24176,0,0,0.999999,0.000000,0.000000,0.000001
25344,0,0,0.999998,0.000000,0.000000,0.000002
3710,3,3,0.000049,0.000006,0.000008,0.999938
28769,0,0,0.999988,0.000000,0.000000,0.000012
365,3,3,0.000264,0.000108,0.000313,0.999315
30558,0,0,0.999998,0.000000,0.000000,0.000002
19146,1,1,0.000019,0.999968,0.000004,0.000009
14682,1,1,0.000003,0.999995,0.000001,0.000001
25949,0,0,0.999998,0.000000,0.000000,0.000002
27017,0,0,0.999997,0.000000,0.000000,0.000003
10774,1,1,0.000002,0.999995,0.000002,0.000001
11678,1,1,0.000010,0.999978,0.000009,0.000004
26839,0,0,0.999998,0.000000,0.000000,0.000002
14926,1,1,0.000009,0.999984,0.000005,0.000003
28612,0,0,0.999997,0.000000,0.000000,0.000003
18397,1,1,0.000016,0.999972,0.000004,0.000007
7058,2,2,0.000000,0.000039,0.999960,0.000001
7679,2,2,0.000000,0.000045,0.999954,0.000001
13414,1,1,0.000004,0.999994,0.000001,0.000001
12553,1,1,0.000003,0.999992,0.000004,0.000001
4909,3,3,0.000056,0.000008,0.000008,0.999927
3870,3,3,0.000045,0.000006,0.000007,0.999942
17463,1,1,0.000013,0.999979,0.000003,0.000006
32896,0,0,0.999350,0.000000,0.000000,0.000650
20898,1,1,0.000009,0.999986,0.000002,0.000003
23507,0,0,0.999998,0.000000,0.000000,0.000002
20845,1,1,0.000009,0.999986,0.000002,0.000003
2010,3,3,0.000341,0.000038,0.000047,0.999574
3015,3,3,0.000113,0.000009,0.000016,0.999862
21539,0,0,0.999997,0.000000,0.000000,0.000003
2446,3,3,0.000057,0.000008,0.000009,0.999926
4902,3,3,0.000071,0.000012,0.000019,0.999899
14250,1,1,0.000004,0.999993,0.000002,0.000001
12441,1,1,0.000037,0.999909,0.000035,0.000019
23278,0,0,0.999996,0.000000,0.000000,0.000004
27562,0,0,0.999998,0.000000,0.000000,0.000002
17337,1,1,0.000005,0.999992,0.000001,0.000002
14995,1,1,0.000000,1.000000,0.000000,0.000000
11576,1,1,0.000005,0.999989,0.000004,0.000002
16930,1,1,0.000015,0.999976,0.000003,0.000006
15793,1,1,0.000006,0.999989,0.000002,0.000002
22630,0,0,0.999998,0.000000,0.000000,0.000002
10522,1,1,0.000003,0.999992,0.000004,0.000001
31410,0,0,0.999998,0.000000,0.000000,0.000002
6593,2,2,0.000000,0.000057,0.999942,0.000001
2124,3,3,0.000529,0.000007,0.000017,0.999447
17920,1,1,0.000003,0.999994,0.000001,0.000001
30595,0,0,0.999997,0.000000,0.000000,0.000003
8347,2,2,0.000000,0.000052,0.999947,0.000001
22744,0,0,0.999998,0.000000,0.000000,0.000002
2394,3,3,0.000100,0.000012,0.000016,0.999872
12139,1,1,0.000001,0.999997,0.000002,0.000000
21054,1,1,0.000021,0.999966,0.000004,0.000009
1129,3,3,0.000073,0.000012,0.000010,0.999905
21063,1,1,0.000008,0.999988,0.000002,0.000003
25834,0,0,0.999997,0.000000,0.000000,0.000003
15998,1,1,0.000006,0.999990,0.000001,0.000002
22029,0,0,0.999995,0.000000,0.000000,0.000005
29818,0,0,0.999993,0.000000,0.000000,0.000007
8145,2,2,0.000000,0.000062,0.999937,0.000002
30765,0,0,0.999998,0.000000,0.000000,0.000002
7710,2,2,0.000000,0.000039,0.999961,0.000001
19393,1,1,0.000006,0.999990,0.000002,0.000002
21753,0,0,0.999997,0.000000,0.000000,0.000003
14340,1,1,0.000004,0.999991,0.000003,0.000002
27807,0,0,0.999998,0.000000,0.000000,0.000002
32000,0,0,0.999999,0.000000,0.000000,0.000001
29754,0,0,0.999998,0.000000,0.000000,0.000002
29896,0,0,0.999998,0.000000,0.000000,0.000002
8911,2,2,0.000000,0.000051,0.999948,0.000001
17223,1,1,0.000010,0.999984,0.000002,0.000004
11065,1,1,0.000001,0.999997,0.000002,0.000000
21604,0,0,0.999997,0.000000,0.000000,0.000003
26396,0,0,0.999998,0.000000,0.000000,0.000002
23178,0,0,0.999998,0.000000,0.000000,0.000002
7687,2,2,0.000000,0.000055,0.999944,0.000001
26401,0,0,0.999998,0.000000,0.000000,0.000002
12912,1,1,0.000041,0.999889,0.000048,0.000023
31624,0,0,0.999999,0.000000,0.000000,0.000001
1223,3,3,0.000079,0.000014,0.000013,0.999895
15286,1,1,0.000013,0.999977,0.000004,0.000006
13896,1,1,0.000043,0.999913,0.000023,0.000021
383,3,3,0.000405,0.000119,0.000047,0.999429
24614,0,0,0.999998,0.000000,0.000000,0.000002
16860,1,1,0.000010,0.999982,0.000003,0.000004
28056,0,0,0.999997,0.000000,0.000000,0.000003
27316,0,0,0.999998,0.000000,0.000000,0.000002
22756,0,0,0.999998,0.000000,0.000000,0.000002
8537,2,2,0.000000,0.000097,0.999899,0.000003
88,3,3,0.000154,0.000030,0.000020,0.999796
1563,3,3,0.000094,0.000014,0.000013,0.999880
15909,1,1,0.000002,0.999997,0.000001,0.000001
4554,3,3,0.000053,0.000007,0.000009,0.999930
23921,0,0,0.999997,0.000000,0.000000,0.000003
17907,1,1,0.000012,0.999980,0.000003,0.000005
25245,0,0,0.999998,0.000000,0.000000,0.000002
25291,0,0,0.999998,0.000000,0.000000,0.000002
19431,1,1,0.000004,0.999993,0.000001,0.000002
386,3,3,0.000096,0.000019,0.000018,0.999867
15043,1,1,0.000005,0.999988,0.000004,0.000002
21211,1,1,0.000012,0.999979,0.000003,0.000005
30998,0,0,0.999998,0.000000,0.000000,0.000002
1312,3,3,0.000128,0.000031,0.000024,0.999817
28232,0,0,0.999997,0.000000,0.000000,0.000003
11635,1,1,0.000006,0.999986,0.000006,0.000002
2553,3,3,0.000194,0.000019,0.000026,0.999762
1059,3,3,0.000124,0.000026,0.000016,0.999834
28432,0,0,0.999998,0.000000,0.000000,0.000002
19450,1,1,0.000012,0.999981,0.000002,0.000005
927,3,3,0.000048,0.000006,0.000011,0.999934
23895,0,0,0.999997,0.000000,0.000000,0.000003
26179,0,0,0.999998,0.000000,0.000000,0.000002
25574,0,0,0.999998,0.000000,0.000000,0.000002
19664,1,1,0.000010,0.999983,0.000002,0.000004
14535,1,1,0.000001,0.999999,0.000000,0.000000
18882,1,1,0.000011,0.999982,0.000002,0.000005
15701,1,1,0.000002,0.999997,0.000001,0.000001
29619,0,0,0.999996,0.000000,0.000000,0.000004
29599,0,0,0.999997,0.000000,0.000000,0.000003
16023,1,1,0.000011,0.999981,0.000003,0.000005
1030,3,3,0.000059,0.000009,0.000008,0.999924
17806,1,1,0.000006,0.999991,0.000001,0.000002
28020,0,0,0.999998,0.000000,0.000000,0.000002
28870,0,0,0.999995,0.000000,0.000000,0.000005
25715,0,0,0.999998,0.000000,0.000000,0.000002
240,3,3,0.000580,0.000037,0.000061,0.999322
22872,0,0,0.999997,0.000000,0.000000,0.000003
27759,0,0,0.999997,0.000000,0.000000,0.000003
5249,3,3,0.027969,0.000019,0.000044,0.971968
16472,1,1,0.000004,0.999992,0.000001,0.000002
13439,1,1,0.000003,0.999995,0.000001,0.000001
24640,0,0,0.999997,0.000000,0.000000,0.000003
24916,0,0,0.999998,0.000000,0.000000,0.000002
10840,1,1,0.000002,0.999995,0.000002,0.000001
32626,0,0,0.999998,0.000000,0.000000,0.000002
26367,0,0,0.999997,0.000000,0.000000,0.000003
17241,1,1,0.000006,0.999990,0.000001,0.000003
33152,0,0,0.999114,0.000000,0.000000,0.000886
20941,1,1,0.000008,0.999986,0.000002,0.000003
18976,1,1,0.000005,0.999991,0.000001,0.000002
1434,3,3,0.000273,0.000016,0.000024,0.999687
9131,2,2,0.000000,0.000187,0.999803,0.000010
19339,1,1,0.000018,0.999971,0.000004,0.000008
5331,3,3,0.028539,0.000018,0.000044,0.971398
8065,2,2,0.000000,0.000049,0.999950,0.000001
25568,0,0,0.999996,0.000000,0.000000,0.000004
1132,3,3,0.000101,0.000014,0.000017,0.999869
20916,1,1,0.000010,0.999984,0.000002,0.000004
27066,0,0,0.999998,0.000000,0.000000,0.000002
3348,3,3,0.000100,0.000017,0.000016,0.999866
11410,1,1,0.000006,0.999986,0.000006,0.000002
27304,0,0,0.999998,0.000000,0.000000,0.000002
16239,1,1,0.000016,0.999973,0.000004,0.000007
6545,3,3,0.000088,0.000017,0.000016,0.999879
17501,1,1,0.000005,0.999991,0.000001,0.000002
9387,1,1,0.000002,0.999997,0.000001,0.000001
2582,3,3,0.000110,0.000009,0.000015,0.999866
4619,3,3,0.000195,0.000008,0.000017,0.999781
22734,0,0,0.999998,0.000000,0.000000,0.000002
25104,0,0,0.999998,0.000000,0.000000,0.000002
21078,1,1,0.000004,0.999993,0.000001,0.000002
5940,3,3,0.010542,0.000018,0.000044,0.989396
23217,0,0,0.999996,0.000000,0.000000,0.000004
4555,3,3,0.000058,0.000008,0.000009,0.999925
32070,0,0,0.999999,0.000000,0.000000,0.000001
33003,0,0,0.999294,0.000000,0.000000,0.000706
28570,0,0,0.999999,0.000000,0.000000,0.000001
18560,1,1,0.000006,0.999991,0.000001,0.000002
28968,0,0,0.999998,0.000000,0.000000,0.000002
4830,3,3,0.000058,0.000008,0.000009,0.999925
12221,1,1,0.000005,0.999988,0.000005,0.000002
28734,0,0,0.999997,0.000000,0.000000,0.000003
13880,1,1,0.000033,0.999947,0.000003,0.000017
17213,1,1,0.000003,0.999996,0.000001,0.000001
12480,1,1,0.000006,0.999984,0.000007,0.000002
6889,2,2,0.000000,0.000073,0.999925,0.000002
14060,1,1,0.000001,0.999999,0.000001,0.000000
7362,2,2,0.000000,0.000032,0.999967,0.000001
8717,2,2,0.000000,0.000100,0.999897,0.000003
14749,1,1,0.000002,0.999996,0.000001,0.000001
2145,3,3,0.000055,0.000005,0.000009,0.999931
1576,3,3,0.000088,0.000014,0.000013,0.999885
25603,0,0,0.999997,0.000000,0.000000,0.000002
80,3,3,0.000057,0.000007,0.000008,0.999927
17897,1,1,0.000007,0.999989,0.000002,0.000003
15062,1,1,0.000001,0.999999,0.000000,0.000000
15730,1,1,0.000000,0.999999,0.000000,0.000000
6659,2,2,0.000000,0.000050,0.999949,0.000001
22562,0,0,0.999997,0.000000,0.000000,0.000003
32220,0,0,0.999998,0.000000,0.000000,0.000002
9640,1,1,0.000001,0.999999,0.000000,0.000000
25201,0,0,0.999998,0.000000,0.000000,0.000002
30275,0,0,0.999999,0.000000,0.000000,0.000001
23727,0,0,0.999998,0.000000,0.000000,0.000002
21732,0,0,0.999997,0.000000,0.000000,0.000003
29370,0,0,0.999972,0.000000,0.000000,0.000028
22724,0,0,0.999997,0.000000,0.000000,0.000003
2710,3,3,0.000162,0.000026,0.000026,0.999787
21396,0,3,0.000730,0.000314,0.000127,0.998829
8066,2,2,0.000000,0.000029,0.999971,0.000000
16311,1,1,0.000006,0.999991,0.000001,0.000002
10047,1,1,0.000002,0.999995,0.000002,0.000000
15721,1,1,0.000006,0.999989,0.000002,0.000002
7063,2,2,0.000000,0.000084,0.999913,0.000003
12840,1,1,0.000006,0.999986,0.000006,0.000002
5456,3,3,0.019709,0.000018,0.000043,0.980230
8945,2,2,0.000000,0.000260,0.999723,0.000017
6508,3,3,0.010840,0.000018,0.000043,0.989098
20948,1,1,0.000005,0.999991,0.000001,0.000002
21646,0,0,0.999996,0.000000,0.000000,0.000004
30852,0,0,0.999999,0.000000,0.000000,0.000001
31157,0,0,0.999999,0.000000,0.000000,0.000001
22052,0,0,0.999996,0.000000,0.000000,0.000004
18951,1,1,0.000007,0.999989,0.000002,0.000003
7755,2,2,0.000000,0.000053,0.999946,0.000001
9556,1,1,0.000017,0.999969,0.000006,0.000008
27366,0,0,0.999997,0.000000,0.000000,0.000003
10099,1,1,0.000002,0.999996,0.000002,0.000001
25405,0,0,0.999998,0.000000,0.000000,0.000002
26237,0,0,0.999998,0.000000,0.000000,0.000002
20790,1,1,0.000008,0.999987,0.000002,0.000003
14010,1,1,0.000001,0.999998,0.000001,0.000000
16687,1,1,0.000010,0.999984,0.000002,0.000004
30785,0,0,0.999998,0.000000,0.000000,0.000002
20575,1,1,0.000009,0.999985,0.000002,0.000004
7566,2,2,0.000000,0.000103,0.999894,0.000003
18836,1,1,0.000007,0.999988,0.000002,0.000003
26525,0,0,0.999997,0.000000,0.000000,0.000003
11639,1,1,0.000004,0.999990,0.000004,0.000001
28720,0,0,0.999998,0.000000,0.000000,0.000002
173,3,3,0.000086,0.000007,0.000012,0.999896
15244,1,1,0.000003,0.999995,0.000001,0.000001
24844,0,0,0.999998,0.000000,0.000000,0.000002
10220,1,1,0.000003,0.999993,0.000004,0.000001
17817,1,1,0.000004,0.999993,0.000001,0.000002
26019,0,0,0.999997,0.000000,0.000000,0.000003
563,3,3,0.000130,0.000018,0.000026,0.999826
2591,3,3,0.000152,0.000020,0.000023,0.999806
26334,0,0,0.999998,0.000000,0.000000,0.000002
9494,1,1,0.000005,0.999992,0.000002,0.000002
9259,1,1,0.000015,0.999973,0.000005,0.000007
16857,1,1,0.000022,0.999962,0.000006,0.000010
11687,1,1,0.000005,0.999989,0.000004,0.000002
726,3,3,0.000074,0.000012,0.000022,0.999893
2211,3,3,0.000062,0.000007,0.000011,0.999921
583,3,3,0.000185,0.000041,0.000026,0.999747
9827,1,1,0.000009,0.999977,0.000010,0.000003
8415,2,2,0.000000,0.000043,0.999956,0.000001
8856,2,2,0.000000,0.000049,0.999950,0.000001
25311,0,0,0.999998,0.000000,0.000000,0.000002
19443,1,1,0.000006,0.999990,0.000001,0.000002
13202,1,1,0.000003,0.999996,0.000001,0.000001
9803,1,1,0.000003,0.999994,0.000003,0.000001
23873,0,0,0.999998,0.000000,0.000000,0.000002
17236,1,1,0.000008,0.999987,0.000002,0.000003
7795,2,2,0.000000,0.000049,0.999950,0.000001
22869,0,0,0.999997,0.000000,0.000000,0.000003
11815,1,1,0.000011,0.999975,0.000010,0.000004
28413,0,0,0.999998,0.000000,0.000000,0.000002
26104,0,0,0.999997,0.000000,0.000000,0.000002
21729,0,0,0.999997,0.000000,0.000000,0.000003
23810,0,0,0.999998,0.000000,0.000000,0.000002
32208,0,0,0.999998,0.000000,0.000000,0.000002
33092,0,0,0.999369,0.000000,0.000000,0.000631
2023,3,3,0.000062,0.000005,0.000009,0.999925
8167,2,2,0.000000,0.000039,0.999960,0.000001
30930,0,0,0.999997,0.000000,0.000000,0.000003
9961,1,1,0.000005,0.999988,0.000005,0.000002
14021,1,1,0.000007,0.999988,0.000002,0.000003
10939,1,1,0.000005,0.999989,0.000005,0.000002
30258,0,0,0.999997,0.000000,0.000000,0.000003
12585,1,1,0.000005,0.999988,0.000005,0.000002
3437,3,3,0.000067,0.000010,0.000010,0.999913
8690,2,2,0.000000,0.000072,0.999926,0.000002
14215,1,1,0.000000,0.999999,0.000000,0.000000
26168,0,0,0.999998,0.000000,0.000000,0.000002
11171,1,1,0.000002,0.999994,0.000003,0.000001
459,3,3,0.000980,0.000674,0.000226,0.998120
33268,0,0,0.998771,0.000000,0.000000,0.001229
29283,0,0,0.999998,0.000000,0.000000,0.000002
30336,0,0,0.999999,0.000000,0.000000,0.000001
31915,0,0,0.999998,0.000000,0.000000,0.000002
22269,0,0,0.999998,0.000000,0.000000,0.000002
20197,1,1,0.000003,0.999995,0.000001,0.000001
6182,3,3,0.011601,0.000019,0.000044,0.988336
28951,0,0,0.999998,0.000000,0.000000,0.000002
13973,1,1,0.000003,0.999994,0.000002,0.000001
18228,1,1,0.000003,0.999995,0.000001,0.000001
16876,1,1,0.000010,0.999983,0.000003,0.000004
32560,0,0,0.999998,0.000000,0.000000,0.000002
10301,1,1,0.000002,0.999996,0.000002,0.000000
24181,0,0,0.999999,0.000000,0.000000,0.000001
10726,1,1,0.000002,0.999995,0.000003,0.000001
3813,3,3,0.000061,0.000007,0.000010,0.999922
25374,0,0,0.999998,0.000000,0.000000,0.000002
9604,1,1,0.000624,0.998614,0.000290,0.000473
6739,2,2,0.000000,0.000072,0.999926,0.000002
27306,0,0,0.999998,0.000000,0.000000,0.000002
30318,0,0,0.999998,0.000000,0.000000,0.000002
8361,2,2,0.000000,0.000050,0.999949,0.000001
14878,1,1,0.000001,0.999999,0.000000,0.000000
26925,0,0,0.999998,0.000000,0.000000,0.000002
25424,0,0,0.999998,0.000000,0.000000,0.000002
17065,1,1,0.000005,0.999991,0.000001,0.000002
25145,0,0,0.999997,0.000000,0.000000,0.000003
14671,1,1,0.000000,0.999999,0.000000,0.000000
30345,0,0,0.999998,0.000000,0.000000,0.000002
31634,0,0,0.999998,0.000000,0.000000,0.000002
10303,1,1,0.000002,0.999995,0.000002,0.000001
7101,2,2,0.000000,0.000062,0.999937,0.000002
21111,1,1,0.000018,0.999971,0.000004,0.000008
5442,3,3,0.018902,0.000018,0.000043,0.981037
32120,0,0,0.999999,0.000000,0.000000,0.000001
24240,0,0,0.999998,0.000000,0.000000,0.000002
1661,3,3,0.000038,0.000005,0.000007,0.999950
19098,1,1,0.000005,0.999991,0.000001,0.000002
13925,1,1,0.000004,0.999992,0.000003,0.000001
23423,0,0,0.999998,0.000000,0.000000,0.000002
3075,3,3,0.000095,0.000012,0.000014,0.999879
27269,0,0,0.999998,0.000000,0.000000,0.000002
10257,1,1,0.000002,0.999994,0.000003,0.000001
13377,1,1,0.000004,0.999992,0.000002,0.000002
4131,3,3,0.000150,0.000035,0.000024,0.999790
26143,0,0,0.999999,0.000000,0.000000,0.000001
7117,2,2,0.000000,0.000056,0.999943,0.000001
5632,3,3,0.010856,0.000019,0.000044,0.989081
5084,3,3,0.000061,0.000010,0.000016,0.999913
6291,3,3,0.011583,0.000019,0.000044,0.988355
797,3,3,0.000127,0.000029,0.000024,0.999820
9231,1,1,0.000008,0.999983,0.000005,0.000004
16363,1,1,0.000017,0.999972,0.000004,0.000008
15355,1,1,0.000007,0.999988,0.000002,0.000003
22410,0,0,0.999995,0.000000,0.000000,0.000005
23439,0,0,0.999997,0.000000,0.000000,0.000003
14653,1,1,0.000000,0.999999,0.000000,0.000000
28881,0,0,0.999998,0.000000,0.000000,0.000002
4873,3,3,0.000050,0.000006,0.000008,0.999936
17548,1,1,0.000007,0.999990,0.000001,0.000003
2563,3,3,0.000141,0.000028,0.000022,0.999810
32991,0,0,0.998869,0.000000,0.000000,0.001131
7249,2,2,0.000000,0.000036,0.999963,0.000001
29127,0,0,0.999999,0.000000,0.000000,0.000001
27450,0,0,0.999997,0.000000,0.000000,0.000003
9865,1,1,0.000003,0.999993,0.000003,0.000001
17216,1,1,0.000006,0.999990,0.000001,0.000002
7991,2,2,0.000000,0.000034,0.999966,0.000001
12064,1,1,0.000003,0.999993,0.000004,0.000001
31844,0,0,0.999999,0.000000,0.000000,0.000001
13323,1,1,0.000002,0.999997,0.000001,0.000001
11255,1,1,0.000002,0.999994,0.000003,0.000001
12532,1,1,0.000017,0.999958,0.000018,0.000008
27062,0,0,0.999998,0.000000,0.000000,0.000002
12814,1,1,0.000003,0.999992,0.000004,0.000001
29424,0,0,0.999999,0.000000,0.000000,0.000001
15905,1,1,0.000004,0.999994,0.000001,0.000001
2006,3,3,0.000205,0.000013,0.000021,0.999761
21371,1,1,0.000014,0.999977,0.000003,0.000006
6311,3,3,0.012883,0.000019,0.000044,0.987055
12349,1,1,0.000006,0.999987,0.000006,0.000002
24419,0,0,0.999998,0.000000,0.000000,0.000002
27722,0,0,0.999998,0.000000,0.000000,0.000002
1342,3,3,0.000160,0.000019,0.000020,0.999801
17544,1,1,0.000013,0.999978,0.000003,0.000006
23866,0,0,0.999997,0.000000,0.000000,0.000003
11724,1,1,0.000005,0.999989,0.000004,0.000002
28529,0,0,0.999999,0.000000,0.000000,0.000001
6651,2,2,0.000000,0.000068,0.999930,0.000002
21336,1,1,0.000121,0.999625,0.000177,0.000076
2281,3,3,0.017472,0.000005,0.000015,0.982508
18761,1,1,0.000016,0.999974,0.000003,0.000007
19208,1,1,0.000018,0.999971,0.000003,0.000008
20055,1,1,0.000004,0.999993,0.000001,0.000002
4211,3,3,0.000055,0.000006,0.000009,0.999930
26454,0,0,0.999998,0.000000,0.000000,0.000002
29955,0,0,0.999989,0.000000,0.000000,0.000011
6444,3,3,0.011410,0.000019,0.000044,0.988528
15126,1,1,0.000002,0.999997,0.000001,0.000001
12168,1,1,0.000013,0.999971,0.000011,0.000005
30716,0,0,0.999998,0.000000,0.000000,0.000002
22054,0,0,0.999997,0.000000,0.000000,0.000004
18941,1,1,0.000010,0.999984,0.000002,0.000004
10601,1,1,0.000002,0.999994,0.000003,0.000001
24360,0,0,0.999997,0.000000,0.000000,0.000003
31371,0,0,0.999998,0.000000,0.000000,0.000002
21598,0,0,0.999996,0.000000,0.000000,0.000004
17879,1,1,0.000004,0.999993,0.000001,0.000002
11103,1,1,0.000006,0.999987,0.000005,0.000002
15240,1,1,0.000001,0.999997,0.000001,0.000000
28532,0,0,0.999998,0.000000,0.000000,0.000002
26202,0,0,0.999998,0.000000,0.000000,0.000002
17151,1,1,0.000005,0.999991,0.000001,0.000002
4947,3,3,0.000119,0.000020,0.000018,0.999843
30357,0,0,0.999998,0.000000,0.000000,0.000002
21573,0,0,0.999997,0.000000,0.000000,0.000003
12174,1,1,0.000004,0.999992,0.000004,0.000001
3935,3,3,0.000057,0.000009,0.000010,0.999925
23125,0,0,0.999994,0.000000,0.000000,0.000006
14002,1,1,0.000001,0.999999,0.000000,0.000000
6160,3,3,0.011087,0.000019,0.000044,0.988850
28434,0,0,0.999998,0.000000,0.000000,0.000002
18159,1,1,0.000006,0.999990,0.000002,0.000002
32388,0,0,0.999999,0.000000,0.000000,0.000001
19351,1,1,0.000031,0.999949,0.000005,0.000016
23434,0,0,0.999997,0.000000,0.000000,0.000003
14871,1,1,0.000002,0.999996,0.000001,0.000001
30433,0,0,0.999998,0.000000,0.000000,0.000002
1391,3,3,0.000094,0.000017,0.000016,0.999873
29065,0,0,0.999998,0.000000,0.000000,0.000002
1381,3,3,0.000076,0.000009,0.000010,0.999904
27036,0,0,0.999997,0.000000,0.000000,0.000003
6190,3,3,0.011428,0.000019,0.000044,0.988510
13722,1,1,0.000006,0.999990,0.000002,0.000002
31974,0,0,0.999998,0.000000,0.000000,0.000002
20282,1,1,0.000011,0.999982,0.000003,0.000004
3518,3,3,0.000061,0.000005,0.000009,0.999925
6690,2,2,0.000000,0.000043,0.999956,0.000001
3956,3,3,0.000049,0.000005,0.000008,0.999938
1558,3,3,0.000060,0.000007,0.000010,0.999924
1523,3,3,0.000325,0.000040,0.000048,0.999587
5379,3,3,0.028243,0.000018,0.000044,0.971695
28171,0,0,0.999998,0.000000,0.000000,0.000002
23106,0,0,0.999995,0.000000,0.000000,0.000005
24970,0,0,0.999998,0.000000,0.000000,0.000002
10672,1,1,0.000002,0.999995,0.000002,0.000001
21253,1,1,0.000011,0.999982,0.000002,0.000005
11899,1,1,0.000007,0.999985,0.000006,0.000002
18791,1,1,0.000013,0.999979,0.000003,0.000006
33099,0,0,0.998955,0.000000,0.000000,0.001045
13796,1,1,0.000006,0.999989,0.000003,0.000002
7547,2,2,0.000000,0.000045,0.999954,0.000001
15350,1,1,0.000045,0.999922,0.000010,0.000024
26175,0,0,0.999998,0.000000,0.000000,0.000002
31735,0,0,0.999999,0.000000,0.000000,0.000001
24810,0,0,0.999998,0.000000,0.000000,0.000002
17766,1,1,0.000016,0.999974,0.000003,0.000007
22451,0,0,0.999993,0.000000,0.000000,0.000007
28000,0,0,0.999998,0.000000,0.000000,0.000002
15635,1,1,0.000002,0.999997,0.000001,0.000001
24955,0,0,0.999998,0.000000,0.000000,0.000002
28401,0,0,0.999998,0.000000,0.000000,0.000002
31390,0,0,0.999998,0.000000,0.000000,0.000002
3630,3,3,0.000056,0.000005,0.000008,0.999930
19468,1,1,0.000007,0.999989,0.000002,0.000003
16782,1,1,0.000012,0.999979,0.000003,0.000005
21445,0,0,0.999997,0.000000,0.000000,0.000003
9671,1,1,0.000002,0.999997,0.000001,0.000001
15320,1,1,0.000010,0.999983,0.000002,0.000004
21580,0,0,0.999997,0.000000,0.000000,0.000003
10234,1,1,0.000004,0.999991,0.000004,0.000001
28731,0,0,0.999998,0.000000,0.000000,0.000002
28584,0,0,0.999997,0.000000,0.000000,0.000003
12621,1,1,0.000005,0.999987,0.000006,0.000002
20076,1,1,0.000005,0.999991,0.000001,0.000002
14884,1,1,0.000008,0.999986,0.000003,0.000003
14876,1,1,0.000001,0.999999,0.000000,0.000000
18727,1,1,0.000007,0.999988,0.000002,0.000003
32254,0,0,0.999999,0.000000,0.000000,0.000001
1773,3,3,0.000079,0.000011,0.000014,0.999896
26002,0,0,0.999998,0.000000,0.000000,0.000002
13756,1,1,0.000001,0.999998,0.000000,0.000000
1173,3,3,0.000117,0.000025,0.000018,0.999839
4823,3,3,0.000048,0.000005,0.000008,0.999939
17430,1,1,0.000005,0.999992,0.000001,0.000002
12748,1,1,0.000033,0.999917,0.000032,0.000018
24490,0,0,0.999998,0.000000,0.000000,0.000002
24733,0,0,0.999997,0.000000,0.000000,0.000003
2030,3,3,0.000097,0.000021,0.000014,0.999868
15416,1,1,0.000004,0.999994,0.000001,0.000001
21972,0,0,0.999997,0.000000,0.000000,0.000003
33082,0,0,0.998950,0.000000,0.000000,0.001050
3779,3,3,0.000061,0.000007,0.000010,0.999922
20266,1,1,0.000007,0.999988,0.000002,0.000003
29920,0,0,0.999998,0.000000,0.000000,0.000002
2534,3,3,0.000092,0.000013,0.000013,0.999882
5668,3,3,0.009762,0.000019,0.000045,0.990175
5289,3,3,0.029411,0.000019,0.000044,0.970526
22767,0,0,0.999996,0.000000,0.000000,0.000004
22089,0,0,0.999998,0.000000,0.000000,0.000002
1338,3,3,0.000091,0.000014,0.000013,0.999882
21592,0,0,0.999997,0.000000,0.000000,0.000003
11033,1,1,0.000002,0.999995,0.000003,0.000001
32549,0,0,0.999999,0.000000,0.000000,0.000001
33028,0,0,0.999383,0.000000,0.000000,0.000617
17672,1,1,0.000007,0.999989,0.000002,0.000003
7587,2,2,0.000001,0.000394,0.999579,0.000026
524,3,3,0.000074,0.000017,0.000022,0.999886
1984,3,3,0.000073,0.000005,0.000010,0.999912
12166,1,1,0.000019,0.999955,0.000018,0.000008
22342,0,0,0.999997,0.000000,0.000000,0.000003
542,3,3,0.000129,0.000019,0.000018,0.999834
32817,0,0,0.999999,0.000000,0.000000,0.000001
23275,0,0,0.999995,0.000000,0.000000,0.000005
10531,1,1,0.000001,0.999997,0.000002,0.000000
17624,1,1,0.000014,0.999977,0.000003,0.000006
31197,0,0,0.999999,0.000000,0.000000,0.000001
12991,1,1,0.000002,0.999996,0.000001,0.000001
30002,0,0,0.999998,0.000000,0.000000,0.000002
18026,1,1,0.000009,0.999986,0.000002,0.000004
11814,1,1,0.000010,0.999977,0.000009,0.000004
16614,1,1,0.000010,0.999984,0.000002,0.000004
23670,0,0,0.999998,0.000000,0.000000,0.000002
29610,0,0,0.999997,0.000000,0.000000,0.000003
4941,3,3,0.000081,0.000014,0.000012,0.999893
24835,0,0,0.999998,0.000000,0.000000,0.000002
17874,1,1,0.000006,0.999990,0.000002,0.000002
28492,0,0,0.999998,0.000000,0.000000,0.000002
1437,3,3,0.005783,0.000048,0.000083,0.994087
27918,0,0,0.999998,0.000000,0.000000,0.000002
12835,1,1,0.000018,0.999958,0.000016,0.000008
26442,0,0,0.999998,0.000000,0.000000,0.000002
20530,1,1,0.000004,0.999993,0.000001,0.000002
26830,0,0,0.999997,0.000000,0.000000,0.000003
3620,3,3,0.000079,0.000007,0.000012,0.999902
28043,0,0,0.999998,0.000000,0.000000,0.000002
14879,1,1,0.000002,0.999997,0.000001,0.000001
11046,1,1,0.000005,0.999988,0.000006,0.000002
24901,0,0,0.999998,0.000000,0.000000,0.000002
474,3,3,0.000074,0.000013,0.000009,0.999903
14767,1,1,0.000001,0.999999,0.000000,0.000000
20546,1,1,0.000003,0.999995,0.000001,0.000001
10643,1,1,0.000002,0.999995,0.000002,0.000001
19782,1,1,0.000003,0.999996,0.000001,0.000001
7416,2,2,0.000000,0.000049,0.999950,0.000001
4052,3,3,0.000083,0.000015,0.000014,0.999889
30497,0,0,0.999998,0.000000,0.000000,0.000002
28759,0,0,0.999998,0.000000,0.000000,0.000002
22558,0,0,0.999998,0.000000,0.000000,0.000002
31316,0,0,0.999998,0.000000,0.000000,0.000002
3608,3,3,0.000066,0.000009,0.000009,0.999916
27531,0,0,0.999998,0.000000,0.000000,0.000002
5536,3,3,0.011818,0.000019,0.000044,0.988119
11221,1,1,0.000003,0.999993,0.000003,0.000001
32633,0,0,0.999997,0.000000,0.000000,0.000003
13987,1,1,0.000000,1.000000,0.000000,0.000000
25856,0,0,0.999998,0.000000,0.000000,0.000002
18815,1,1,0.000019,0.999969,0.000004,0.000009
23470,0,0,0.999998,0.000000,0.000000,0.000002
1874,3,3,0.000069,0.000010,0.000011,0.999910
20854,1,1,0.000009,0.999985,0.000002,0.000004
30047,0,0,0.999998,0.000000,0.000000,0.000002
14200,1,1,0.000001,0.999999,0.000000,0.000000
3213,3,3,0.000076,0.000011,0.000010,0.999903
24127,0,0,0.999998,0.000000,0.000000,0.000002
8350,2,2,0.000000,0.000057,0.999942,0.000001
28448,0,0,0.999998,0.000000,0.000000,0.000002
7540,2,2,0.000000,0.000048,0.999951,0.000001
6191,3,3,0.011463,0.000019,0.000044,0.988475
3277,3,3,0.000089,0.000014,0.000013,0.999884
2380,3,3,0.000182,0.000027,0.000028,0.999764
14938,1,1,0.000008,0.999985,0.000004,0.000003
30067,0,0,0.999998,0.000000,0.000000,0.000002
27507,0,0,0.999998,0.000000,0.000000,0.000002
9181,1,1,0.000008,0.999985,0.000003,0.000003
1475,3,3,0.000200,0.000010,0.000017,0.999773
23320,0,0,0.999998,0.000000,0.000000,0.000002
14637,1,1,0.000000,0.999999,0.000000,0.000000
6752,2,2,0.000000,0.000043,0.999956,0.000001
5517,3,3,0.011870,0.000019,0.000044,0.988067
11058,1,1,0.000003,0.999994,0.000003,0.000001
253,3,3,0.000049,0.000006,0.000012,0.999933
15337,1,1,0.002940,0.987064,0.006148,0.003849
20088,1,1,0.000011,0.999983,0.000003,0.000004
31233,0,0,0.999998,0.000000,0.000000,0.000002
3534,3,3,0.000429,0.000003,0.000010,0.999558
31123,0,0,0.999998,0.000000,0.000000,0.000002
13952,1,1,0.000003,0.999995,0.000001,0.000001
22968,0,0,0.999996,0.000000,0.000000,0.000004
32408,0,0,0.999998,0.000000,0.000000,0.000002
4081,3,3,0.000060,0.000009,0.000011,0.999920
30724,0,0,0.999998,0.000000,0.000000,0.000002
6325,3,3,0.013131,0.000019,0.000044,0.986806
18884,1,1,0.000007,0.999989,0.000002,0.000003
19755,1,1,0.000003,0.999995,0.000001,0.000001
3903,3,3,0.000091,0.000014,0.000016,0.999880
20632,1,1,0.000005,0.999991,0.000001,0.000002
7979,2,2,0.000000,0.000120,0.999876,0.000004
10886,1,1,0.000005,0.999987,0.000005,0.000002
3281,3,3,0.000064,0.000010,0.000010,0.999916
26969,0,0,0.999998,0.000000,0.000000,0.000002
28034,0,0,0.999998,0.000000,0.000000,0.000002
12043,1,1,0.000031,0.999929,0.000026,0.000014
12287,1,1,0.000006,0.999986,0.000006,0.000002
25056,0,0,0.999998,0.000000,0.000000,0.000002
17664,1,1,0.000008,0.999988,0.000002,0.000003
2916,3,3,0.000124,0.000021,0.000020,0.999835
5006,3,3,0.000195,0.000019,0.000023,0.999763
21413,0,0,0.999998,0.000000,0.000000,0.000002
4352,3,3,0.000063,0.000007,0.000010,0.999920
22314,0,0,0.999996,0.000000,0.000000,0.000004
33100,0,0,0.999099,0.000000,0.000000,0.000901
19891,1,1,0.000006,0.999989,0.000002,0.000002
27272,0,0,0.999998,0.000000,0.000000,0.000002
16103,1,1,0.000008,0.999988,0.000002,0.000003
24311,0,0,0.999998,0.000000,0.000000,0.000002
6520,3,3,0.000119,0.000026,0.000070,0.999786
31028,0,0,0.999997,0.000000,0.000000,0.000003
10008,1,1,0.000002,0.999994,0.000003,0.000001
2789,3,3,0.000049,0.000006,0.000010,0.999935
11550,1,1,0.000004,0.999992,0.000004,0.000001
21029,1,1,0.000024,0.999960,0.000005,0.000011
18932,1,1,0.000007,0.999988,0.000002,0.000003
17540,1,1,0.000006,0.999990,0.000001,0.000003
32662,0,0,0.999999,0.000000,0.000000,0.000001
9176,1,1,0.000006,0.999989,0.000002,0.000002
11007,1,1,0.000003,0.999992,0.000003,0.000001
24495,0,0,0.999998,0.000000,0.000000,0.000002
6715,2,2,0.000000,0.000048,0.999951,0.000001
6899,2,2,0.000000,0.000073,0.999925,0.000002
3254,3,3,0.000049,0.000006,0.000008,0.999936
9756,1,1,0.000006,0.999987,0.000006,0.000002
9498,1,1,0.000013,0.999977,0.000004,0.000006
16884,1,1,0.000009,0.999985,0.000002,0.000004
26364,0,0,0.999997,0.000000,0.000000,0.000003
12721,1,1,0.000002,0.999995,0.000002,0.000001
10581,1,1,0.000001,0.999997,0.000001,0.000000
11429,1,1,0.000005,0.999987,0.000006,0.000002
6580,2,2,0.000000,0.000254,0.999734,0.000011
23321,0,0,0.999999,0.000000,0.000000,0.000001
6827,2,2,0.000000,0.000048,0.999951,0.000001
2988,3,3,0.000057,0.000007,0.000009,0.999927
2522,3,3,0.000079,0.000011,0.000013,0.999897
19949,1,1,0.000007,0.999989,0.000002,0.000003
26007,0,0,0.999998,0.000000,0.000000,0.000002
5985,3,3,0.010856,0.000019,0.000044,0.989082
7649,2,2,0.000000,0.000174,0.999816,0.000009
30502,0,0,0.999999,0.000000,0.000000,0.000001
31654,0,0,0.999998,0.000000,0.000000,0.000002
23497,0,0,0.999996,0.000000,0.000000,0.000004
8010,2,2,0.000000,0.000059,0.999940,0.000001
12606,1,1,0.000002,0.999995,0.000002,0.000001
3134,3,3,0.000084,0.000013,0.000013,0.999889
5303,3,3,0.028605,0.000019,0.000044,0.971332
4598,3,3,0.000063,0.000009,0.000011,0.999917
28837,0,0,0.999996,0.000000,0.000000,0.000004
18988,1,1,0.000013,0.999979,0.000002,0.000006
9340,1,1,0.000005,0.999992,0.000001,0.000002
23932,0,0,0.999998,0.000000,0.000000,0.000002
12811,1,1,0.000008,0.999982,0.000008,0.000003
20298,1,1,0.000007,0.999988,0.000002,0.000003
31732,0,0,0.999999,0.000000,0.000000,0.000001
29988,0,0,0.999996,0.000000,0.000000,0.000004
11397,1,1,0.000014,0.999967,0.000014,0.000005
30945,0,0,0.999998,0.000000,0.000000,0.000002
27575,0,0,0.999998,0.000000,0.000000,0.000002
8868,2,2,0.000000,0.000116,0.999879,0.000004
23774,0,0,0.999998,0.000000,0.000000,0.000002
5643,3,3,0.009834,0.000019,0.000044,0.990104
25188,0,0,0.999998,0.000000,0.000000,0.000002
18075,1,1,0.000005,0.999992,0.000001,0.000002
23860,0,0,0.999997,0.000000,0.000000,0.000003
26563,0,0,0.999998,0.000000,0.000000,0.000002
5322,3,3,0.029249,0.000019,0.000044,0.970689
4009,3,3,0.000061,0.000009,0.000011,0.999919
5321,3,3,0.029025,0.000019,0.000044,0.970912
13152,1,1,0.000005,0.999992,0.000002,0.000002
4547,3,3,0.000054,0.000007,0.000009,0.999929
24305,0,0,0.999999,0.000000,0.000000,0.000001
30180,0,0,0.999997,0.000000,0.000000,0.000002
1260,3,3,0.000108,0.000015,0.000020,0.999857
6830,2,2,0.000000,0.000098,0.999898,0.000003
13604,1,1,0.000002,0.999997,0.000001,0.000001
25027,0,0,0.999998,0.000000,0.000000,0.000001
20741,1,1,0.000017,0.999971,0.000004,0.000007
7863,2,2,0.000000,0.000090,0.999907,0.000003
28024,0,0,0.999998,0.000000,0.000000,0.000002
30895,0,0,0.999999,0.000000,0.000000,0.000001
19196,1,1,0.000007,0.999988,0.000002,0.000003
25141,0,0,0.999998,0.000000,0.000000,0.000002
18482,1,1,0.000010,0.999983,0.000002,0.000004
1221,3,3,0.000067,0.000011,0.000011,0.999911
28059,0,0,0.999998,0.000000,0.000000,0.000002
27150,0,0,0.999997,0.000000,0.000000,0.000002
26445,0,0,0.999998,0.000000,0.000000,0.000002
24396,0,0,0.999998,0.000000,0.000000,0.000002
4168,3,3,0.000051,0.000005,0.000008,0.999936
3372,3,3,0.000121,0.000007,0.000015,0.999857
4808,3,3,0.000053,0.000006,0.000008,0.999933
15068,1,1,0.000007,0.999987,0.000004,0.000003
374,3,3,0.000345,0.000083,0.000045,0.999527
623,3,3,0.000113,0.000014,0.000016,0.999858
7945,2,2,0.000000,0.000048,0.999951,0.000001
26631,0,0,0.999997,0.000000,0.000000,0.000003
32954,0,0,0.999312,0.000000,0.000000,0.000688
23453,0,0,0.999998,0.000000,0.000000,0.000002
32284,0,0,0.999999,0.000000,0.000000,0.000001
1625,3,3,0.000194,0.000051,0.000025,0.999730
2640,3,3,0.000296,0.000037,0.000043,0.999623
28840,0,0,0.999997,0.000000,0.000000,0.000003
16072,1,1,0.000015,0.999975,0.000003,0.000006
23361,0,0,0.999997,0.000000,0.000000,0.000003
16306,1,1,0.000008,0.999987,0.000002,0.000003
18371,1,1,0.000004,0.999994,0.000001,0.000001
28686,0,0,0.999999,0.000000,0.000000,0.000001
28549,0,0,0.999997,0.000000,0.000000,0.000003
3538,3,3,0.000234,0.000002,0.000007,0.999756
18967,1,1,0.000012,0.999981,0.000002,0.000005
31845,0,0,0.999999,0.000000,0.000000,0.000001
32369,0,0,0.999998,0.000000,0.000000,0.000002
17962,1,1,0.000005,0.999993,0.000001,0.000002
28788,0,0,0.999998,0.000000,0.000000,0.000002
16560,1,1,0.000008,0.999987,0.000002,0.000003
5285,3,3,0.029938,0.000019,0.000044,0.969999
15575,1,1,0.000020,0.999965,0.000007,0.000009
30438,0,0,0.999998,0.000000,0.000000,0.000002
31643,0,0,0.999998,0.000000,0.000000,0.000002
7166,2,2,0.000000,0.000049,0.999950,0.000001
8608,2,2,0.000000,0.000049,0.999950,0.000001
8475,2,2,0.000000,0.000096,0.999900,0.000003
25024,0,0,0.999998,0.000000,0.000000,0.000002
25102,0,0,0.999998,0.000000,0.000000,0.000002
13563,1,1,0.000002,0.999996,0.000001,0.000001
11196,1,1,0.000005,0.999989,0.000005,0.000001
19525,1,1,0.000004,0.999993,0.000001,0.000002
10972,1,1,0.000002,0.999996,0.000002,0.000000
527,3,3,0.000086,0.000017,0.000014,0.999883
27388,0,0,0.999999,0.000000,0.000000,0.000001
28377,0,0,0.999998,0.000000,0.000000,0.000002
1646,3,3,0.000625,0.000220,0.000077,0.999078
27690,0,0,1.000000,0.000000,0.000000,0.000000
21096,1,1,0.000008,0.999987,0.000002,0.000003
19488,1,1,0.000004,0.999994,0.000001,0.000001
30522,0,0,0.999998,0.000000,0.000000,0.000002
18800,1,1,0.000006,0.999990,0.000001,0.000002
11110,1,1,0.000003,0.999992,0.000004,0.000001
1946,3,3,0.000090,0.000011,0.000013,0.999886
1567,3,3,0.000063,0.000008,0.000010,0.999919
16601,1,1,0.000006,0.999991,0.000001,0.000002
9486,1,1,0.000006,0.999991,0.000002,0.000002
8797,2,2,0.000000,0.000117,0.999879,0.000004
4034,3,3,0.000056,0.000007,0.000009,0.999928
24289,0,0,0.999998,0.000000,0.000000,0.000002
11578,1,1,0.000003,0.999994,0.000003,0.000001
8688,2,2,0.000000,0.000082,0.999916,0.000002
19954,1,1,0.000010,0.999983,0.000002,0.000004
32540,0,0,0.999998,0.000000,0.000000,0.000002
11373,1,1,0.000003,0.999992,0.000003,0.000001
4365,3,3,0.000056,0.000007,0.000009,0.999928
8833,2,2,0.000000,0.000146,0.999847,0.000007
9114,2,2,0.000000,0.000087,0.999910,0.000003
27621,0,0,0.999999,0.000000,0.000000,0.000001
28922,0,0,0.999996,0.000000,0.000000,0.000004
24621,0,0,0.999998,0.000000,0.000000,0.000002
28474,0,0,0.999998,0.000000,0.000000,0.000001
15134,1,1,0.000002,0.999996,0.000001,0.000001
4593,3,3,0.000047,0.000006,0.000008,0.999940
15702,1,1,0.000002,0.999997,0.000001,0.000001
6407,3,3,0.011560,0.000019,0.000044,0.988378
14723,1,1,0.000001,0.999998,0.000000,0.000000
26958,0,0,0.999998,0.000000,0.000000,0.000002
32839,0,0,0.999998,0.000000,0.000000,0.000002
23065,0,0,0.999975,0.000000,0.000000,0.000025
22344,0,0,0.999996,0.000000,0.000000,0.000004
21786,0,0,0.999998,0.000000,0.000000,0.000002
2367,3,3,0.000073,0.000010,0.000011,0.999905
6163,3,3,0.011214,0.000019,0.000044,0.988724
28393,0,0,0.999998,0.000000,0.000000,0.000002
21005,1,1,0.000014,0.999977,0.000003,0.000006
3512,3,3,0.000059,0.000007,0.000009,0.999924
31438,0,0,0.999998,0.000000,0.000000,0.000002
19472,1,1,0.000006,0.999990,0.000002,0.000002
11417,1,1,0.000003,0.999994,0.000003,0.000001
5507,3,3,0.011881,0.000019,0.000044,0.988056
18834,1,1,0.000014,0.999977,0.000003,0.000006
8127,2,2,0.000000,0.000141,0.999854,0.000005
28112,0,0,0.999998,0.000000,0.000000,0.000002
31594,0,0,0.999998,0.000000,0.000000,0.000002
10192,1,1,0.000001,0.999997,0.000002,0.000000
18400,1,1,0.000013,0.999979,0.000003,0.000006
9758,1,1,0.000004,0.999992,0.000004,0.000001
28771,0,0,0.999995,0.000000,0.000000,0.000005
31579,0,0,0.999998,0.000000,0.000000,0.000002
8723,2,2,0.000000,0.000040,0.999959,0.000001
1914,3,3,0.000644,0.000008,0.000020,0.999327
29385,0,0,0.999997,0.000000,0.000000,0.000002
8900,2,2,0.000000,0.000105,0.999892,0.000003
16182,1,1,0.000006,0.999991,0.000001,0.000002
23487,0,0,0.999997,0.000000,0.000000,0.000003
21595,0,0,0.999997,0.000000,0.000000,0.000003
15522,1,1,0.000008,0.999986,0.000002,0.000003
18364,1,1,0.000002,0.999997,0.000001,0.000001
9726,1,1,0.000002,0.999996,0.000002,0.000001
31034,0,0,0.999998,0.000000,0.000000,0.000002
10241,1,1,0.000004,0.999991,0.000004,0.000001
9774,1,1,0.000004,0.999990,0.000004,0.000001
26783,0,0,0.999998,0.000000,0.000000,0.000002
18275,1,1,0.000013,0.999979,0.000002,0.000006
13388,1,1,0.000004,0.999993,0.000001,0.000002
11223,1,1,0.000004,0.999992,0.000004,0.000001
3491,3,3,0.000081,0.000013,0.000015,0.999891
19744,1,1,0.000009,0.999986,0.000002,0.000003
10237,1,1,0.000001,0.999997,0.000002,0.000000
324,3,3,0.000095,0.000010,0.000014,0.999881
25505,0,0,0.999997,0.000000,0.000000,0.000003
27821,0,0,0.999998,0.000000,0.000000,0.000002
4490,3,3,0.000067,0.000011,0.000012,0.999911
7260,2,2,0.000000,0.000045,0.999954,0.000001
24662,0,0,0.999998,0.000000,0.000000,0.000002
32146,0,0,0.999998,0.000000,0.000000,0.000002
23115,0,0,0.999999,0.000000,0.000000,0.000001
11936,1,1,0.000002,0.999994,0.000003,0.000001
355,3,3,0.000209,0.000065,0.000067,0.999659
4521,3,3,0.000088,0.000015,0.000014,0.999883
14284,1,1,0.000001,0.999999,0.000000,0.000000
26357,0,0,0.999999,0.000000,0.000000,0.000001
2214,3,3,0.000057,0.000007,0.000009,0.999928
4345,3,3,0.000060,0.000007,0.000010,0.999924
17823,1,1,0.000008,0.999988,0.000002,0.000003
7469,2,2,0.000000,0.000042,0.999957,0.000001
20600,1,1,0.000004,0.999994,0.000001,0.000001
32504,0,0,0.999999,0.000000,0.000000,0.000001
11114,1,1,0.000004,0.999992,0.000004,0.000001
18038,1,1,0.000018,0.999970,0.000003,0.000008
10824,1,1,0.000003,0.999992,0.000004,0.000001
30105,0,0,0.999997,0.000000,0.000000,0.000003
18139,1,1,0.000008,0.999987,0.000002,0.000003
8963,2,2,0.000000,0.000069,0.999929,0.000002
25669,0,0,0.999998,0.000000,0.000000,0.000002
12707,1,1,0.000371,0.998986,0.000275,0.000368
32366,0,0,0.999997,0.000000,0.000000,0.000002
21191,1,1,0.000011,0.999981,0.000002,0.000005
2041,3,3,0.000106,0.000020,0.000018,0.999856
27170,0,0,0.999997,0.000000,0.000000,0.000002
13803,1,1,0.000001,0.999998,0.000000,0.000000
15218,1,1,0.000006,0.999989,0.000003,0.000002
32318,0,0,0.999998,0.000000,0.000000,0.000002
2871,3,3,0.000103,0.000019,0.000017,0.999861
11316,1,1,0.000002,0.999995,0.000003,0.000001
16501,1,1,0.000007,0.999989,0.000002,0.000003
9240,1,1,0.000004,0.999993,0.000002,0.000001
9920,1,1,0.000002,0.999995,0.000003,0.000001
7366,2,2,0.000000,0.000039,0.999960,0.000001
27961,0,0,0.999997,0.000000,0.000000,0.000003
15979,1,1,0.000017,0.999973,0.000003,0.000007
3065,3,3,0.000090,0.000010,0.000013,0.999888
22377,0,0,0.999998,0.000000,0.000000,0.000002
28791,0,0,0.999997,0.000000,0.000000,0.000003
14165,1,1,0.000001,0.999999,0.000000,0.000000
32474,0,0,0.999999,0.000000,0.000000,0.000001
9232,1,1,0.000002,0.999996,0.000001,0.000001
18025,1,1,0.000013,0.999979,0.000003,0.000005
2009,3,3,0.000358,0.000025,0.000037,0.999580
14069,1,1,0.000001,0.999999,0.000000,0.000000
32414,0,0,0.999998,0.000000,0.000000,0.000002
1992,3,3,0.000088,0.000006,0.000012,0.999893
5202,3,3,0.028664,0.000019,0.000044,0.971272
32450,0,0,0.999998,0.000000,0.000000,0.000002
6962,2,2,0.000000,0.000132,0.999865,0.000004
31168,0,0,0.999997,0.000000,0.000000,0.000002
9742,1,1,0.000008,0.999981,0.000007,0.000003
268,3,3,0.000540,0.000302,0.000119,0.999039
28418,0,0,0.999999,0.000000,0.000000,0.000001
28820,0,0,0.999998,0.000000,0.000000,0.000002
24023,0,0,0.999997,0.000000,0.000000,0.000003
10492,1,1,0.000002,0.999995,0.000002,0.000001
7832,2,2,0.000000,0.000052,0.999947,0.000001
8714,2,2,0.000000,0.000096,0.999902,0.000003
4213,3,3,0.000057,0.000007,0.000009,0.999927
11347,1,1,0.000002,0.999996,0.000002,0.000000
17914,1,1,0.000005,0.999992,0.000001,0.000002
22326,0,0,0.999998,0.000000,0.000000,0.000002
28101,0,0,0.999998,0.000000,0.000000,0.000002
1190,3,3,0.000120,0.000025,0.000021,0.999834
26781,0,0,0.999998,0.000000,0.000000,0.000002
11686,1,1,0.000004,0.999991,0.000004,0.000001
30195,0,0,0.999996,0.000000,0.000000,0.000004
22846,0,0,0.999997,0.000000,0.000000,0.000003
27369,0,0,0.999998,0.000000,0.000000,0.000002
12735,1,1,0.000006,0.999985,0.000007,0.000002
32118,0,0,0.999999,0.000000,0.000000,0.000001
23010,0,0,0.999998,0.000000,0.000000,0.000002
31648,0,0,0.999998,0.000000,0.000000,0.000002
17142,1,1,0.000005,0.999992,0.000001,0.000002
22596,0,0,0.999998,0.000000,0.000000,0.000002
11959,1,1,0.000009,0.999979,0.000008,0.000003
11998,1,1,0.000003,0.999992,0.000003,0.000001
17616,1,1,0.000007,0.999988,0.000002,0.000003
11965,1,1,0.000005,0.999989,0.000004,0.000002
21775,0,0,0.999997,0.000000,0.000000,0.000003
26190,0,0,0.999998,0.000000,0.000000,0.000002
30437,0,0,0.999999,0.000000,0.000000,0.000001
13075,1,1,0.000004,0.999993,0.000002,0.000001
18176,1,1,0.000006,0.999990,0.000001,0.000002
15302,1,1,0.000016,0.999964,0.000013,0.000007
9127,2,2,0.000000,0.000053,0.999946,0.000001
23948,0,0,0.999998,0.000000,0.000000,0.000002
25703,0,0,0.999998,0.000000,0.000000,0.000002
29820,0,0,0.999997,0.000000,0.000000,0.000003
9976,1,1,0.000004,0.999991,0.000004,0.000001
14567,1,1,0.000000,0.999999,0.000000,0.000000
6844,2,2,0.000000,0.000039,0.999961,0.000001
23358,0,0,0.999997,0.000000,0.000000,0.000003
27868,0,0,0.999998,0.000000,0.000000,0.000002
27629,0,0,0.999997,0.000000,0.000000,0.000003
3736,3,3,0.000067,0.000008,0.000010,0.999914
22529,0,0,0.999996,0.000000,0.000000,0.000004
6640,2,2,0.000000,0.000075,0.999923,0.000002
21839,0,0,0.999998,0.000000,0.000000,0.000002
22460,0,0,0.999997,0.000000,0.000000,0.000003
22359,0,0,0.999996,0.000000,0.000000,0.000004
24223,0,0,0.999998,0.000000,0.000000,0.000002
20220,1,1,0.000003,0.999994,0.000001,0.000001
1276,3,3,0.000069,0.000013,0.000017,0.999902
14349,1,1,0.000008,0.999986,0.000003,0.000003
11743,1,1,0.000023,0.999950,0.000016,0.000011
10160,1,1,0.000003,0.999993,0.000003,0.000001
14900,1,1,0.000010,0.999981,0.000004,0.000004
25640,0,0,0.999998,0.000000,0.000000,0.000002
22489,0,0,0.999995,0.000000,0.000000,0.000005
10775,1,1,0.000006,0.999987,0.000005,0.000002
11988,1,1,0.000011,0.999976,0.000009,0.000004
19442,1,1,0.000005,0.999991,0.000001,0.000002
15929,1,1,0.000014,0.999977,0.000003,0.000006
14724,1,1,0.000003,0.999995,0.000001,0.000001
4223,3,3,0.000066,0.000011,0.000010,0.999914
32984,0,0,0.999328,0.000000,0.000000,0.000671
3720,3,3,0.000046,0.000006,0.000009,0.999939
6275,3,3,0.011754,0.000019,0.000044,0.988183
3050,3,3,0.000076,0.000013,0.000012,0.999899
16541,1,1,0.000015,0.999974,0.000004,0.000007
24877,0,0,0.999998,0.000000,0.000000,0.000002
14783,1,1,0.000001,0.999998,0.000000,0.000000
11249,1,1,0.000003,0.999992,0.000004,0.000001
27637,0,0,0.999998,0.000000,0.000000,0.000002
5390,3,3,0.028977,0.000019,0.000044,0.970960
1989,3,3,0.000082,0.000006,0.000012,0.999900
2530,3,3,0.000090,0.000013,0.000014,0.999883
14784,1,1,0.000001,0.999998,0.000000,0.000000
29958,0,0,0.999996,0.000000,0.000000,0.000004
18298,1,1,0.000004,0.999993,0.000001,0.000002
27695,0,0,0.999999,0.000000,0.000000,0.000001
31564,0,0,0.999998,0.000000,0.000000,0.000002
26739,0,0,0.999998,0.000000,0.000000,0.000002
77,3,3,0.000071,0.000008,0.000011,0.999910
25105,0,0,0.999998,0.000000,0.000000,0.000002
17681,1,1,0.000008,0.999987,0.000002,0.000003
10105,1,1,0.000002,0.999995,0.000003,0.000001
17149,1,1,0.000004,0.999994,0.000001,0.000001
3385,3,3,0.000050,0.000006,0.000008,0.999936
30333,0,0,0.999999,0.000000,0.000000,0.000001
24982,0,0,0.999998,0.000000,0.000000,0.000002
29629,0,0,0.999998,0.000000,0.000000,0.000002
7982,2,2,0.000000,0.000050,0.999949,0.000001
12446,1,1,0.000003,0.999992,0.000003,0.000001
11467,1,1,0.000003,0.999994,0.000003,0.000001
32477,0,0,0.999998,0.000000,0.000000,0.000002
4413,3,3,0.000063,0.000008,0.000012,0.999918
32774,0,0,0.999999,0.000000,0.000000,0.000001
9918,1,1,0.000005,0.999988,0.000005,0.000002
20697,1,1,0.000009,0.999985,0.000002,0.000004
27443,0,0,0.999997,0.000000,0.000000,0.000003
31926,0,0,0.999998,0.000000,0.000000,0.000002
4177,3,3,0.000120,0.000011,0.000019,0.999850
13418,1,1,0.000001,0.999998,0.000000,0.000000
27350,0,0,0.999997,0.000000,0.000000,0.000003
30468,0,0,0.999999,0.000000,0.000000,0.000001
23290,0,0,0.999997,0.000000,0.000000,0.000003
16202,1,1,0.000007,0.999989,0.000002,0.000003
18357,1,1,0.000012,0.999981,0.000002,0.000005
22215,0,0,0.999997,0.000000,0.000000,0.000003
22915,0,0,0.999997,0.000000,0.000000,0.000003
31861,0,0,0.999999,0.000000,0.000000,0.000001
26228,0,0,0.999998,0.000000,0.000000,0.000002
3389,3,3,0.000062,0.000009,0.000011,0.999918
12935,1,1,0.000005,0.999987,0.000006,0.000002
1085,3,3,0.000075,0.000012,0.000013,0.999900
25481,0,0,0.999997,0.000000,0.000000,0.000003
19701,1,1,0.000004,0.999993,0.000001,0.000002
1779,3,3,0.000206,0.000045,0.000028,0.999722
26721,0,0,0.999998,0.000000,0.000000,0.000002
30419,0,0,0.999998,0.000000,0.000000,0.000002
23946,0,0,0.999998,0.000000,0.000000,0.000002
161,3,3,0.000205,0.000016,0.000024,0.999754
9698,1,1,0.000003,0.999994,0.000001,0.000001
18193,1,1,0.000005,0.999992,0.000001,0.000002
22471,0,0,0.999995,0.000000,0.000000,0.000005
2187,3,3,0.000066,0.000008,0.000010,0.999916
25087,0,0,0.999997,0.000000,0.000000,0.000002
20391,1,1,0.000007,0.999988,0.000002,0.000003
11627,1,1,0.000004,0.999991,0.000004,0.000001
21303,1,1,0.000010,0.999983,0.000002,0.000004
829,3,3,0.000095,0.000016,0.000015,0.999874
12452,1,1,0.000021,0.999950,0.000019,0.000010
5310,3,3,0.028305,0.000019,0.000044,0.971632
16165,1,1,0.000006,0.999990,0.000001,0.000002
28785,0,0,0.999998,0.000000,0.000000,0.000002
10452,1,1,0.000005,0.999987,0.000006,0.000002
1502,3,3,0.000074,0.000011,0.000011,0.999904
27745,0,0,0.999998,0.000000,0.000000,0.000002
8715,2,2,0.000000,0.000141,0.999854,0.000006
29223,0,0,0.999998,0.000000,0.000000,0.000002
5839,3,3,0.011116,0.000019,0.000044,0.988822
14628,1,1,0.000001,0.999998,0.000001,0.000000
16155,1,1,0.000011,0.999981,0.000002,0.000005
18948,1,1,0.000005,0.999991,0.000001,0.000002
3055,3,3,0.000074,0.000012,0.000011,0.999903
22244,0,0,0.999998,0.000000,0.000000,0.000002
18538,1,1,0.000003,0.999995,0.000001,0.000001
20398,1,1,0.000005,0.999993,0.000001,0.000002
5588,3,3,0.010769,0.000019,0.000044,0.989169
15791,1,1,0.000004,0.999994,0.000001,0.000001
9490,1,1,0.000005,0.999991,0.000002,0.000002
26859,0,0,0.999998,0.000000,0.000000,0.000002
11874,1,1,0.000003,0.999992,0.000004,0.000001
31766,0,0,0.999998,0.000000,0.000000,0.000002
2355,3,3,0.000124,0.000023,0.000020,0.999833
2699,3,3,0.000133,0.000018,0.000018,0.999831
9377,1,1,0.000009,0.999985,0.000002,0.000004
15374,1,1,0.000007,0.999989,0.000002,0.000003
5146,3,3,0.031711,0.000019,0.000045,0.968225
28420,0,0,0.999999,0.000000,0.000000,0.000001
3225,3,3,0.000152,0.000020,0.000023,0.999806
23852,0,0,0.999997,0.000000,0.000000,0.000003
18827,1,1,0.000005,0.999992,0.000001,0.000002
2220,3,3,0.000068,0.000006,0.000011,0.999915
20930,1,1,0.000010,0.999983,0.000003,0.000004
23013,0,0,0.999997,0.000000,0.000000,0.000003
9915,1,1,0.000006,0.999985,0.000007,0.000002
30398,0,0,0.999998,0.000000,0.000000,0.000002
25688,0,0,0.999998,0.000000,0.000000,0.000002
20643,1,1,0.000005,0.999991,0.000001,0.000002
13663,1,1,0.000004,0.999993,0.000001,0.000001
22656,0,0,0.999997,0.000000,0.000000,0.000003
6878,2,2,0.000000,0.000145,0.999849,0.000006
27993,0,0,0.999999,0.000000,0.000000,0.000001
32105,0,0,0.999998,0.000000,0.000000,0.000002
19197,1,1,0.000009,0.999985,0.000002,0.000004
4896,3,3,0.000054,0.000007,0.000009,0.999930
19679,1,1,0.000010,0.999984,0.000002,0.000004
16971,1,1,0.000009,0.999985,0.000002,0.000004
14323,1,1,0.000002,0.999996,0.000001,0.000001
10978,1,1,0.000002,0.999995,0.000002,0.000001
28422,0,0,0.999999,0.000000,0.000000,0.000001
32418,0,0,0.999998,0.000000,0.000000,0.000002
31552,0,0,0.999998,0.000000,0.000000,0.000002
10652,1,1,0.000005,0.999989,0.000005,0.000002
5096,3,3,0.000177,0.000042,0.000024,0.999758
8544,2,2,0.000000,0.000043,0.999956,0.000001
13214,1,1,0.000002,0.999997,0.000001,0.000001
2249,3,3,0.001644,0.000004,0.000014,0.998338
31130,0,0,0.999999,0.000000,0.000000,0.000001
30422,0,0,0.999995,0.000000,0.000000,0.000005
3782,3,3,0.000048,0.000006,0.000008,0.999937
24726,0,0,0.999997,0.000000,0.000000,0.000003
29293,0,0,0.999997,0.000000,0.000000,0.000003
5846,3,3,0.010139,0.000019,0.000044,0.989798
10310,1,1,0.000001,0.999998,0.000001,0.000000
24782,0,0,0.999998,0.000000,0.000000,0.000002
32959,0,0,0.999210,0.000000,0.000000,0.000790
13398,1,1,0.000003,0.999995,0.000001,0.000001
31670,0,0,0.999998,0.000000,0.000000,0.000002
28918,0,0,0.999999,0.000000,0.000000,0.000001
12652,1,1,0.000003,0.999992,0.000004,0.000001
24229,0,0,0.999998,0.000000,0.000000,0.000002
31546,0,0,0.999998,0.000000,0.000000,0.000002
21322,1,1,0.000010,0.999984,0.000002,0.000004
29546,0,0,0.999998,0.000000,0.000000,0.000002
16316,1,1,0.000005,0.999992,0.000001,0.000002
15954,1,1,0.000002,0.999996,0.000001,0.000001
484,3,3,0.000052,0.000008,0.000006,0.999934
4501,3,3,0.000165,0.000034,0.000024,0.999777
22296,0,0,1.000000,0.000000,0.000000,0.000000
12132,1,1,0.000002,0.999995,0.000002,0.000000
12897,1,1,0.000005,0.999988,0.000006,0.000002
27016,0,0,0.999998,0.000000,0.000000,0.000002
20063,1,1,0.000005,0.999992,0.000001,0.000002
261,3,3,0.000069,0.000011,0.000012,0.999907
13474,1,1,0.000006,0.999989,0.000002,0.000003
8100,2,2,0.000000,0.000051,0.999948,0.000001
22541,0,0,0.999997,0.000000,0.000000,0.000002
14502,1,1,0.000003,0.999995,0.000001,0.000001
24108,0,0,0.999998,0.000000,0.000000,0.000002
31058,0,0,0.999998,0.000000,0.000000,0.000002
28334,0,0,0.999998,0.000000,0.000000,0.000002
14077,1,1,0.000001,0.999998,0.000001,0.000000
