index,true_label,pred_label,prob_class0,prob_class1,prob_class2,prob_class3
32454,0,0,0.994454,0.000001,0.000001,0.005544
845,3,3,0.000010,0.000004,0.000003,0.999984
24570,0,0,0.995090,0.000001,0.000001,0.004908
21936,0,0,0.992502,0.000002,0.000001,0.007495
2159,3,3,0.000110,0.000023,0.000021,0.999846
2596,3,3,0.000001,0.000000,0.000000,0.999998
14825,1,1,0.000014,0.999978,0.000003,0.000005
15362,1,1,0.000008,0.999981,0.000009,0.000002
4508,3,3,0.000006,0.000002,0.000002,0.999990
10927,1,1,0.000000,0.999967,0.000033,0.000000
7678,2,2,0.000000,0.000012,0.999987,0.000001
22184,0,0,0.992676,0.000002,0.000001,0.007321
6459,3,3,0.000611,0.000051,0.000047,0.999290
27708,0,0,0.998258,0.000001,0.000000,0.001742
1279,3,3,0.000001,0.000000,0.000000,0.999998
4722,3,3,0.000002,0.000001,0.000001,0.999997
3023,3,3,0.000028,0.000006,0.000005,0.999961
18777,1,1,0.000039,0.999932,0.000012,0.000016
16222,1,1,0.000018,0.999972,0.000005,0.000006
8335,2,2,0.000000,0.000008,0.999992,0.000000
13134,1,1,0.000027,0.999948,0.000005,0.000020
20518,1,1,0.000080,0.999818,0.000013,0.000089
8235,2,2,0.000000,0.000010,0.999990,0.000000
10520,1,1,0.000000,0.999989,0.000011,0.000000
30053,0,0,0.995172,0.000001,0.000001,0.004826
5965,3,3,0.000604,0.000051,0.000047,0.999299
18304,1,1,0.000049,0.999918,0.000009,0.000024
28066,0,0,0.991726,0.000002,0.000001,0.008271
20410,1,1,0.000010,0.999983,0.000004,0.000003
16174,1,1,0.000054,0.999905,0.000009,0.000032
9924,1,1,0.000000,0.999989,0.000011,0.000000
28207,0,0,0.994946,0.000001,0.000001,0.005052
52,3,3,0.000005,0.000002,0.000001,0.999992
3325,3,3,0.000001,0.000000,0.000000,0.999998
29174,0,0,0.995732,0.000001,0.000001,0.004266
3246,3,3,0.000003,0.000001,0.000001,0.999995
16414,1,1,0.000060,0.999897,0.000014,0.000030
33042,0,3,0.150327,0.000139,0.000125,0.849409
878,3,3,0.000003,0.000001,0.000001,0.999995
32304,0,0,0.995847,0.000001,0.000001,0.004152
24099,0,0,0.995101,0.000001,0.000001,0.004897
1115,3,3,0.000002,0.000001,0.000001,0.999997
19267,1,1,0.000069,0.999873,0.000013,0.000045
9537,1,1,0.000020,0.999965,0.000008,0.000007
14849,1,1,0.000010,0.999980,0.000006,0.000003
636,3,3,0.000007,0.000002,0.000002,0.999988
23951,0,0,0.993262,0.000002,0.000001,0.006736
4062,3,3,0.000010,0.000003,0.000003,0.999983
7494,2,2,0.000000,0.000075,0.999923,0.000002
17419,1,1,0.000091,0.999836,0.000023,0.000050
31265,0,0,0.996240,0.000001,0.000001,0.003759
6717,2,2,0.000000,0.000009,0.999990,0.000000
4566,3,3,0.000003,0.000001,0.000001,0.999996
18291,1,1,0.000061,0.999889,0.000010,0.000040
5743,3,3,0.000611,0.000052,0.000047,0.999289
32802,0,0,0.996824,0.000001,0.000000,0.003175
19540,1,1,0.000089,0.999804,0.000029,0.000078
5601,3,3,0.000605,0.000051,0.000047,0.999297
14652,1,1,0.000013,0.999979,0.000004,0.000004
10268,1,1,0.000000,0.999987,0.000013,0.000000
939,3,3,0.000003,0.000001,0.000001,0.999995
28187,0,0,0.995879,0.000001,0.000001,0.004120
31220,0,0,0.995994,0.000001,0.000001,0.004005
735,3,3,0.000010,0.000005,0.000005,0.999981
29977,0,0,0.995478,0.000001,0.000001,0.004520
26733,0,0,0.995152,0.000001,0.000001,0.004846
25365,0,0,0.994762,0.000001,0.000001,0.005236
30564,0,0,0.994692,0.000001,0.000001,0.005306
1709,3,3,0.000001,0.000001,0.000000,0.999998
21062,1,1,0.000013,0.999978,0.000005,0.000004
335,3,3,0.000003,0.000001,0.000001,0.999995
6241,3,3,0.000616,0.000052,0.000048,0.999285
16772,1,1,0.000045,0.999913,0.000023,0.000018
10364,1,1,0.000000,0.999993,0.000007,0.000000
16798,1,1,0.000026,0.999959,0.000007,0.000008
17035,1,1,0.000054,0.999907,0.000010,0.000028
2698,3,3,0.000025,0.000006,0.000005,0.999963
29636,0,0,0.992261,0.000002,0.000001,0.007736
9904,1,1,0.000000,0.999956,0.000044,0.000000
91,3,3,0.000491,0.000316,0.000365,0.998828
5578,3,3,0.000619,0.000052,0.000048,0.999282
12758,1,1,0.000000,0.999983,0.000017,0.000000
21404,0,0,0.997320,0.000001,0.000000,0.002679
32357,0,0,0.995609,0.000001,0.000001,0.004389
18956,1,1,0.000076,0.999860,0.000014,0.000049
7059,2,2,0.000000,0.000011,0.999989,0.000001
6792,2,2,0.000000,0.000096,0.999901,0.000003
14755,1,1,0.000207,0.999232,0.000015,0.000546
3077,3,3,0.000006,0.000002,0.000001,0.999992
31083,0,0,0.995307,0.000001,0.000001,0.004691
13376,1,1,0.000021,0.999966,0.000004,0.000009
15503,1,1,0.000010,0.999983,0.000005,0.000003
506,3,3,0.000012,0.000003,0.000006,0.999979
908,3,3,0.000006,0.000003,0.000002,0.999988
1182,3,3,0.000002,0.000000,0.000001,0.999997
19159,1,1,0.000033,0.999943,0.000009,0.000014
13799,1,1,0.000008,0.999986,0.000004,0.000003
10612,1,1,0.000000,0.999971,0.000028,0.000000
31273,0,0,0.995661,0.000001,0.000001,0.004337
29526,0,0,0.995769,0.000001,0.000001,0.004229
12695,1,1,0.000005,0.999323,0.000653,0.000019
906,3,3,0.000012,0.000009,0.000007,0.999973
5238,3,3,0.000832,0.000051,0.000052,0.999065
620,3,3,0.000004,0.000002,0.000001,0.999993
28718,0,0,0.992959,0.000002,0.000001,0.007038
15885,1,1,0.000214,0.999454,0.000142,0.000190
31453,0,0,0.996351,0.000001,0.000001,0.003648
5334,3,3,0.000821,0.000051,0.000051,0.999077
1755,3,3,0.000001,0.000000,0.000000,0.999999
8425,2,2,0.000000,0.000008,0.999992,0.000000
11365,1,1,0.000000,0.999972,0.000028,0.000000
8052,2,2,0.000000,0.000016,0.999984,0.000001
21756,0,0,0.993156,0.000002,0.000001,0.006841
20816,1,1,0.000027,0.999952,0.000008,0.000014
32057,0,0,0.996040,0.000001,0.000001,0.003959
277,3,3,0.000015,0.000006,0.000006,0.999973
27245,0,0,0.995900,0.000001,0.000001,0.004098
29408,0,0,0.993948,0.000001,0.000001,0.006050
15019,1,1,0.000068,0.999866,0.000009,0.000057
28396,0,0,0.996358,0.000001,0.000000,0.003640
21465,0,0,0.993700,0.000002,0.000001,0.006298
12029,1,1,0.000002,0.999755,0.000233,0.000009
3176,3,3,0.000007,0.000002,0.000001,0.999990
14919,1,1,0.000083,0.999858,0.000027,0.000032
29603,0,0,0.994041,0.000001,0.000001,0.005957
15439,1,1,0.000004,0.999993,0.000003,0.000001
20439,1,1,0.000013,0.999980,0.000004,0.000004
21381,1,1,0.000523,0.998138,0.000043,0.001296
7398,2,2,0.000000,0.000010,0.999989,0.000000
30371,0,0,0.996208,0.000001,0.000001,0.003791
14700,1,1,0.000002,0.999994,0.000003,0.000001
10108,1,1,0.000000,0.999990,0.000010,0.000000
11789,1,1,0.000000,0.999978,0.000021,0.000000
9069,2,2,0.000000,0.000019,0.999980,0.000001
15073,1,1,0.000024,0.999960,0.000005,0.000011
30728,0,0,0.994559,0.000001,0.000001,0.005439
32611,0,0,0.995960,0.000001,0.000001,0.004039
13399,1,1,0.000008,0.999986,0.000004,0.000002
1591,3,3,0.000009,0.000004,0.000003,0.999984
14609,1,1,0.000016,0.999940,0.000038,0.000006
28678,0,0,0.995536,0.000001,0.000001,0.004462
20883,1,1,0.000031,0.999949,0.000008,0.000013
23329,0,0,0.992922,0.000002,0.000001,0.007076
12485,1,1,0.000000,0.999936,0.000063,0.000001
8943,2,2,0.000000,0.000086,0.999912,0.000002
22354,0,0,0.989650,0.000002,0.000001,0.010346
24188,0,0,0.993266,0.000002,0.000001,0.006731
6937,2,2,0.000000,0.000013,0.999986,0.000001
2901,3,3,0.000002,0.000001,0.000000,0.999997
12085,1,1,0.000000,0.999994,0.000006,0.000000
22151,0,0,0.993103,0.000002,0.000001,0.006895
27541,0,0,0.994765,0.000001,0.000001,0.005233
23756,0,0,0.994435,0.000001,0.000001,0.005563
16482,1,1,0.000039,0.999934,0.000011,0.000017
31202,0,0,0.996186,0.000001,0.000001,0.003813
11243,1,1,0.000000,0.999975,0.000025,0.000000
20590,1,1,0.000007,0.999988,0.000003,0.000002
1011,3,3,0.000013,0.000005,0.000008,0.999975
9595,1,1,0.000177,0.997859,0.000967,0.000997
28329,0,0,0.996612,0.000001,0.000000,0.003386
11728,1,1,0.000000,0.999992,0.000008,0.000000
18027,1,1,0.000080,0.999853,0.000019,0.000048
587,3,3,0.000004,0.000002,0.000001,0.999993
32755,0,0,0.996247,0.000001,0.000001,0.003752
32593,0,0,0.996347,0.000001,0.000001,0.003651
9467,1,1,0.000013,0.999977,0.000006,0.000004
3415,3,3,0.000003,0.000001,0.000001,0.999995
19039,1,1,0.000014,0.999978,0.000004,0.000004
2120,3,3,0.000415,0.000025,0.000035,0.999525
29716,0,0,0.995094,0.000001,0.000001,0.004904
27473,0,0,0.996445,0.000001,0.000000,0.003553
24314,0,0,0.995280,0.000001,0.000001,0.004719
16027,1,1,0.000094,0.999833,0.000020,0.000054
8997,2,2,0.000000,0.000010,0.999990,0.000000
31407,0,0,0.995098,0.000001,0.000001,0.004900
17051,1,1,0.000024,0.999961,0.000006,0.000009
12971,1,1,0.000014,0.999976,0.000005,0.000005
32986,0,3,0.151114,0.000140,0.000126,0.848620
8069,2,2,0.000000,0.000010,0.999990,0.000000
22515,0,0,0.990867,0.000002,0.000001,0.009129
30145,0,0,0.994812,0.000001,0.000001,0.005186
4860,3,3,0.000003,0.000001,0.000001,0.999995
15598,1,1,0.000002,0.999997,0.000001,0.000000
18142,1,1,0.000021,0.999967,0.000004,0.000008
5906,3,3,0.000602,0.000051,0.000047,0.999300
14980,1,1,0.000038,0.999929,0.000014,0.000019
22339,0,0,0.993069,0.000002,0.000001,0.006928
19562,1,1,0.000020,0.999966,0.000007,0.000007
23553,0,0,0.993988,0.000001,0.000001,0.006009
28036,0,0,0.995122,0.000001,0.000001,0.004876
13837,1,1,0.000027,0.999957,0.000008,0.000008
1521,3,3,0.000054,0.000009,0.000009,0.999928
29729,0,0,0.996193,0.000001,0.000001,0.003806
3199,3,3,0.000002,0.000001,0.000000,0.999997
5631,3,3,0.000613,0.000052,0.000047,0.999289
5141,3,3,0.000845,0.000051,0.000052,0.999051
3678,3,3,0.000004,0.000001,0.000001,0.999994
11977,1,1,0.000000,0.999987,0.000013,0.000000
10615,1,1,0.000000,0.999975,0.000025,0.000000
9331,1,1,0.000039,0.999930,0.000016,0.000015
6084,3,3,0.000608,0.000051,0.000047,0.999293
24908,0,0,0.994416,0.000001,0.000001,0.005582
10344,1,1,0.000000,0.999987,0.000013,0.000000
8590,2,2,0.000000,0.000009,0.999990,0.000000
29712,0,0,0.990843,0.000002,0.000001,0.009153
6687,2,2,0.000000,0.000010,0.999989,0.000000
5773,3,3,0.000595,0.000051,0.000046,0.999308
23990,0,0,0.993596,0.000002,0.000001,0.006402
13157,1,1,0.000007,0.999988,0.000004,0.000002
3877,3,3,0.000005,0.000001,0.000001,0.999993
24887,0,0,0.994975,0.000001,0.000001,0.005023
15732,1,1,0.000003,0.999995,0.000002,0.000001
27848,0,0,0.995175,0.000001,0.000001,0.004823
2419,3,3,0.000045,0.000009,0.000006,0.999940
5968,3,3,0.000601,0.000051,0.000047,0.999302
18993,1,1,0.000018,0.999970,0.000005,0.000006
26640,0,0,0.995279,0.000001,0.000001,0.004719
15482,1,1,0.000002,0.999997,0.000001,0.000000
7271,2,2,0.000000,0.000009,0.999990,0.000000
10872,1,1,0.000000,0.999990,0.000010,0.000000
14256,1,1,0.000025,0.999962,0.000006,0.000007
3739,3,3,0.000010,0.000002,0.000002,0.999985
3694,3,3,0.000004,0.000001,0.000001,0.999993
32580,0,0,0.996435,0.000001,0.000001,0.003564
16505,1,1,0.000037,0.999935,0.000012,0.000016
9659,1,1,0.000021,0.999967,0.000004,0.000007
29364,0,0,0.994568,0.000001,0.000001,0.005430
2274,3,3,0.002816,0.000044,0.000056,0.997084
23949,0,0,0.993742,0.000001,0.000001,0.006256
1858,3,3,0.000003,0.000001,0.000001,0.999996
21139,1,1,0.000026,0.999954,0.000010,0.000010
19228,1,1,0.000055,0.999897,0.000010,0.000038
11153,1,1,0.000000,0.999991,0.000009,0.000000
18869,1,1,0.000166,0.999676,0.000034,0.000125
3684,3,3,0.000005,0.000001,0.000001,0.999992
10003,1,1,0.000000,0.999837,0.000162,0.000000
7958,2,2,0.000000,0.000010,0.999989,0.000000
19013,1,1,0.000026,0.999955,0.000006,0.000014
18549,1,1,0.000020,0.999968,0.000007,0.000006
27663,0,0,0.994124,0.000001,0.000001,0.005874
16356,1,1,0.000059,0.999892,0.000012,0.000038
4216,3,3,0.000006,0.000002,0.000001,0.999991
5107,3,3,0.000290,0.000022,0.000017,0.999670
7523,2,2,0.000000,0.000009,0.999991,0.000000
1666,3,3,0.000045,0.000009,0.000009,0.999936
32407,0,0,0.995312,0.000001,0.000001,0.004686
26200,0,0,0.995468,0.000001,0.000001,0.004530
18094,1,1,0.000023,0.999958,0.000007,0.000012
29910,0,0,0.992896,0.000002,0.000001,0.007101
11259,1,1,0.000000,0.999975,0.000025,0.000000
6145,3,3,0.000613,0.000051,0.000047,0.999288
10030,1,1,0.000000,0.999973,0.000027,0.000000
31646,0,0,0.996128,0.000001,0.000001,0.003870
11325,1,1,0.000000,0.999979,0.000021,0.000000
18328,1,1,0.000028,0.999954,0.000008,0.000011
522,3,3,0.000003,0.000002,0.000001,0.999993
32326,0,0,0.995500,0.000001,0.000001,0.004498
28384,0,0,0.993531,0.000002,0.000001,0.006466
7300,2,2,0.000000,0.000017,0.999982,0.000001
24902,0,0,0.995564,0.000001,0.000001,0.004434
9837,1,1,0.000000,0.999958,0.000042,0.000000
19861,1,1,0.000017,0.999972,0.000006,0.000005
27620,0,0,0.994909,0.000001,0.000001,0.005089
4709,3,3,0.000004,0.000001,0.000001,0.999993
17706,1,1,0.000056,0.999896,0.000011,0.000037
20081,1,1,0.000014,0.999978,0.000004,0.000005
6884,2,2,0.000000,0.000011,0.999989,0.000000
32891,0,3,0.180683,0.000144,0.000126,0.819047
10134,1,1,0.000000,0.999992,0.000008,0.000000
26427,0,0,0.996228,0.000001,0.000001,0.003771
2329,3,3,0.000118,0.000012,0.000015,0.999855
30598,0,0,0.993057,0.000002,0.000001,0.006940
24036,0,0,0.994908,0.000001,0.000001,0.005090
13251,1,1,0.000020,0.999966,0.000007,0.000007
5441,3,3,0.000713,0.000051,0.000050,0.999186
7017,2,2,0.000000,0.000010,0.999989,0.000000
22891,0,0,0.990774,0.000002,0.000001,0.009223
24564,0,0,0.994463,0.000001,0.000001,0.005535
29570,0,0,0.994510,0.000001,0.000001,0.005488
32379,0,0,0.995988,0.000001,0.000001,0.004010
17167,1,1,0.000062,0.999885,0.000017,0.000035
27082,0,0,0.995507,0.000001,0.000001,0.004491
32682,0,0,0.996992,0.000001,0.000000,0.003007
589,3,3,0.000002,0.000002,0.000001,0.999995
20946,1,1,0.000013,0.999978,0.000006,0.000003
270,3,3,0.000018,0.000028,0.000008,0.999946
2042,3,3,0.000007,0.000002,0.000002,0.999990
9965,1,1,0.000000,0.999971,0.000029,0.000000
18554,1,1,0.000034,0.999943,0.000008,0.000015
28158,0,0,0.995579,0.000001,0.000001,0.004419
29473,0,0,0.993531,0.000002,0.000001,0.006467
24322,0,0,0.993579,0.000002,0.000001,0.006419
15275,1,1,0.000213,0.999309,0.000215,0.000263
30306,0,0,0.992542,0.000002,0.000001,0.007455
32064,0,0,0.995874,0.000001,0.000001,0.004125
24827,0,0,0.995699,0.000001,0.000001,0.004300
12904,1,1,0.000000,0.999993,0.000007,0.000000
30387,0,0,0.996507,0.000001,0.000000,0.003492
18513,1,1,0.000083,0.999836,0.000029,0.000052
3323,3,3,0.000003,0.000001,0.000001,0.999995
106,3,3,0.000009,0.000006,0.000004,0.999981
11501,1,1,0.000000,0.999992,0.000007,0.000000
31598,0,0,0.996340,0.000001,0.000001,0.003659
22593,0,0,0.990073,0.000002,0.000001,0.009924
12373,1,1,0.000000,0.999973,0.000027,0.000000
19357,1,1,0.000050,0.999919,0.000009,0.000022
21597,0,0,0.992361,0.000002,0.000001,0.007636
16434,1,1,0.000026,0.999955,0.000009,0.000010
15324,1,1,0.000202,0.999535,0.000017,0.000247
20944,1,1,0.000011,0.999983,0.000003,0.000003
26211,0,0,0.994534,0.000001,0.000001,0.005464
22575,0,0,0.990843,0.000002,0.000001,0.009154
1911,3,3,0.000130,0.000014,0.000015,0.999842
26459,0,0,0.995489,0.000001,0.000001,0.004509
20928,1,1,0.000029,0.999950,0.000008,0.000013
25646,0,0,0.995446,0.000001,0.000001,0.004552
10067,1,1,0.000000,0.999991,0.000009,0.000000
5799,3,3,0.000588,0.000050,0.000046,0.999316
412,3,3,0.000003,0.000001,0.000001,0.999995
27711,0,0,0.996654,0.000001,0.000000,0.003344
31917,0,0,0.995152,0.000001,0.000001,0.004846
6920,2,2,0.000000,0.000012,0.999988,0.000000
6992,2,2,0.000000,0.000036,0.999962,0.000002
23266,0,0,0.994068,0.000001,0.000001,0.005929
32535,0,0,0.996409,0.000001,0.000001,0.003590
17959,1,1,0.000027,0.999956,0.000006,0.000011
6673,2,2,0.000000,0.000013,0.999987,0.000000
26901,0,0,0.995471,0.000001,0.000001,0.004527
19650,1,1,0.000035,0.999941,0.000009,0.000015
15279,1,1,0.000026,0.999931,0.000025,0.000017
30228,0,0,0.995606,0.000001,0.000001,0.004392
29058,0,0,0.993800,0.000001,0.000001,0.006197
21084,1,1,0.000023,0.999963,0.000007,0.000008
15388,1,1,0.000004,0.999993,0.000003,0.000001
6901,2,2,0.000000,0.000016,0.999984,0.000001
16242,1,1,0.000216,0.999442,0.000033,0.000310
20441,1,1,0.000017,0.999973,0.000005,0.000006
9460,1,1,0.000005,0.999989,0.000004,0.000001
19325,1,1,0.000028,0.999947,0.000009,0.000016
18680,1,1,0.000079,0.999849,0.000012,0.000060
22632,0,0,0.991871,0.000002,0.000001,0.008126
22697,0,0,0.989544,0.000002,0.000001,0.010453
22940,0,0,0.992376,0.000002,0.000001,0.007621
21072,1,1,0.000009,0.999986,0.000004,0.000002
17486,1,1,0.000313,0.999165,0.000055,0.000466
24880,0,0,0.996558,0.000001,0.000000,0.003441
964,3,3,0.000003,0.000001,0.000001,0.999996
26128,0,0,0.995627,0.000001,0.000001,0.004371
13259,1,1,0.000037,0.999937,0.000008,0.000018
7214,2,2,0.000000,0.000012,0.999987,0.000001
27767,0,0,0.995514,0.000001,0.000001,0.004484
27626,0,0,0.995674,0.000001,0.000001,0.004324
2154,3,3,0.000092,0.000014,0.000013,0.999880
19476,1,1,0.000033,0.999943,0.000012,0.000013
6662,2,2,0.000000,0.000011,0.999989,0.000000
25534,0,0,0.994355,0.000001,0.000001,0.005643
32507,0,0,0.996955,0.000001,0.000000,0.003044
15015,1,1,0.000024,0.999926,0.000031,0.000018
33067,0,3,0.177704,0.000135,0.000118,0.822044
3778,3,3,0.000003,0.000001,0.000001,0.999994
25078,0,0,0.994653,0.000001,0.000001,0.005345
6494,3,3,0.000618,0.000052,0.000048,0.999283
14590,1,1,0.000030,0.999953,0.000011,0.000006
3521,3,3,0.000004,0.000001,0.000001,0.999994
28542,0,0,0.992776,0.000002,0.000001,0.007221
8324,2,2,0.000000,0.000012,0.999988,0.000000
24739,0,0,0.993734,0.000001,0.000001,0.006263
6372,3,3,0.000624,0.000052,0.000048,0.999275
19332,1,1,0.000099,0.999799,0.000024,0.000078
33263,0,3,0.122227,0.000141,0.000128,0.877504
5900,3,3,0.000607,0.000051,0.000047,0.999294
10018,1,1,0.000000,0.999994,0.000006,0.000000
27010,0,0,0.995159,0.000001,0.000001,0.004839
6340,3,3,0.000630,0.000053,0.000049,0.999269
9802,1,1,0.000000,0.999977,0.000023,0.000000
9012,2,2,0.000000,0.000043,0.999956,0.000001
10164,1,1,0.000000,0.999982,0.000018,0.000000
30897,0,0,0.995647,0.000001,0.000001,0.004351
33150,0,3,0.117733,0.000142,0.000130,0.881994
27559,0,0,0.994730,0.000001,0.000001,0.005268
15674,1,1,0.000003,0.999994,0.000001,0.000001
6993,2,2,0.000000,0.000080,0.999913,0.000007
30058,0,0,0.993729,0.000002,0.000001,0.006269
23534,0,0,0.993117,0.000002,0.000001,0.006881
24433,0,0,0.994883,0.000001,0.000001,0.005115
32462,0,0,0.996637,0.000001,0.000000,0.003362
3670,3,3,0.000036,0.000004,0.000007,0.999953
6413,3,3,0.000619,0.000052,0.000048,0.999281
19414,1,1,0.000011,0.999982,0.000004,0.000003
28609,0,0,0.993918,0.000001,0.000001,0.006080
16932,1,1,0.000052,0.999907,0.000014,0.000027
11047,1,1,0.000000,0.999992,0.000008,0.000000
17432,1,1,0.000107,0.999791,0.000024,0.000077
29224,0,0,0.994359,0.000001,0.000001,0.005639
5171,3,3,0.000853,0.000052,0.000053,0.999043
25222,0,0,0.995667,0.000001,0.000001,0.004331
23473,0,0,0.993578,0.000002,0.000001,0.006420
30297,0,0,0.994182,0.000001,0.000001,0.005815
6114,3,3,0.000618,0.000052,0.000048,0.999283
28583,0,0,0.995452,0.000001,0.000001,0.004546
31377,0,0,0.995750,0.000001,0.000001,0.004248
28581,0,0,0.996045,0.000001,0.000001,0.003953
26932,0,0,0.995984,0.000001,0.000001,0.004015
29623,0,0,0.985406,0.000003,0.000002,0.014589
6612,2,2,0.000000,0.000015,0.999985,0.000001
26998,0,0,0.994823,0.000001,0.000001,0.005175
2427,3,3,0.000052,0.000008,0.000010,0.999930
25241,0,0,0.995431,0.000001,0.000001,0.004568
12074,1,1,0.000000,0.999971,0.000029,0.000000
29945,0,0,0.996571,0.000001,0.000000,0.003427
17530,1,1,0.000039,0.999935,0.000010,0.000015
27148,0,0,0.994421,0.000001,0.000001,0.005577
23988,0,0,0.993161,0.000002,0.000001,0.006837
15907,1,1,0.000258,0.999253,0.000099,0.000390
25673,0,0,0.995669,0.000001,0.000001,0.004330
1024,3,3,0.000013,0.000005,0.000005,0.999977
14560,1,1,0.000018,0.999959,0.000017,0.000006
27674,0,0,0.994025,0.000001,0.000001,0.005972
16923,1,1,0.000012,0.999980,0.000005,0.000003
11233,1,1,0.000000,0.999981,0.000019,0.000000
22778,0,0,0.991492,0.000002,0.000001,0.008505
28390,0,0,0.996398,0.000001,0.000000,0.003600
22454,0,0,0.994227,0.000001,0.000001,0.005770
22378,0,0,0.996296,0.000001,0.000001,0.003702
18565,1,1,0.000022,0.999964,0.000006,0.000009
24243,0,0,0.994020,0.000001,0.000001,0.005978
31596,0,0,0.996031,0.000001,0.000001,0.003967
29899,0,0,0.996184,0.000001,0.000001,0.003815
9421,1,1,0.000005,0.999990,0.000005,0.000001
4155,3,3,0.000001,0.000000,0.000000,0.999998
25674,0,0,0.995759,0.000001,0.000001,0.004240
14357,1,1,0.000022,0.999966,0.000004,0.000008
13330,1,1,0.000020,0.999969,0.000005,0.000006
15922,1,1,0.000034,0.999939,0.000008,0.000019
24355,0,0,0.994611,0.000001,0.000001,0.005387
19554,1,1,0.000015,0.999976,0.000004,0.000005
16196,1,1,0.000041,0.999930,0.000007,0.000022
20246,1,1,0.000011,0.999983,0.000003,0.000003
22107,0,0,0.993836,0.000001,0.000001,0.006162
4459,3,3,0.000002,0.000000,0.000000,0.999997
18268,1,1,0.000028,0.999956,0.000005,0.000011
8763,2,2,0.000000,0.000023,0.999976,0.000001
28315,0,0,0.996598,0.000001,0.000000,0.003401
13628,1,1,0.000022,0.999955,0.000014,0.000010
6917,2,2,0.000000,0.000013,0.999986,0.000001
32502,0,0,0.995711,0.000001,0.000001,0.004287
26799,0,0,0.994816,0.000001,0.000001,0.005182
8575,2,2,0.000000,0.000018,0.999981,0.000001
22715,0,0,0.993127,0.000002,0.000001,0.006870
4024,3,3,0.000004,0.000001,0.000001,0.999994
21627,0,0,0.993149,0.000002,0.000001,0.006848
17986,1,1,0.000049,0.999901,0.000012,0.000038
3057,3,3,0.000006,0.000002,0.000001,0.999991
29423,0,0,0.992656,0.000002,0.000001,0.007342
8008,2,2,0.000000,0.000011,0.999989,0.000001
19296,1,1,0.000040,0.999932,0.000012,0.000016
16169,1,1,0.000079,0.999867,0.000015,0.000039
12382,1,1,0.000000,0.999986,0.000014,0.000000
27939,0,0,0.931936,0.000011,0.000008,0.068045
19822,1,1,0.000009,0.999985,0.000004,0.000003
3821,3,3,0.000009,0.000002,0.000003,0.999985
5623,3,3,0.000612,0.000051,0.000047,0.999290
31912,0,0,0.996371,0.000001,0.000001,0.003628
13836,1,1,0.000017,0.999972,0.000006,0.000005
15452,1,1,0.000004,0.999994,0.000002,0.000001
24897,0,0,0.993583,0.000002,0.000001,0.006414
2020,3,3,0.000006,0.000001,0.000001,0.999992
7158,2,2,0.000000,0.000030,0.999968,0.000001
7240,2,2,0.000000,0.000008,0.999992,0.000000
12082,1,1,0.000000,0.999984,0.000016,0.000000
1452,3,3,0.000419,0.000035,0.000034,0.999512
8186,2,2,0.000000,0.000453,0.999516,0.000030
30465,0,0,0.993970,0.000001,0.000001,0.006028
14470,1,1,0.000041,0.999917,0.000015,0.000028
33221,0,3,0.142174,0.000141,0.000127,0.857558
23759,0,0,0.993516,0.000002,0.000001,0.006482
24263,0,0,0.995227,0.000001,0.000001,0.004771
17659,1,1,0.000063,0.999890,0.000011,0.000036
13291,1,1,0.000013,0.999980,0.000003,0.000005
28139,0,0,0.995492,0.000001,0.000001,0.004506
2933,3,3,0.000004,0.000001,0.000001,0.999994
9515,1,1,0.000031,0.999945,0.000012,0.000012
7886,2,2,0.000000,0.000010,0.999990,0.000000
22313,0,0,0.989454,0.000002,0.000001,0.010542
31186,0,0,0.995683,0.000001,0.000001,0.004315
26598,0,0,0.995279,0.000001,0.000001,0.004719
28630,0,0,0.993577,0.000002,0.000001,0.006421
1898,3,3,0.000005,0.000001,0.000001,0.999992
28531,0,0,0.995828,0.000001,0.000001,0.004170
21588,0,0,0.989920,0.000002,0.000001,0.010077
5089,3,3,0.000009,0.000014,0.000002,0.999974
13225,1,1,0.000092,0.999837,0.000014,0.000057
4316,3,3,0.000002,0.000001,0.000001,0.999997
8936,2,2,0.000000,0.000027,0.999972,0.000001
23162,0,0,0.993883,0.000001,0.000001,0.006115
6795,2,2,0.000000,0.000009,0.999990,0.000000
14791,1,1,0.000042,0.999863,0.000068,0.000027
7814,2,2,0.000000,0.000012,0.999987,0.000001
13963,1,1,0.000015,0.999968,0.000012,0.000005
26826,0,0,0.995593,0.000001,0.000001,0.004405
2130,3,3,0.000005,0.000002,0.000001,0.999993
14622,1,1,0.000007,0.999983,0.000008,0.000002
24135,0,0,0.994046,0.000001,0.000001,0.005952
9839,1,1,0.000000,0.999973,0.000026,0.000000
20899,1,1,0.000018,0.999971,0.000005,0.000006
30572,0,0,0.994981,0.000001,0.000001,0.005017
23153,0,0,0.993581,0.000002,0.000001,0.006416
14922,1,1,0.000009,0.999982,0.000006,0.000003
5007,3,3,0.000117,0.000030,0.000023,0.999830
8175,2,2,0.000000,0.000032,0.999967,0.000001
9597,1,1,0.006018,0.931772,0.005024,0.057186
30489,0,0,0.996664,0.000001,0.000000,0.003335
32766,0,0,0.996135,0.000001,0.000001,0.003863
17118,1,1,0.000115,0.999780,0.000022,0.000083
27900,0,0,0.995613,0.000001,0.000001,0.004385
33058,0,3,0.213097,0.000136,0.000117,0.786650
30664,0,0,0.992539,0.000002,0.000001,0.007458
21615,0,0,0.991830,0.000002,0.000001,0.008167
8795,2,2,0.000000,0.000059,0.999928,0.000012
27847,0,0,0.995772,0.000001,0.000001,0.004226
18145,1,1,0.000067,0.999887,0.000017,0.000029
32989,0,3,0.152297,0.000140,0.000126,0.847437
7763,2,2,0.000000,0.000011,0.999988,0.000000
4159,3,3,0.000001,0.000000,0.000000,0.999998
25934,0,0,0.994342,0.000001,0.000001,0.005656
3327,3,3,0.000004,0.000001,0.000001,0.999994
32557,0,0,0.996949,0.000001,0.000000,0.003050
22098,0,0,0.992843,0.000002,0.000001,0.007154
29593,0,0,0.987326,0.000003,0.000002,0.012670
8308,2,2,0.000000,0.000010,0.999990,0.000000
3677,3,3,0.000002,0.000001,0.000001,0.999997
26873,0,0,0.995874,0.000001,0.000001,0.004124
879,3,3,0.000002,0.000001,0.000001,0.999995
2748,3,3,0.000002,0.000001,0.000001,0.999996
12053,1,1,0.000000,0.999952,0.000048,0.000000
8903,2,2,0.000000,0.000051,0.999947,0.000001
3588,3,3,0.000011,0.000004,0.000005,0.999980
27440,0,0,0.995272,0.000001,0.000001,0.004726
33242,0,3,0.106915,0.000140,0.000129,0.892816
24995,0,0,0.995771,0.000001,0.000001,0.004228
18895,1,1,0.000104,0.999815,0.000024,0.000057
27046,0,0,0.995242,0.000001,0.000001,0.004756
27670,0,0,0.994500,0.000001,0.000001,0.005498
13403,1,1,0.000019,0.999970,0.000005,0.000007
28577,0,0,0.994083,0.000001,0.000001,0.005915
20936,1,1,0.000025,0.999957,0.000009,0.000009
16145,1,1,0.000139,0.999714,0.000028,0.000119
30954,0,0,0.995736,0.000001,0.000001,0.004262
5585,3,3,0.000601,0.000051,0.000047,0.999301
22511,0,0,0.991016,0.000002,0.000001,0.008981
2876,3,3,0.000010,0.000002,0.000003,0.999985
5399,3,3,0.000816,0.000051,0.000052,0.999082
32944,0,3,0.164269,0.000142,0.000126,0.835464
32667,0,0,0.996889,0.000001,0.000000,0.003110
5240,3,3,0.000830,0.000052,0.000052,0.999066
18593,1,1,0.000099,0.999822,0.000021,0.000058
19299,1,1,0.000038,0.999932,0.000011,0.000019
1878,3,3,0.000035,0.000006,0.000006,0.999952
16879,1,1,0.000054,0.999901,0.000015,0.000029
15788,1,1,0.000007,0.999987,0.000004,0.000002
16571,1,1,0.000045,0.999922,0.000011,0.000022
1901,3,3,0.000018,0.000003,0.000004,0.999975
26614,0,0,0.995800,0.000001,0.000001,0.004199
26667,0,0,0.994483,0.000001,0.000001,0.005515
1466,3,3,0.000003,0.000001,0.000001,0.999995
24767,0,0,0.995452,0.000001,0.000001,0.004546
28450,0,0,0.996797,0.000001,0.000000,0.003202
25498,0,0,0.994625,0.000001,0.000001,0.005373
22290,0,0,0.993389,0.000002,0.000001,0.006609
6572,2,2,0.001440,0.143614,0.849332,0.005614
8695,2,2,0.000000,0.000017,0.999983,0.000001
2043,3,3,0.000004,0.000001,0.000001,0.999994
8716,2,2,0.000000,0.000038,0.999958,0.000004
29625,0,0,0.992892,0.000002,0.000001,0.007106
1353,3,3,0.000003,0.000001,0.000001,0.999996
15338,1,1,0.000006,0.999938,0.000053,0.000002
31758,0,0,0.995684,0.000001,0.000001,0.004315
26639,0,0,0.995295,0.000001,0.000001,0.004703
18000,1,1,0.000044,0.999923,0.000013,0.000020
9751,1,1,0.000000,0.999986,0.000014,0.000000
15686,1,1,0.000003,0.999995,0.000002,0.000000
6334,3,3,0.000657,0.000054,0.000050,0.999239
27362,0,0,0.996294,0.000001,0.000001,0.003705
2982,3,3,0.000023,0.000005,0.000004,0.999968
12928,1,1,0.000000,0.999961,0.000038,0.000000
17698,1,1,0.000079,0.999832,0.000014,0.000075
4967,3,3,0.000006,0.000002,0.000001,0.999990
15424,1,1,0.000002,0.999996,0.000001,0.000000
14999,1,1,0.000007,0.999989,0.000002,0.000002
15618,1,1,0.000007,0.999988,0.000003,0.000001
22883,0,0,0.990516,0.000002,0.000001,0.009480
9169,1,1,0.000016,0.999948,0.000029,0.000007
11517,1,1,0.000000,0.999989,0.000011,0.000000
13731,1,1,0.000008,0.999985,0.000005,0.000002
5332,3,3,0.000815,0.000051,0.000051,0.999082
17018,1,1,0.000018,0.999972,0.000004,0.000007
11647,1,1,0.000000,0.999990,0.000010,0.000000
29982,0,0,0.995304,0.000001,0.000001,0.004694
28812,0,0,0.995892,0.000001,0.000001,0.004106
18151,1,1,0.000074,0.999873,0.000017,0.000036
32434,0,0,0.996012,0.000001,0.000001,0.003987
10967,1,1,0.000000,0.999991,0.000009,0.000000
23547,0,0,0.992883,0.000002,0.000001,0.007115
8541,2,2,0.000000,0.000017,0.999982,0.000001
12499,1,1,0.000000,0.999990,0.000010,0.000000
11767,1,1,0.000000,0.999958,0.000042,0.000000
10193,1,1,0.000000,0.999985,0.000014,0.000000
21176,1,1,0.000017,0.999972,0.000006,0.000005
30540,0,0,0.995048,0.000001,0.000001,0.004950
7268,2,2,0.000000,0.000010,0.999990,0.000000
19703,1,1,0.000020,0.999966,0.000007,0.000007
9549,1,1,0.000116,0.999767,0.000037,0.000080
13908,1,1,0.000022,0.999884,0.000059,0.000035
11077,1,1,0.000000,0.999987,0.000013,0.000000
11773,1,1,0.000000,0.999983,0.000017,0.000000
2711,3,3,0.000006,0.000002,0.000001,0.999991
13460,1,1,0.000012,0.999979,0.000003,0.000006
12809,1,1,0.000000,0.999990,0.000010,0.000000
9655,1,1,0.000005,0.999993,0.000001,0.000001
7971,2,2,0.000000,0.000015,0.999984,0.000001
31332,0,0,0.996083,0.000001,0.000001,0.003916
3187,3,3,0.000012,0.000003,0.000003,0.999981
29352,0,0,0.987533,0.000003,0.000002,0.012462
7934,2,2,0.000000,0.000010,0.999990,0.000000
18542,1,1,0.000069,0.999865,0.000010,0.000056
8345,2,2,0.000000,0.000014,0.999985,0.000000
24577,0,0,0.996028,0.000001,0.000001,0.003970
15040,1,1,0.000001,0.999998,0.000001,0.000000
22833,0,0,0.993288,0.000002,0.000001,0.006710
22691,0,0,0.992881,0.000002,0.000001,0.007116
6768,2,2,0.000000,0.000009,0.999991,0.000000
30027,0,0,0.994309,0.000001,0.000001,0.005689
21088,1,1,0.000012,0.999981,0.000005,0.000003
20633,1,1,0.000013,0.999979,0.000004,0.000004
16872,1,1,0.000032,0.999945,0.000007,0.000016
11847,1,1,0.000000,0.999983,0.000016,0.000000
27125,0,0,0.994419,0.000001,0.000001,0.005579
27991,0,0,0.996251,0.000001,0.000001,0.003747
23031,0,0,0.993743,0.000002,0.000001,0.006254
21040,1,1,0.000048,0.999918,0.000011,0.000024
19386,1,1,0.000033,0.999944,0.000010,0.000013
11457,1,1,0.000000,0.999991,0.000008,0.000000
14616,1,1,0.000006,0.999992,0.000002,0.000001
20987,1,1,0.000034,0.999942,0.000009,0.000015
4961,3,3,0.000048,0.000022,0.000009,0.999920
13583,1,1,0.000015,0.999974,0.000005,0.000006
7391,2,2,0.000000,0.000010,0.999990,0.000000
31771,0,0,0.994810,0.000001,0.000001,0.005188
12575,1,1,0.000000,0.999983,0.000016,0.000000
1603,3,3,0.000002,0.000001,0.000001,0.999997
26476,0,0,0.995607,0.000001,0.000001,0.004391
24282,0,0,0.994957,0.000001,0.000001,0.005041
6986,2,2,0.000000,0.000015,0.999984,0.000001
550,3,3,0.000003,0.000002,0.000001,0.999993
23982,0,0,0.995620,0.000001,0.000001,0.004378
1478,3,3,0.000042,0.000008,0.000007,0.999943
2193,3,3,0.000012,0.000002,0.000002,0.999984
29318,0,0,0.995582,0.000001,0.000001,0.004416
20646,1,1,0.000035,0.999940,0.000010,0.000015
15328,1,1,0.000174,0.999624,0.000025,0.000177
23183,0,0,0.993342,0.000002,0.000001,0.006655
11441,1,1,0.000000,0.999986,0.000014,0.000000
32706,0,0,0.996946,0.000001,0.000000,0.003053
8798,2,2,0.000000,0.000009,0.999990,0.000000
33215,0,3,0.123347,0.000142,0.000129,0.876382
3084,3,3,0.000002,0.000000,0.000001,0.999997
5701,3,3,0.000594,0.000051,0.000047,0.999308
19387,1,1,0.000025,0.999959,0.000008,0.000009
30496,0,0,0.995498,0.000001,0.000001,0.004500
761,3,3,0.000003,0.000003,0.000001,0.999993
22951,0,0,0.991697,0.000002,0.000001,0.008300
3509,3,3,0.000005,0.000001,0.000001,0.999992
22169,0,0,0.991237,0.000002,0.000001,0.008760
31153,0,0,0.995404,0.000001,0.000001,0.004594
16437,1,1,0.000089,0.999834,0.000024,0.000054
21097,1,1,0.000008,0.999987,0.000003,0.000002
2513,3,3,0.000025,0.000004,0.000004,0.999967
11009,1,1,0.000000,0.999993,0.000007,0.000000
27163,0,0,0.995301,0.000001,0.000001,0.004697
32424,0,0,0.996164,0.000001,0.000001,0.003834
315,3,3,0.000013,0.000003,0.000003,0.999982
5088,3,3,0.000001,0.000001,0.000000,0.999998
664,3,3,0.000003,0.000001,0.000001,0.999995
6706,2,2,0.000000,0.000012,0.999988,0.000000
30641,0,0,0.993325,0.000002,0.000001,0.006673
32843,0,0,0.996128,0.000001,0.000001,0.003870
14249,1,1,0.000006,0.999963,0.000030,0.000002
2959,3,3,0.000027,0.000006,0.000007,0.999960
7160,2,2,0.000000,0.000015,0.999985,0.000000
16012,1,1,0.000062,0.999890,0.000014,0.000034
6818,2,2,0.000000,0.000012,0.999987,0.000000
15145,1,1,0.000002,0.999995,0.000002,0.000001
25935,0,0,0.994878,0.000001,0.000001,0.005120
2611,3,3,0.001022,0.000097,0.000070,0.998811
15380,1,1,0.000002,0.999995,0.000003,0.000000
29084,0,0,0.996080,0.000001,0.000001,0.003918
12338,1,1,0.000000,0.999991,0.000009,0.000000
13334,1,1,0.000035,0.999945,0.000008,0.000013
24131,0,0,0.992365,0.000002,0.000001,0.007632
6727,2,2,0.000000,0.000011,0.999988,0.000001
10506,1,1,0.000000,0.999973,0.000027,0.000000
12665,1,1,0.000000,0.999974,0.000026,0.000000
2290,3,3,0.000224,0.000021,0.000024,0.999730
24381,0,0,0.995571,0.000001,0.000001,0.004427
14189,1,1,0.000022,0.999962,0.000004,0.000012
3188,3,3,0.000006,0.000002,0.000001,0.999991
6331,3,3,0.000627,0.000053,0.000048,0.999272
18589,1,1,0.000066,0.999885,0.000017,0.000032
18389,1,1,0.000022,0.999960,0.000006,0.000012
21516,0,0,0.994049,0.000001,0.000001,0.005949
28426,0,0,0.995663,0.000001,0.000001,0.004335
13890,1,1,0.000066,0.999899,0.000019,0.000016
21849,0,0,0.993752,0.000002,0.000001,0.006245
16114,1,1,0.000012,0.999981,0.000003,0.000004
23095,0,0,0.990284,0.000002,0.000001,0.009713
14027,1,1,0.000022,0.999969,0.000006,0.000004
28128,0,0,0.995335,0.000001,0.000001,0.004663
518,3,3,0.000005,0.000003,0.000002,0.999990
20411,1,1,0.000020,0.999964,0.000005,0.000010
2421,3,3,0.000144,0.000025,0.000017,0.999813
14927,1,1,0.000002,0.999996,0.000002,0.000000
9318,1,1,0.000023,0.999961,0.000010,0.000007
7563,2,2,0.000000,0.000011,0.999989,0.000000
18958,1,1,0.000048,0.999919,0.000011,0.000022
29266,0,0,0.996287,0.000001,0.000001,0.003712
19210,1,1,0.000029,0.999952,0.000006,0.000013
10529,1,1,0.000000,0.999981,0.000019,0.000000
30537,0,0,0.995664,0.000001,0.000001,0.004334
28605,0,0,0.994504,0.000001,0.000001,0.005494
1491,3,3,0.000001,0.000000,0.000000,0.999999
32925,0,3,0.176121,0.000142,0.000125,0.823611
4057,3,3,0.000001,0.000001,0.000000,0.999998
3960,3,3,0.000014,0.000007,0.000005,0.999974
19239,1,1,0.000015,0.999975,0.000006,0.000005
4892,3,3,0.000001,0.000000,0.000000,0.999998
18704,1,1,0.000026,0.999954,0.000006,0.000014
26710,0,0,0.993762,0.000001,0.000001,0.006236
25127,0,0,0.995082,0.000001,0.000001,0.004916
25473,0,0,0.994271,0.000001,0.000001,0.005727
32946,0,3,0.172796,0.000142,0.000125,0.826938
11574,1,1,0.000000,0.999990,0.000010,0.000000
9561,1,1,0.000024,0.999956,0.000012,0.000008
8473,2,2,0.000000,0.000024,0.999975,0.000001
8625,2,2,0.000000,0.000010,0.999990,0.000000
17869,1,1,0.000034,0.999948,0.000007,0.000012
19513,1,1,0.000042,0.999926,0.000013,0.000019
6259,3,3,0.000619,0.000052,0.000048,0.999281
17814,1,1,0.000056,0.999894,0.000020,0.000030
32362,0,0,0.996067,0.000001,0.000001,0.003931
11713,1,1,0.000000,0.999983,0.000016,0.000000
5143,3,3,0.000868,0.000052,0.000053,0.999027
12767,1,1,0.000000,0.999960,0.000040,0.000000
1026,3,3,0.000003,0.000001,0.000001,0.999996
24867,0,0,0.941068,0.000010,0.000007,0.058915
24568,0,0,0.994307,0.000001,0.000001,0.005691
23915,0,0,0.992701,0.000002,0.000001,0.007297
1042,3,3,0.000005,0.000002,0.000002,0.999992
8210,2,2,0.000000,0.000022,0.999977,0.000001
21016,1,1,0.000020,0.999964,0.000007,0.000009
32387,0,0,0.995523,0.000001,0.000001,0.004476
32325,0,0,0.995545,0.000001,0.000001,0.004454
28050,0,0,0.995725,0.000001,0.000001,0.004273
22171,0,0,0.992512,0.000002,0.000001,0.007485
7293,2,2,0.000000,0.000008,0.999991,0.000000
30505,0,0,0.996191,0.000001,0.000001,0.003807
26649,0,0,0.995743,0.000001,0.000001,0.004255
9148,2,2,0.000000,0.000009,0.999991,0.000000
32942,0,3,0.155342,0.000141,0.000126,0.844391
24842,0,0,0.995126,0.000001,0.000001,0.004872
5242,3,3,0.000838,0.000052,0.000052,0.999058
31541,0,0,0.995674,0.000001,0.000001,0.004325
25537,0,0,0.994197,0.000001,0.000001,0.005800
15856,1,1,0.000012,0.999977,0.000007,0.000003
9950,1,1,0.000000,0.999985,0.000015,0.000000
17462,1,1,0.000151,0.999676,0.000020,0.000153
21927,0,0,0.992062,0.000002,0.000001,0.007935
23073,0,0,0.921327,0.000011,0.000008,0.078654
5975,3,3,0.000608,0.000051,0.000047,0.999294
23784,0,0,0.992117,0.000002,0.000001,0.007880
4714,3,3,0.000011,0.000003,0.000003,0.999983
14426,1,1,0.000008,0.999986,0.000004,0.000003
2610,3,3,0.000587,0.000067,0.000049,0.999297
19283,1,1,0.000044,0.999924,0.000011,0.000021
12431,1,1,0.000000,0.999991,0.000009,0.000000
21112,1,1,0.000033,0.999944,0.000009,0.000014
451,3,3,0.000002,0.000001,0.000001,0.999997
16531,1,1,0.000156,0.999695,0.000043,0.000106
11562,1,1,0.000000,0.999990,0.000010,0.000000
10906,1,1,0.000000,0.999941,0.000058,0.000000
13222,1,1,0.000051,0.999911,0.000011,0.000026
1160,3,3,0.000003,0.000001,0.000001,0.999996
29756,0,0,0.995978,0.000001,0.000001,0.004021
14899,1,1,0.000005,0.999951,0.000041,0.000003
30453,0,0,0.994962,0.000001,0.000001,0.005037
18835,1,1,0.000020,0.999969,0.000005,0.000006
6886,2,2,0.000000,0.000011,0.999988,0.000001
1951,3,3,0.000219,0.000020,0.000019,0.999742
12377,1,1,0.000000,0.999991,0.000008,0.000000
10990,1,1,0.000000,0.999989,0.000011,0.000000
16636,1,1,0.000028,0.999951,0.000011,0.000011
18557,1,1,0.000090,0.999837,0.000018,0.000055
2093,3,3,0.000011,0.000004,0.000002,0.999983
7401,2,2,0.000000,0.000008,0.999992,0.000000
5722,3,3,0.000731,0.000057,0.000053,0.999159
29313,0,0,0.994917,0.000001,0.000001,0.005081
20819,1,1,0.000040,0.999930,0.000009,0.000022
24657,0,0,0.994883,0.000001,0.000001,0.005115
28029,0,0,0.995888,0.000001,0.000001,0.004110
27811,0,0,0.995728,0.000001,0.000001,0.004270
18878,1,1,0.000047,0.999921,0.000012,0.000020
17798,1,1,0.000061,0.999894,0.000010,0.000035
4116,3,3,0.000007,0.000002,0.000002,0.999989
16985,1,1,0.000027,0.999957,0.000006,0.000010
20757,1,1,0.000022,0.999965,0.000005,0.000008
17923,1,1,0.000010,0.999984,0.000003,0.000003
12968,1,1,0.000025,0.999957,0.000003,0.000015
12137,1,1,0.000000,0.999995,0.000005,0.000000
29260,0,0,0.994885,0.000001,0.000001,0.005113
23740,0,0,0.992860,0.000002,0.000001,0.007137
19632,1,1,0.000023,0.999963,0.000006,0.000008
2134,3,3,0.000001,0.000002,0.000000,0.999997
13843,1,1,0.000093,0.999803,0.000025,0.000079
9800,1,1,0.000000,0.999914,0.000086,0.000000
25831,0,0,0.995301,0.000001,0.000001,0.004698
9250,1,1,0.000033,0.999939,0.000015,0.000013
27970,0,0,0.995844,0.000001,0.000001,0.004154
26806,0,0,0.995523,0.000001,0.000001,0.004476
18615,1,1,0.000012,0.999980,0.000004,0.000004
20695,1,1,0.000009,0.999985,0.000003,0.000002
22308,0,0,0.989031,0.000002,0.000001,0.010965
6382,3,3,0.000628,0.000053,0.000048,0.999271
4814,3,3,0.000024,0.000009,0.000010,0.999957
11121,1,1,0.000000,0.999994,0.000006,0.000000
4241,3,3,0.000016,0.000002,0.000003,0.999979
26033,0,0,0.994831,0.000001,0.000001,0.005167
20170,1,1,0.000008,0.999987,0.000003,0.000002
32779,0,0,0.996374,0.000001,0.000001,0.003624
21463,0,0,0.993025,0.000002,0.000001,0.006972
16731,1,1,0.000147,0.999696,0.000032,0.000125
17543,1,1,0.000031,0.999950,0.000005,0.000014
3284,3,3,0.000003,0.000001,0.000001,0.999995
13797,1,1,0.000018,0.999966,0.000009,0.000006
16348,1,1,0.000027,0.999955,0.000008,0.000010
9026,2,2,0.000000,0.000011,0.999989,0.000000
2899,3,3,0.000002,0.000001,0.000001,0.999997
7472,2,2,0.000000,0.000009,0.999991,0.000000
18496,1,1,0.000032,0.999947,0.000007,0.000014
1333,3,3,0.000009,0.000002,0.000002,0.999987
4148,3,3,0.000002,0.000001,0.000001,0.999996
31388,0,0,0.996028,0.000001,0.000001,0.003971
18653,1,1,0.000032,0.999949,0.000006,0.000013
18498,1,1,0.000091,0.999838,0.000013,0.000059
11556,1,1,0.000000,0.999989,0.000011,0.000000
18278,1,1,0.000072,0.999880,0.000012,0.000036
4228,3,3,0.000012,0.000003,0.000003,0.999982
13227,1,1,0.000056,0.999907,0.000012,0.000026
2357,3,3,0.000003,0.000001,0.000001,0.999995
32660,0,0,0.997258,0.000001,0.000000,0.002740
21928,0,0,0.992603,0.000002,0.000001,0.007394
9345,1,1,0.000010,0.999982,0.000006,0.000003
6082,3,3,0.000606,0.000051,0.000047,0.999295
21172,1,1,0.000015,0.999976,0.000004,0.000005
32937,0,3,0.162761,0.000142,0.000126,0.836972
29826,0,0,0.995130,0.000001,0.000001,0.004868
23885,0,0,0.992391,0.000002,0.000001,0.007606
44,3,3,0.003668,0.001006,0.000966,0.994360
23388,0,0,0.990566,0.000002,0.000001,0.009431
16648,1,1,0.000020,0.999966,0.000006,0.000008
14462,1,1,0.000013,0.999978,0.000006,0.000002
25885,0,0,0.995622,0.000001,0.000001,0.004377
33142,0,3,0.133191,0.000143,0.000129,0.866537
20416,1,1,0.000032,0.999940,0.000009,0.000019
29196,0,0,0.995206,0.000001,0.000001,0.004792
2688,3,3,0.000002,0.000001,0.000001,0.999997
7319,2,2,0.000000,0.000009,0.999991,0.000000
6169,3,3,0.000616,0.000052,0.000047,0.999285
16963,1,1,0.000068,0.999884,0.000014,0.000034
419,3,3,0.000001,0.000000,0.000000,0.999999
1729,3,3,0.000011,0.000004,0.000003,0.999982
25826,0,0,0.995767,0.000001,0.000001,0.004231
21845,0,0,0.991426,0.000002,0.000001,0.008571
30899,0,0,0.995653,0.000001,0.000001,0.004346
23234,0,0,0.993836,0.000001,0.000001,0.006162
5075,3,3,0.000023,0.000023,0.000005,0.999949
31393,0,0,0.995807,0.000001,0.000001,0.004191
17131,1,1,0.000046,0.999924,0.000009,0.000021
501,3,3,0.000005,0.000002,0.000002,0.999991
10146,1,1,0.000000,0.999982,0.000018,0.000000
19096,1,1,0.000037,0.999942,0.000009,0.000012
14283,1,1,0.000006,0.999990,0.000002,0.000002
23349,0,0,0.994076,0.000001,0.000001,0.005922
31663,0,0,0.996357,0.000001,0.000001,0.003642
20617,1,1,0.000012,0.999980,0.000003,0.000004
23417,0,0,0.993084,0.000002,0.000001,0.006914
10545,1,1,0.000000,0.999990,0.000010,0.000000
20621,1,1,0.000013,0.999979,0.000004,0.000004
4624,3,3,0.000004,0.000001,0.000001,0.999994
807,3,3,0.000014,0.000011,0.000006,0.999969
1075,3,3,0.000005,0.000002,0.000001,0.999992
11558,1,1,0.000000,0.999991,0.000009,0.000000
31397,0,0,0.995477,0.000001,0.000001,0.004521
14410,1,1,0.000023,0.999967,0.000005,0.000006
16562,1,1,0.000047,0.999926,0.000014,0.000013
4727,3,3,0.000002,0.000000,0.000001,0.999997
4245,3,3,0.000015,0.000003,0.000003,0.999978
26464,0,0,0.994877,0.000001,0.000001,0.005121
20735,1,1,0.000017,0.999969,0.000006,0.000008
1266,3,3,0.000008,0.000006,0.000003,0.999983
29844,0,0,0.996218,0.000001,0.000001,0.003781
14935,1,1,0.000003,0.999995,0.000002,0.000000
9626,1,1,0.000010,0.999700,0.000263,0.000028
16440,1,1,0.000098,0.999813,0.000020,0.000069
16586,1,1,0.000043,0.999925,0.000013,0.000019
1756,3,3,0.000002,0.000000,0.000001,0.999997
4452,3,3,0.000002,0.000001,0.000001,0.999997
32445,0,0,0.994521,0.000001,0.000001,0.005476
16633,1,1,0.000042,0.999922,0.000018,0.000018
9943,1,1,0.000000,0.999768,0.000231,0.000001
7318,2,2,0.000000,0.000011,0.999988,0.000001
27937,0,0,0.677737,0.000037,0.000032,0.322194
26706,0,0,0.994231,0.000001,0.000001,0.005767
25132,0,0,0.996046,0.000001,0.000001,0.003952
23762,0,0,0.993523,0.000002,0.000001,0.006475
3858,3,3,0.000487,0.000048,0.000050,0.999415
31711,0,0,0.995731,0.000001,0.000001,0.004268
9405,1,1,0.000008,0.999985,0.000005,0.000002
5407,3,3,0.000581,0.000047,0.000044,0.999328
24197,0,0,0.995133,0.000001,0.000001,0.004865
12324,1,1,0.000000,0.999982,0.000018,0.000000
27642,0,0,0.996329,0.000001,0.000001,0.003670
26690,0,0,0.995099,0.000001,0.000001,0.004899
28489,0,0,0.993006,0.000002,0.000001,0.006992
9840,1,1,0.000000,0.999945,0.000054,0.000000
1560,3,3,0.000001,0.000000,0.000000,0.999998
22716,0,0,0.994171,0.000001,0.000001,0.005827
17291,1,1,0.000017,0.999973,0.000005,0.000005
30542,0,0,0.994428,0.000001,0.000001,0.005570
18077,1,1,0.000070,0.999882,0.000011,0.000038
25816,0,0,0.996057,0.000001,0.000001,0.003941
16398,1,1,0.000025,0.999958,0.000009,0.000008
27787,0,0,0.994959,0.000001,0.000001,0.005039
29234,0,0,0.994703,0.000001,0.000001,0.005295
1110,3,3,0.000011,0.000002,0.000002,0.999985
10033,1,1,0.000000,0.999949,0.000050,0.000000
21733,0,0,0.993150,0.000002,0.000001,0.006848
25597,0,0,0.995801,0.000001,0.000001,0.004198
176,3,3,0.000009,0.000001,0.000002,0.999988
30618,0,0,0.995327,0.000001,0.000001,0.004672
1446,3,3,0.000354,0.000023,0.000032,0.999591
13042,1,1,0.000067,0.999884,0.000012,0.000038
12217,1,1,0.000000,0.999989,0.000011,0.000000
28395,0,0,0.996434,0.000001,0.000000,0.003564
16028,1,1,0.000054,0.999910,0.000012,0.000024
3342,3,3,0.000010,0.000002,0.000002,0.999986
17150,1,1,0.000019,0.999968,0.000007,0.000007
1259,3,3,0.000012,0.000004,0.000006,0.999979
9820,1,1,0.000000,0.999984,0.000016,0.000000
30760,0,0,0.995888,0.000001,0.000001,0.004110
23680,0,0,0.994100,0.000001,0.000001,0.005897
27342,0,0,0.995762,0.000001,0.000001,0.004236
8674,2,2,0.000000,0.000041,0.999957,0.000002
7327,2,2,0.000000,0.000010,0.999989,0.000000
4993,3,3,0.000009,0.000003,0.000002,0.999986
2082,3,3,0.000181,0.000009,0.000015,0.999796
18076,1,1,0.000106,0.999804,0.000014,0.000077
29383,0,0,0.995477,0.000001,0.000001,0.004521
29444,0,0,0.996404,0.000001,0.000001,0.003594
15800,1,1,0.000008,0.999983,0.000007,0.000002
15317,1,1,0.001028,0.993533,0.000071,0.005368
22513,0,0,0.989914,0.000002,0.000001,0.010083
22345,0,0,0.990126,0.000002,0.000001,0.009870
23195,0,0,0.995320,0.000001,0.000001,0.004678
16047,1,1,0.000048,0.999916,0.000015,0.000021
18774,1,1,0.000027,0.999954,0.000008,0.000011
14828,1,1,0.000015,0.999977,0.000003,0.000005
13371,1,1,0.000020,0.999964,0.000010,0.000006
10630,1,1,0.000000,0.999989,0.000011,0.000000
8501,2,2,0.000000,0.000019,0.999980,0.000001
13915,1,1,0.000034,0.999802,0.000156,0.000007
6064,3,3,0.000615,0.000052,0.000047,0.999286
16723,1,1,0.000025,0.999957,0.000010,0.000008
880,3,3,0.000005,0.000002,0.000002,0.999990
20429,1,1,0.000032,0.999944,0.000008,0.000016
24682,0,0,0.995815,0.000001,0.000001,0.004183
32687,0,0,0.997125,0.000001,0.000000,0.002874
10249,1,1,0.000000,0.999871,0.000128,0.000001
28917,0,0,0.996488,0.000001,0.000001,0.003510
883,3,3,0.000005,0.000002,0.000002,0.999991
21468,0,0,0.993492,0.000002,0.000001,0.006505
31305,0,0,0.995795,0.000001,0.000001,0.004203
26513,0,0,0.996163,0.000001,0.000001,0.003835
8703,2,2,0.000000,0.000011,0.999988,0.000001
28937,0,0,0.996083,0.000001,0.000001,0.003915
1215,3,3,0.000023,0.000019,0.000009,0.999950
31474,0,0,0.996344,0.000001,0.000001,0.003655
31142,0,0,0.995363,0.000001,0.000001,0.004636
31156,0,0,0.995534,0.000001,0.000001,0.004464
16443,1,1,0.000036,0.999942,0.000010,0.000012
5571,3,3,0.000603,0.000051,0.000047,0.999300
2703,3,3,0.000109,0.000016,0.000014,0.999861
8960,2,2,0.000000,0.000010,0.999990,0.000000
27957,0,0,0.994078,0.000001,0.000001,0.005920
11978,1,1,0.000000,0.999985,0.000015,0.000000
6290,3,3,0.000618,0.000052,0.000048,0.999283
2131,3,3,0.000001,0.000001,0.000000,0.999998
13704,1,1,0.000097,0.999832,0.000024,0.000047
22254,0,0,0.992288,0.000002,0.000001,0.007709
9824,1,1,0.000000,0.999966,0.000034,0.000000
3264,3,3,0.000004,0.000001,0.000001,0.999993
12468,1,1,0.000000,0.999988,0.000012,0.000000
19187,1,1,0.000036,0.999939,0.000009,0.000016
25769,0,0,0.995778,0.000001,0.000001,0.004220
7698,2,2,0.000000,0.000014,0.999985,0.000001
21128,1,1,0.000028,0.999948,0.000008,0.000016
20378,1,1,0.000009,0.999985,0.000003,0.000002
30885,0,0,0.995262,0.000001,0.000001,0.004736
25609,0,0,0.995324,0.000001,0.000001,0.004674
33227,0,3,0.118395,0.000141,0.000129,0.881336
16919,1,1,0.000056,0.999903,0.000012,0.000030
22976,0,0,0.988835,0.000002,0.000001,0.011161
9019,2,2,0.000000,0.000010,0.999990,0.000000
2785,3,3,0.000003,0.000001,0.000001,0.999995
18172,1,1,0.000068,0.999885,0.000017,0.000031
18994,1,1,0.000030,0.999952,0.000007,0.000012
20191,1,1,0.000033,0.999944,0.000008,0.000014
7194,2,2,0.000000,0.000009,0.999991,0.000000
27545,0,0,0.996030,0.000001,0.000001,0.003969
6056,3,3,0.000617,0.000052,0.000048,0.999283
11057,1,1,0.000000,0.999987,0.000013,0.000000
1455,3,3,0.004893,0.000064,0.000078,0.994966
19837,1,1,0.000007,0.999988,0.000003,0.000002
25384,0,0,0.994308,0.000001,0.000001,0.005690
13496,1,1,0.000025,0.999958,0.000006,0.000010
24349,0,0,0.994893,0.000001,0.000001,0.005105
9565,1,1,0.000061,0.999854,0.000056,0.000029
6415,3,3,0.000620,0.000052,0.000048,0.999280
8509,2,2,0.000000,0.000013,0.999986,0.000000
9954,1,1,0.000000,0.999911,0.000089,0.000000
30950,0,0,0.995987,0.000001,0.000001,0.004012
2808,3,3,0.000006,0.000002,0.000002,0.999990
31608,0,0,0.995717,0.000001,0.000001,0.004282
25577,0,0,0.995357,0.000001,0.000001,0.004642
32277,0,0,0.995853,0.000001,0.000001,0.004145
27576,0,0,0.996351,0.000001,0.000001,0.003648
19655,1,1,0.000017,0.999972,0.000006,0.000005
2317,3,3,0.000003,0.000001,0.000001,0.999996
30544,0,0,0.995046,0.000001,0.000001,0.004952
24589,0,0,0.993979,0.000001,0.000001,0.006019
18451,1,1,0.000018,0.999972,0.000005,0.000005
17835,1,1,0.000028,0.999955,0.000006,0.000010
7115,2,2,0.000000,0.000015,0.999984,0.000001
27979,0,0,0.994316,0.000001,0.000001,0.005682
14732,1,1,0.000030,0.999943,0.000004,0.000023
2293,3,3,0.000944,0.000032,0.000045,0.998979
14647,1,1,0.000004,0.999986,0.000008,0.000002
1142,3,3,0.000002,0.000000,0.000001,0.999997
13720,1,1,0.000024,0.999962,0.000006,0.000009
7629,2,2,0.000000,0.000011,0.999988,0.000000
3079,3,3,0.000002,0.000001,0.000001,0.999996
23076,0,0,0.992326,0.000002,0.000001,0.007671
8557,2,2,0.000000,0.000015,0.999985,0.000001
27667,0,0,0.990679,0.000002,0.000001,0.009317
9555,1,1,0.000028,0.999941,0.000021,0.000011
23676,0,0,0.993280,0.000002,0.000001,0.006718
29710,0,0,0.993748,0.000002,0.000001,0.006250
32519,0,0,0.995639,0.000001,0.000001,0.004359
27187,0,0,0.996208,0.000001,0.000001,0.003790
31311,0,0,0.995576,0.000001,0.000001,0.004422
11000,1,1,0.000000,0.999988,0.000012,0.000000
26624,0,0,0.995144,0.000001,0.000001,0.004854
25179,0,0,0.995361,0.000001,0.000001,0.004638
26545,0,0,0.995530,0.000001,0.000001,0.004469
683,3,3,0.000004,0.000001,0.000003,0.999991
28361,0,0,0.996193,0.000001,0.000001,0.003806
17196,1,1,0.000030,0.999951,0.000007,0.000012
1167,3,3,0.000009,0.000007,0.000004,0.999981
28644,0,0,0.995352,0.000001,0.000001,0.004646
4940,3,3,0.000001,0.000000,0.000000,0.999998
26785,0,0,0.995977,0.000001,0.000001,0.004021
18435,1,1,0.000023,0.999960,0.000010,0.000007
27678,0,0,0.981852,0.000004,0.000002,0.018143
3410,3,3,0.000001,0.000000,0.000000,0.999998
1044,3,3,0.000004,0.000002,0.000001,0.999993
15255,1,1,0.000054,0.999867,0.000012,0.000066
4780,3,3,0.000003,0.000001,0.000001,0.999995
22221,0,0,0.994672,0.000001,0.000001,0.005326
16298,1,1,0.000036,0.999941,0.000008,0.000016
1310,3,3,0.023210,0.061134,0.039320,0.876336
2207,3,3,0.000056,0.000005,0.000007,0.999932
23350,0,0,0.994095,0.000001,0.000001,0.005902
27490,0,0,0.995357,0.000001,0.000001,0.004641
24205,0,0,0.994569,0.000001,0.000001,0.005428
25067,0,0,0.995562,0.000001,0.000001,0.004436
16056,1,1,0.000020,0.999965,0.000008,0.000006
26966,0,0,0.996071,0.000001,0.000001,0.003928
179,3,3,0.000001,0.000000,0.000000,0.999998
2619,3,3,0.000017,0.000005,0.000003,0.999974
1865,3,3,0.000002,0.000001,0.000000,0.999997
18430,1,1,0.000029,0.999953,0.000007,0.000012
35,3,3,0.000005,0.000002,0.000001,0.999992
11331,1,1,0.000000,0.999985,0.000015,0.000000
14332,1,1,0.000048,0.999922,0.000006,0.000024
21810,0,0,0.993971,0.000001,0.000001,0.006027
24528,0,0,0.994780,0.000001,0.000001,0.005218
4762,3,3,0.000003,0.000001,0.000001,0.999996
87,3,3,0.000009,0.000003,0.000002,0.999987
17040,1,1,0.000013,0.999978,0.000005,0.000004
26623,0,0,0.995106,0.000001,0.000001,0.004892
23551,0,0,0.995233,0.000001,0.000001,0.004765
8496,2,2,0.000000,0.000083,0.999911,0.000005
5149,3,3,0.000835,0.000051,0.000052,0.999062
4773,3,3,0.000093,0.000008,0.000013,0.999886
22875,0,0,0.991815,0.000002,0.000001,0.008182
29168,0,0,0.993743,0.000002,0.000001,0.006255
15484,1,1,0.000002,0.999996,0.000001,0.000000
10069,1,1,0.000000,0.999992,0.000007,0.000000
17695,1,1,0.000022,0.999963,0.000004,0.000011
10038,1,1,0.000000,0.999988,0.000012,0.000000
26284,0,0,0.995676,0.000001,0.000001,0.004322
2580,3,3,0.000048,0.000007,0.000008,0.999938
9613,1,1,0.000239,0.994732,0.004221,0.000807
15262,1,1,0.000027,0.999946,0.000015,0.000013
29373,0,0,0.991518,0.000002,0.000001,0.008479
10044,1,1,0.000000,0.999982,0.000017,0.000000
31041,0,0,0.995769,0.000001,0.000001,0.004229
3830,3,3,0.000003,0.000001,0.000001,0.999995
6151,3,3,0.000616,0.000052,0.000047,0.999285
17042,1,1,0.000017,0.999973,0.000005,0.000005
8023,2,2,0.000000,0.000009,0.999991,0.000000
8805,2,2,0.000000,0.000015,0.999984,0.000001
15840,1,1,0.000008,0.999986,0.000005,0.000002
27905,0,0,0.996041,0.000001,0.000001,0.003957
3897,3,3,0.000004,0.000001,0.000001,0.999993
16568,1,1,0.000047,0.999920,0.000011,0.000023
11559,1,1,0.000000,0.999988,0.000012,0.000000
7574,2,2,0.000000,0.000010,0.999990,0.000000
13869,1,1,0.000006,0.999989,0.000003,0.000002
5136,3,3,0.000950,0.000052,0.000052,0.998946
22670,0,0,0.991645,0.000002,0.000001,0.008352
22213,0,0,0.994021,0.000001,0.000001,0.005977
5266,3,3,0.000826,0.000051,0.000052,0.999071
23550,0,0,0.994248,0.000001,0.000001,0.005750
20748,1,1,0.000014,0.999978,0.000004,0.000004
17723,1,1,0.000051,0.999914,0.000011,0.000024
27175,0,0,0.995783,0.000001,0.000001,0.004215
30499,0,0,0.995236,0.000001,0.000001,0.004762
12879,1,1,0.000000,0.999991,0.000009,0.000000
407,3,3,0.000003,0.000001,0.000001,0.999994
21014,1,1,0.000019,0.999967,0.000006,0.000008
16096,1,1,0.000081,0.999847,0.000014,0.000058
32643,0,0,0.996261,0.000001,0.000001,0.003737
19918,1,1,0.000040,0.999924,0.000012,0.000024
12712,1,1,0.000000,0.999993,0.000007,0.000000
15574,1,1,0.000005,0.999992,0.000002,0.000001
27557,0,0,0.995315,0.000001,0.000001,0.004683
14916,1,1,0.000034,0.999940,0.000008,0.000017
29856,0,0,0.987453,0.000003,0.000002,0.012542
15556,1,1,0.000005,0.999992,0.000002,0.000001
31645,0,0,0.995460,0.000001,0.000001,0.004538
32670,0,0,0.997066,0.000001,0.000000,0.002932
8832,2,2,0.000000,0.000014,0.999986,0.000001
7532,2,2,0.000000,0.000010,0.999989,0.000000
6045,3,3,0.000619,0.000052,0.000048,0.999281
10139,1,1,0.000000,0.999992,0.000008,0.000000
30529,0,0,0.993977,0.000001,0.000001,0.006021
30701,0,0,0.994012,0.000001,0.000001,0.005986
29378,0,0,0.992195,0.000002,0.000001,0.007803
32313,0,0,0.996652,0.000001,0.000000,0.003347
3124,3,3,0.000024,0.000026,0.000010,0.999940
22703,0,0,0.988631,0.000002,0.000001,0.011365
29401,0,0,0.995611,0.000001,0.000001,0.004387
28575,0,0,0.993363,0.000002,0.000001,0.006635
21796,0,0,0.992660,0.000002,0.000001,0.007338
3868,3,3,0.000007,0.000001,0.000002,0.999990
12279,1,1,0.000000,0.999992,0.000008,0.000000
32470,0,0,0.995906,0.000001,0.000001,0.004093
9693,1,1,0.000025,0.999961,0.000004,0.000010
9470,1,1,0.000003,0.999990,0.000006,0.000001
3744,3,3,0.000003,0.000001,0.000001,0.999996
30858,0,0,0.995616,0.000001,0.000001,0.004383
14592,1,1,0.000004,0.999994,0.000002,0.000001
17797,1,1,0.000043,0.999929,0.000008,0.000020
30703,0,0,0.994466,0.000001,0.000001,0.005532
3168,3,3,0.000017,0.000005,0.000004,0.999974
22456,0,0,0.988504,0.000002,0.000001,0.011492
5691,3,3,0.000644,0.000053,0.000049,0.999254
23069,0,0,0.928126,0.000011,0.000007,0.071856
641,3,3,0.000056,0.000019,0.000016,0.999909
7883,2,2,0.000000,0.000010,0.999990,0.000000
9877,1,1,0.000000,0.999987,0.000013,0.000000
5854,3,3,0.000602,0.000051,0.000047,0.999300
10228,1,1,0.000000,0.999991,0.000009,0.000000
31893,0,0,0.995200,0.000001,0.000001,0.004798
32623,0,0,0.995883,0.000001,0.000001,0.004115
5792,3,3,0.000579,0.000050,0.000046,0.999325
500,3,3,0.000007,0.000002,0.000003,0.999988
7826,2,2,0.000000,0.000009,0.999991,0.000000
23024,0,0,0.992261,0.000002,0.000001,0.007736
23882,0,0,0.992242,0.000002,0.000001,0.007755
28671,0,0,0.995314,0.000001,0.000001,0.004685
32785,0,0,0.997203,0.000001,0.000000,0.002796
28945,0,0,0.994905,0.000001,0.000001,0.005093
28379,0,0,0.996665,0.000001,0.000000,0.003333
10942,1,1,0.000000,0.999990,0.000010,0.000000
29494,0,0,0.995542,0.000001,0.000001,0.004457
28514,0,0,0.991763,0.000002,0.000001,0.008234
9080,2,2,0.000000,0.000009,0.999990,0.000000
33078,0,3,0.113078,0.000138,0.000127,0.886657
17720,1,1,0.000044,0.999926,0.000011,0.000019
28952,0,0,0.995540,0.000001,0.000001,0.004458
12957,1,1,0.000007,0.999726,0.000234,0.000033
21731,0,0,0.993348,0.000002,0.000001,0.006650
27645,0,0,0.996431,0.000001,0.000000,0.003567
11092,1,1,0.000000,0.999993,0.000007,0.000000
748,3,3,0.000002,0.000001,0.000001,0.999996
5498,3,3,0.000622,0.000052,0.000048,0.999278
20951,1,1,0.000011,0.999981,0.000006,0.000002
26613,0,0,0.995921,0.000001,0.000001,0.004078
8720,2,2,0.000000,0.000011,0.999988,0.000000
12671,1,1,0.000000,0.999983,0.000017,0.000000
13758,1,1,0.000084,0.999854,0.000023,0.000039
12766,1,1,0.000000,0.999986,0.000014,0.000000
32685,0,0,0.997079,0.000001,0.000000,0.002920
13647,1,1,0.000029,0.999944,0.000006,0.000021
676,3,3,0.000045,0.000022,0.000097,0.999836
8367,2,2,0.000000,0.000011,0.999989,0.000000
31743,0,0,0.994843,0.000001,0.000001,0.005155
17893,1,1,0.000037,0.999937,0.000010,0.000016
24102,0,0,0.994760,0.000001,0.000001,0.005238
3475,3,3,0.000002,0.000000,0.000001,0.999997
4092,3,3,0.000018,0.000006,0.000004,0.999972
19421,1,1,0.000015,0.999975,0.000006,0.000004
8905,2,2,0.000000,0.000047,0.999951,0.000002
26061,0,0,0.994545,0.000001,0.000001,0.005453
30795,0,0,0.995814,0.000001,0.000001,0.004184
12293,1,1,0.000000,0.999995,0.000005,0.000000
5081,3,3,0.003991,0.008852,0.000729,0.986428
33219,0,3,0.137118,0.000142,0.000128,0.862612
6228,3,3,0.000612,0.000051,0.000047,0.999289
26300,0,0,0.995998,0.000001,0.000001,0.004000
26934,0,0,0.996045,0.000001,0.000001,0.003953
14861,1,1,0.000059,0.999865,0.000029,0.000046
20401,1,1,0.000018,0.999971,0.000005,0.000006
22768,0,0,0.990259,0.000002,0.000001,0.009738
28516,0,0,0.996884,0.000001,0.000000,0.003115
28371,0,0,0.995165,0.000001,0.000001,0.004833
28934,0,0,0.994504,0.000001,0.000001,0.005494
18051,1,1,0.000019,0.999969,0.000006,0.000006
13070,1,1,0.000009,0.999986,0.000003,0.000003
32037,0,0,0.996202,0.000001,0.000001,0.003796
31469,0,0,0.996039,0.000001,0.000001,0.003960
27976,0,0,0.996432,0.000001,0.000000,0.003567
2113,3,3,0.000372,0.000021,0.000030,0.999577
13723,1,1,0.000033,0.999937,0.000010,0.000021
28210,0,0,0.995627,0.000001,0.000001,0.004371
5530,3,3,0.000618,0.000052,0.000048,0.999283
3837,3,3,0.000004,0.000001,0.000001,0.999994
10056,1,1,0.000000,0.999990,0.000009,0.000000
16877,1,1,0.000050,0.999907,0.000015,0.000028
4328,3,3,0.000016,0.000003,0.000003,0.999978
26317,0,0,0.996060,0.000001,0.000001,0.003938
30305,0,0,0.993612,0.000002,0.000001,0.006385
13639,1,1,0.000036,0.999935,0.000007,0.000022
10964,1,1,0.000000,0.999988,0.000012,0.000000
18251,1,1,0.000033,0.999947,0.000006,0.000015
9380,1,1,0.000017,0.999969,0.000009,0.000005
21872,0,0,0.992784,0.000002,0.000001,0.007213
28026,0,0,0.995501,0.000001,0.000001,0.004497
9547,1,1,0.000093,0.999819,0.000032,0.000056
6330,3,3,0.000656,0.000054,0.000050,0.999241
27431,0,0,0.995615,0.000001,0.000001,0.004383
7534,2,2,0.000000,0.000009,0.999990,0.000000
10901,1,1,0.000000,0.999989,0.000011,0.000000
14648,1,1,0.000005,0.999989,0.000005,0.000001
4704,3,3,0.000002,0.000001,0.000001,0.999996
29029,0,0,0.994241,0.000001,0.000001,0.005757
30500,0,0,0.994294,0.000001,0.000001,0.005704
17464,1,1,0.000191,0.999590,0.000027,0.000192
27761,0,0,0.994324,0.000001,0.000001,0.005674
1419,3,3,0.000027,0.000006,0.000007,0.999960
33269,0,3,0.101528,0.000141,0.000131,0.898199
1380,3,3,0.000011,0.000002,0.000003,0.999984
20052,1,1,0.000007,0.999989,0.000002,0.000002
20241,1,1,0.000022,0.999965,0.000006,0.000007
5402,3,3,0.000694,0.000049,0.000047,0.999211
9045,2,2,0.000000,0.000012,0.999987,0.000001
23911,0,0,0.992096,0.000002,0.000001,0.007901
30286,0,0,0.987318,0.000003,0.000002,0.012678
29070,0,0,0.996012,0.000001,0.000001,0.003986
9054,2,2,0.000000,0.000009,0.999991,0.000000
14303,1,1,0.000009,0.999986,0.000004,0.000002
24191,0,0,0.993224,0.000002,0.000001,0.006774
28065,0,0,0.989838,0.000002,0.000001,0.010158
32737,0,0,0.997054,0.000001,0.000000,0.002945
786,3,3,0.000003,0.000001,0.000001,0.999995
28510,0,0,0.996264,0.000001,0.000001,0.003735
14483,1,1,0.000011,0.999979,0.000007,0.000003
6250,3,3,0.000613,0.000052,0.000047,0.999288
8022,2,2,0.000000,0.000009,0.999990,0.000000
2460,3,3,0.000003,0.000001,0.000001,0.999996
17433,1,1,0.000126,0.999751,0.000021,0.000102
14519,1,1,0.000015,0.999951,0.000021,0.000013
10332,1,1,0.000000,0.999990,0.000010,0.000000
12922,1,1,0.000000,0.999933,0.000066,0.000001
22404,0,0,0.992111,0.000002,0.000001,0.007886
18824,1,1,0.000016,0.999974,0.000004,0.000006
8170,2,2,0.000000,0.000008,0.999992,0.000000
22560,0,0,0.992539,0.000002,0.000001,0.007459
15974,1,1,0.000040,0.999933,0.000010,0.000017
11776,1,1,0.000000,0.999990,0.000009,0.000000
20782,1,1,0.000009,0.999985,0.000003,0.000002
14581,1,1,0.000004,0.999991,0.000005,0.000001
24065,0,0,0.994371,0.000001,0.000001,0.005627
10723,1,1,0.000000,0.999988,0.000011,0.000000
8998,2,2,0.000000,0.000011,0.999988,0.000000
5553,3,3,0.000606,0.000051,0.000047,0.999296
22080,0,0,0.992907,0.000002,0.000001,0.007090
26391,0,0,0.995662,0.000001,0.000001,0.004336
8899,2,2,0.000000,0.000027,0.999972,0.000001
8765,2,2,0.000000,0.000046,0.999953,0.000001
25515,0,0,0.995367,0.000001,0.000001,0.004631
26362,0,0,0.995279,0.000001,0.000001,0.004719
1719,3,3,0.000001,0.000001,0.000000,0.999998
12254,1,1,0.000000,0.999987,0.000013,0.000000
27270,0,0,0.995494,0.000001,0.000001,0.004504
32292,0,0,0.995680,0.000001,0.000001,0.004318
20293,1,1,0.000011,0.999981,0.000004,0.000003
31556,0,0,0.996226,0.000001,0.000001,0.003773
20117,1,1,0.000017,0.999972,0.000005,0.000006
22403,0,0,0.992816,0.000002,0.000001,0.007182
21395,0,1,0.034154,0.878472,0.006826,0.080548
13213,1,1,0.000015,0.999974,0.000008,0.000003
4246,3,3,0.000031,0.000006,0.000007,0.999956
32475,0,0,0.995499,0.000001,0.000001,0.004499
3717,3,3,0.000002,0.000001,0.000001,0.999997
12493,1,1,0.000000,0.999987,0.000013,0.000000
32629,0,0,0.994966,0.000001,0.000001,0.005032
17427,1,1,0.000015,0.999976,0.000004,0.000005
14894,1,1,0.000029,0.999953,0.000009,0.000009
4105,3,3,0.000001,0.000000,0.000000,0.999998
20373,1,1,0.000016,0.999972,0.000007,0.000005
3926,3,3,0.000003,0.000001,0.000001,0.999995
13382,1,1,0.000031,0.999945,0.000009,0.000016
3501,3,3,0.000022,0.000003,0.000006,0.999969
16710,1,1,0.000021,0.999966,0.000007,0.000007
7392,2,2,0.000000,0.000011,0.999989,0.000000
16264,1,1,0.000070,0.999876,0.000017,0.000037
27280,0,0,0.995006,0.000001,0.000001,0.004992
20964,1,1,0.000009,0.999987,0.000002,0.000002
20525,1,1,0.000040,0.999924,0.000011,0.000025
12362,1,1,0.000000,0.999982,0.000017,0.000000
13394,1,1,0.000009,0.999985,0.000004,0.000002
32556,0,0,0.997402,0.000001,0.000000,0.002597
25219,0,0,0.995172,0.000001,0.000001,0.004826
14390,1,1,0.000006,0.999980,0.000010,0.000003
25479,0,0,0.993702,0.000002,0.000001,0.006296
4535,3,3,0.000004,0.000001,0.000001,0.999994
12400,1,1,0.000000,0.999983,0.000016,0.000000
872,3,3,0.000009,0.000003,0.000006,0.999983
11834,1,1,0.000000,0.999977,0.000023,0.000000
12,3,3,0.001469,0.000448,0.000300,0.997783
29798,0,0,0.993264,0.000002,0.000001,0.006734
2585,3,3,0.000087,0.000009,0.000009,0.999896
14427,1,1,0.000090,0.999732,0.000092,0.000086
9267,1,1,0.000022,0.999949,0.000019,0.000010
17445,1,1,0.000080,0.999859,0.000019,0.000042
10470,1,1,0.000000,0.999987,0.000012,0.000000
22077,0,0,0.994005,0.000001,0.000001,0.005992
20536,1,1,0.000011,0.999983,0.000003,0.000003
31167,0,0,0.996210,0.000001,0.000001,0.003788
5624,3,3,0.000607,0.000051,0.000047,0.999295
18272,1,1,0.000031,0.999949,0.000007,0.000013
23118,0,0,0.989901,0.000002,0.000001,0.010095
30788,0,0,0.995164,0.000001,0.000001,0.004834
7909,2,2,0.000000,0.000012,0.999988,0.000000
28702,0,0,0.996605,0.000001,0.000000,0.003394
16078,1,1,0.000039,0.999933,0.000009,0.000018
30298,0,0,0.994867,0.000001,0.000001,0.005131
6547,3,3,0.000046,0.000021,0.000014,0.999919
7047,2,2,0.000000,0.000011,0.999988,0.000000
1308,3,3,0.003344,0.019291,0.002821,0.974543
28764,0,0,0.944227,0.000009,0.000006,0.055757
27377,0,0,0.995362,0.000001,0.000001,0.004636
23219,0,0,0.992597,0.000002,0.000001,0.007401
12057,1,1,0.000000,0.999994,0.000006,0.000000
30759,0,0,0.995697,0.000001,0.000001,0.004301
17752,1,1,0.000033,0.999945,0.000010,0.000012
7671,2,2,0.000000,0.000021,0.999978,0.000001
28517,0,0,0.997039,0.000001,0.000000,0.002960
16773,1,1,0.000056,0.999894,0.000024,0.000026
13261,1,1,0.000034,0.999938,0.000009,0.000019
5688,3,3,0.000609,0.000052,0.000048,0.999291
11045,1,1,0.000000,0.999992,0.000008,0.000000
31994,0,0,0.995908,0.000001,0.000001,0.004091
17192,1,1,0.000065,0.999880,0.000014,0.000041
702,3,3,0.000002,0.000001,0.000001,0.999996
5917,3,3,0.000602,0.000051,0.000047,0.999300
29429,0,0,0.994396,0.000001,0.000001,0.005602
8080,2,2,0.000000,0.000017,0.999982,0.000001
10917,1,1,0.000000,0.999979,0.000021,0.000000
21508,0,0,0.994296,0.000001,0.000001,0.005702
16762,1,1,0.000109,0.999732,0.000025,0.000134
8969,2,2,0.000000,0.000012,0.999987,0.000001
14510,1,1,0.000038,0.999936,0.000012,0.000014
23126,0,0,0.988401,0.000002,0.000001,0.011595
27954,0,0,0.995658,0.000001,0.000001,0.004341
23291,0,0,0.993343,0.000002,0.000001,0.006654
8383,2,2,0.000000,0.000052,0.999944,0.000004
4708,3,3,0.000005,0.000001,0.000001,0.999993
4263,3,3,0.000017,0.000003,0.000003,0.999977
1706,3,3,0.000002,0.000001,0.000001,0.999996
2428,3,3,0.000048,0.000010,0.000010,0.999932
6101,3,3,0.000612,0.000051,0.000047,0.999289
30513,0,0,0.995188,0.000001,0.000001,0.004810
23634,0,0,0.993824,0.000001,0.000001,0.006174
14393,1,1,0.000006,0.999990,0.000002,0.000002
6696,2,2,0.000000,0.000010,0.999990,0.000000
32075,0,0,0.995972,0.000001,0.000001,0.004027
15569,1,1,0.000004,0.999994,0.000002,0.000001
4188,3,3,0.000001,0.000000,0.000001,0.999998
32550,0,0,0.996305,0.000001,0.000001,0.003693
30337,0,0,0.996884,0.000001,0.000000,0.003115
947,3,3,0.000004,0.000001,0.000002,0.999993
24262,0,0,0.995174,0.000001,0.000001,0.004825
30901,0,0,0.995847,0.000001,0.000001,0.004151
25922,0,0,0.996323,0.000001,0.000001,0.003676
667,3,3,0.000002,0.000001,0.000001,0.999997
23591,0,0,0.994114,0.000001,0.000001,0.005884
1464,3,3,0.000026,0.000008,0.000005,0.999961
17717,1,1,0.000028,0.999955,0.000008,0.000009
28291,0,0,0.997034,0.000001,0.000000,0.002965
13749,1,1,0.000008,0.999988,0.000003,0.000002
1612,3,3,0.000022,0.000007,0.000008,0.999962
25813,0,0,0.995468,0.000001,0.000001,0.004530
25063,0,0,0.995236,0.000001,0.000001,0.004763
6037,3,3,0.000586,0.000052,0.000047,0.999316
3570,3,3,0.000002,0.000000,0.000001,0.999997
26501,0,0,0.995448,0.000001,0.000001,0.004550
1067,3,3,0.000003,0.000001,0.000001,0.999995
30594,0,0,0.995429,0.000001,0.000001,0.004569
25147,0,0,0.995138,0.000001,0.000001,0.004860
20064,1,1,0.000007,0.999988,0.000003,0.000002
14835,1,1,0.000035,0.999926,0.000018,0.000022
21275,1,1,0.000011,0.999982,0.000003,0.000004
24484,0,0,0.995077,0.000001,0.000001,0.004921
12007,1,1,0.000000,0.999990,0.000010,0.000000
7389,2,2,0.000000,0.000008,0.999991,0.000000
26552,0,0,0.995618,0.000001,0.000001,0.004380
19855,1,1,0.000016,0.999972,0.000007,0.000005
4190,3,3,0.000001,0.000000,0.000001,0.999998
23821,0,0,0.992006,0.000002,0.000001,0.007991
14100,1,1,0.000001,0.999997,0.000001,0.000000
26151,0,0,0.995662,0.000001,0.000001,0.004337
18856,1,1,0.000017,0.999972,0.000005,0.000007
1057,3,3,0.000003,0.000001,0.000001,0.999996
18540,1,1,0.000080,0.999857,0.000025,0.000038
14606,1,1,0.000013,0.999975,0.000007,0.000005
12615,1,1,0.000000,0.999989,0.000011,0.000000
28545,0,0,0.995868,0.000001,0.000001,0.004130
18902,1,1,0.000085,0.999842,0.000016,0.000058
14460,1,1,0.000010,0.999985,0.000003,0.000002
24633,0,0,0.994719,0.000001,0.000001,0.005279
16611,1,1,0.000026,0.999957,0.000007,0.000010
3822,3,3,0.000008,0.000002,0.000003,0.999987
8613,2,2,0.000000,0.000012,0.999988,0.000000
1376,3,3,0.000003,0.000001,0.000001,0.999995
13716,1,1,0.000012,0.999980,0.000004,0.000004
23322,0,0,0.994788,0.000001,0.000001,0.005210
13950,1,1,0.000003,0.999995,0.000001,0.000001
24736,0,0,0.992452,0.000002,0.000001,0.007546
2547,3,3,0.000007,0.000002,0.000002,0.999989
18153,1,1,0.000014,0.999979,0.000003,0.000004
1690,3,3,0.000003,0.000001,0.000001,0.999996
27286,0,0,0.995360,0.000001,0.000001,0.004638
4095,3,3,0.000004,0.000002,0.000001,0.999993
19826,1,1,0.000021,0.999966,0.000005,0.000009
7714,2,2,0.000000,0.000010,0.999990,0.000000
31814,0,0,0.995716,0.000001,0.000001,0.004282
30749,0,0,0.995046,0.000001,0.000001,0.004952
5481,3,3,0.000632,0.000052,0.000048,0.999268
8907,2,2,0.000000,0.000018,0.999981,0.000001
10347,1,1,0.000000,0.999993,0.000007,0.000000
12118,1,1,0.000000,0.999977,0.000022,0.000000
22315,0,0,0.988310,0.000002,0.000001,0.011686
5904,3,3,0.000603,0.000051,0.000047,0.999299
8542,2,2,0.000000,0.000014,0.999985,0.000001
18067,1,1,0.000045,0.999923,0.000010,0.000021
23377,0,0,0.993546,0.000002,0.000001,0.006451
13196,1,1,0.000007,0.999986,0.000004,0.000003
28203,0,0,0.994226,0.000001,0.000001,0.005771
19144,1,1,0.000085,0.999829,0.000013,0.000073
2778,3,3,0.000006,0.000001,0.000001,0.999992
25321,0,0,0.996481,0.000001,0.000000,0.003518
25018,0,0,0.994861,0.000001,0.000001,0.005137
20612,1,1,0.000033,0.999939,0.000012,0.000016
14886,1,1,0.000038,0.999879,0.000048,0.000035
31679,0,0,0.996271,0.000001,0.000001,0.003728
28487,0,0,0.993554,0.000002,0.000001,0.006444
31797,0,0,0.995848,0.000001,0.000001,0.004150
1803,3,3,0.000017,0.000003,0.000003,0.999977
9536,1,1,0.000014,0.999976,0.000006,0.000004
16699,1,1,0.000042,0.999925,0.000011,0.000021
31056,0,0,0.996203,0.000001,0.000001,0.003796
33197,0,3,0.130287,0.000141,0.000128,0.869443
31309,0,0,0.995532,0.000001,0.000001,0.004467
1246,3,3,0.000015,0.000006,0.000006,0.999973
552,3,3,0.000003,0.000001,0.000001,0.999996
30232,0,0,0.994982,0.000001,0.000001,0.005016
1216,3,3,0.000046,0.000042,0.000017,0.999895
22643,0,0,0.992984,0.000002,0.000001,0.007013
15429,1,1,0.000003,0.999996,0.000001,0.000000
3037,3,3,0.000004,0.000001,0.000001,0.999993
32601,0,0,0.996134,0.000001,0.000001,0.003864
14109,1,1,0.000004,0.999987,0.000007,0.000002
25234,0,0,0.995494,0.000001,0.000001,0.004504
234,3,3,0.000005,0.000002,0.000002,0.999991
5790,3,3,0.000576,0.000050,0.000045,0.999330
2014,3,3,0.000022,0.000005,0.000004,0.999969
12451,1,1,0.000000,0.999985,0.000015,0.000000
9682,1,1,0.000015,0.999978,0.000002,0.000005
10540,1,1,0.000000,0.999992,0.000008,0.000000
20296,1,1,0.000013,0.999978,0.000005,0.000004
8273,2,2,0.000000,0.000011,0.999989,0.000000
27202,0,0,0.995189,0.000001,0.000001,0.004809
33190,0,3,0.122588,0.000143,0.000130,0.877139
29657,0,0,0.995734,0.000001,0.000001,0.004265
10542,1,1,0.000000,0.999994,0.000006,0.000000
3110,3,3,0.000004,0.000002,0.000001,0.999993
2753,3,3,0.000018,0.000004,0.000003,0.999975
1964,3,3,0.000005,0.000001,0.000001,0.999993
18244,1,1,0.000056,0.999902,0.000011,0.000030
27095,0,0,0.995111,0.000001,0.000001,0.004887
23570,0,0,0.993560,0.000002,0.000001,0.006438
12182,1,1,0.000000,0.999992,0.000008,0.000000
19983,1,1,0.000016,0.999974,0.000005,0.000005
28470,0,0,0.995205,0.000001,0.000001,0.004793
27427,0,0,0.995752,0.000001,0.000001,0.004246
18128,1,1,0.000062,0.999890,0.000018,0.000030
15717,1,1,0.000002,0.999997,0.000001,0.000000
4257,3,3,0.000003,0.000001,0.000001,0.999995
20933,1,1,0.000016,0.999974,0.000005,0.000005
29258,0,0,0.996386,0.000001,0.000000,0.003613
26634,0,0,0.995105,0.000001,0.000001,0.004893
8157,2,2,0.000000,0.000010,0.999990,0.000000
8780,2,2,0.000000,0.000010,0.999989,0.000000
10830,1,1,0.000000,0.999971,0.000029,0.000000
10011,1,1,0.000000,0.999974,0.000026,0.000000
22733,0,0,0.994921,0.000001,0.000001,0.005077
26738,0,0,0.995228,0.000001,0.000001,0.004770
27832,0,0,0.996068,0.000001,0.000001,0.003930
31076,0,0,0.994747,0.000001,0.000001,0.005251
2250,3,3,0.000160,0.000010,0.000015,0.999816
1055,3,3,0.000003,0.000001,0.000001,0.999995
3026,3,3,0.000022,0.000005,0.000006,0.999967
23571,0,0,0.992986,0.000002,0.000001,0.007011
14488,1,1,0.000017,0.999976,0.000004,0.000004
21649,0,0,0.993923,0.000001,0.000001,0.006075
14054,1,1,0.000001,0.999999,0.000000,0.000000
7466,2,2,0.000000,0.000012,0.999988,0.000001
22916,0,0,0.989800,0.000002,0.000001,0.010196
13063,1,1,0.000040,0.999936,0.000007,0.000017
26833,0,0,0.995026,0.000001,0.000001,0.004972
13248,1,1,0.000006,0.999990,0.000003,0.000001
33258,0,3,0.120825,0.000140,0.000128,0.878906
13776,1,1,0.000023,0.999966,0.000005,0.000006
23029,0,0,0.993003,0.000002,0.000001,0.006995
22539,0,0,0.992911,0.000002,0.000001,0.007087
15895,1,1,0.000324,0.998987,0.000042,0.000647
14800,1,1,0.000055,0.999905,0.000014,0.000025
30722,0,0,0.996304,0.000001,0.000001,0.003695
9952,1,1,0.000000,0.999987,0.000013,0.000000
19741,1,1,0.000022,0.999965,0.000005,0.000008
12102,1,1,0.000000,0.999918,0.000080,0.000001
16604,1,1,0.000093,0.999832,0.000016,0.000058
23133,0,0,0.996859,0.000001,0.000000,0.003140
15673,1,1,0.000009,0.999984,0.000005,0.000002
31299,0,0,0.995741,0.000001,0.000001,0.004257
30970,0,0,0.995902,0.000001,0.000001,0.004097
23324,0,0,0.994276,0.000001,0.000001,0.005722
7098,2,2,0.000000,0.000010,0.999990,0.000000
1760,3,3,0.000024,0.000007,0.000007,0.999962
15528,1,1,0.000004,0.999994,0.000001,0.000001
26226,0,0,0.994262,0.000001,0.000001,0.005736
4376,3,3,0.000008,0.000001,0.000002,0.999989
18585,1,1,0.000099,0.999824,0.000017,0.000060
30380,0,0,0.995491,0.000001,0.000001,0.004507
26139,0,0,0.996028,0.000001,0.000001,0.003970
13449,1,1,0.000024,0.999953,0.000006,0.000017
14699,1,1,0.000002,0.999996,0.000001,0.000000
2837,3,3,0.000002,0.000001,0.000001,0.999997
3017,3,3,0.000048,0.000010,0.000010,0.999931
21803,0,0,0.992681,0.000002,0.000001,0.007316
20083,1,1,0.000017,0.999971,0.000006,0.000006
956,3,3,0.000027,0.000022,0.000011,0.999940
10512,1,1,0.000000,0.999981,0.000019,0.000000
15982,1,1,0.000078,0.999858,0.000029,0.000035
7966,2,2,0.000000,0.000008,0.999991,0.000000
31270,0,0,0.995917,0.000001,0.000001,0.004082
7068,2,2,0.000000,0.000013,0.999987,0.000001
3101,3,3,0.000001,0.000001,0.000001,0.999997
32957,0,3,0.145825,0.000140,0.000126,0.853909
28682,0,0,0.994656,0.000001,0.000001,0.005342
262,3,3,0.000001,0.000000,0.000000,0.999999
6165,3,3,0.000612,0.000051,0.000047,0.999289
18757,1,1,0.000016,0.999974,0.000004,0.000006
32621,0,0,0.995558,0.000001,0.000001,0.004440
30946,0,0,0.996266,0.000001,0.000001,0.003733
28538,0,0,0.997248,0.000001,0.000000,0.002751
23316,0,0,0.993350,0.000002,0.000001,0.006648
31391,0,0,0.995876,0.000001,0.000001,0.004122
27932,0,0,0.996947,0.000001,0.000000,0.003051
26120,0,0,0.994345,0.000001,0.000001,0.005653
20176,1,1,0.000013,0.999978,0.000006,0.000003
338,3,3,0.000001,0.000001,0.000000,0.999998
14843,1,1,0.000012,0.999978,0.000006,0.000005
23954,0,0,0.994612,0.000001,0.000001,0.005386
7292,2,2,0.000000,0.000008,0.999991,0.000000
7705,2,2,0.000000,0.000012,0.999987,0.000001
30746,0,0,0.995094,0.000001,0.000001,0.004904
18186,1,1,0.000053,0.999906,0.000009,0.000032
5453,3,3,0.000722,0.000051,0.000050,0.999176
33097,0,3,0.136667,0.000141,0.000128,0.863063
13299,1,1,0.000008,0.999986,0.000003,0.000003
3969,3,3,0.000004,0.000001,0.000001,0.999993
28284,0,0,0.994506,0.000001,0.000001,0.005492
31922,0,0,0.996124,0.000001,0.000001,0.003874
15203,1,1,0.000064,0.999874,0.000007,0.000055
20018,1,1,0.000011,0.999982,0.000004,0.000003
23244,0,0,0.992861,0.000002,0.000001,0.007137
15182,1,1,0.000011,0.999981,0.000004,0.000003
26496,0,0,0.994686,0.000001,0.000001,0.005312
14781,1,1,0.000173,0.999487,0.000021,0.000319
30108,0,0,0.995545,0.000001,0.000001,0.004454
11180,1,1,0.000000,0.999993,0.000007,0.000000
510,3,3,0.000014,0.000005,0.000005,0.999977
28555,0,0,0.996450,0.000001,0.000000,0.003549
24464,0,0,0.994705,0.000001,0.000001,0.005293
26642,0,0,0.995147,0.000001,0.000001,0.004851
4200,3,3,0.000010,0.000002,0.000002,0.999986
26643,0,0,0.994770,0.000001,0.000001,0.005228
6344,3,3,0.000649,0.000054,0.000050,0.999247
17303,1,1,0.000023,0.999964,0.000005,0.000008
9334,1,1,0.000067,0.999873,0.000027,0.000032
30125,0,0,0.995459,0.000001,0.000001,0.004540
22161,0,0,0.992472,0.000002,0.000001,0.007525
9607,1,1,0.000711,0.991191,0.000557,0.007541
9358,1,1,0.000027,0.999950,0.000013,0.000010
23077,0,0,0.989692,0.000002,0.000001,0.010304
9485,1,1,0.000007,0.999988,0.000004,0.000002
32874,0,0,0.764186,0.000049,0.000030,0.235735
12262,1,1,0.000000,0.999995,0.000005,0.000000
19575,1,1,0.000020,0.999967,0.000006,0.000007
2021,3,3,0.000006,0.000001,0.000001,0.999992
3195,3,3,0.000006,0.000002,0.000001,0.999992
21553,0,0,0.994311,0.000001,0.000001,0.005687
22739,0,0,0.993112,0.000002,0.000001,0.006885
19290,1,1,0.000026,0.999955,0.000008,0.000011
14528,1,1,0.000017,0.999972,0.000004,0.000007
7930,2,2,0.000000,0.000011,0.999988,0.000000
7920,2,2,0.000000,0.000010,0.999990,0.000000
15460,1,1,0.000002,0.999997,0.000001,0.000000
889,3,3,0.000002,0.000001,0.000001,0.999996
30835,0,0,0.995276,0.000001,0.000001,0.004722
25166,0,0,0.995307,0.000001,0.000001,0.004691
23959,0,0,0.994532,0.000001,0.000001,0.005466
5522,3,3,0.000617,0.000052,0.000048,0.999284
4367,3,3,0.000008,0.000002,0.000002,0.999988
2714,3,3,0.000035,0.000008,0.000007,0.999950
5420,3,3,0.000661,0.000053,0.000051,0.999235
33225,0,3,0.086200,0.000141,0.000132,0.913527
15894,1,1,0.000003,0.999996,0.000001,0.000000
14756,1,1,0.000089,0.999770,0.000006,0.000134
8457,2,2,0.000000,0.000009,0.999991,0.000000
29748,0,0,0.995505,0.000001,0.000001,0.004493
12306,1,1,0.000000,0.999987,0.000013,0.000000
14947,1,1,0.000019,0.999969,0.000004,0.000008
7550,2,2,0.000000,0.000010,0.999990,0.000000
28558,0,0,0.991427,0.000002,0.000001,0.008570
8959,2,2,0.000000,0.000029,0.999970,0.000001
5549,3,3,0.000612,0.000052,0.000047,0.999289
23785,0,0,0.991702,0.000002,0.000001,0.008295
21950,0,0,0.993664,0.000002,0.000001,0.006334
23884,0,0,0.992183,0.000002,0.000001,0.007814
18550,1,1,0.000017,0.999972,0.000006,0.000005
33027,0,3,0.161608,0.000139,0.000123,0.838130
20882,1,1,0.000057,0.999894,0.000012,0.000037
28335,0,0,0.996637,0.000001,0.000000,0.003362
22090,0,0,0.992720,0.000002,0.000001,0.007277
16956,1,1,0.000051,0.999913,0.000010,0.000026
7529,2,2,0.000000,0.000014,0.999986,0.000001
27493,0,0,0.995244,0.000001,0.000001,0.004754
14989,1,1,0.000005,0.999988,0.000005,0.000002
17304,1,1,0.000029,0.999954,0.000007,0.000010
20692,1,1,0.000009,0.999985,0.000004,0.000002
3095,3,3,0.000002,0.000001,0.000000,0.999997
17691,1,1,0.000050,0.999909,0.000009,0.000032
26743,0,0,0.994642,0.000001,0.000001,0.005356
28512,0,0,0.995093,0.000001,0.000001,0.004905
30375,0,0,0.995941,0.000001,0.000001,0.004057
22831,0,0,0.991727,0.000002,0.000001,0.008270
7053,2,2,0.000000,0.000036,0.999962,0.000001
24215,0,0,0.993915,0.000001,0.000001,0.006082
32358,0,0,0.996187,0.000001,0.000001,0.003811
13510,1,1,0.000034,0.999938,0.000006,0.000023
18826,1,1,0.000018,0.999972,0.000004,0.000006
21697,0,0,0.992522,0.000002,0.000001,0.007475
23286,0,0,0.992578,0.000002,0.000001,0.007419
2955,3,3,0.000004,0.000001,0.000001,0.999994
5768,3,3,0.000589,0.000050,0.000046,0.999314
5861,3,3,0.000604,0.000051,0.000047,0.999297
28224,0,0,0.995952,0.000001,0.000001,0.004047
461,3,3,0.000007,0.000001,0.000002,0.999990
32485,0,0,0.996173,0.000001,0.000001,0.003826
27753,0,0,0.996101,0.000001,0.000001,0.003898
24208,0,0,0.994272,0.000001,0.000001,0.005726
18562,1,1,0.000051,0.999915,0.000013,0.000022
33035,0,3,0.152268,0.000138,0.000124,0.847470
3098,3,3,0.000001,0.000000,0.000000,0.999998
29983,0,0,0.995620,0.000001,0.000001,0.004379
1933,3,3,0.000006,0.000002,0.000002,0.999991
15990,1,1,0.000112,0.999777,0.000019,0.000092
15694,1,1,0.000017,0.999971,0.000007,0.000005
28661,0,0,0.995399,0.000001,0.000001,0.004599
22285,0,0,0.993791,0.000001,0.000001,0.006207
2618,3,3,0.000091,0.000013,0.000014,0.999881
26732,0,0,0.995071,0.000001,0.000001,0.004927
27563,0,0,0.995425,0.000001,0.000001,0.004573
30244,0,0,0.993490,0.000002,0.000001,0.006507
21581,0,0,0.992339,0.000002,0.000001,0.007658
17700,1,1,0.000036,0.999933,0.000008,0.000023
4089,3,3,0.000020,0.000004,0.000005,0.999972
21134,1,1,0.000064,0.999877,0.000017,0.000042
20539,1,1,0.000006,0.999989,0.000003,0.000001
11916,1,1,0.000000,0.999990,0.000010,0.000000
19061,1,1,0.000020,0.999967,0.000006,0.000007
16975,1,1,0.000036,0.999943,0.000010,0.000011
32460,0,0,0.995678,0.000001,0.000001,0.004320
8482,2,2,0.000000,0.000017,0.999982,0.000000
7309,2,2,0.000000,0.000009,0.999990,0.000000
12910,1,1,0.000000,0.999972,0.000028,0.000000
13882,1,1,0.000147,0.999560,0.000172,0.000121
6316,3,3,0.000643,0.000053,0.000049,0.999254
31297,0,0,0.995191,0.000001,0.000001,0.004807
29034,0,0,0.996252,0.000001,0.000001,0.003747
7904,2,2,0.000000,0.000012,0.999987,0.000000
3856,3,3,0.000009,0.000002,0.000002,0.999987
12857,1,1,0.000000,0.999982,0.000018,0.000000
32571,0,0,0.996024,0.000001,0.000001,0.003975
22334,0,0,0.994494,0.000001,0.000001,0.005504
32830,0,0,0.996231,0.000001,0.000001,0.003768
15719,1,1,0.000002,0.999997,0.000001,0.000000
14785,1,1,0.000022,0.999964,0.000005,0.000010
995,3,3,0.000002,0.000001,0.000001,0.999996
25205,0,0,0.995645,0.000001,0.000001,0.004354
22908,0,0,0.989595,0.000002,0.000001,0.010401
23237,0,0,0.992405,0.000002,0.000001,0.007592
21623,0,0,0.993680,0.000002,0.000001,0.006318
4035,3,3,0.000002,0.000001,0.000001,0.999996
17796,1,1,0.000041,0.999932,0.000009,0.000019
5811,3,3,0.000587,0.000050,0.000046,0.999317
31237,0,0,0.996383,0.000001,0.000001,0.003615
28282,0,0,0.996888,0.000001,0.000000,0.003110
24683,0,0,0.995534,0.000001,0.000001,0.004464
32141,0,0,0.995921,0.000001,0.000001,0.004077
1778,3,3,0.000004,0.000001,0.000001,0.999994
7455,2,2,0.000000,0.000013,0.999987,0.000001
11151,1,1,0.000000,0.999972,0.000028,0.000000
16123,1,1,0.000092,0.999820,0.000026,0.000063
24341,0,0,0.995008,0.000001,0.000001,0.004990
13627,1,1,0.000015,0.999969,0.000011,0.000006
10561,1,1,0.000000,0.999990,0.000010,0.000000
28122,0,0,0.995622,0.000001,0.000001,0.004376
12203,1,1,0.000000,0.999978,0.000022,0.000000
16702,1,1,0.000059,0.999892,0.000013,0.000036
15179,1,1,0.000023,0.999962,0.000005,0.000010
32398,0,0,0.996532,0.000001,0.000000,0.003466
9462,1,1,0.000008,0.999985,0.000005,0.000002
14432,1,1,0.000006,0.999990,0.000003,0.000001
27858,0,0,0.994147,0.000001,0.000001,0.005851
25652,0,0,0.994777,0.000001,0.000001,0.005221
21192,1,1,0.000021,0.999965,0.000006,0.000008
29218,0,0,0.995759,0.000001,0.000001,0.004239
16526,1,1,0.000015,0.999976,0.000004,0.000004
1627,3,3,0.000003,0.000002,0.000001,0.999995
16827,1,1,0.000040,0.999930,0.000011,0.000019
15422,1,1,0.000002,0.999997,0.000001,0.000000
15161,1,1,0.000005,0.999992,0.000003,0.000001
2426,3,3,0.000038,0.000006,0.000007,0.999949
27916,0,0,0.997393,0.000001,0.000000,0.002606
19987,1,1,0.000014,0.999975,0.000006,0.000004
20230,1,1,0.000022,0.999963,0.000007,0.000008
27647,0,0,0.995731,0.000001,0.000001,0.004267
11672,1,1,0.000000,0.999990,0.000009,0.000000
704,3,3,0.000001,0.000000,0.000000,0.999998
25203,0,0,0.995461,0.000001,0.000001,0.004537
6423,3,3,0.000616,0.000052,0.000048,0.999285
13996,1,1,0.000030,0.999941,0.000008,0.000021
21965,0,0,0.992345,0.000002,0.000001,0.007652
6923,2,2,0.000000,0.000011,0.999988,0.000000
5615,3,3,0.000616,0.000052,0.000047,0.999285
5837,3,3,0.000604,0.000051,0.000047,0.999299
4167,3,3,0.000003,0.000001,0.000001,0.999995
27676,0,0,0.990602,0.000002,0.000001,0.009394
9739,1,1,0.000000,0.999972,0.000028,0.000000
25160,0,0,0.995402,0.000001,0.000001,0.004596
15804,1,1,0.000003,0.999994,0.000002,0.000001
32640,0,0,0.996504,0.000001,0.000000,0.003494
33090,0,3,0.120755,0.000138,0.000127,0.878980
19596,1,1,0.000011,0.999983,0.000003,0.000003
11,3,3,0.000269,0.000095,0.000061,0.999576
27115,0,0,0.995363,0.000001,0.000001,0.004635
30157,0,0,0.992571,0.000002,0.000001,0.007426
26422,0,0,0.994972,0.000001,0.000001,0.005026
29085,0,0,0.996652,0.000001,0.000000,0.003346
7468,2,2,0.000000,0.000011,0.999989,0.000000
21920,0,0,0.992336,0.000002,0.000001,0.007662
17528,1,1,0.000026,0.999960,0.000005,0.000009
7683,2,2,0.000000,0.000010,0.999990,0.000000
16341,1,1,0.000043,0.999928,0.000011,0.000018
6347,3,3,0.000625,0.000053,0.000049,0.999273
11367,1,1,0.000000,0.999969,0.000030,0.000000
31542,0,0,0.995987,0.000001,0.000001,0.004011
21814,0,0,0.993391,0.000002,0.000001,0.006607
7729,2,2,0.000000,0.000011,0.999988,0.000001
25938,0,0,0.995109,0.000001,0.000001,0.004889
30174,0,0,0.993861,0.000002,0.000001,0.006136
4173,3,3,0.000001,0.000000,0.000000,0.999998
10465,1,1,0.000000,0.999991,0.000009,0.000000
19193,1,1,0.000013,0.999980,0.000004,0.000004
29307,0,0,0.995216,0.000001,0.000001,0.004783
17963,1,1,0.000059,0.999898,0.000008,0.000035
29833,0,0,0.995159,0.000001,0.000001,0.004839
31406,0,0,0.995754,0.000001,0.000001,0.004244
3672,3,3,0.000029,0.000003,0.000005,0.999962
2372,3,3,0.000021,0.000003,0.000004,0.999972
2444,3,3,0.000018,0.000004,0.000003,0.999975
2048,3,3,0.000590,0.000038,0.000044,0.999328
11444,1,1,0.000000,0.999988,0.000012,0.000000
27429,0,0,0.995785,0.000001,0.000001,0.004213
7060,2,2,0.000000,0.000011,0.999989,0.000001
28272,0,0,0.993140,0.000002,0.000001,0.006857
16624,1,1,0.000012,0.999980,0.000004,0.000003
32314,0,0,0.996609,0.000001,0.000000,0.003390
5554,3,3,0.000599,0.000051,0.000047,0.999303
2677,3,3,0.000028,0.000005,0.000005,0.999962
3648,3,3,0.000036,0.000008,0.000010,0.999946
9436,1,1,0.000009,0.999984,0.000005,0.000002
10158,1,1,0.000000,0.999990,0.000010,0.000000
5715,3,3,0.000654,0.000054,0.000050,0.999243
14286,1,1,0.000008,0.999983,0.000005,0.000004
13469,1,1,0.000031,0.999946,0.000006,0.000017
6050,3,3,0.000609,0.000051,0.000047,0.999293
8443,2,2,0.000000,0.000031,0.999968,0.000001
24863,0,0,0.994482,0.000001,0.000001,0.005516
29269,0,0,0.995334,0.000001,0.000001,0.004664
23165,0,0,0.994116,0.000001,0.000001,0.005882
9224,1,1,0.000016,0.999964,0.000014,0.000006
1605,3,3,0.000001,0.000000,0.000000,0.999998
16910,1,1,0.000051,0.999912,0.000012,0.000025
16492,1,1,0.000019,0.999969,0.000006,0.000006
4723,3,3,0.000001,0.000000,0.000000,0.999998
33200,0,3,0.127102,0.000142,0.000129,0.872627
4030,3,3,0.000086,0.000010,0.000014,0.999890
24515,0,0,0.995007,0.000001,0.000001,0.004991
6465,3,3,0.000617,0.000052,0.000048,0.999283
2485,3,3,0.000047,0.000007,0.000007,0.999939
31521,0,0,0.996150,0.000001,0.000001,0.003848
25061,0,0,0.994833,0.000001,0.000001,0.005165
33101,0,3,0.132309,0.000141,0.000128,0.867421
16824,1,1,0.000014,0.999976,0.000007,0.000004
6765,2,2,0.000000,0.000011,0.999989,0.000000
13668,1,1,0.000023,0.999960,0.000007,0.000010
22527,0,0,0.992280,0.000002,0.000001,0.007717
33,3,3,0.000001,0.000000,0.000000,0.999998
27619,0,0,0.994440,0.000001,0.000001,0.005558
22995,0,0,0.990648,0.000002,0.000001,0.009349
18912,1,1,0.000087,0.999837,0.000014,0.000062
27964,0,0,0.993788,0.000001,0.000001,0.006210
6401,3,3,0.000624,0.000052,0.000048,0.999275
28995,0,0,0.996392,0.000001,0.000001,0.003607
6759,2,2,0.000000,0.000022,0.999977,0.000001
8654,2,2,0.000000,0.000010,0.999990,0.000000
25267,0,0,0.994436,0.000001,0.000001,0.005562
25153,0,0,0.994677,0.000001,0.000001,0.005321
18637,1,1,0.000035,0.999939,0.000011,0.000015
15534,1,1,0.000005,0.999992,0.000002,0.000001
12285,1,1,0.000000,0.999983,0.000016,0.000000
20907,1,1,0.000049,0.999916,0.000017,0.000019
4274,3,3,0.000003,0.000001,0.000001,0.999995
15769,1,1,0.000029,0.999954,0.000007,0.000010
24499,0,0,0.994245,0.000001,0.000001,0.005753
29375,0,0,0.993047,0.000002,0.000001,0.006951
18793,1,1,0.000065,0.999885,0.000018,0.000033
28243,0,0,0.996244,0.000001,0.000001,0.003754
7064,2,2,0.000000,0.000031,0.999967,0.000002
26408,0,0,0.994227,0.000001,0.000001,0.005770
454,3,3,0.000008,0.000003,0.000004,0.999985
1007,3,3,0.000006,0.000002,0.000002,0.999990
3240,3,3,0.000078,0.000014,0.000013,0.999894
255,3,3,0.000002,0.000001,0.000001,0.999997
17140,1,1,0.000027,0.999951,0.000012,0.000010
19394,1,1,0.000019,0.999969,0.000004,0.000007
24104,0,0,0.993993,0.000001,0.000001,0.006005
21640,0,0,0.990058,0.000002,0.000001,0.009939
27684,0,0,0.987884,0.000002,0.000001,0.012112
25221,0,0,0.995646,0.000001,0.000001,0.004352
27156,0,0,0.994607,0.000001,0.000001,0.005391
32161,0,0,0.995267,0.000001,0.000001,0.004732
18399,1,1,0.000033,0.999942,0.000008,0.000018
32131,0,0,0.995962,0.000001,0.000001,0.004036
1082,3,3,0.000037,0.000025,0.000017,0.999921
9665,1,1,0.000014,0.999979,0.000003,0.000005
19684,1,1,0.000260,0.999460,0.000031,0.000249
5863,3,3,0.000602,0.000051,0.000047,0.999300
12568,1,1,0.000000,0.999992,0.000008,0.000000
25131,0,0,0.995966,0.000001,0.000001,0.004033
15813,1,1,0.000012,0.999979,0.000005,0.000003
30575,0,0,0.996112,0.000001,0.000001,0.003887
20173,1,1,0.000010,0.999983,0.000004,0.000003
29650,0,0,0.995251,0.000001,0.000001,0.004747
23189,0,0,0.993536,0.000002,0.000001,0.006462
21544,0,0,0.993314,0.000002,0.000001,0.006683
2911,3,3,0.000002,0.000000,0.000001,0.999997
19516,1,1,0.000021,0.999965,0.000006,0.000007
14580,1,1,0.000004,0.999992,0.000003,0.000001
10833,1,1,0.000000,0.999986,0.000013,0.000000
89,3,3,0.000072,0.000036,0.000029,0.999863
28068,0,0,0.995450,0.000001,0.000001,0.004548
29380,0,0,0.995306,0.000001,0.000001,0.004692
10180,1,1,0.000000,0.999994,0.000006,0.000000
29713,0,0,0.992484,0.000002,0.000001,0.007514
24453,0,0,0.994529,0.000001,0.000001,0.005469
13450,1,1,0.000063,0.999850,0.000020,0.000066
930,3,3,0.000002,0.000001,0.000001,0.999997
22707,0,0,0.991714,0.000002,0.000001,0.008283
9533,1,1,0.000026,0.999950,0.000012,0.000011
32596,0,0,0.996048,0.000001,0.000001,0.003951
14373,1,1,0.000007,0.999989,0.000002,0.000002
26778,0,0,0.995829,0.000001,0.000001,0.004169
23455,0,0,0.993400,0.000002,0.000001,0.006598
6735,2,2,0.000000,0.000012,0.999988,0.000000
17143,1,1,0.000031,0.999941,0.000016,0.000011
17770,1,1,0.000010,0.999983,0.000004,0.000003
30856,0,0,0.995353,0.000001,0.000001,0.004645
29617,0,0,0.995266,0.000001,0.000001,0.004732
10938,1,1,0.000000,0.999990,0.000010,0.000000
30038,0,0,0.995393,0.000001,0.000001,0.004605
19524,1,1,0.000058,0.999895,0.000016,0.000031
9010,2,2,0.000029,0.011171,0.988110,0.000690
5359,3,3,0.000830,0.000051,0.000052,0.999067
21673,0,0,0.994496,0.000001,0.000001,0.005502
27632,0,0,0.995570,0.000001,0.000001,0.004428
280,3,3,0.000006,0.000002,0.000002,0.999990
30826,0,0,0.996384,0.000001,0.000001,0.003614
21326,1,1,0.000009,0.999986,0.000002,0.000002
27439,0,0,0.995229,0.000001,0.000001,0.004770
28259,0,0,0.995932,0.000001,0.000001,0.004067
20568,1,1,0.000013,0.999980,0.000004,0.000004
16555,1,1,0.000072,0.999864,0.000014,0.000051
25588,0,0,0.994753,0.000001,0.000001,0.005245
23530,0,0,0.993380,0.000002,0.000001,0.006617
17839,1,1,0.000020,0.999968,0.000006,0.000006
8559,2,2,0.000000,0.000015,0.999985,0.000001
3587,3,3,0.000007,0.000003,0.000003,0.999987
25533,0,0,0.994843,0.000001,0.000001,0.005155
26628,0,0,0.995916,0.000001,0.000001,0.004083
19541,1,1,0.000034,0.999935,0.000009,0.000022
9755,1,1,0.000000,0.999986,0.000013,0.000000
6704,2,2,0.000000,0.000009,0.999990,0.000000
18778,1,1,0.000071,0.999864,0.000016,0.000049
25541,0,0,0.995067,0.000001,0.000001,0.004931
14,3,3,0.000090,0.000052,0.000021,0.999837
7757,2,2,0.000000,0.000024,0.999974,0.000002
13556,1,1,0.000022,0.999958,0.000012,0.000009
32027,0,0,0.995062,0.000001,0.000001,0.004936
6232,3,3,0.000616,0.000052,0.000047,0.999285
12926,1,1,0.000001,0.999917,0.000080,0.000003
2096,3,3,0.000009,0.000003,0.000002,0.999986
23289,0,0,0.993257,0.000002,0.000001,0.006740
31375,0,0,0.995017,0.000001,0.000001,0.004982
22309,0,0,0.993282,0.000002,0.000001,0.006715
21617,0,0,0.993148,0.000002,0.000001,0.006850
30868,0,0,0.995641,0.000001,0.000001,0.004358
5204,3,3,0.000825,0.000051,0.000052,0.999072
15782,1,1,0.000035,0.999930,0.000021,0.000014
23817,0,0,0.994823,0.000001,0.000001,0.005175
28046,0,0,0.995438,0.000001,0.000001,0.004561
6002,3,3,0.000609,0.000051,0.000047,0.999293
27317,0,0,0.995429,0.000001,0.000001,0.004569
1394,3,3,0.000025,0.000013,0.000010,0.999952
20422,1,1,0.000022,0.999961,0.000006,0.000010
5926,3,3,0.000604,0.000051,0.000047,0.999298
9188,1,1,0.000009,0.999983,0.000006,0.000002
431,3,3,0.000001,0.000000,0.000000,0.999999
11651,1,1,0.000000,0.999990,0.000010,0.000000
14842,1,1,0.000016,0.999971,0.000006,0.000007
20285,1,1,0.000040,0.999930,0.000013,0.000017
7195,2,2,0.000000,0.000009,0.999990,0.000000
24254,0,0,0.994041,0.000001,0.000001,0.005957
29563,0,0,0.995772,0.000001,0.000001,0.004227
6677,2,2,0.000000,0.000012,0.999987,0.000001
121,3,3,0.000010,0.000011,0.000004,0.999976
5945,3,3,0.000600,0.000051,0.000047,0.999303
19036,1,1,0.000064,0.999890,0.000012,0.000034
5817,3,3,0.000596,0.000051,0.000046,0.999307
3487,3,3,0.000012,0.000004,0.000008,0.999976
19221,1,1,0.000052,0.999895,0.000009,0.000044
9517,1,1,0.000021,0.999961,0.000012,0.000006
27179,0,0,0.996076,0.000001,0.000001,0.003923
18576,1,1,0.000049,0.999920,0.000008,0.000022
1974,3,3,0.000152,0.000016,0.000018,0.999814
7359,2,2,0.000000,0.000009,0.999990,0.000000
2583,3,3,0.000081,0.000009,0.000010,0.999901
10907,1,1,0.000000,0.999993,0.000007,0.000000
13118,1,1,0.000030,0.999930,0.000015,0.000025
9152,2,2,0.000000,0.000020,0.999979,0.000001
3183,3,3,0.000001,0.000001,0.000000,0.999998
17239,1,1,0.000081,0.999866,0.000016,0.000037
27214,0,0,0.994785,0.000001,0.000001,0.005213
31638,0,0,0.995255,0.000001,0.000001,0.004744
2258,3,3,0.000019,0.000003,0.000004,0.999974
3103,3,3,0.000001,0.000000,0.000000,0.999998
29971,0,0,0.994604,0.000001,0.000001,0.005394
27379,0,0,0.995162,0.000001,0.000001,0.004836
23401,0,0,0.994082,0.000001,0.000001,0.005915
2478,3,3,0.000077,0.000012,0.000010,0.999901
384,3,3,0.000007,0.000003,0.000002,0.999988
32642,0,0,0.995875,0.000001,0.000001,0.004123
793,3,3,0.000046,0.000020,0.000014,0.999920
25065,0,0,0.995388,0.000001,0.000001,0.004611
1315,3,3,0.000011,0.000005,0.000005,0.999979
24094,0,0,0.994084,0.000001,0.000001,0.005914
14792,1,1,0.000019,0.999921,0.000052,0.000008
18733,1,1,0.000054,0.999906,0.000013,0.000027
2805,3,3,0.000011,0.000002,0.000002,0.999985
10211,1,1,0.000000,0.999989,0.000011,0.000000
32447,0,0,0.996558,0.000001,0.000000,0.003441
5803,3,3,0.000594,0.000051,0.000046,0.999309
31207,0,0,0.996219,0.000001,0.000001,0.003779
11617,1,1,0.000000,0.999990,0.000010,0.000000
4834,3,3,0.000002,0.000001,0.000001,0.999997
18865,1,1,0.000047,0.999919,0.000009,0.000025
22982,0,0,0.990886,0.000002,0.000001,0.009110
1290,3,3,0.000003,0.000001,0.000001,0.999996
1384,3,3,0.000011,0.000002,0.000002,0.999985
24508,0,0,0.994801,0.000001,0.000001,0.005197
19842,1,1,0.000007,0.999988,0.000003,0.000002
5429,3,3,0.000722,0.000052,0.000050,0.999176
27792,0,0,0.995112,0.000001,0.000001,0.004886
32360,0,0,0.996552,0.000001,0.000000,0.003447
20531,1,1,0.000026,0.999954,0.000008,0.000012
6938,2,2,0.000000,0.000014,0.999986,0.000001
9743,1,1,0.000000,0.999956,0.000044,0.000000
16068,1,1,0.000027,0.999954,0.000009,0.000011
9923,1,1,0.000000,0.999981,0.000019,0.000000
18248,1,1,0.000036,0.999942,0.000009,0.000014
24001,0,0,0.993588,0.000002,0.000001,0.006409
20,3,3,0.000339,0.000120,0.000059,0.999482
8630,2,2,0.000000,0.000062,0.999933,0.000005
25882,0,0,0.995330,0.000001,0.000001,0.004668
29112,0,0,0.996861,0.000001,0.000000,0.003138
3343,3,3,0.000007,0.000001,0.000002,0.999990
23528,0,0,0.993458,0.000002,0.000001,0.006540
236,3,3,0.000012,0.000003,0.000003,0.999982
27188,0,0,0.995988,0.000001,0.000001,0.004011
12236,1,1,0.000000,0.999990,0.000010,0.000000
23440,0,0,0.992205,0.000002,0.000001,0.007792
25231,0,0,0.994685,0.000001,0.000001,0.005314
7287,2,2,0.000000,0.000012,0.999987,0.000001
11283,1,1,0.000000,0.999988,0.000011,0.000000
7170,2,2,0.000000,0.000012,0.999988,0.000001
20512,1,1,0.000012,0.999980,0.000004,0.000004
10521,1,1,0.000000,0.999975,0.000024,0.000000
10271,1,1,0.000000,0.999985,0.000015,0.000000
11638,1,1,0.000000,0.999985,0.000015,0.000000
13781,1,1,0.000098,0.999809,0.000019,0.000074
30060,0,0,0.990999,0.000002,0.000001,0.008998
10265,1,1,0.000000,0.999991,0.000009,0.000000
17224,1,1,0.000059,0.999899,0.000014,0.000028
1408,3,3,0.000044,0.000014,0.000017,0.999925
2227,3,3,0.000037,0.000005,0.000007,0.999951
32117,0,0,0.995223,0.000001,0.000001,0.004776
18974,1,1,0.000030,0.999949,0.000007,0.000013
5195,3,3,0.000832,0.000052,0.000052,0.999064
20970,1,1,0.000010,0.999983,0.000004,0.000002
29478,0,0,0.996707,0.000001,0.000000,0.003291
26566,0,0,0.995691,0.000001,0.000001,0.004307
26303,0,0,0.995582,0.000001,0.000001,0.004416
6565,3,3,0.001558,0.000260,0.000219,0.997964
2244,3,3,0.000421,0.000093,0.000066,0.999421
5052,3,3,0.000123,0.000022,0.000047,0.999808
28179,0,0,0.994668,0.000001,0.000001,0.005329
8227,2,2,0.000000,0.000009,0.999991,0.000000
5957,3,3,0.000598,0.000051,0.000046,0.999304
20005,1,1,0.000008,0.999986,0.000004,0.000002
28859,0,0,0.997318,0.000001,0.000000,0.002681
10806,1,1,0.000000,0.999992,0.000008,0.000000
6736,2,2,0.000000,0.000012,0.999988,0.000000
7887,2,2,0.000000,0.000011,0.999989,0.000000
19871,1,1,0.000012,0.999979,0.000005,0.000003
809,3,3,0.000011,0.000002,0.000005,0.999982
10638,1,1,0.000000,0.999989,0.000011,0.000000
17269,1,1,0.000050,0.999919,0.000012,0.000020
15505,1,1,0.000018,0.999963,0.000013,0.000005
25316,0,0,0.994889,0.000001,0.000001,0.005109
1202,3,3,0.000003,0.000001,0.000001,0.999995
1382,3,3,0.000014,0.000003,0.000003,0.999980
7677,2,2,0.000000,0.000015,0.999984,0.000001
27117,0,0,0.995065,0.000001,0.000001,0.004933
10378,1,1,0.000000,0.999986,0.000014,0.000000
18642,1,1,0.000035,0.999942,0.000010,0.000014
31639,0,0,0.996183,0.000001,0.000001,0.003816
31170,0,0,0.995940,0.000001,0.000001,0.004058
11285,1,1,0.000000,0.999991,0.000009,0.000000
1651,3,3,0.000002,0.000001,0.000001,0.999997
6557,3,3,0.000654,0.000051,0.000047,0.999248
2036,3,3,0.000009,0.000004,0.000003,0.999985
30211,0,0,0.996297,0.000001,0.000001,0.003701
7262,2,2,0.000000,0.000012,0.999988,0.000000
6627,2,2,0.000000,0.000015,0.999984,0.000001
19217,1,1,0.000078,0.999846,0.000026,0.000050
3895,3,3,0.000002,0.000001,0.000001,0.999996
11498,1,1,0.000000,0.999992,0.000008,0.000000
12697,1,1,0.000345,0.993403,0.003231,0.003021
339,3,3,0.000002,0.000001,0.000001,0.999997
31969,0,0,0.996278,0.000001,0.000001,0.003721
29521,0,0,0.995206,0.000001,0.000001,0.004792
24257,0,0,0.993780,0.000001,0.000001,0.006218
30409,0,0,0.994577,0.000001,0.000001,0.005421
33265,0,3,0.134442,0.000140,0.000127,0.865292
30591,0,0,0.996253,0.000001,0.000001,0.003745
25859,0,0,0.995736,0.000001,0.000001,0.004262
2904,3,3,0.000001,0.000000,0.000000,0.999998
25967,0,0,0.995070,0.000001,0.000001,0.004928
16704,1,1,0.000079,0.999850,0.000011,0.000060
26187,0,0,0.995491,0.000001,0.000001,0.004507
660,3,3,0.000020,0.000004,0.000005,0.999972
1700,3,3,0.000002,0.000001,0.000000,0.999997
26860,0,0,0.995285,0.000001,0.000001,0.004713
22117,0,0,0.992680,0.000002,0.000001,0.007317
16529,1,1,0.000051,0.999914,0.000011,0.000024
32394,0,0,0.995363,0.000001,0.000001,0.004636
14217,1,1,0.000022,0.999964,0.000007,0.000008
23330,0,0,0.991857,0.000002,0.000001,0.008140
8360,2,2,0.000000,0.000010,0.999989,0.000000
616,3,3,0.000079,0.000028,0.000021,0.999872
16973,1,1,0.000032,0.999949,0.000007,0.000012
19198,1,1,0.000032,0.999947,0.000007,0.000014
21233,1,1,0.000018,0.999972,0.000005,0.000005
17688,1,1,0.000040,0.999931,0.000011,0.000017
17967,1,1,0.000029,0.999952,0.000006,0.000012
13175,1,1,0.000019,0.999968,0.000003,0.000009
4851,3,3,0.000002,0.000001,0.000001,0.999996
5252,3,3,0.000805,0.000051,0.000051,0.999093
22350,0,0,0.988903,0.000002,0.000001,0.011094
4075,3,3,0.000009,0.000002,0.000002,0.999986
11981,1,1,0.000000,0.999983,0.000016,0.000000
25842,0,0,0.994707,0.000001,0.000001,0.005291
17937,1,1,0.000027,0.999955,0.000007,0.000011
1256,3,3,0.000005,0.000001,0.000007,0.999987
15816,1,1,0.000011,0.999982,0.000003,0.000003
25031,0,0,0.995760,0.000001,0.000001,0.004238
21528,0,0,0.991750,0.000002,0.000001,0.008247
14322,1,1,0.000028,0.999952,0.000007,0.000013
11019,1,1,0.000000,0.999986,0.000013,0.000000
16939,1,1,0.000016,0.999972,0.000006,0.000005
2623,3,3,0.000003,0.000001,0.000001,0.999995
1029,3,3,0.000014,0.000004,0.000005,0.999977
15128,1,1,0.000017,0.999973,0.000003,0.000007
23834,0,0,0.992441,0.000002,0.000001,0.007556
27513,0,0,0.995105,0.000001,0.000001,0.004893
13264,1,1,0.000020,0.999966,0.000006,0.000008
3486,3,3,0.000007,0.000002,0.000003,0.999987
30501,0,0,0.994808,0.000001,0.000001,0.005190
18599,1,1,0.000112,0.999735,0.000018,0.000135
28192,0,0,0.995830,0.000001,0.000001,0.004169
23610,0,0,0.994170,0.000001,0.000001,0.005828
17058,1,1,0.000032,0.999943,0.000009,0.000015
30738,0,0,0.996404,0.000001,0.000001,0.003595
30057,0,0,0.994599,0.000001,0.000001,0.005399
17722,1,1,0.000047,0.999921,0.000009,0.000023
17965,1,1,0.000035,0.999942,0.000007,0.000015
321,3,3,0.000022,0.000003,0.000004,0.999971
14408,1,1,0.000032,0.999953,0.000005,0.000011
9781,1,1,0.000000,0.999980,0.000020,0.000000
7594,2,2,0.000000,0.000013,0.999987,0.000001
16850,1,1,0.000020,0.999967,0.000006,0.000007
24781,0,0,0.995477,0.000001,0.000001,0.004521
27694,0,0,0.993654,0.000001,0.000001,0.006344
18525,1,1,0.000060,0.999898,0.000013,0.000030
28135,0,0,0.995993,0.000001,0.000001,0.004006
9095,2,2,0.000000,0.000009,0.999990,0.000000
20681,1,1,0.000033,0.999943,0.000008,0.000015
2411,3,3,0.000115,0.000016,0.000015,0.999854
8280,2,2,0.000000,0.000015,0.999984,0.000001
5421,3,3,0.000691,0.000053,0.000051,0.999205
24269,0,0,0.993317,0.000002,0.000001,0.006680
8262,2,2,0.000000,0.000010,0.999989,0.000000
20279,1,1,0.000010,0.999983,0.000004,0.000003
33044,0,3,0.156884,0.000138,0.000124,0.842855
15221,1,1,0.000004,0.999994,0.000002,0.000001
20361,1,1,0.000014,0.999978,0.000005,0.000004
20387,1,1,0.000023,0.999962,0.000008,0.000008
7315,2,2,0.000000,0.000010,0.999990,0.000000
31689,0,0,0.996355,0.000001,0.000001,0.003644
9566,1,1,0.000046,0.999906,0.000027,0.000022
21914,0,0,0.992493,0.000002,0.000001,0.007504
1817,3,3,0.000002,0.000001,0.000001,0.999996
30546,0,0,0.996585,0.000001,0.000000,0.003414
26126,0,0,0.996177,0.000001,0.000001,0.003822
28001,0,0,0.995151,0.000001,0.000001,0.004847
28505,0,0,0.990272,0.000002,0.000001,0.009725
10133,1,1,0.000000,0.999991,0.000009,0.000000
32728,0,0,0.996641,0.000001,0.000000,0.003357
2356,3,3,0.000003,0.000001,0.000001,0.999995
10386,1,1,0.000000,0.999984,0.000016,0.000000
31256,0,0,0.995663,0.000001,0.000001,0.004336
28370,0,0,0.995250,0.000001,0.000001,0.004748
26814,0,0,0.995720,0.000001,0.000001,0.004278
9407,1,1,0.000005,0.999992,0.000003,0.000001
4353,3,3,0.000006,0.000001,0.000002,0.999991
5403,3,3,0.000733,0.000049,0.000048,0.999170
14611,1,1,0.000028,0.999943,0.000016,0.000013
10093,1,1,0.000000,0.999978,0.000022,0.000000
14107,1,1,0.000006,0.999988,0.000004,0.000002
6829,2,2,0.000000,0.000021,0.999979,0.000001
15055,1,1,0.000010,0.999982,0.000004,0.000004
22365,0,0,0.990475,0.000002,0.000001,0.009522
30526,0,0,0.996501,0.000001,0.000000,0.003498
17207,1,1,0.000030,0.999950,0.000011,0.000010
27696,0,0,0.996433,0.000001,0.000000,0.003565
26579,0,0,0.993989,0.000001,0.000001,0.006009
27022,0,0,0.995765,0.000001,0.000001,0.004234
17414,1,1,0.000013,0.999979,0.000004,0.000004
8609,2,2,0.000000,0.000022,0.999977,0.000001
701,3,3,0.000042,0.000011,0.000103,0.999843
27523,0,0,0.996030,0.000001,0.000001,0.003969
16755,1,1,0.000021,0.999959,0.000009,0.000010
1018,3,3,0.000004,0.000003,0.000001,0.999992
32743,0,0,0.996140,0.000001,0.000001,0.003858
16236,1,1,0.000018,0.999971,0.000005,0.000006
5872,3,3,0.000615,0.000052,0.000047,0.999286
3207,3,3,0.000002,0.000001,0.000001,0.999996
7588,2,2,0.000000,0.000011,0.999988,0.000000
32391,0,0,0.997094,0.000001,0.000000,0.002905
23462,0,0,0.994217,0.000001,0.000001,0.005781
17136,1,1,0.000028,0.999955,0.000007,0.000010
11640,1,1,0.000000,0.999993,0.000007,0.000000
1667,3,3,0.000007,0.000002,0.000002,0.999990
3440,3,3,0.000006,0.000002,0.000002,0.999990
16343,1,1,0.000047,0.999919,0.000011,0.000023
33109,0,3,0.136386,0.000141,0.000128,0.863344
27481,0,0,0.994603,0.000001,0.000001,0.005395
3167,3,3,0.000014,0.000004,0.000003,0.999979
29601,0,0,0.993175,0.000002,0.000001,0.006822
29836,0,0,0.991978,0.000002,0.000001,0.008019
14883,1,1,0.000003,0.999996,0.000001,0.000001
15142,1,1,0.000002,0.999996,0.000001,0.000000
6728,2,2,0.000000,0.000008,0.999991,0.000000
27669,0,0,0.993481,0.000002,0.000001,0.006517
19986,1,1,0.000016,0.999973,0.000006,0.000005
21400,0,0,0.997651,0.000001,0.000000,0.002348
8567,2,2,0.000000,0.000010,0.999990,0.000000
22237,0,0,0.992378,0.000002,0.000001,0.007619
3958,3,3,0.000007,0.000003,0.000002,0.999988
19087,1,1,0.000055,0.999896,0.000022,0.000027
16153,1,1,0.000103,0.999796,0.000015,0.000086
29747,0,0,0.995204,0.000001,0.000001,0.004794
3498,3,3,0.000008,0.000002,0.000002,0.999988
26443,0,0,0.995011,0.000001,0.000001,0.004987
15986,1,1,0.000014,0.999977,0.000004,0.000005
21984,0,0,0.993889,0.000001,0.000001,0.006109
11096,1,1,0.000000,0.999987,0.000013,0.000000
3638,3,3,0.000003,0.000001,0.000001,0.999995
33068,0,3,0.219637,0.000135,0.000116,0.780112
18896,1,1,0.000114,0.999794,0.000023,0.000069
16669,1,1,0.000024,0.999960,0.000008,0.000008
23715,0,0,0.995798,0.000001,0.000001,0.004200
28123,0,0,0.995776,0.000001,0.000001,0.004222
12327,1,1,0.000000,0.999981,0.000019,0.000000
17632,1,1,0.000056,0.999901,0.000012,0.000031
8540,2,2,0.000000,0.000018,0.999981,0.000001
30332,0,0,0.996208,0.000001,0.000001,0.003791
25230,0,0,0.993890,0.000001,0.000001,0.006108
24114,0,0,0.992992,0.000002,0.000001,0.007005
20563,1,1,0.000014,0.999977,0.000004,0.000005
8039,2,2,0.000000,0.000009,0.999991,0.000000
525,3,3,0.000001,0.000001,0.000001,0.999997
26186,0,0,0.995562,0.000001,0.000001,0.004436
23169,0,0,0.993746,0.000002,0.000001,0.006252
20488,1,1,0.000010,0.999982,0.000005,0.000003
23365,0,0,0.993628,0.000002,0.000001,0.006370
5543,3,3,0.000617,0.000052,0.000048,0.999284
17642,1,1,0.000055,0.999897,0.000024,0.000024
11723,1,1,0.000000,0.999991,0.000008,0.000000
18529,1,1,0.000009,0.999986,0.000002,0.000003
18618,1,1,0.000017,0.999973,0.000004,0.000007
27380,0,0,0.994761,0.000001,0.000001,0.005237
11930,1,1,0.000000,0.999973,0.000027,0.000000
4187,3,3,0.000001,0.000000,0.000000,0.999998
31869,0,0,0.996299,0.000001,0.000001,0.003700
3668,3,3,0.000021,0.000003,0.000004,0.999972
13431,1,1,0.000007,0.999987,0.000004,0.000002
17457,1,1,0.000010,0.999984,0.000003,0.000003
3761,3,3,0.000012,0.000002,0.000003,0.999982
25074,0,0,0.995148,0.000001,0.000001,0.004850
8393,2,2,0.000000,0.000046,0.999951,0.000003
4878,3,3,0.000002,0.000001,0.000001,0.999996
20194,1,1,0.000031,0.999946,0.000008,0.000015
8682,2,2,0.000000,0.000009,0.999991,0.000000
25039,0,0,0.996355,0.000001,0.000001,0.003644
16675,1,1,0.000020,0.999968,0.000006,0.000006
26956,0,0,0.995464,0.000001,0.000001,0.004535
24546,0,0,0.995003,0.000001,0.000001,0.004995
31179,0,0,0.996271,0.000001,0.000001,0.003728
19970,1,1,0.000017,0.999972,0.000005,0.000005
9344,1,1,0.000011,0.999981,0.000006,0.000003
31691,0,0,0.996604,0.000001,0.000000,0.003394
8497,2,2,0.000000,0.000015,0.999984,0.000001
22341,0,0,0.990285,0.000002,0.000001,0.009712
19743,1,1,0.000031,0.999950,0.000008,0.000012
9098,2,2,0.000000,0.000011,0.999988,0.000000
22570,0,0,0.989913,0.000002,0.000001,0.010083
10709,1,1,0.000000,0.999994,0.000006,0.000000
14986,1,1,0.000002,0.999996,0.000001,0.000000
30014,0,0,0.992539,0.000002,0.000001,0.007458
23191,0,0,0.994266,0.000001,0.000001,0.005732
24582,0,0,0.994707,0.000001,0.000001,0.005291
9780,1,1,0.000000,0.999971,0.000028,0.000000
15795,1,1,0.000008,0.999986,0.000003,0.000002
1360,3,3,0.000123,0.000053,0.000035,0.999790
21469,0,0,0.993614,0.000002,0.000001,0.006384
32020,0,0,0.995930,0.000001,0.000001,0.004068
22516,0,0,0.991167,0.000002,0.000001,0.008830
17573,1,1,0.000107,0.999806,0.000020,0.000067
15039,1,1,0.000001,0.999998,0.000001,0.000000
29581,0,0,0.996423,0.000001,0.000001,0.003576
11937,1,1,0.000000,0.999965,0.000035,0.000000
29395,0,0,0.994945,0.000001,0.000001,0.005053
20675,1,1,0.000017,0.999973,0.000004,0.000006
3994,3,3,0.000017,0.000004,0.000005,0.999974
246,3,3,0.000003,0.000002,0.000001,0.999995
26979,0,0,0.994626,0.000001,0.000001,0.005372
1066,3,3,0.000002,0.000001,0.000001,0.999997
17782,1,1,0.000034,0.999942,0.000007,0.000017
31464,0,0,0.996096,0.000001,0.000001,0.003902
23750,0,0,0.992820,0.000002,0.000001,0.007177
12504,1,1,0.000000,0.999985,0.000015,0.000000
8734,2,2,0.000000,0.000013,0.999987,0.000000
11002,1,1,0.000000,0.999971,0.000029,0.000000
20472,1,1,0.000030,0.999947,0.000012,0.000011
3616,3,3,0.000229,0.000129,0.000113,0.999529
29867,0,0,0.988089,0.000003,0.000001,0.011907
13855,1,1,0.000024,0.999957,0.000008,0.000011
11064,1,1,0.000000,0.999989,0.000011,0.000000
9427,1,1,0.000032,0.999937,0.000016,0.000015
26250,0,0,0.994900,0.000001,0.000001,0.005098
5826,3,3,0.000592,0.000051,0.000046,0.999311
1058,3,3,0.000003,0.000001,0.000001,0.999996
14086,1,1,0.000251,0.999220,0.000045,0.000485
15110,1,1,0.000010,0.999985,0.000003,0.000002
21521,0,0,0.992313,0.000002,0.000001,0.007684
24884,0,0,0.995974,0.000001,0.000001,0.004024
28503,0,0,0.992043,0.000002,0.000001,0.007954
17094,1,1,0.000048,0.999918,0.000010,0.000024
32881,0,3,0.184560,0.000143,0.000125,0.815171
25209,0,0,0.995728,0.000001,0.000001,0.004270
21736,0,0,0.992788,0.000002,0.000001,0.007209
4329,3,3,0.000041,0.000005,0.000006,0.999947
14928,1,1,0.000004,0.999993,0.000002,0.000001
15633,1,1,0.000004,0.999994,0.000002,0.000001
26569,0,0,0.995070,0.000001,0.000001,0.004928
8661,2,2,0.000000,0.000023,0.999976,0.000001
30719,0,0,0.996251,0.000001,0.000001,0.003747
22436,0,0,0.979917,0.000004,0.000002,0.020076
17728,1,1,0.000022,0.999964,0.000007,0.000008
4614,3,3,0.000003,0.000001,0.000001,0.999995
21282,1,1,0.000017,0.999971,0.000006,0.000005
26110,0,0,0.995643,0.000001,0.000001,0.004356
2470,3,3,0.000010,0.000002,0.000002,0.999986
574,3,3,0.000003,0.000001,0.000001,0.999995
31354,0,0,0.995281,0.000001,0.000001,0.004717
6885,2,2,0.000000,0.000011,0.999988,0.000000
30991,0,0,0.995444,0.000001,0.000001,0.004555
25412,0,0,0.994302,0.000001,0.000001,0.005696
7044,2,2,0.000000,0.000010,0.999990,0.000000
4954,3,3,0.000071,0.000022,0.000014,0.999893
7824,2,2,0.000000,0.000012,0.999987,0.000000
27084,0,0,0.995534,0.000001,0.000001,0.004465
0,3,3,0.000003,0.000004,0.000001,0.999992
8642,2,2,0.000000,0.000010,0.999990,0.000000
8071,2,2,0.000000,0.000012,0.999988,0.000000
11252,1,1,0.000000,0.999994,0.000006,0.000000
28748,0,0,0.994729,0.000001,0.000001,0.005269
27310,0,0,0.996098,0.000001,0.000001,0.003900
6451,3,3,0.000616,0.000052,0.000048,0.999284
19546,1,1,0.000055,0.999895,0.000012,0.000038
25562,0,0,0.995749,0.000001,0.000001,0.004250
7838,2,2,0.000000,0.000008,0.999992,0.000000
29064,0,0,0.996372,0.000001,0.000000,0.003627
24474,0,0,0.995101,0.000001,0.000001,0.004897
16280,1,1,0.000076,0.999855,0.000012,0.000056
10681,1,1,0.000000,0.999985,0.000015,0.000000
19750,1,1,0.000031,0.999947,0.000007,0.000015
1429,3,3,0.000058,0.000009,0.000010,0.999923
6664,2,2,0.000000,0.000013,0.999987,0.000001
14934,1,1,0.000012,0.999979,0.000006,0.000003
12752,1,1,0.000000,0.999991,0.000009,0.000000
3266,3,3,0.000008,0.000002,0.000002,0.999987
21012,1,1,0.000009,0.999985,0.000003,0.000003
1617,3,3,0.000001,0.000000,0.000000,0.999999
25590,0,0,0.994863,0.000001,0.000001,0.005135
30023,0,0,0.992696,0.000002,0.000001,0.007301
14471,1,1,0.000021,0.999965,0.000004,0.000011
30554,0,0,0.996522,0.000001,0.000000,0.003477
2551,3,3,0.000015,0.000004,0.000003,0.999978
3950,3,3,0.000007,0.000001,0.000002,0.999990
13895,1,1,0.000254,0.999441,0.000027,0.000277
29239,0,0,0.996113,0.000001,0.000001,0.003886
2185,3,3,0.000037,0.000006,0.000006,0.999951
16379,1,1,0.000012,0.999982,0.000003,0.000004
9497,1,1,0.000028,0.999943,0.000015,0.000014
19929,1,1,0.000014,0.999976,0.000004,0.000006
12297,1,1,0.000000,0.999992,0.000008,0.000000
32855,0,0,0.996745,0.000001,0.000000,0.003253
5914,3,3,0.000599,0.000051,0.000047,0.999304
23451,0,0,0.994440,0.000001,0.000001,0.005558
23201,0,0,0.994820,0.000001,0.000001,0.005178
14773,1,1,0.000064,0.999882,0.000010,0.000043
10286,1,1,0.000000,0.999949,0.000050,0.000001
4418,3,3,0.000003,0.000001,0.000001,0.999996
25254,0,0,0.994756,0.000001,0.000001,0.005242
11941,1,1,0.000000,0.999935,0.000064,0.000001
17634,1,1,0.000023,0.999963,0.000006,0.000008
16964,1,1,0.000063,0.999895,0.000013,0.000030
29926,0,0,0.995984,0.000001,0.000001,0.004014
8228,2,2,0.000000,0.000009,0.999990,0.000000
13829,1,1,0.000031,0.999938,0.000009,0.000023
107,3,3,0.000058,0.000105,0.000023,0.999814
20756,1,1,0.000013,0.999981,0.000003,0.000004
32338,0,0,0.995778,0.000001,0.000001,0.004220
12060,1,1,0.000000,0.999969,0.000031,0.000000
14901,1,1,0.000025,0.999955,0.000006,0.000014
28546,0,0,0.996790,0.000001,0.000000,0.003209
15508,1,1,0.000004,0.999994,0.000001,0.000001
16323,1,1,0.000046,0.999920,0.000013,0.000021
22647,0,0,0.992272,0.000002,0.000001,0.007725
17810,1,1,0.000034,0.999946,0.000006,0.000013
31972,0,0,0.997041,0.000001,0.000000,0.002958
18906,1,1,0.000104,0.999793,0.000025,0.000078
12861,1,1,0.000000,0.999973,0.000027,0.000000
24619,0,0,0.994660,0.000001,0.000001,0.005338
11012,1,1,0.000000,0.999989,0.000011,0.000000
8667,2,2,0.000000,0.000025,0.999974,0.000001
15191,1,1,0.000033,0.999952,0.000007,0.000009
19192,1,1,0.000015,0.999976,0.000004,0.000005
28285,0,0,0.992183,0.000002,0.000001,0.007815
2328,3,3,0.000226,0.000015,0.000025,0.999733
25138,0,0,0.995905,0.000001,0.000001,0.004093
13141,1,1,0.000031,0.999946,0.000007,0.000016
32521,0,0,0.995111,0.000001,0.000001,0.004887
5494,3,3,0.000620,0.000052,0.000048,0.999280
31290,0,0,0.996275,0.000001,0.000001,0.003724
5607,3,3,0.000602,0.000051,0.000047,0.999300
32403,0,0,0.995627,0.000001,0.000001,0.004372
11826,1,1,0.000000,0.999956,0.000043,0.000000
15995,1,1,0.000052,0.999912,0.000010,0.000026
882,3,3,0.000003,0.000001,0.000001,0.999995
18423,1,1,0.000072,0.999880,0.000018,0.000030
16662,1,1,0.000138,0.999726,0.000032,0.000103
23819,0,0,0.993787,0.000001,0.000001,0.006211
4796,3,3,0.000003,0.000001,0.000001,0.999995
10960,1,1,0.000000,0.999992,0.000008,0.000000
26991,0,0,0.995358,0.000001,0.000001,0.004641
15401,1,1,0.000002,0.999997,0.000001,0.000000
8046,2,2,0.000000,0.000009,0.999991,0.000000
12807,1,1,0.000000,0.999991,0.000009,0.000000
14794,1,1,0.000005,0.999991,0.000002,0.000001
9766,1,1,0.000000,0.999925,0.000075,0.000000
31966,0,0,0.995501,0.000001,0.000001,0.004497
12920,1,1,0.000000,0.999972,0.000027,0.000000
21685,0,0,0.993483,0.000002,0.000001,0.006514
25968,0,0,0.994741,0.000001,0.000001,0.005257
27627,0,0,0.994477,0.000001,0.000001,0.005521
4435,3,3,0.000008,0.000002,0.000002,0.999987
25623,0,0,0.995370,0.000001,0.000001,0.004628
30521,0,0,0.994029,0.000001,0.000001,0.005969
14333,1,1,0.000087,0.999859,0.000014,0.000040
2409,3,3,0.000082,0.000013,0.000011,0.999894
25107,0,0,0.994790,0.000001,0.000001,0.005208
15953,1,1,0.000033,0.999941,0.000011,0.000014
27246,0,0,0.995778,0.000001,0.000001,0.004221
29088,0,0,0.994514,0.000001,0.000001,0.005484
15965,1,1,0.000011,0.999981,0.000005,0.000003
6575,2,2,0.000108,0.097327,0.901968,0.000597
15173,1,1,0.000021,0.999952,0.000015,0.000013
29946,0,0,0.994219,0.000001,0.000001,0.005779
29501,0,0,0.996545,0.000001,0.000000,0.003454
13960,1,1,0.000061,0.999904,0.000014,0.000021
10322,1,1,0.000000,0.999990,0.000010,0.000000
2469,3,3,0.000241,0.000020,0.000021,0.999718
5471,3,3,0.000690,0.000051,0.000049,0.999210
1543,3,3,0.000001,0.000000,0.000000,0.999998
28167,0,0,0.995749,0.000001,0.000001,0.004249
3401,3,3,0.000011,0.000002,0.000003,0.999984
32153,0,0,0.995994,0.000001,0.000001,0.004004
26295,0,0,0.995201,0.000001,0.000001,0.004797
25288,0,0,0.995127,0.000001,0.000001,0.004871
27375,0,0,0.995632,0.000001,0.000001,0.004367
21160,1,1,0.000010,0.999985,0.000003,0.000002
25526,0,0,0.993901,0.000001,0.000001,0.006096
31741,0,0,0.994762,0.000001,0.000001,0.005236
7286,2,2,0.000000,0.000011,0.999989,0.000000
29780,0,0,0.993674,0.000002,0.000001,0.006323
31291,0,0,0.995689,0.000001,0.000001,0.004309
30178,0,0,0.995385,0.000001,0.000001,0.004613
3594,3,3,0.000024,0.000003,0.000004,0.999969
6646,2,2,0.000000,0.000012,0.999988,0.000000
11836,1,1,0.000000,0.999904,0.000094,0.000002
23584,0,0,0.992610,0.000002,0.000001,0.007387
18982,1,1,0.000015,0.999977,0.000004,0.000004
15607,1,1,0.000004,0.999993,0.000002,0.000001
13877,1,1,0.000286,0.999218,0.000077,0.000419
464,3,3,0.000015,0.000004,0.000008,0.999973
15096,1,1,0.000115,0.999723,0.000021,0.000140
23734,0,0,0.992731,0.000002,0.000001,0.007266
12378,1,1,0.000000,0.999990,0.000010,0.000000
23243,0,0,0.993047,0.000002,0.000001,0.006951
20087,1,1,0.000045,0.999920,0.000013,0.000022
13570,1,1,0.000013,0.999977,0.000007,0.000003
2024,3,3,0.000037,0.000005,0.000008,0.999951
22060,0,0,0.994451,0.000001,0.000001,0.005547
9686,1,1,0.000009,0.999987,0.000002,0.000002
13835,1,1,0.000017,0.999972,0.000006,0.000005
3646,3,3,0.000010,0.000002,0.000003,0.999985
18269,1,1,0.000038,0.999939,0.000007,0.000017
16241,1,1,0.000034,0.999939,0.000007,0.000020
15778,1,1,0.000144,0.999530,0.000224,0.000102
27488,0,0,0.996401,0.000001,0.000001,0.003597
7575,2,2,0.000000,0.000013,0.999987,0.000001
26960,0,0,0.995341,0.000001,0.000001,0.004657
30107,0,0,0.994963,0.000001,0.000001,0.005035
19880,1,1,0.000019,0.999968,0.000008,0.000006
31956,0,0,0.995682,0.000001,0.000001,0.004316
17569,1,1,0.000204,0.999500,0.000018,0.000278
32926,0,3,0.173877,0.000142,0.000125,0.825857
13525,1,1,0.000047,0.999917,0.000017,0.000019
21085,1,1,0.000022,0.999962,0.000008,0.000008
31024,0,0,0.994942,0.000001,0.000001,0.005056
12764,1,1,0.000000,0.999994,0.000006,0.000000
7801,2,2,0.000000,0.000009,0.999990,0.000000
13509,1,1,0.000032,0.999952,0.000007,0.000009
4370,3,3,0.000013,0.000004,0.000003,0.999980
21071,1,1,0.000010,0.999984,0.000004,0.000003
7250,2,2,0.000000,0.000009,0.999991,0.000000
7528,2,2,0.000000,0.000012,0.999987,0.000000
31503,0,0,0.995496,0.000001,0.000001,0.004502
23596,0,0,0.993536,0.000002,0.000001,0.006461
6550,3,3,0.003521,0.000115,0.000129,0.996235
16141,1,1,0.000061,0.999885,0.000010,0.000043
18369,1,1,0.000051,0.999914,0.000014,0.000021
5253,3,3,0.000806,0.000051,0.000051,0.999092
18421,1,1,0.000010,0.999984,0.000003,0.000002
26335,0,0,0.996154,0.000001,0.000001,0.003845
5979,3,3,0.000609,0.000051,0.000047,0.999293
15925,1,1,0.000184,0.999594,0.000045,0.000177
32867,0,0,0.996961,0.000001,0.000000,0.003038
27795,0,0,0.995069,0.000001,0.000001,0.004929
13917,1,1,0.000002,0.999997,0.000001,0.000000
23942,0,0,0.993849,0.000001,0.000001,0.006149
111,3,3,0.000011,0.000008,0.000005,0.999976
5003,3,3,0.000026,0.000008,0.000004,0.999961
15435,1,1,0.000004,0.999994,0.000002,0.000001
7768,2,2,0.000000,0.000014,0.999986,0.000000
18758,1,1,0.000013,0.999979,0.000004,0.000004
31368,0,0,0.995317,0.000001,0.000001,0.004681
3322,3,3,0.000002,0.000001,0.000001,0.999996
18718,1,1,0.000121,0.999758,0.000044,0.000077
7770,2,2,0.000000,0.000012,0.999987,0.000001
29697,0,0,0.995812,0.000001,0.000001,0.004186
15981,1,1,0.000050,0.999919,0.000012,0.000019
2621,3,3,0.000007,0.000002,0.000001,0.999989
10722,1,1,0.000000,0.999987,0.000013,0.000000
36,3,3,0.000006,0.000002,0.000002,0.999991
7747,2,2,0.000000,0.000014,0.999985,0.000001
7218,2,2,0.000000,0.000008,0.999991,0.000000
13441,1,1,0.000013,0.999979,0.000003,0.000005
19037,1,1,0.000012,0.999981,0.000004,0.000003
24442,0,0,0.994256,0.000001,0.000001,0.005742
3024,3,3,0.000014,0.000003,0.000003,0.999980
4987,3,3,0.000019,0.000004,0.000003,0.999974
32606,0,0,0.995952,0.000001,0.000001,0.004047
7478,2,2,0.000000,0.000018,0.999981,0.000001
14001,1,1,0.000017,0.999975,0.000004,0.000004
4604,3,3,0.000002,0.000001,0.000000,0.999997
24734,0,0,0.993622,0.000002,0.000001,0.006376
17793,1,1,0.000045,0.999924,0.000008,0.000023
32592,0,0,0.996094,0.000001,0.000001,0.003904
2233,3,3,0.000009,0.000002,0.000002,0.999987
29743,0,0,0.994413,0.000001,0.000001,0.005585
24111,0,0,0.994329,0.000001,0.000001,0.005669
28085,0,0,0.995144,0.000001,0.000001,0.004854
21653,0,0,0.993069,0.000002,0.000001,0.006929
21947,0,0,0.994055,0.000001,0.000001,0.005943
15187,1,1,0.000043,0.999906,0.000030,0.000021
5804,3,3,0.000591,0.000051,0.000046,0.999312
5484,3,3,0.000622,0.000052,0.000048,0.999278
15757,1,1,0.000012,0.999980,0.000005,0.000004
20904,1,1,0.000026,0.999957,0.000005,0.000011
12418,1,1,0.000000,0.999980,0.000019,0.000000
7175,2,2,0.000000,0.000009,0.999991,0.000000
4826,3,3,0.000005,0.000001,0.000001,0.999992
5380,3,3,0.000817,0.000051,0.000052,0.999080
22406,0,0,0.985897,0.000003,0.000002,0.014098
29968,0,0,0.995145,0.000001,0.000001,0.004853
14125,1,1,0.000010,0.999983,0.000004,0.000003
27788,0,0,0.995236,0.000001,0.000001,0.004762
26027,0,0,0.995042,0.000001,0.000001,0.004957
21389,1,1,0.000188,0.999567,0.000033,0.000211
5984,3,3,0.000609,0.000051,0.000047,0.999293
31455,0,0,0.996450,0.000001,0.000000,0.003548
21905,0,0,0.992232,0.000002,0.000001,0.007765
25804,0,0,0.994541,0.000001,0.000001,0.005457
7470,2,2,0.000000,0.000009,0.999990,0.000000
29784,0,0,0.992000,0.000002,0.000001,0.007997
22022,0,0,0.992691,0.000002,0.000001,0.007307
22088,0,0,0.993706,0.000002,0.000001,0.006291
5397,3,3,0.000813,0.000051,0.000052,0.999084
29655,0,0,0.996169,0.000001,0.000001,0.003829
13308,1,1,0.000030,0.999947,0.000010,0.000013
5907,3,3,0.000601,0.000051,0.000047,0.999302
20856,1,1,0.000211,0.999416,0.000027,0.000345
19663,1,1,0.000025,0.999957,0.000008,0.000009
32747,0,0,0.996940,0.000001,0.000000,0.003058
2679,3,3,0.000029,0.000006,0.000006,0.999959
5586,3,3,0.000598,0.000051,0.000047,0.999305
1506,3,3,0.000011,0.000003,0.000002,0.999984
28394,0,0,0.995372,0.000001,0.000001,0.004626
15992,1,1,0.000086,0.999842,0.000018,0.000054
4133,3,3,0.000010,0.000004,0.000003,0.999983
2819,3,3,0.000028,0.000006,0.000006,0.999960
29649,0,0,0.992772,0.000002,0.000001,0.007226
29720,0,0,0.995508,0.000001,0.000001,0.004491
25633,0,0,0.994802,0.000001,0.000001,0.005196
15620,1,1,0.000006,0.999990,0.000002,0.000001
21431,0,0,0.996103,0.000001,0.000001,0.003896
13337,1,1,0.000024,0.999958,0.000005,0.000013
32518,0,0,0.995786,0.000001,0.000001,0.004213
14508,1,1,0.000029,0.999943,0.000016,0.000011
21094,1,1,0.000012,0.999981,0.000004,0.000003
20386,1,1,0.000022,0.999964,0.000006,0.000008
232,3,3,0.000008,0.000003,0.000002,0.999987
8300,2,2,0.000000,0.000016,0.999984,0.000001
25616,0,0,0.995869,0.000001,0.000001,0.004129
18046,1,1,0.000048,0.999918,0.000009,0.000025
8869,2,2,0.000000,0.000014,0.999986,0.000000
22311,0,0,0.992218,0.000002,0.000001,0.007780
14450,1,1,0.000012,0.999978,0.000006,0.000004
33085,0,3,0.122889,0.000141,0.000129,0.876841
22094,0,0,0.992724,0.000002,0.000001,0.007274
29769,0,0,0.996593,0.000001,0.000000,0.003406
27718,0,0,0.866193,0.000023,0.000017,0.133767
17254,1,1,0.000080,0.999846,0.000018,0.000056
18555,1,1,0.000034,0.999944,0.000006,0.000016
8992,2,2,0.000000,0.000019,0.999981,0.000001
650,3,3,0.000002,0.000001,0.000001,0.999996
13879,1,1,0.000046,0.999895,0.000034,0.000025
9975,1,1,0.000000,0.999982,0.000018,0.000000
6492,3,3,0.000616,0.000052,0.000048,0.999284
16281,1,1,0.000017,0.999973,0.000004,0.000006
16678,1,1,0.000033,0.999942,0.000011,0.000014
7020,2,2,0.000000,0.000009,0.999990,0.000000
14031,1,1,0.000001,0.999998,0.000001,0.000000
10945,1,1,0.000000,0.999991,0.000009,0.000000
26692,0,0,0.994525,0.000001,0.000001,0.005473
19413,1,1,0.000013,0.999979,0.000004,0.000004
19365,1,1,0.000034,0.999942,0.000007,0.000017
19859,1,1,0.000014,0.999978,0.000004,0.000004
16780,1,1,0.000027,0.999950,0.000013,0.000010
28515,0,0,0.994402,0.000001,0.000001,0.005596
13826,1,1,0.000016,0.999966,0.000007,0.000011
10487,1,1,0.000000,0.999993,0.000007,0.000000
25691,0,0,0.995107,0.000001,0.000001,0.004891
18116,1,1,0.000017,0.999974,0.000004,0.000005
32432,0,0,0.996910,0.000001,0.000000,0.003089
9219,1,1,0.000025,0.999938,0.000029,0.000009
7255,2,2,0.000000,0.000010,0.999989,0.000001
17272,1,1,0.000039,0.999939,0.000009,0.000014
4649,3,3,0.000004,0.000001,0.000001,0.999994
24831,0,0,0.995286,0.000001,0.000001,0.004712
29699,0,0,0.993737,0.000002,0.000001,0.006261
28296,0,0,0.994543,0.000001,0.000001,0.005455
22439,0,0,0.994881,0.000001,0.000001,0.005117
5544,3,3,0.000616,0.000052,0.000048,0.999285
8033,2,2,0.000000,0.000009,0.999991,0.000000
2294,3,3,0.000166,0.000013,0.000016,0.999805
2962,3,3,0.000007,0.000001,0.000002,0.999991
21917,0,0,0.992455,0.000002,0.000001,0.007542
11747,1,1,0.000000,0.999976,0.000024,0.000000
3355,3,3,0.000020,0.000003,0.000004,0.999972
20825,1,1,0.000026,0.999956,0.000007,0.000011
4786,3,3,0.000002,0.000000,0.000001,0.999997
21361,1,1,0.000163,0.999678,0.000030,0.000129
31621,0,0,0.995276,0.000001,0.000001,0.004722
15567,1,1,0.000004,0.999993,0.000003,0.000001
19724,1,1,0.000016,0.999974,0.000005,0.000005
7847,2,2,0.000000,0.000009,0.999991,0.000000
26568,0,0,0.995425,0.000001,0.000001,0.004574
14325,1,1,0.000026,0.999830,0.000131,0.000012
10242,1,1,0.000000,0.999994,0.000006,0.000000
6243,3,3,0.000615,0.000052,0.000047,0.999286
7630,2,2,0.000000,0.000013,0.999986,0.000001
18055,1,1,0.000054,0.999904,0.000020,0.000022
3490,3,3,0.000022,0.000009,0.000012,0.999957
17365,1,1,0.000035,0.999938,0.000010,0.000017
21316,1,1,0.000010,0.999983,0.000004,0.000003
25737,0,0,0.994991,0.000001,0.000001,0.005007
24136,0,0,0.994447,0.000001,0.000001,0.005551
1962,3,3,0.000002,0.000001,0.000000,0.999997
28387,0,0,0.995513,0.000001,0.000001,0.004485
29393,0,0,0.994354,0.000001,0.000001,0.005644
3977,3,3,0.000002,0.000001,0.000001,0.999997
13022,1,1,0.000025,0.999943,0.000006,0.000025
17328,1,1,0.000041,0.999929,0.000012,0.000018
27426,0,0,0.995995,0.000001,0.000001,0.004003
14812,1,1,0.000035,0.999943,0.000007,0.000016
20260,1,1,0.000027,0.999954,0.000007,0.000011
6833,2,2,0.000000,0.000015,0.999984,0.000001
20275,1,1,0.000020,0.999964,0.000009,0.000007
28606,0,0,0.995134,0.000001,0.000001,0.004864
31417,0,0,0.995646,0.000001,0.000001,0.004352
19732,1,1,0.000015,0.999975,0.000006,0.000005
4186,3,3,0.000001,0.000000,0.000000,0.999999
23527,0,0,0.992507,0.000002,0.000001,0.007491
17953,1,1,0.000099,0.999810,0.000025,0.000066
24337,0,0,0.994486,0.000001,0.000001,0.005512
7180,2,2,0.000000,0.000012,0.999987,0.000000
32980,0,3,0.145151,0.000141,0.000127,0.854581
3609,3,3,0.000018,0.000005,0.000006,0.999970
12651,1,1,0.000000,0.999983,0.000016,0.000000
14766,1,1,0.000048,0.999899,0.000013,0.000039
21916,0,0,0.992779,0.000002,0.000001,0.007218
5835,3,3,0.000591,0.000050,0.000046,0.999313
6318,3,3,0.000637,0.000053,0.000049,0.999261
1056,3,3,0.000002,0.000001,0.000001,0.999996
4644,3,3,0.000003,0.000001,0.000001,0.999995
29101,0,0,0.995959,0.000001,0.000001,0.004039
19768,1,1,0.000020,0.999967,0.000006,0.000008
30292,0,0,0.995370,0.000001,0.000001,0.004628
16825,1,1,0.000020,0.999966,0.000008,0.000006
26267,0,0,0.995177,0.000001,0.000001,0.004821
29464,0,0,0.995296,0.000001,0.000001,0.004702
11404,1,1,0.000000,0.999990,0.000010,0.000000
16847,1,1,0.000031,0.999949,0.000009,0.000012
11926,1,1,0.000000,0.999990,0.000010,0.000000
21692,0,0,0.992624,0.000002,0.000001,0.007373
20014,1,1,0.000022,0.999962,0.000007,0.000008
21668,0,0,0.994808,0.000001,0.000001,0.005190
13652,1,1,0.000017,0.999973,0.000005,0.000006
19330,1,1,0.000104,0.999743,0.000018,0.000135
6282,3,3,0.000619,0.000052,0.000048,0.999282
24616,0,0,0.995486,0.000001,0.000001,0.004512
27410,0,0,0.995295,0.000001,0.000001,0.004703
3447,3,3,0.000002,0.000000,0.000000,0.999997
19102,1,1,0.000039,0.999935,0.000011,0.000015
28178,0,0,0.994798,0.000001,0.000001,0.005200
23532,0,0,0.992390,0.000002,0.000001,0.007607
28910,0,0,0.994612,0.000001,0.000001,0.005386
7272,2,2,0.000000,0.000012,0.999988,0.000000
12853,1,1,0.000000,0.999991,0.000009,0.000000
18699,1,1,0.000047,0.999915,0.000012,0.000026
32832,0,0,0.996573,0.000001,0.000000,0.003425
22692,0,0,0.992688,0.000002,0.000001,0.007310
24125,0,0,0.994688,0.000001,0.000001,0.005310
28912,0,0,0.993841,0.000001,0.000001,0.006157
5370,3,3,0.000820,0.000051,0.000051,0.999077
31222,0,0,0.995991,0.000001,0.000001,0.004008
11185,1,1,0.000000,0.999994,0.000006,0.000000
6934,2,2,0.000000,0.000011,0.999989,0.000000
9798,1,1,0.000000,0.999938,0.000062,0.000000
24543,0,0,0.995115,0.000001,0.000001,0.004883
9596,1,1,0.006504,0.553457,0.002491,0.437548
32910,0,3,0.174797,0.000142,0.000125,0.824937
31110,0,0,0.995441,0.000001,0.000001,0.004558
17545,1,1,0.000035,0.999943,0.000007,0.000015
11567,1,1,0.000000,0.999977,0.000023,0.000000
7833,2,2,0.000000,0.000009,0.999990,0.000000
11229,1,1,0.000000,0.999973,0.000027,0.000000
29096,0,0,0.994606,0.000001,0.000001,0.005392
24785,0,0,0.995822,0.000001,0.000001,0.004176
32595,0,0,0.996064,0.000001,0.000001,0.003934
19708,1,1,0.000013,0.999978,0.000006,0.000004
30404,0,0,0.996207,0.000001,0.000001,0.003791
29008,0,0,0.995671,0.000001,0.000001,0.004327
12367,1,1,0.000000,0.999996,0.000004,0.000000
6919,2,2,0.000000,0.000010,0.999990,0.000000
31036,0,0,0.994138,0.000001,0.000001,0.005860
20885,1,1,0.000042,0.999925,0.000013,0.000020
32588,0,0,0.995264,0.000001,0.000001,0.004734
23776,0,0,0.994135,0.000001,0.000001,0.005862
26484,0,0,0.994305,0.000001,0.000001,0.005693
28877,0,0,0.993836,0.000002,0.000001,0.006162
5637,3,3,0.000589,0.000050,0.000046,0.999315
12828,1,1,0.000000,0.999985,0.000015,0.000000
6657,2,2,0.000000,0.000014,0.999985,0.000000
5344,3,3,0.000817,0.000051,0.000051,0.999081
13032,1,1,0.000028,0.999947,0.000005,0.000019
30358,0,0,0.995519,0.000001,0.000001,0.004479
19836,1,1,0.000008,0.999987,0.000003,0.000002
31389,0,0,0.995849,0.000001,0.000001,0.004149
28800,0,0,0.996272,0.000001,0.000001,0.003727
29577,0,0,0.993411,0.000002,0.000001,0.006587
5450,3,3,0.000718,0.000051,0.000050,0.999181
17950,1,1,0.000058,0.999898,0.000011,0.000032
5568,3,3,0.000621,0.000052,0.000048,0.999279
1087,3,3,0.000011,0.000003,0.000004,0.999982
29858,0,0,0.992474,0.000002,0.000001,0.007523
29195,0,0,0.993993,0.000001,0.000001,0.006005
20201,1,1,0.000016,0.999973,0.000005,0.000005
28566,0,0,0.995367,0.000001,0.000001,0.004631
27438,0,0,0.995202,0.000001,0.000001,0.004796
12393,1,1,0.000000,0.999992,0.000008,0.000000
10442,1,1,0.000000,0.999994,0.000006,0.000000
8816,2,2,0.000000,0.000011,0.999988,0.000000
31001,0,0,0.995405,0.000001,0.000001,0.004593
26987,0,0,0.994576,0.000001,0.000001,0.005422
6260,3,3,0.000619,0.000052,0.000048,0.999282
23381,0,0,0.994288,0.000001,0.000001,0.005710
26249,0,0,0.994918,0.000001,0.000001,0.005080
15390,1,1,0.000004,0.999993,0.000003,0.000001
10895,1,1,0.000000,0.999974,0.000025,0.000000
13462,1,1,0.000013,0.999979,0.000003,0.000005
8770,2,2,0.000000,0.000012,0.999988,0.000000
22398,0,0,0.991935,0.000002,0.000001,0.008062
29181,0,0,0.996255,0.000001,0.000001,0.003743
29032,0,0,0.994913,0.000001,0.000001,0.005085
23938,0,0,0.992247,0.000002,0.000001,0.007750
33212,0,3,0.113593,0.000142,0.000131,0.886135
10073,1,1,0.000000,0.999992,0.000008,0.000000
11039,1,1,0.000000,0.999985,0.000015,0.000000
20031,1,1,0.000012,0.999981,0.000004,0.000003
22677,0,0,0.993321,0.000002,0.000001,0.006676
9728,1,1,0.000000,0.999981,0.000019,0.000000
20804,1,1,0.000037,0.999929,0.000009,0.000025
5775,3,3,0.000606,0.000051,0.000047,0.999296
8384,2,2,0.000000,0.000036,0.999962,0.000002
31045,0,0,0.995237,0.000001,0.000001,0.004761
25569,0,0,0.993893,0.000001,0.000001,0.006105
22182,0,0,0.992108,0.000002,0.000001,0.007889
2907,3,3,0.000000,0.000000,0.000000,0.999999
25103,0,0,0.995466,0.000001,0.000001,0.004532
14761,1,1,0.000049,0.999906,0.000009,0.000036
28556,0,0,0.995095,0.000001,0.000001,0.004903
19882,1,1,0.000006,0.999989,0.000003,0.000001
3709,3,3,0.000003,0.000001,0.000001,0.999995
5581,3,3,0.000621,0.000052,0.000048,0.999280
27603,0,0,0.994893,0.000001,0.000001,0.005105
31554,0,0,0.995666,0.000001,0.000001,0.004332
6789,2,2,0.000000,0.000024,0.999975,0.000001
28301,0,0,0.996240,0.000001,0.000001,0.003759
27415,0,0,0.995247,0.000001,0.000001,0.004751
27143,0,0,0.995790,0.000001,0.000001,0.004209
27013,0,0,0.995300,0.000001,0.000001,0.004698
8535,2,2,0.000000,0.000012,0.999987,0.000000
22407,0,0,0.990153,0.000002,0.000001,0.009844
17089,1,1,0.000063,0.999873,0.000014,0.000050
7503,2,2,0.000000,0.000010,0.999989,0.000000
3826,3,3,0.000007,0.000002,0.000002,0.999989
26088,0,0,0.995071,0.000001,0.000001,0.004927
19729,1,1,0.000018,0.999972,0.000005,0.000005
8552,2,2,0.000000,0.000020,0.999979,0.000001
11719,1,1,0.000000,0.999986,0.000014,0.000000
10415,1,1,0.000000,0.999987,0.000013,0.000000
1624,3,3,0.000003,0.000001,0.000001,0.999995
18734,1,1,0.000065,0.999885,0.000013,0.000037
5756,3,3,0.000587,0.000051,0.000046,0.999317
18810,1,1,0.000052,0.999914,0.000011,0.000024
4472,3,3,0.000012,0.000003,0.000003,0.999982
2594,3,3,0.000023,0.000004,0.000004,0.999969
32647,0,0,0.995998,0.000001,0.000001,0.004000
14120,1,1,0.000005,0.999990,0.000003,0.000001
31800,0,0,0.996508,0.000001,0.000000,0.003490
21963,0,0,0.991714,0.000002,0.000001,0.008283
24853,0,0,0.995120,0.000001,0.000001,0.004878
14593,1,1,0.000001,0.999997,0.000001,0.000000
28400,0,0,0.996413,0.000001,0.000001,0.003585
7231,2,2,0.000001,0.001507,0.998466,0.000026
16540,1,1,0.000056,0.999892,0.000011,0.000042
16889,1,1,0.000030,0.999950,0.000008,0.000012
20859,1,1,0.000155,0.999633,0.000020,0.000192
19298,1,1,0.000018,0.999970,0.000006,0.000006
27403,0,0,0.995020,0.000001,0.000001,0.004978
9141,2,2,0.000000,0.000011,0.999989,0.000000
26171,0,0,0.994934,0.000001,0.000001,0.005064
25974,0,0,0.995618,0.000001,0.000001,0.004381
26322,0,0,0.994796,0.000001,0.000001,0.005202
7066,2,2,0.000000,0.000042,0.999955,0.000003
20653,1,1,0.000026,0.999957,0.000006,0.000010
10212,1,1,0.000000,0.999989,0.000011,0.000000
3541,3,3,0.000006,0.000001,0.000002,0.999991
1248,3,3,0.000002,0.000000,0.000002,0.999996
5212,3,3,0.000818,0.000051,0.000052,0.999079
24823,0,0,0.995591,0.000001,0.000001,0.004408
2343,3,3,0.000062,0.000013,0.000011,0.999913
24745,0,0,0.995612,0.000001,0.000001,0.004386
31180,0,0,0.996176,0.000001,0.000001,0.003823
33154,0,3,0.123450,0.000141,0.000129,0.876279
8267,2,2,0.000000,0.000011,0.999989,0.000000
10281,1,1,0.000000,0.999988,0.000012,0.000000
29516,0,0,0.994714,0.000001,0.000001,0.005284
18444,1,1,0.000030,0.999951,0.000008,0.000011
25391,0,0,0.995130,0.000001,0.000001,0.004868
29903,0,0,0.995891,0.000001,0.000001,0.004107
19958,1,1,0.000046,0.999920,0.000012,0.000022
3,3,3,0.000037,0.000080,0.000014,0.999869
24959,0,0,0.995907,0.000001,0.000001,0.004091
23103,0,0,0.991662,0.000002,0.000001,0.008335
5102,3,3,0.000377,0.000073,0.000055,0.999495
3463,3,3,0.000016,0.000003,0.000004,0.999977
33007,0,3,0.170914,0.000139,0.000123,0.828824
6680,2,2,0.000000,0.000011,0.999989,0.000000
4002,3,3,0.000009,0.000002,0.000002,0.999986
9991,1,1,0.000000,0.999930,0.000070,0.000000
30173,0,0,0.994915,0.000001,0.000001,0.005083
30890,0,0,0.995175,0.000001,0.000001,0.004823
31099,0,0,0.995795,0.000001,0.000001,0.004203
1321,3,3,0.000010,0.000015,0.000005,0.999971
3022,3,3,0.000045,0.000011,0.000008,0.999936
33024,0,3,0.149917,0.000139,0.000125,0.849820
717,3,3,0.000002,0.000001,0.000001,0.999997
8416,2,2,0.000000,0.000012,0.999987,0.000001
32026,0,0,0.995540,0.000001,0.000001,0.004458
15265,1,1,0.000048,0.999911,0.000022,0.000019
9893,1,1,0.000000,0.999966,0.000034,0.000000
20112,1,1,0.000009,0.999985,0.000004,0.000002
13809,1,1,0.000021,0.999966,0.000004,0.000009
13767,1,1,0.000009,0.999986,0.000003,0.000002
25022,0,0,0.994769,0.000001,0.000001,0.005229
30988,0,0,0.994903,0.000001,0.000001,0.005095
13292,1,1,0.000042,0.999928,0.000010,0.000020
10757,1,1,0.000000,0.999990,0.000010,0.000000
356,3,3,0.000002,0.000002,0.000001,0.999996
4921,3,3,0.000001,0.000000,0.000000,0.999999
17292,1,1,0.000015,0.999976,0.000005,0.000004
11266,1,1,0.000000,0.999988,0.000011,0.000000
22819,0,0,0.992937,0.000002,0.000001,0.007060
16952,1,1,0.000023,0.999963,0.000005,0.000010
31497,0,0,0.996664,0.000001,0.000000,0.003335
14294,1,1,0.000008,0.999989,0.000002,0.000001
10582,1,1,0.000000,0.999981,0.000019,0.000000
4113,3,3,0.000002,0.000001,0.000001,0.999997
7715,2,2,0.000000,0.000011,0.999989,0.000001
25378,0,0,0.993663,0.000002,0.000001,0.006335
24443,0,0,0.994039,0.000001,0.000001,0.005959
25969,0,0,0.994517,0.000001,0.000001,0.005481
11906,1,1,0.000000,0.999978,0.000022,0.000000
19814,1,1,0.000020,0.999967,0.000006,0.000007
7451,2,2,0.000000,0.000010,0.999990,0.000000
21485,0,0,0.993839,0.000001,0.000001,0.006158
16527,1,1,0.000054,0.999905,0.000015,0.000025
22771,0,0,0.987811,0.000003,0.000002,0.012185
10346,1,1,0.000000,0.999992,0.000008,0.000000
17206,1,1,0.000028,0.999951,0.000009,0.000011
19527,1,1,0.000012,0.999980,0.000003,0.000004
10071,1,1,0.000000,0.999990,0.000010,0.000000
20679,1,1,0.000016,0.999975,0.000004,0.000005
24975,0,0,0.995898,0.000001,0.000001,0.004100
19669,1,1,0.000014,0.999977,0.000005,0.000004
24400,0,0,0.994460,0.000001,0.000001,0.005538
2047,3,3,0.000138,0.000014,0.000016,0.999832
22267,0,0,0.992985,0.000002,0.000001,0.007012
27704,0,0,0.983108,0.000003,0.000002,0.016887
32107,0,0,0.995351,0.000001,0.000001,0.004647
26371,0,0,0.994939,0.000001,0.000001,0.005059
6693,2,2,0.000000,0.000009,0.999991,0.000000
30739,0,0,0.996674,0.000001,0.000000,0.003325
10029,1,1,0.000000,0.999988,0.000012,0.000000
18032,1,1,0.000019,0.999969,0.000007,0.000005
18965,1,1,0.000041,0.999931,0.000010,0.000018
25680,0,0,0.995637,0.000001,0.000001,0.004361
7173,2,2,0.000000,0.000010,0.999990,0.000000
33126,0,3,0.129106,0.000143,0.000130,0.870621
24977,0,0,0.995936,0.000001,0.000001,0.004062
32790,0,0,0.996312,0.000001,0.000001,0.003686
10079,1,1,0.000000,0.999993,0.000007,0.000000
5545,3,3,0.000617,0.000052,0.000048,0.999284
13672,1,1,0.000029,0.999939,0.000021,0.000011
6013,3,3,0.000608,0.000051,0.000047,0.999294
28460,0,0,0.995649,0.000001,0.000001,0.004349
252,3,3,0.000003,0.000001,0.000001,0.999996
4294,3,3,0.000005,0.000001,0.000001,0.999992
4718,3,3,0.000003,0.000001,0.000001,0.999995
32060,0,0,0.996224,0.000001,0.000001,0.003775
26995,0,0,0.994466,0.000001,0.000001,0.005532
19309,1,1,0.000021,0.999962,0.000009,0.000008
10667,1,1,0.000000,0.999972,0.000027,0.000000
25363,0,0,0.994860,0.000001,0.000001,0.005139
16267,1,1,0.000065,0.999885,0.000013,0.000037
12909,1,1,0.000000,0.999991,0.000009,0.000000
8637,2,2,0.000000,0.000018,0.999981,0.000001
30043,0,0,0.994816,0.000001,0.000001,0.005182
11816,1,1,0.000000,0.999989,0.000011,0.000000
18807,1,1,0.000069,0.999876,0.000013,0.000043
14185,1,1,0.000005,0.999985,0.000007,0.000003
11485,1,1,0.000000,0.999990,0.000009,0.000000
2323,3,3,0.000023,0.000003,0.000004,0.999969
4935,3,3,0.000023,0.000007,0.000005,0.999965
21048,1,1,0.000036,0.999938,0.000009,0.000018
27288,0,0,0.994813,0.000001,0.000001,0.005185
32965,0,3,0.157192,0.000140,0.000125,0.842544
9139,2,2,0.000000,0.000011,0.999989,0.000000
1693,3,3,0.000001,0.000000,0.000000,0.999998
8852,2,2,0.000000,0.000010,0.999989,0.000000
12538,1,1,0.000000,0.999970,0.000030,0.000000
1787,3,3,0.000001,0.000000,0.000000,0.999998
8246,2,2,0.000000,0.000080,0.999911,0.000009
2773,3,3,0.000023,0.000009,0.000013,0.999955
17592,1,1,0.000041,0.999929,0.000015,0.000015
10109,1,1,0.000000,0.999992,0.000008,0.000000
21047,1,1,0.000032,0.999946,0.000008,0.000014
17214,1,1,0.000027,0.999956,0.000008,0.000009
32777,0,0,0.996604,0.000001,0.000000,0.003395
6603,2,2,0.000000,0.000015,0.999984,0.000001
5892,3,3,0.000608,0.000051,0.000047,0.999294
31022,0,0,0.996298,0.000001,0.000001,0.003700
24764,0,0,0.995210,0.000001,0.000001,0.004788
14230,1,1,0.000170,0.999705,0.000029,0.000096
25684,0,0,0.995198,0.000001,0.000001,0.004800
15910,1,1,0.000187,0.999557,0.000025,0.000231
24143,0,0,0.994939,0.000001,0.000001,0.005059
8355,2,2,0.000000,0.000015,0.999985,0.000000
33163,0,3,0.108512,0.000142,0.000131,0.891215
32889,0,3,0.186088,0.000142,0.000124,0.813646
21651,0,0,0.993143,0.000002,0.000001,0.006855
2782,3,3,0.000004,0.000001,0.000001,0.999994
7502,2,2,0.000000,0.000009,0.999990,0.000000
28488,0,0,0.992989,0.000002,0.000001,0.007008
10690,1,1,0.000000,0.999985,0.000015,0.000000
5532,3,3,0.000622,0.000052,0.000048,0.999278
16199,1,1,0.000109,0.999808,0.000024,0.000059
27123,0,0,0.994683,0.000001,0.000001,0.005315
30098,0,0,0.994951,0.000001,0.000001,0.005046
16751,1,1,0.000032,0.999940,0.000011,0.000017
2184,3,3,0.000019,0.000004,0.000003,0.999974
18022,1,1,0.000036,0.999941,0.000010,0.000013
20923,1,1,0.000026,0.999957,0.000007,0.000010
3422,3,3,0.000003,0.000001,0.000001,0.999995
3643,3,3,0.000004,0.000001,0.000001,0.999994
26582,0,0,0.995373,0.000001,0.000001,0.004625
26222,0,0,0.994254,0.000001,0.000001,0.005744
5883,3,3,0.000607,0.000051,0.000047,0.999294
15600,1,1,0.000002,0.999997,0.000001,0.000000
21978,0,0,0.990776,0.000002,0.000001,0.009221
14640,1,1,0.000019,0.999969,0.000006,0.000006
811,3,3,0.000015,0.000003,0.000007,0.999976
18975,1,1,0.000025,0.999958,0.000006,0.000010
9217,1,1,0.000028,0.999934,0.000025,0.000013
30587,0,0,0.993877,0.000001,0.000001,0.006121
5444,3,3,0.000717,0.000051,0.000050,0.999182
28685,0,0,0.995797,0.000001,0.000001,0.004201
23488,0,0,0.992733,0.000002,0.000001,0.007265
32863,0,0,0.996077,0.000001,0.000001,0.003921
6121,3,3,0.000613,0.000052,0.000047,0.999288
2940,3,3,0.000047,0.000007,0.000008,0.999938
26499,0,0,0.994996,0.000001,0.000001,0.005002
12667,1,1,0.000000,0.999991,0.000009,0.000000
30957,0,0,0.995736,0.000001,0.000001,0.004262
28405,0,0,0.996949,0.000001,0.000000,0.003049
14444,1,1,0.000008,0.999987,0.000002,0.000003
18627,1,1,0.000079,0.999854,0.000011,0.000056
4487,3,3,0.000002,0.000001,0.000001,0.999996
1138,3,3,0.000004,0.000001,0.000001,0.999995
24944,0,0,0.993665,0.000002,0.000001,0.006333
11632,1,1,0.000000,0.999977,0.000023,0.000000
26132,0,0,0.995439,0.000001,0.000001,0.004559
32771,0,0,0.995662,0.000001,0.000001,0.004336
26866,0,0,0.996115,0.000001,0.000001,0.003884
30833,0,0,0.995915,0.000001,0.000001,0.004083
28447,0,0,0.993674,0.000002,0.000001,0.006324
23351,0,0,0.993972,0.000001,0.000001,0.006025
20968,1,1,0.000019,0.999969,0.000006,0.000007
23511,0,0,0.992912,0.000002,0.000001,0.007086
9172,1,1,0.000018,0.999961,0.000015,0.000007
2976,3,3,0.000004,0.000001,0.000001,0.999994
17087,1,1,0.000025,0.999954,0.000009,0.000012
22076,0,0,0.994299,0.000001,0.000001,0.005699
20852,1,1,0.000022,0.999964,0.000006,0.000007
23481,0,0,0.993714,0.000001,0.000001,0.006283
27090,0,0,0.995480,0.000001,0.000001,0.004519
30484,0,0,0.993870,0.000001,0.000001,0.006128
16672,1,1,0.000026,0.999956,0.000008,0.000010
7077,2,2,0.000000,0.000016,0.999984,0.000001
28157,0,0,0.994827,0.000001,0.000001,0.005171
32702,0,0,0.997139,0.000001,0.000000,0.002860
28007,0,0,0.995750,0.000001,0.000001,0.004248
24148,0,0,0.994877,0.000001,0.000001,0.005121
670,3,3,0.000003,0.000001,0.000001,0.999995
20151,1,1,0.000026,0.999956,0.000008,0.000010
7386,2,2,0.000000,0.000010,0.999990,0.000000
6196,3,3,0.000614,0.000052,0.000047,0.999287
9704,1,1,0.000014,0.999977,0.000003,0.000006
29390,0,0,0.995542,0.000001,0.000001,0.004456
11452,1,1,0.000000,0.999987,0.000013,0.000000
1711,3,3,0.000002,0.000001,0.000000,0.999997
23398,0,0,0.993304,0.000002,0.000001,0.006694
20221,1,1,0.000021,0.999964,0.000006,0.000009
18995,1,1,0.000075,0.999864,0.000013,0.000048
6560,3,3,0.000220,0.000026,0.000022,0.999731
14534,1,1,0.000006,0.999990,0.000003,0.000001
12516,1,1,0.000000,0.999972,0.000028,0.000000
27167,0,0,0.994405,0.000001,0.000001,0.005593
5464,3,3,0.000707,0.000051,0.000049,0.999193
28721,0,0,0.996586,0.000001,0.000000,0.003413
24034,0,0,0.993995,0.000001,0.000001,0.006003
9021,2,2,0.000000,0.000008,0.999992,0.000000
28705,0,0,0.991910,0.000002,0.000001,0.008087
9667,1,1,0.000025,0.999962,0.000004,0.000009
31536,0,0,0.996461,0.000001,0.000000,0.003537
15739,1,1,0.000003,0.999994,0.000002,0.000000
5222,3,3,0.000819,0.000051,0.000052,0.999078
25654,0,0,0.994933,0.000001,0.000001,0.005065
2333,3,3,0.000194,0.000016,0.000022,0.999768
12226,1,1,0.000000,0.999993,0.000007,0.000000
31440,0,0,0.995723,0.000001,0.000001,0.004276
10379,1,1,0.000000,0.999991,0.000009,0.000000
2414,3,3,0.000018,0.000004,0.000004,0.999974
30097,0,0,0.994990,0.000001,0.000001,0.005008
1557,3,3,0.000002,0.000001,0.000000,0.999997
13066,1,1,0.000029,0.999948,0.000006,0.000017
19089,1,1,0.000043,0.999923,0.000012,0.000023
21538,0,0,0.991924,0.000002,0.000001,0.008073
9722,1,1,0.000000,0.999969,0.000030,0.000000
14033,1,1,0.000002,0.999995,0.000002,0.000000
402,3,3,0.000001,0.000000,0.000001,0.999998
6175,3,3,0.000619,0.000052,0.000048,0.999281
19040,1,1,0.000011,0.999982,0.000003,0.000003
18605,1,1,0.000018,0.999967,0.000005,0.000009
11083,1,1,0.000000,0.999973,0.000026,0.000000
147,3,3,0.000001,0.000001,0.000000,0.999997
18455,1,1,0.000075,0.999872,0.000013,0.000040
28817,0,0,0.995752,0.000001,0.000001,0.004246
14173,1,1,0.000003,0.999987,0.000009,0.000001
28902,0,0,0.993701,0.000002,0.000001,0.006296
31901,0,0,0.995701,0.000001,0.000001,0.004297
22327,0,0,0.992797,0.000002,0.000001,0.007200
4027,3,3,0.000022,0.000003,0.000004,0.999972
16959,1,1,0.000054,0.999907,0.000012,0.000027
9265,1,1,0.000014,0.999968,0.000012,0.000005
30176,0,0,0.994775,0.000001,0.000001,0.005223
28092,0,0,0.995491,0.000001,0.000001,0.004507
28795,0,0,0.995480,0.000001,0.000001,0.004518
11392,1,1,0.000000,0.999990,0.000009,0.000000
26886,0,0,0.994812,0.000001,0.000001,0.005186
28895,0,0,0.996700,0.000001,0.000000,0.003298
20649,1,1,0.000012,0.999980,0.000004,0.000003
21962,0,0,0.991523,0.000002,0.000001,0.008475
16090,1,1,0.000018,0.999967,0.000009,0.000005
14942,1,1,0.000037,0.999933,0.000005,0.000025
264,3,3,0.000001,0.000001,0.000000,0.999998
30715,0,0,0.995963,0.000001,0.000001,0.004035
8272,2,2,0.000000,0.000011,0.999989,0.000000
4642,3,3,0.000009,0.000003,0.000002,0.999986
32591,0,0,0.996090,0.000001,0.000001,0.003909
32542,0,0,0.995755,0.000001,0.000001,0.004243
8916,2,2,0.000000,0.000009,0.999990,0.000000
18960,1,1,0.000027,0.999956,0.000007,0.000010
14933,1,1,0.000006,0.999991,0.000002,0.000001
25020,0,0,0.994639,0.000001,0.000001,0.005359
4926,3,3,0.000002,0.000001,0.000000,0.999997
20228,1,1,0.000016,0.999974,0.000005,0.000005
24103,0,0,0.994201,0.000001,0.000001,0.005797
15277,1,1,0.000271,0.999001,0.000275,0.000453
18144,1,1,0.000020,0.999968,0.000004,0.000007
27182,0,0,0.995960,0.000001,0.000001,0.004038
32576,0,0,0.996042,0.000001,0.000001,0.003957
116,3,3,0.000026,0.000008,0.000008,0.999958
5318,3,3,0.000814,0.000051,0.000051,0.999084
31402,0,0,0.995329,0.000001,0.000001,0.004669
10289,1,1,0.000000,0.999935,0.000065,0.000000
13370,1,1,0.000011,0.999978,0.000009,0.000003
4054,3,3,0.000002,0.000001,0.000001,0.999997
30599,0,0,0.994290,0.000001,0.000001,0.005708
13281,1,1,0.000025,0.999953,0.000007,0.000015
23746,0,0,0.992240,0.000002,0.000001,0.007758
10403,1,1,0.000000,0.999989,0.000011,0.000000
22205,0,0,0.991823,0.000002,0.000001,0.008174
21407,0,0,0.996428,0.000001,0.000001,0.003570
32365,0,0,0.995054,0.000001,0.000001,0.004944
15165,1,1,0.000014,0.999979,0.000003,0.000004
1938,3,3,0.000002,0.000001,0.000001,0.999997
11621,1,1,0.000000,0.999988,0.000012,0.000000
28744,0,0,0.996753,0.000001,0.000000,0.003246
22025,0,0,0.992677,0.000002,0.000001,0.007321
20810,1,1,0.000013,0.999976,0.000004,0.000006
22589,0,0,0.990580,0.000002,0.000001,0.009416
26682,0,0,0.996266,0.000001,0.000001,0.003733
21352,1,1,0.000111,0.999759,0.000020,0.000109
27940,0,0,0.912774,0.000014,0.000010,0.087202
32444,0,0,0.993329,0.000002,0.000001,0.006669
21536,0,0,0.991724,0.000002,0.000001,0.008273
20148,1,1,0.000031,0.999943,0.000009,0.000016
5495,3,3,0.000620,0.000052,0.000048,0.999281
26792,0,0,0.995237,0.000001,0.000001,0.004761
10424,1,1,0.000000,0.999991,0.000009,0.000000
9870,1,1,0.000000,0.999988,0.000012,0.000000
22026,0,0,0.992018,0.000002,0.000001,0.007979
17745,1,1,0.000026,0.999956,0.000006,0.000012
32539,0,0,0.995468,0.000001,0.000001,0.004530
20106,1,1,0.000023,0.999961,0.000007,0.000009
5376,3,3,0.000815,0.000051,0.000051,0.999083
3914,3,3,0.000004,0.000001,0.000001,0.999993
20824,1,1,0.000022,0.999966,0.000006,0.000007
4837,3,3,0.000005,0.000001,0.000002,0.999992
25752,0,0,0.995301,0.000001,0.000001,0.004697
18631,1,1,0.000018,0.999972,0.000005,0.000005
13237,1,1,0.000011,0.999982,0.000004,0.000004
23070,0,0,0.858248,0.000018,0.000014,0.141720
13137,1,1,0.000108,0.999713,0.000023,0.000156
15564,1,1,0.000004,0.999994,0.000002,0.000001
15216,1,1,0.000165,0.999764,0.000016,0.000055
19813,1,1,0.000026,0.999956,0.000005,0.000013
9013,2,2,0.000000,0.000022,0.999977,0.000001
32301,0,0,0.995770,0.000001,0.000001,0.004229
1600,3,3,0.000002,0.000001,0.000000,0.999997
897,3,3,0.000003,0.000002,0.000001,0.999994
32068,0,0,0.996345,0.000001,0.000001,0.003653
28676,0,0,0.996179,0.000001,0.000001,0.003819
27173,0,0,0.994610,0.000001,0.000001,0.005388
17537,1,1,0.000018,0.999972,0.000006,0.000005
13191,1,1,0.000013,0.999975,0.000005,0.000007
16216,1,1,0.000055,0.999903,0.000014,0.000028
24427,0,0,0.994800,0.000001,0.000001,0.005198
5834,3,3,0.000587,0.000050,0.000046,0.999317
11594,1,1,0.000000,0.999937,0.000061,0.000001
3402,3,3,0.000005,0.000001,0.000001,0.999993
351,3,3,0.000001,0.000000,0.000000,0.999999
28283,0,0,0.996122,0.000001,0.000001,0.003876
8204,2,2,0.000000,0.000022,0.999977,0.000001
5736,3,3,0.000609,0.000052,0.000047,0.999292
7806,2,2,0.000000,0.000014,0.999985,0.000001
23435,0,0,0.994012,0.000001,0.000001,0.005986
5996,3,3,0.000609,0.000051,0.000047,0.999293
10530,1,1,0.000000,0.999987,0.000013,0.000000
20571,1,1,0.000018,0.999971,0.000005,0.000006
23684,0,0,0.994548,0.000001,0.000001,0.005450
16590,1,1,0.000029,0.999949,0.000010,0.000011
17333,1,1,0.000056,0.999904,0.000014,0.000027
20305,1,1,0.000018,0.999970,0.000005,0.000007
9609,1,1,0.000056,0.999658,0.000213,0.000074
31672,0,0,0.996010,0.000001,0.000001,0.003988
779,3,3,0.000002,0.000001,0.000001,0.999997
21323,1,1,0.000017,0.999973,0.000004,0.000006
21304,1,1,0.000012,0.999981,0.000004,0.000003
29604,0,0,0.992264,0.000002,0.000001,0.007734
24503,0,0,0.995211,0.000001,0.000001,0.004788
20058,1,1,0.000017,0.999972,0.000005,0.000006
21081,1,1,0.000022,0.999965,0.000005,0.000008
9701,1,1,0.000005,0.999992,0.000001,0.000001
17850,1,1,0.000021,0.999965,0.000006,0.000008
30948,0,0,0.995965,0.000001,0.000001,0.004033
3561,3,3,0.000005,0.000001,0.000001,0.999992
24881,0,0,0.996208,0.000001,0.000001,0.003790
23340,0,0,0.991671,0.000002,0.000001,0.008326
7288,2,2,0.000000,0.000011,0.999988,0.000001
4852,3,3,0.000003,0.000001,0.000001,0.999995
998,3,3,0.000004,0.000002,0.000001,0.999994
8980,2,2,0.000000,0.000010,0.999990,0.000000
8215,2,2,0.000000,0.000064,0.999932,0.000004
4804,3,3,0.000014,0.000005,0.000005,0.999975
20937,1,1,0.000004,0.999994,0.000002,0.000001
23845,0,0,0.993840,0.000001,0.000001,0.006158
28214,0,0,0.994771,0.000001,0.000001,0.005227
3362,3,3,0.000003,0.000001,0.000001,0.999995
9957,1,1,0.000000,0.999985,0.000014,0.000000
14351,1,1,0.000018,0.999931,0.000044,0.000008
7497,2,2,0.000000,0.000014,0.999985,0.000001
27104,0,0,0.995531,0.000001,0.000001,0.004468
15615,1,1,0.000008,0.999987,0.000003,0.000002
5491,3,3,0.000622,0.000052,0.000048,0.999278
30769,0,0,0.995987,0.000001,0.000001,0.004011
30938,0,0,0.995615,0.000001,0.000001,0.004383
13878,1,1,0.000027,0.999943,0.000017,0.000013
14507,1,1,0.000017,0.999967,0.000010,0.000005
19654,1,1,0.000021,0.999966,0.000007,0.000006
26355,0,0,0.994529,0.000001,0.000001,0.005469
4191,3,3,0.000002,0.000000,0.000001,0.999997
19235,1,1,0.000051,0.999911,0.000012,0.000027
30912,0,0,0.995853,0.000001,0.000001,0.004145
10151,1,1,0.000000,0.999994,0.000006,0.000000
10736,1,1,0.000000,0.999994,0.000006,0.000000
29952,0,0,0.997917,0.000001,0.000000,0.002082
8634,2,2,0.000000,0.000021,0.999979,0.000001
10299,1,1,0.000000,0.999991,0.000009,0.000000
13002,1,1,0.000015,0.999975,0.000003,0.000006
12607,1,1,0.000000,0.999990,0.000010,0.000000
3300,3,3,0.000050,0.000018,0.000011,0.999921
18876,1,1,0.000034,0.999943,0.000006,0.000017
19056,1,1,0.000009,0.999986,0.000004,0.000002
26939,0,0,0.995210,0.000001,0.000001,0.004788
18393,1,1,0.000036,0.999932,0.000010,0.000023
31769,0,0,0.995830,0.000001,0.000001,0.004168
31078,0,0,0.995434,0.000001,0.000001,0.004564
14271,1,1,0.000006,0.999989,0.000002,0.000002
15341,1,1,0.000017,0.999892,0.000083,0.000008
24615,0,0,0.995445,0.000001,0.000001,0.004553
6745,2,2,0.000000,0.000013,0.999986,0.000001
33262,0,3,0.113685,0.000142,0.000130,0.886043
33036,0,3,0.155329,0.000138,0.000123,0.844410
10210,1,1,0.000000,0.999986,0.000014,0.000000
13477,1,1,0.000006,0.999989,0.000004,0.000001
12772,1,1,0.000000,0.999992,0.000007,0.000000
13365,1,1,0.000039,0.999927,0.000021,0.000012
13338,1,1,0.000015,0.999976,0.000003,0.000006
17448,1,1,0.000023,0.999962,0.000006,0.000009
23824,0,0,0.992309,0.000002,0.000001,0.007688
3200,3,3,0.000001,0.000000,0.000000,0.999998
6497,3,3,0.000620,0.000052,0.000048,0.999280
20567,1,1,0.000019,0.999970,0.000005,0.000007
18475,1,1,0.000007,0.999989,0.000002,0.000002
2175,3,3,0.000019,0.000004,0.000005,0.999972
760,3,3,0.000004,0.000003,0.000002,0.999990
17873,1,1,0.000062,0.999879,0.000010,0.000050
4069,3,3,0.000003,0.000001,0.000001,0.999996
11752,1,1,0.000000,0.999983,0.000016,0.000000
9966,1,1,0.000000,0.999988,0.000012,0.000000
19360,1,1,0.000031,0.999949,0.000008,0.000012
13200,1,1,0.000040,0.999937,0.000010,0.000012
22480,0,0,0.988747,0.000002,0.000001,0.011249
27679,0,0,0.981714,0.000004,0.000002,0.018280
10844,1,1,0.000000,0.999970,0.000030,0.000000
22972,0,0,0.989720,0.000002,0.000001,0.010276
15382,1,1,0.000003,0.999992,0.000004,0.000001
5433,3,3,0.000721,0.000051,0.000050,0.999177
15844,1,1,0.000011,0.999982,0.000004,0.000003
10406,1,1,0.000000,0.999990,0.000009,0.000000
16667,1,1,0.000041,0.999931,0.000010,0.000019
5229,3,3,0.000830,0.000051,0.000052,0.999067
6248,3,3,0.000615,0.000052,0.000048,0.999286
20495,1,1,0.000014,0.999977,0.000005,0.000004
24447,0,0,0.994735,0.000001,0.000001,0.005263
3363,3,3,0.000005,0.000001,0.000001,0.999993
32963,0,3,0.149740,0.000140,0.000126,0.849994
1136,3,3,0.000004,0.000001,0.000001,0.999994
4361,3,3,0.000002,0.000000,0.000000,0.999997
774,3,3,0.000002,0.000001,0.000001,0.999997
7917,2,2,0.000000,0.000009,0.999991,0.000000
7508,2,2,0.000000,0.000017,0.999983,0.000001
12944,1,1,0.000000,0.999945,0.000052,0.000002
12002,1,1,0.000000,0.999991,0.000009,0.000000
10469,1,1,0.000000,0.999985,0.000015,0.000000
22637,0,0,0.992055,0.000002,0.000001,0.007942
22246,0,0,0.993234,0.000002,0.000001,0.006763
16632,1,1,0.000028,0.999949,0.000013,0.000010
22922,0,0,0.992415,0.000002,0.000001,0.007583
2078,3,3,0.000013,0.000002,0.000003,0.999982
21893,0,0,0.993238,0.000002,0.000001,0.006760
13003,1,1,0.000028,0.999950,0.000007,0.000015
15168,1,1,0.000003,0.999995,0.000001,0.000000
15366,1,1,0.000003,0.999994,0.000002,0.000001
11684,1,1,0.000000,0.999993,0.000007,0.000000
846,3,3,0.000015,0.000004,0.000005,0.999977
33017,0,3,0.153857,0.000140,0.000125,0.845878
32701,0,0,0.996944,0.000001,0.000000,0.003055
17905,1,1,0.000015,0.999976,0.000005,0.000004
18127,1,1,0.000058,0.999900,0.000011,0.000031
12888,1,1,0.000000,0.999996,0.000004,0.000000
12678,1,1,0.000000,0.999993,0.000007,0.000000
31319,0,0,0.995758,0.000001,0.000001,0.004240
27168,0,0,0.994505,0.000001,0.000001,0.005493
23438,0,0,0.993874,0.000001,0.000001,0.006124
2694,3,3,0.000014,0.000005,0.000003,0.999978
21974,0,0,0.992311,0.000002,0.000001,0.007686
18649,1,1,0.000016,0.999972,0.000006,0.000006
29254,0,0,0.996461,0.000001,0.000000,0.003538
11116,1,1,0.000000,0.999985,0.000015,0.000000
18577,1,1,0.000048,0.999921,0.000009,0.000022
15485,1,1,0.000001,0.999998,0.000001,0.000000
29125,0,0,0.996139,0.000001,0.000001,0.003860
4233,3,3,0.000008,0.000002,0.000002,0.999989
25019,0,0,0.995185,0.000001,0.000001,0.004813
23418,0,0,0.993389,0.000002,0.000001,0.006609
7685,2,2,0.000000,0.000012,0.999988,0.000001
14409,1,1,0.000036,0.999948,0.000005,0.000011
16623,1,1,0.000006,0.999991,0.000002,0.000001
1904,3,3,0.000103,0.000012,0.000012,0.999872
18109,1,1,0.000022,0.999965,0.000005,0.000008
18806,1,1,0.000083,0.999840,0.000013,0.000065
29611,0,0,0.988637,0.000002,0.000001,0.011359
21960,0,0,0.993225,0.000002,0.000001,0.006773
20311,1,1,0.000010,0.999982,0.000004,0.000003
15755,1,1,0.000018,0.999969,0.000006,0.000007
21708,0,0,0.994619,0.000001,0.000001,0.005379
19229,1,1,0.000045,0.999921,0.000010,0.000024
2074,3,3,0.000200,0.000013,0.000016,0.999771
20202,1,1,0.000027,0.999952,0.000006,0.000015
19884,1,1,0.000007,0.999988,0.000002,0.000002
31218,0,0,0.996281,0.000001,0.000001,0.003717
5496,3,3,0.000620,0.000052,0.000048,0.999280
16977,1,1,0.000025,0.999956,0.000009,0.000009
29334,0,0,0.995709,0.000001,0.000001,0.004289
19142,1,1,0.000020,0.999966,0.000006,0.000008
5108,3,3,0.000221,0.000021,0.000015,0.999743
15130,1,1,0.000008,0.999988,0.000002,0.000002
7758,2,2,0.000000,0.000013,0.999986,0.000001
21451,0,0,0.994450,0.000001,0.000001,0.005548
2704,3,3,0.000037,0.000007,0.000008,0.999948
1824,3,3,0.000007,0.000002,0.000002,0.999990
7254,2,2,0.000000,0.000009,0.999990,0.000000
24432,0,0,0.994645,0.000001,0.000001,0.005353
26916,0,0,0.994561,0.000001,0.000001,0.005437
26094,0,0,0.994122,0.000001,0.000001,0.005876
26765,0,0,0.994630,0.000001,0.000001,0.005368
30971,0,0,0.996089,0.000001,0.000001,0.003909
27047,0,0,0.995575,0.000001,0.000001,0.004424
27830,0,0,0.995414,0.000001,0.000001,0.004584
8886,2,2,0.000000,0.000016,0.999983,0.000001
28008,0,0,0.995325,0.000001,0.000001,0.004673
20596,1,1,0.000016,0.999973,0.000005,0.000005
4528,3,3,0.000006,0.000001,0.000001,0.999992
31208,0,0,0.995945,0.000001,0.000001,0.004053
14023,1,1,0.000087,0.999824,0.000038,0.000052
28443,0,0,0.996162,0.000001,0.000001,0.003836
19338,1,1,0.000014,0.999978,0.000004,0.000004
24201,0,0,0.994848,0.000001,0.000001,0.005150
32175,0,0,0.996347,0.000001,0.000001,0.003652
12787,1,1,0.000000,0.999989,0.000011,0.000000
23744,0,0,0.992706,0.000002,0.000001,0.007291
24124,0,0,0.994443,0.000001,0.000001,0.005555
5609,3,3,0.000599,0.000051,0.000047,0.999304
290,3,3,0.000002,0.000001,0.000001,0.999997
30967,0,0,0.995767,0.000001,0.000001,0.004231
164,3,3,0.009869,0.000473,0.000426,0.989231
14336,1,1,0.000005,0.999993,0.000001,0.000001
24260,0,0,0.995042,0.000001,0.000001,0.004956
21251,1,1,0.000015,0.999976,0.000005,0.000004
1271,3,3,0.000008,0.000005,0.000003,0.999983
21743,0,0,0.992824,0.000002,0.000001,0.007173
6333,3,3,0.000639,0.000053,0.000049,0.999259
19170,1,1,0.000075,0.999862,0.000013,0.000050
8374,2,2,0.000000,0.000013,0.999986,0.000001
26064,0,0,0.995162,0.000001,0.000001,0.004836
124,3,3,0.000009,0.000005,0.000005,0.999981
19118,1,1,0.000058,0.999895,0.000014,0.000032
15064,1,1,0.000002,0.999997,0.000001,0.000000
6409,3,3,0.000622,0.000052,0.000048,0.999277
8323,2,2,0.000000,0.000012,0.999988,0.000000
14044,1,1,0.000003,0.999990,0.000005,0.000001
903,3,3,0.000002,0.000002,0.000001,0.999995
10042,1,1,0.000000,0.999980,0.000020,0.000000
29149,0,0,0.995246,0.000001,0.000001,0.004753
8081,2,2,0.000000,0.000018,0.999981,0.000001
15606,1,1,0.000004,0.999993,0.000003,0.000001
9933,1,1,0.000000,0.999977,0.000022,0.000000
18279,1,1,0.000024,0.999961,0.000008,0.000007
26045,0,0,0.995435,0.000001,0.000001,0.004563
1194,3,3,0.000018,0.000016,0.000007,0.999959
7205,2,2,0.000000,0.000011,0.999988,0.000000
23893,0,0,0.993302,0.000002,0.000001,0.006696
3096,3,3,0.000011,0.000003,0.000003,0.999983
3844,3,3,0.000005,0.000001,0.000001,0.999993
30477,0,0,0.990998,0.000002,0.000001,0.008999
3667,3,3,0.000041,0.000004,0.000007,0.999948
22391,0,0,0.993361,0.000002,0.000001,0.006637
5479,3,3,0.000645,0.000052,0.000048,0.999255
1783,3,3,0.000039,0.000008,0.000007,0.999946
19751,1,1,0.000036,0.999938,0.000009,0.000017
16396,1,1,0.000032,0.999947,0.000008,0.000013
22851,0,0,0.993246,0.000002,0.000001,0.006752
33278,0,3,0.131601,0.000142,0.000129,0.868128
7080,2,2,0.000000,0.000011,0.999988,0.000000
29726,0,0,0.993867,0.000002,0.000001,0.006131
21119,1,1,0.000019,0.999967,0.000005,0.000009
16996,1,1,0.000039,0.999935,0.000010,0.000016
23371,0,0,0.992943,0.000002,0.000001,0.007054
19561,1,1,0.000014,0.999976,0.000007,0.000004
9304,1,1,0.000011,0.999980,0.000006,0.000003
2063,3,3,0.002678,0.000066,0.000060,0.997196
29179,0,0,0.995499,0.000001,0.000001,0.004500
14522,1,1,0.000023,0.999959,0.000006,0.000012
2815,3,3,0.000050,0.000008,0.000009,0.999933
26523,0,0,0.996702,0.000001,0.000000,0.003297
28129,0,0,0.995401,0.000001,0.000001,0.004597
12710,1,1,0.000000,0.999979,0.000021,0.000000
893,3,3,0.000003,0.000001,0.000001,0.999995
23887,0,0,0.992445,0.000002,0.000001,0.007552
26495,0,0,0.994626,0.000001,0.000001,0.005372
11527,1,1,0.000000,0.999976,0.000024,0.000000
7088,2,2,0.000000,0.000011,0.999989,0.000000
4169,3,3,0.000001,0.000000,0.000000,0.999998
20534,1,1,0.000015,0.999974,0.000005,0.000005
32399,0,0,0.995669,0.000001,0.000001,0.004330
22386,0,0,0.990452,0.000002,0.000001,0.009545
1399,3,3,0.000516,0.000880,0.000262,0.998342
19497,1,1,0.000012,0.999980,0.000005,0.000003
18648,1,1,0.000018,0.999967,0.000009,0.000006
32844,0,0,0.995612,0.000001,0.000001,0.004387
15535,1,1,0.000006,0.999989,0.000003,0.000001
2267,3,3,0.000317,0.000021,0.000028,0.999634
13475,1,1,0.000016,0.999970,0.000007,0.000007
29924,0,0,0.996989,0.000001,0.000000,0.003009
5215,3,3,0.000832,0.000052,0.000052,0.999065
17175,1,1,0.000057,0.999904,0.000016,0.000023
9776,1,1,0.000000,0.999949,0.000051,0.000000
20462,1,1,0.000032,0.999945,0.000009,0.000014
30609,0,0,0.994779,0.000001,0.000001,0.005219
7780,2,2,0.000000,0.000042,0.999948,0.000010
16301,1,1,0.000067,0.999884,0.000012,0.000036
31705,0,0,0.996362,0.000001,0.000001,0.003637
5258,3,3,0.000803,0.000051,0.000051,0.999096
10682,1,1,0.000000,0.999981,0.000019,0.000000
391,3,3,0.000000,0.000000,0.000000,0.999999
18036,1,1,0.000034,0.999947,0.000010,0.000010
30518,0,0,0.995462,0.000001,0.000001,0.004536
5454,3,3,0.000715,0.000051,0.000050,0.999184
5913,3,3,0.000599,0.000051,0.000047,0.999304
30997,0,0,0.995511,0.000001,0.000001,0.004487
8596,2,2,0.000000,0.000032,0.999967,0.000001
3421,3,3,0.000004,0.000001,0.000001,0.999994
17656,1,1,0.000041,0.999931,0.000010,0.000018
2724,3,3,0.000009,0.000002,0.000002,0.999987
14000,1,1,0.000014,0.999979,0.000002,0.000004
13642,1,1,0.000026,0.999948,0.000007,0.000018
11792,1,1,0.000000,0.999959,0.000041,0.000000
22682,0,0,0.994043,0.000001,0.000001,0.005955
21001,1,1,0.000013,0.999979,0.000004,0.000004
18252,1,1,0.000025,0.999961,0.000006,0.000008
17562,1,1,0.000040,0.999932,0.000011,0.000017
22380,0,0,0.994880,0.000001,0.000001,0.005118
11869,1,1,0.000000,0.999980,0.000020,0.000000
19626,1,1,0.000016,0.999974,0.000004,0.000005
21693,0,0,0.992746,0.000002,0.000001,0.007251
4753,3,3,0.000002,0.000000,0.000001,0.999997
11568,1,1,0.000000,0.999987,0.000013,0.000000
6898,2,2,0.000000,0.000129,0.999861,0.000010
8640,2,2,0.000000,0.000010,0.999989,0.000000
25555,0,0,0.994674,0.000001,0.000001,0.005324
19416,1,1,0.000017,0.999971,0.000006,0.000006
16385,1,1,0.000047,0.999920,0.000011,0.000021
16253,1,1,0.000054,0.999891,0.000009,0.000047
3256,3,3,0.000021,0.000005,0.000004,0.999970
4398,3,3,0.000004,0.000001,0.000001,0.999994
31061,0,0,0.995417,0.000001,0.000001,0.004581
507,3,3,0.000005,0.000002,0.000002,0.999991
22197,0,0,0.992222,0.000002,0.000001,0.007775
17552,1,1,0.000077,0.999861,0.000015,0.000046
14279,1,1,0.000079,0.999867,0.000014,0.000040
29677,0,0,0.995350,0.000001,0.000001,0.004648
15544,1,1,0.000006,0.999991,0.000002,0.000001
2151,3,3,0.000049,0.000008,0.000010,0.999933
32879,0,3,0.178112,0.000145,0.000127,0.821616
26273,0,0,0.995516,0.000001,0.000001,0.004482
530,3,3,0.000004,0.000002,0.000001,0.999993
31551,0,0,0.995799,0.000001,0.000001,0.004199
17828,1,1,0.000018,0.999971,0.000005,0.000006
16195,1,1,0.000051,0.999909,0.000008,0.000033
23447,0,0,0.994403,0.000001,0.000001,0.005595
20906,1,1,0.000041,0.999933,0.000009,0.000018
10768,1,1,0.000000,0.999982,0.000017,0.000000
21626,0,0,0.993119,0.000002,0.000001,0.006879
22472,0,0,0.993746,0.000002,0.000001,0.006252
20922,1,1,0.000011,0.999982,0.000003,0.000003
13586,1,1,0.000083,0.999836,0.000028,0.000052
3598,3,3,0.000009,0.000002,0.000003,0.999985
7326,2,2,0.000000,0.000010,0.999989,0.000000
25396,0,0,0.994405,0.000001,0.000001,0.005593
14557,1,1,0.000032,0.999578,0.000374,0.000016
8629,2,2,0.000000,0.000123,0.999868,0.000009
22919,0,0,0.992611,0.000002,0.000001,0.007386
30743,0,0,0.996269,0.000001,0.000001,0.003730
17561,1,1,0.000040,0.999931,0.000010,0.000018
23389,0,0,0.990736,0.000002,0.000001,0.009261
32632,0,0,0.995173,0.000001,0.000001,0.004825
29618,0,0,0.994111,0.000001,0.000001,0.005887
16036,1,1,0.000253,0.999471,0.000059,0.000217
13279,1,1,0.000052,0.999889,0.000017,0.000042
3791,3,3,0.000005,0.000001,0.000001,0.999993
23100,0,0,0.991098,0.000002,0.000001,0.008898
6378,3,3,0.000628,0.000053,0.000048,0.999271
11983,1,1,0.000000,0.999952,0.000047,0.000000
21429,0,0,0.995502,0.000001,0.000001,0.004496
2003,3,3,0.000029,0.000010,0.000008,0.999954
10252,1,1,0.000000,0.999990,0.000010,0.000000
30206,0,0,0.995709,0.000001,0.000001,0.004289
16521,1,1,0.000033,0.999944,0.000012,0.000011
16696,1,1,0.000063,0.999887,0.000015,0.000035
4357,3,3,0.000002,0.000001,0.000001,0.999997
8458,2,2,0.000000,0.000009,0.999991,0.000000
24843,0,0,0.995260,0.000001,0.000001,0.004738
7334,2,2,0.000000,0.000009,0.999990,0.000000
14584,1,1,0.000009,0.999983,0.000005,0.000003
11972,1,1,0.000000,0.999970,0.000030,0.000000
27837,0,0,0.995014,0.000001,0.000001,0.004984
27884,0,0,0.995693,0.000001,0.000001,0.004306
32486,0,0,0.995090,0.000001,0.000001,0.004908
24691,0,0,0.994764,0.000001,0.000001,0.005234
32652,0,0,0.997184,0.000001,0.000000,0.002815
25879,0,0,0.995826,0.000001,0.000001,0.004173
18990,1,1,0.000008,0.999987,0.000003,0.000002
8424,2,2,0.000000,0.000009,0.999991,0.000000
24093,0,0,0.994070,0.000001,0.000001,0.005928
13550,1,1,0.000052,0.999899,0.000013,0.000036
10879,1,1,0.000000,0.999945,0.000055,0.000000
1998,3,3,0.000050,0.000015,0.000011,0.999924
12421,1,1,0.000000,0.999993,0.000007,0.000000
6256,3,3,0.000617,0.000052,0.000048,0.999284
14434,1,1,0.000005,0.999993,0.000002,0.000001
16411,1,1,0.000041,0.999930,0.000014,0.000015
32952,0,3,0.156601,0.000141,0.000126,0.843133
10842,1,1,0.000000,0.999976,0.000024,0.000000
20827,1,1,0.000030,0.999947,0.000010,0.000013
25427,0,0,0.995062,0.000001,0.000001,0.004936
23078,0,0,0.964869,0.000007,0.000004,0.035120
13223,1,1,0.000141,0.999739,0.000020,0.000100
11449,1,1,0.000000,0.999939,0.000059,0.000001
2848,3,3,0.000016,0.000007,0.000006,0.999972
23880,0,0,0.992484,0.000002,0.000001,0.007513
29496,0,0,0.994868,0.000001,0.000001,0.005130
21873,0,0,0.992900,0.000002,0.000001,0.007097
19980,1,1,0.000014,0.999977,0.000005,0.000004
27268,0,0,0.995797,0.000001,0.000001,0.004201
13615,1,1,0.000021,0.999964,0.000010,0.000006
32582,0,0,0.996526,0.000001,0.000000,0.003473
27297,0,0,0.995088,0.000001,0.000001,0.004910
5046,3,3,0.000018,0.000004,0.000005,0.999973
16017,1,1,0.000020,0.999967,0.000006,0.000008
24818,0,0,0.995095,0.000001,0.000001,0.004904
11219,1,1,0.000000,0.999976,0.000024,0.000000
8327,2,2,0.000000,0.000012,0.999987,0.000000
6000,3,3,0.000612,0.000051,0.000047,0.999290
313,3,3,0.000006,0.000001,0.000002,0.999991
19071,1,1,0.000034,0.999943,0.000011,0.000011
3804,3,3,0.000003,0.000001,0.000001,0.999995
531,3,3,0.000005,0.000003,0.000002,0.999990
1654,3,3,0.000001,0.000000,0.000000,0.999999
1742,3,3,0.000007,0.000002,0.000002,0.999989
21660,0,0,0.994792,0.000001,0.000001,0.005206
13760,1,1,0.000137,0.999713,0.000021,0.000129
555,3,3,0.000038,0.000008,0.000011,0.999942
1103,3,3,0.000003,0.000001,0.000001,0.999994
10302,1,1,0.000000,0.999994,0.000006,0.000000
3522,3,3,0.000006,0.000001,0.000002,0.999991
25258,0,0,0.995278,0.000001,0.000001,0.004720
5564,3,3,0.000623,0.000052,0.000048,0.999278
28003,0,0,0.995020,0.000001,0.000001,0.004978
1831,3,3,0.000142,0.000021,0.000016,0.999821
26836,0,0,0.995999,0.000001,0.000001,0.003999
11952,1,1,0.000000,0.999981,0.000018,0.000000
5391,3,3,0.000822,0.000051,0.000052,0.999075
20353,1,1,0.000012,0.999981,0.000004,0.000003
23441,0,0,0.992458,0.000002,0.000001,0.007539
3816,3,3,0.000003,0.000001,0.000001,0.999995
24987,0,0,0.995618,0.000001,0.000001,0.004381
24472,0,0,0.995336,0.000001,0.000001,0.004662
17026,1,1,0.000069,0.999877,0.000016,0.000037
23851,0,0,0.990883,0.000002,0.000001,0.009114
26647,0,0,0.995848,0.000001,0.000001,0.004150
27772,0,0,0.995945,0.000001,0.000001,0.004054
14719,1,1,0.000028,0.999957,0.000003,0.000012
20403,1,1,0.000037,0.999934,0.000009,0.000020
10773,1,1,0.000000,0.999987,0.000012,0.000000
2947,3,3,0.000003,0.000001,0.000001,0.999996
22119,0,0,0.996528,0.000001,0.000000,0.003471
32204,0,0,0.996415,0.000001,0.000001,0.003583
14047,1,1,0.000006,0.999990,0.000003,0.000002
22050,0,0,0.990840,0.000002,0.000001,0.009157
23218,0,0,0.992181,0.000002,0.000001,0.007817
6946,2,2,0.000000,0.000010,0.999990,0.000000
7291,2,2,0.000000,0.000008,0.999991,0.000000
1864,3,3,0.000002,0.000001,0.000000,0.999997
4719,3,3,0.000003,0.000001,0.000001,0.999996
18219,1,1,0.000059,0.999898,0.000012,0.000031
14157,1,1,0.000001,0.999999,0.000000,0.000000
11376,1,1,0.000000,0.999994,0.000006,0.000000
12210,1,1,0.000000,0.999803,0.000196,0.000001
15300,1,1,0.000045,0.991048,0.008851,0.000056
15865,1,1,0.000051,0.999910,0.000009,0.000030
29105,0,0,0.995114,0.000001,0.000001,0.004884
30128,0,0,0.994281,0.000001,0.000001,0.005717
24040,0,0,0.994666,0.000001,0.000001,0.005332
31129,0,0,0.994685,0.000001,0.000001,0.005313
31909,0,0,0.996461,0.000001,0.000000,0.003538
21412,0,0,0.997058,0.000001,0.000000,0.002941
4236,3,3,0.000005,0.000001,0.000001,0.999993
17825,1,1,0.000046,0.999921,0.000008,0.000025
33124,0,3,0.138059,0.000142,0.000129,0.861670
29942,0,0,0.994087,0.000001,0.000001,0.005911
26933,0,0,0.996084,0.000001,0.000001,0.003914
1907,3,3,0.000047,0.000008,0.000008,0.999936
11407,1,1,0.000000,0.999991,0.000009,0.000000
20385,1,1,0.000011,0.999983,0.000003,0.000003
26686,0,0,0.995797,0.000001,0.000001,0.004201
7008,2,2,0.000000,0.000008,0.999991,0.000000
32351,0,0,0.996346,0.000001,0.000001,0.003653
31566,0,0,0.995812,0.000001,0.000001,0.004186
11956,1,1,0.000000,0.999969,0.000031,0.000000
12596,1,1,0.000000,0.999992,0.000008,0.000000
4080,3,3,0.000003,0.000001,0.000001,0.999995
1847,3,3,0.000011,0.000003,0.000003,0.999983
28597,0,0,0.997161,0.000001,0.000000,0.002838
29432,0,0,0.995982,0.000001,0.000001,0.004016
25139,0,0,0.996004,0.000001,0.000001,0.003994
8256,2,2,0.000000,0.000011,0.999989,0.000000
21850,0,0,0.993833,0.000001,0.000001,0.006164
29541,0,0,0.994558,0.000001,0.000001,0.005440
3727,3,3,0.000005,0.000001,0.000001,0.999993
24922,0,0,0.993736,0.000001,0.000001,0.006261
9985,1,1,0.000000,0.999989,0.000011,0.000000
18716,1,1,0.000084,0.999815,0.000017,0.000085
21038,1,1,0.000041,0.999926,0.000008,0.000024
8339,2,2,0.000000,0.000010,0.999989,0.000000
9908,1,1,0.000000,0.999993,0.000007,0.000000
7118,2,2,0.000000,0.000010,0.999990,0.000000
16931,1,1,0.000059,0.999894,0.000015,0.000031
13535,1,1,0.000017,0.999972,0.000007,0.000004
29221,0,0,0.994720,0.000001,0.000001,0.005278
3045,3,3,0.000318,0.000033,0.000027,0.999622
1431,3,3,0.000172,0.000019,0.000028,0.999780
32262,0,0,0.995458,0.000001,0.000001,0.004540
32375,0,0,0.995321,0.000001,0.000001,0.004677
6906,2,2,0.000000,0.000011,0.999988,0.000000
17781,1,1,0.000046,0.999917,0.000010,0.000027
18923,1,1,0.000072,0.999865,0.000024,0.000039
28568,0,0,0.995966,0.000001,0.000001,0.004032
30714,0,0,0.995390,0.000001,0.000001,0.004609
21398,0,3,0.013240,0.002536,0.003877,0.980348
16802,1,1,0.000018,0.999972,0.000005,0.000006
833,3,3,0.000006,0.000003,0.000002,0.999990
18014,1,1,0.000039,0.999934,0.000007,0.000020
19777,1,1,0.000023,0.999962,0.000006,0.000010
31151,0,0,0.995546,0.000001,0.000001,0.004452
32754,0,0,0.996527,0.000001,0.000000,0.003471
3236,3,3,0.000004,0.000001,0.000001,0.999994
568,3,3,0.000002,0.000001,0.000001,0.999996
7209,2,2,0.000000,0.000011,0.999989,0.000000
10298,1,1,0.000000,0.999990,0.000010,0.000000
23214,0,0,0.993086,0.000002,0.000001,0.006912
33057,0,3,0.203436,0.000137,0.000119,0.796308
8651,2,2,0.000000,0.000011,0.999988,0.000000
25154,0,0,0.994825,0.000001,0.000001,0.005173
7269,2,2,0.000000,0.000010,0.999990,0.000000
26594,0,0,0.995604,0.000001,0.000001,0.004394
33172,0,3,0.128818,0.000142,0.000129,0.870911
32271,0,0,0.995843,0.000001,0.000001,0.004155
16361,1,1,0.000059,0.999894,0.000009,0.000037
6749,2,2,0.000000,0.000024,0.999975,0.000001
24063,0,0,0.995219,0.000001,0.000001,0.004779
18606,1,1,0.000023,0.999957,0.000007,0.000013
27750,0,0,0.996728,0.000001,0.000000,0.003270
29341,0,0,0.994221,0.000001,0.000001,0.005776
14459,1,1,0.000013,0.999979,0.000005,0.000003
5724,3,3,0.000718,0.000056,0.000052,0.999174
25651,0,0,0.994756,0.000001,0.000001,0.005242
14476,1,1,0.000048,0.999915,0.000008,0.000029
14439,1,1,0.000001,0.999997,0.000001,0.000000
14030,1,1,0.000001,0.999999,0.000000,0.000000
8917,2,2,0.000000,0.000010,0.999990,0.000000
6463,3,3,0.000617,0.000052,0.000048,0.999284
27535,0,0,0.994370,0.000001,0.000001,0.005628
3984,3,3,0.000007,0.000002,0.000002,0.999989
6861,2,2,0.000000,0.000014,0.999986,0.000001
14613,1,1,0.000031,0.999951,0.000008,0.000009
20412,1,1,0.000019,0.999967,0.000006,0.000009
4964,3,3,0.000004,0.000002,0.000001,0.999993
15802,1,1,0.000004,0.999993,0.000002,0.000001
25118,0,0,0.996152,0.000001,0.000001,0.003846
29566,0,0,0.990211,0.000002,0.000001,0.009785
11699,1,1,0.000000,0.999989,0.000011,0.000000
27340,0,0,0.995486,0.000001,0.000001,0.004512
1747,3,3,0.000005,0.000001,0.000001,0.999992
24421,0,0,0.995116,0.000001,0.000001,0.004882
32446,0,0,0.995979,0.000001,0.000001,0.004019
22605,0,0,0.994731,0.000001,0.000001,0.005267
13827,1,1,0.000031,0.999932,0.000009,0.000028
8318,2,2,0.000000,0.000150,0.999840,0.000010
776,3,3,0.000002,0.000001,0.000001,0.999996
29471,0,0,0.989471,0.000002,0.000001,0.010525
19917,1,1,0.000015,0.999975,0.000005,0.000005
17945,1,1,0.000028,0.999956,0.000006,0.000010
2676,3,3,0.000005,0.000002,0.000001,0.999992
13590,1,1,0.000018,0.999967,0.000008,0.000006
17211,1,1,0.000053,0.999908,0.000011,0.000027
25976,0,0,0.995698,0.000001,0.000001,0.004301
4888,3,3,0.000004,0.000001,0.000001,0.999994
28100,0,0,0.995783,0.000001,0.000001,0.004215
9453,1,1,0.000022,0.999960,0.000011,0.000007
27744,0,0,0.993958,0.000001,0.000001,0.006039
29449,0,0,0.993437,0.000002,0.000001,0.006561
4578,3,3,0.000006,0.000001,0.000002,0.999991
29007,0,0,0.995238,0.000001,0.000001,0.004760
20585,1,1,0.000020,0.999967,0.000006,0.000007
29724,0,0,0.992747,0.000002,0.000001,0.007250
15988,1,1,0.000014,0.999977,0.000004,0.000004
6907,2,2,0.000000,0.000013,0.999986,0.000001
17415,1,1,0.000013,0.999980,0.000003,0.000004
25790,0,0,0.995245,0.000001,0.000001,0.004753
8800,2,2,0.000000,0.000015,0.999984,0.000001
11364,1,1,0.000000,0.999985,0.000015,0.000000
25960,0,0,0.994944,0.000001,0.000001,0.005054
24213,0,0,0.993959,0.000001,0.000001,0.006038
11389,1,1,0.000000,0.999980,0.000020,0.000000
15637,1,1,0.000017,0.999967,0.000010,0.000006
28946,0,0,0.993673,0.000002,0.000001,0.006325
6194,3,3,0.000614,0.000052,0.000047,0.999287
16227,1,1,0.000051,0.999913,0.000011,0.000026
9209,1,1,0.000015,0.999969,0.000012,0.000004
12416,1,1,0.000000,0.999972,0.000028,0.000000
26840,0,0,0.995499,0.000001,0.000001,0.004499
576,3,3,0.000006,0.000002,0.000002,0.999990
21446,0,0,0.995479,0.000001,0.000001,0.004519
6212,3,3,0.000613,0.000052,0.000047,0.999288
32189,0,0,0.996177,0.000001,0.000001,0.003821
7024,2,2,0.000000,0.000010,0.999989,0.000000
28799,0,0,0.996165,0.000001,0.000001,0.003833
29300,0,0,0.994647,0.000001,0.000001,0.005351
31296,0,0,0.994849,0.000001,0.000001,0.005149
12258,1,1,0.000000,0.999996,0.000004,0.000000
23818,0,0,0.994135,0.000001,0.000001,0.005863
26278,0,0,0.996217,0.000001,0.000001,0.003781
16211,1,1,0.000013,0.999980,0.000003,0.000004
25740,0,0,0.995799,0.000001,0.000001,0.004199
29233,0,0,0.995385,0.000001,0.000001,0.004614
16289,1,1,0.000032,0.999947,0.000008,0.000014
6447,3,3,0.000616,0.000052,0.000048,0.999285
2012,3,3,0.004446,0.000170,0.000172,0.995212
28815,0,0,0.996052,0.000001,0.000001,0.003946
17273,1,1,0.000074,0.999873,0.000016,0.000037
25821,0,0,0.995647,0.000001,0.000001,0.004351
15112,1,1,0.000031,0.999954,0.000005,0.000009
26066,0,0,0.995797,0.000001,0.000001,0.004201
674,3,3,0.000006,0.000003,0.000002,0.999989
21616,0,0,0.992147,0.000002,0.000001,0.007850
10962,1,1,0.000000,0.999994,0.000006,0.000000
16553,1,1,0.000246,0.999368,0.000044,0.000343
18697,1,1,0.000033,0.999942,0.000011,0.000015
14692,1,1,0.000016,0.999974,0.000006,0.000004
15271,1,1,0.000095,0.999848,0.000015,0.000042
7021,2,2,0.000000,0.000009,0.999991,0.000000
4102,3,3,0.000002,0.000000,0.000000,0.999998
17126,1,1,0.000025,0.999959,0.000006,0.000011
523,3,3,0.000002,0.000001,0.000001,0.999995
13285,1,1,0.000007,0.999987,0.000003,0.000003
23098,0,0,0.989741,0.000002,0.000001,0.010256
18491,1,1,0.000049,0.999918,0.000010,0.000023
63,3,3,0.000002,0.000001,0.000001,0.999997
9015,2,2,0.000000,0.000019,0.999981,0.000001
14578,1,1,0.000007,0.999989,0.000003,0.000001
8184,2,2,0.000000,0.000081,0.999915,0.000004
31077,0,0,0.995160,0.000001,0.000001,0.004838
19145,1,1,0.000076,0.999857,0.000017,0.000050
21329,1,1,0.000015,0.999977,0.000003,0.000006
17683,1,1,0.000028,0.999951,0.000008,0.000012
17117,1,1,0.000081,0.999847,0.000026,0.000046
12106,1,1,0.000000,0.999956,0.000042,0.000002
31053,0,0,0.996608,0.000001,0.000000,0.003390
33179,0,3,0.112186,0.000141,0.000129,0.887544
2136,3,3,0.000004,0.000004,0.000001,0.999991
29447,0,0,0.994779,0.000001,0.000001,0.005219
10564,1,1,0.000000,0.999995,0.000005,0.000000
24771,0,0,0.994961,0.000001,0.000001,0.005037
8600,2,2,0.000000,0.000017,0.999982,0.000001
2358,3,3,0.000004,0.000001,0.000001,0.999994
31279,0,0,0.995491,0.000001,0.000001,0.004507
7188,2,2,0.000000,0.000009,0.999991,0.000000
2309,3,3,0.000004,0.000001,0.000001,0.999994
14103,1,1,0.000043,0.999934,0.000008,0.000015
14605,1,1,0.000020,0.999966,0.000005,0.000009
9988,1,1,0.000000,0.999975,0.000025,0.000000
13540,1,1,0.000016,0.999969,0.000010,0.000004
27686,0,0,0.985876,0.000003,0.000002,0.014120
4151,3,3,0.000006,0.000001,0.000001,0.999991
6302,3,3,0.000650,0.000054,0.000049,0.999247
25399,0,0,0.992976,0.000002,0.000001,0.007021
20674,1,1,0.000037,0.999935,0.000011,0.000017
9312,1,1,0.000019,0.999965,0.000009,0.000006
5112,3,3,0.000128,0.000020,0.000019,0.999833
9103,2,2,0.000000,0.000015,0.999985,0.000001
18434,1,1,0.000020,0.999966,0.000007,0.000007
14416,1,1,0.000099,0.999741,0.000037,0.000123
13458,1,1,0.000177,0.999506,0.000027,0.000289
11833,1,1,0.000000,0.999987,0.000013,0.000000
1781,3,3,0.000024,0.000005,0.000004,0.999967
28955,0,0,0.994731,0.000001,0.000001,0.005267
16911,1,1,0.000064,0.999885,0.000018,0.000033
169,3,3,0.000007,0.000002,0.000002,0.999990
15189,1,1,0.000077,0.999876,0.000019,0.000028
23140,0,0,0.992435,0.000002,0.000001,0.007562
20157,1,1,0.000008,0.999987,0.000003,0.000002
22674,0,0,0.993173,0.000002,0.000001,0.006825
20902,1,1,0.000034,0.999939,0.000013,0.000014
13065,1,1,0.000063,0.999901,0.000008,0.000028
22236,0,0,0.992031,0.000002,0.000001,0.007966
11454,1,1,0.000000,0.999975,0.000025,0.000000
31858,0,0,0.994869,0.000001,0.000001,0.005129
18959,1,1,0.000032,0.999947,0.000008,0.000013
27733,0,0,0.995655,0.000001,0.000001,0.004344
2439,3,3,0.000005,0.000001,0.000001,0.999993
9826,1,1,0.000000,0.999940,0.000060,0.000000
2011,3,3,0.000873,0.000091,0.000088,0.998949
18045,1,1,0.000078,0.999846,0.000010,0.000066
28058,0,0,0.996495,0.000001,0.000000,0.003504
28264,0,0,0.995308,0.000001,0.000001,0.004690
11458,1,1,0.000000,0.999987,0.000013,0.000000
6453,3,3,0.000615,0.000052,0.000048,0.999286
8538,2,2,0.000000,0.000019,0.999980,0.000001
10753,1,1,0.000000,0.999991,0.000009,0.000000
19715,1,1,0.000025,0.999959,0.000006,0.000010
12676,1,1,0.000000,0.999994,0.000006,0.000000
26469,0,0,0.995510,0.000001,0.000001,0.004488
16406,1,1,0.000038,0.999935,0.000012,0.000015
11089,1,1,0.000000,0.999990,0.000009,0.000000
1746,3,3,0.000008,0.000002,0.000002,0.999988
7669,2,2,0.000000,0.000012,0.999987,0.000000
7743,2,2,0.000000,0.000010,0.999989,0.000000
9253,1,1,0.000031,0.999930,0.000028,0.000012
1302,3,3,0.000008,0.000008,0.000003,0.999981
21496,0,0,0.995729,0.000001,0.000001,0.004270
18410,1,1,0.000024,0.999960,0.000007,0.000009
8602,2,2,0.000000,0.000022,0.999977,0.000001
27802,0,0,0.996361,0.000001,0.000001,0.003638
26841,0,0,0.994882,0.000001,0.000001,0.005116
8434,2,2,0.000000,0.000202,0.999790,0.000008
19352,1,1,0.000101,0.999806,0.000011,0.000082
21524,0,0,0.993003,0.000002,0.000001,0.006994
13871,1,1,0.000044,0.999918,0.000014,0.000024
4652,3,3,0.000003,0.000001,0.000001,0.999995
25570,0,0,0.993846,0.000001,0.000001,0.006152
24072,0,0,0.994258,0.000001,0.000001,0.005740
10914,1,1,0.000000,0.999988,0.000012,0.000000
21022,1,1,0.000065,0.999862,0.000017,0.000056
1187,3,3,0.000012,0.000007,0.000004,0.999976
32018,0,0,0.995603,0.000001,0.000001,0.004396
15483,1,1,0.000001,0.999998,0.000001,0.000000
28599,0,0,0.996190,0.000001,0.000001,0.003808
30186,0,0,0.996735,0.000001,0.000000,0.003263
29152,0,0,0.993157,0.000002,0.000001,0.006840
24898,0,0,0.993981,0.000001,0.000001,0.006017
30396,0,0,0.994287,0.000001,0.000001,0.005711
6456,3,3,0.000612,0.000051,0.000047,0.999290
7411,2,2,0.000000,0.000015,0.999984,0.000001
337,3,3,0.000009,0.000001,0.000002,0.999987
31251,0,0,0.995810,0.000001,0.000001,0.004188
21662,0,0,0.994417,0.000001,0.000001,0.005581
14270,1,1,0.000032,0.999952,0.000007,0.000010
17444,1,1,0.000066,0.999886,0.000016,0.000032
26474,0,0,0.995477,0.000001,0.000001,0.004521
17812,1,1,0.000050,0.999911,0.000018,0.000021
3544,3,3,0.000019,0.000003,0.000005,0.999973
11577,1,1,0.000000,0.999985,0.000015,0.000000
16640,1,1,0.000036,0.999934,0.000012,0.000017
16595,1,1,0.000018,0.999970,0.000005,0.000007
21966,0,0,0.992337,0.000002,0.000001,0.007660
15700,1,1,0.000007,0.999989,0.000003,0.000002
31820,0,0,0.995651,0.000001,0.000001,0.004348
5094,3,3,0.000002,0.000001,0.000001,0.999996
25035,0,0,0.995624,0.000001,0.000001,0.004375
31852,0,0,0.995964,0.000001,0.000001,0.004034
14452,1,1,0.000011,0.999976,0.000009,0.000004
11530,1,1,0.000000,0.999972,0.000028,0.000000
19243,1,1,0.000027,0.999955,0.000010,0.000008
31613,0,0,0.994361,0.000001,0.000001,0.005637
22681,0,0,0.993910,0.000001,0.000001,0.006088
10770,1,1,0.000000,0.999938,0.000062,0.000000
24630,0,0,0.994847,0.000001,0.000001,0.005151
11321,1,1,0.000000,0.999991,0.000009,0.000000
30096,0,0,0.995256,0.000001,0.000001,0.004742
17946,1,1,0.000037,0.999939,0.000011,0.000013
25618,0,0,0.995099,0.000001,0.000001,0.004899
4416,3,3,0.000004,0.000001,0.000001,0.999995
7203,2,2,0.000000,0.000024,0.999975,0.000001
23669,0,0,0.993183,0.000002,0.000001,0.006814
11085,1,1,0.000000,0.999989,0.000011,0.000000
25045,0,0,0.994730,0.000001,0.000001,0.005267
3425,3,3,0.000003,0.000001,0.000001,0.999996
32149,0,0,0.996079,0.000001,0.000001,0.003919
15047,1,1,0.000092,0.999820,0.000017,0.000071
20023,1,1,0.000011,0.999982,0.000004,0.000003
9864,1,1,0.000000,0.999994,0.000006,0.000000
28417,0,0,0.992399,0.000002,0.000001,0.007598
5954,3,3,0.000605,0.000051,0.000047,0.999297
397,3,3,0.000002,0.000000,0.000001,0.999997
28885,0,0,0.994335,0.000001,0.000001,0.005663
28493,0,0,0.996592,0.000001,0.000000,0.003406
11709,1,1,0.000000,0.999987,0.000012,0.000000
5091,3,3,0.000007,0.000004,0.000002,0.999986
6724,2,2,0.000000,0.000012,0.999988,0.000000
12022,1,1,0.000000,0.999955,0.000044,0.000001
32258,0,0,0.995026,0.000001,0.000001,0.004972
14330,1,1,0.000045,0.999922,0.000007,0.000026
7689,2,2,0.000000,0.000013,0.999987,0.000001
13528,1,1,0.000014,0.999974,0.000008,0.000004
15097,1,1,0.000028,0.999951,0.000005,0.000016
25524,0,0,0.993194,0.000002,0.000001,0.006804
25749,0,0,0.996390,0.000001,0.000001,0.003609
22357,0,0,0.991615,0.000002,0.000001,0.008382
23124,0,0,0.988123,0.000003,0.000002,0.011873
11138,1,1,0.000000,0.999982,0.000018,0.000000
26599,0,0,0.994059,0.000001,0.000001,0.005938
31728,0,0,0.996283,0.000001,0.000001,0.003715
11210,1,1,0.000000,0.999992,0.000008,0.000000
19720,1,1,0.000007,0.999988,0.000003,0.000002
19085,1,1,0.000060,0.999890,0.000016,0.000034
23039,0,0,0.992180,0.000002,0.000001,0.007817
26533,0,0,0.995307,0.000001,0.000001,0.004691
17217,1,1,0.000028,0.999955,0.000008,0.000009
12788,1,1,0.000000,0.999994,0.000006,0.000000
8693,2,2,0.000000,0.000013,0.999987,0.000000
31653,0,0,0.995275,0.000001,0.000001,0.004723
3027,3,3,0.000024,0.000006,0.000006,0.999964
327,3,3,0.000006,0.000002,0.000002,0.999991
13058,1,1,0.000005,0.999991,0.000002,0.000001
29543,0,0,0.992842,0.000002,0.000001,0.007156
4344,3,3,0.000010,0.000002,0.000002,0.999986
22371,0,0,0.990723,0.000002,0.000001,0.009273
5243,3,3,0.000815,0.000051,0.000052,0.999082
25579,0,0,0.994410,0.000001,0.000001,0.005588
21943,0,0,0.993907,0.000001,0.000001,0.006091
21832,0,0,0.994325,0.000001,0.000001,0.005673
3949,3,3,0.000005,0.000001,0.000001,0.999993
7172,2,2,0.000000,0.000009,0.999991,0.000000
13991,1,1,0.000008,0.999985,0.000005,0.000002
32312,0,0,0.997006,0.000001,0.000000,0.002993
29825,0,0,0.995142,0.000001,0.000001,0.004856
409,3,3,0.000002,0.000001,0.000001,0.999997
15826,1,1,0.000003,0.999995,0.000002,0.000000
12113,1,1,0.000000,0.999966,0.000034,0.000000
24086,0,0,0.994416,0.000001,0.000001,0.005582
11620,1,1,0.000000,0.999992,0.000008,0.000000
11953,1,1,0.000000,0.999989,0.000011,0.000000
6410,3,3,0.000621,0.000052,0.000048,0.999279
29487,0,0,0.995631,0.000001,0.000001,0.004367
27368,0,0,0.994630,0.000001,0.000001,0.005368
11176,1,1,0.000000,0.999990,0.000010,0.000000
31409,0,0,0.995221,0.000001,0.000001,0.004777
18453,1,1,0.000020,0.999968,0.000006,0.000006
26921,0,0,0.994016,0.000001,0.000001,0.005982
13053,1,1,0.000009,0.999986,0.000002,0.000003
31214,0,0,0.996237,0.000001,0.000001,0.003762
13306,1,1,0.000010,0.999982,0.000005,0.000003
33043,0,3,0.158739,0.000138,0.000124,0.841000
24070,0,0,0.993285,0.000002,0.000001,0.006712
15919,1,1,0.000196,0.999412,0.000024,0.000367
25659,0,0,0.995477,0.000001,0.000001,0.004521
23030,0,0,0.993370,0.000002,0.000001,0.006628
11361,1,1,0.000000,0.999992,0.000008,0.000000
16944,1,1,0.000086,0.999840,0.000022,0.000053
32897,0,3,0.188882,0.000143,0.000124,0.810851
483,3,3,0.000001,0.000000,0.000000,0.999999
18939,1,1,0.000044,0.999922,0.000009,0.000024
25946,0,0,0.995602,0.000001,0.000001,0.004396
8615,2,2,0.000000,0.000020,0.999979,0.000001
2796,3,3,0.000032,0.000007,0.000005,0.999956
7408,2,2,0.000000,0.000010,0.999989,0.000000
12745,1,1,0.000000,0.999956,0.000044,0.000000
723,3,3,0.000189,0.000061,0.000104,0.999646
9891,1,1,0.000000,0.999990,0.000010,0.000000
28636,0,0,0.993579,0.000002,0.000001,0.006419
16569,1,1,0.000051,0.999915,0.000010,0.000025
3062,3,3,0.000010,0.000002,0.000002,0.999985
16639,1,1,0.000027,0.999953,0.000010,0.000010
31932,0,0,0.996089,0.000001,0.000001,0.003910
3995,3,3,0.000008,0.000002,0.000002,0.999988
31380,0,0,0.995894,0.000001,0.000001,0.004104
4356,3,3,0.000002,0.000001,0.000001,0.999997
15744,1,1,0.000003,0.999994,0.000002,0.000000
5723,3,3,0.000721,0.000056,0.000052,0.999170
4515,3,3,0.000004,0.000001,0.000001,0.999995
8141,2,2,0.000000,0.000012,0.999988,0.000001
4063,3,3,0.000018,0.000007,0.000006,0.999969
19765,1,1,0.000012,0.999980,0.000005,0.000003
2525,3,3,0.000003,0.000001,0.000001,0.999996
16422,1,1,0.000056,0.999904,0.000012,0.000027
10717,1,1,0.000000,0.999995,0.000005,0.000000
3641,3,3,0.000003,0.000001,0.000001,0.999995
11931,1,1,0.000000,0.999987,0.000012,0.000000
9955,1,1,0.000000,0.999961,0.000039,0.000000
30455,0,0,0.996262,0.000001,0.000001,0.003736
31565,0,0,0.996011,0.000001,0.000001,0.003987
2260,3,3,0.000089,0.000010,0.000011,0.999890
25779,0,0,0.995093,0.000001,0.000001,0.004905
9934,1,1,0.000000,0.999938,0.000062,0.000000
17799,1,1,0.000045,0.999927,0.000009,0.000019
11324,1,1,0.000000,0.999989,0.000011,0.000000
23084,0,0,0.974014,0.000005,0.000003,0.025978
2070,3,3,0.000057,0.000005,0.000008,0.999930
21722,0,0,0.993454,0.000002,0.000001,0.006543
8818,2,2,0.000000,0.000010,0.999990,0.000000
31302,0,0,0.996109,0.000001,0.000001,0.003890
8594,2,2,0.000000,0.000030,0.999969,0.000001
28846,0,0,0.992823,0.000002,0.000001,0.007174
9658,1,1,0.000008,0.999989,0.000001,0.000002
13592,1,1,0.000016,0.999971,0.000007,0.000005
8302,2,2,0.000000,0.000013,0.999986,0.000000
5980,3,3,0.000608,0.000051,0.000047,0.999293
29251,0,0,0.996396,0.000001,0.000001,0.003603
9794,1,1,0.000000,0.999973,0.000027,0.000000
565,3,3,0.000003,0.000001,0.000001,0.999995
10783,1,1,0.000000,0.999985,0.000015,0.000000
17013,1,1,0.000157,0.999674,0.000039,0.000130
12965,1,1,0.000014,0.999975,0.000002,0.000008
9729,1,1,0.000000,0.999986,0.000014,0.000000
30482,0,0,0.995488,0.000001,0.000001,0.004511
8513,2,2,0.000000,0.000016,0.999984,0.000000
21153,1,1,0.000012,0.999980,0.000004,0.000003
26023,0,0,0.994475,0.000001,0.000001,0.005523
17398,1,1,0.000056,0.999901,0.000007,0.000035
21593,0,0,0.992418,0.000002,0.000001,0.007580
14769,1,1,0.000034,0.999938,0.000007,0.000021
19591,1,1,0.000027,0.999956,0.000007,0.000010
1939,3,3,0.000003,0.000001,0.000001,0.999995
18818,1,1,0.000050,0.999917,0.000012,0.000021
14859,1,1,0.000009,0.999977,0.000010,0.000005
3807,3,3,0.000005,0.000001,0.000001,0.999993
3952,3,3,0.000005,0.000001,0.000001,0.999993
28198,0,0,0.994905,0.000001,0.000001,0.005093
10086,1,1,0.000000,0.999992,0.000007,0.000000
33257,0,3,0.117758,0.000140,0.000129,0.881973
26420,0,0,0.995087,0.000001,0.000001,0.004911
8523,2,2,0.000000,0.000013,0.999986,0.000001
23233,0,0,0.994091,0.000001,0.000001,0.005907
17060,1,1,0.000025,0.999960,0.000005,0.000010
10934,1,1,0.000000,0.999993,0.000007,0.000000
25884,0,0,0.995736,0.000001,0.000001,0.004263
7217,2,2,0.000000,0.000009,0.999991,0.000000
23794,0,0,0.993623,0.000002,0.000001,0.006374
3797,3,3,0.000164,0.000030,0.000039,0.999767
11853,1,1,0.000000,0.999980,0.000020,0.000000
30907,0,0,0.995440,0.000001,0.000001,0.004558
14702,1,1,0.000096,0.999785,0.000023,0.000096
22218,0,0,0.994745,0.000001,0.000001,0.005253
11940,1,1,0.000000,0.999959,0.000041,0.000000
11394,1,1,0.000000,0.999990,0.000010,0.000000
17932,1,1,0.000041,0.999932,0.000007,0.000020
18436,1,1,0.000030,0.999945,0.000014,0.000011
4205,3,3,0.000005,0.000001,0.000001,0.999993
27797,0,0,0.994969,0.000001,0.000001,0.005029
27292,0,0,0.994713,0.000001,0.000001,0.005285
9206,1,1,0.000015,0.999971,0.000011,0.000004
1972,3,3,0.000053,0.000006,0.000007,0.999934
6350,3,3,0.000642,0.000053,0.000049,0.999255
12460,1,1,0.000000,0.999990,0.000010,0.000000
11470,1,1,0.000000,0.999993,0.000007,0.000000
16938,1,1,0.000012,0.999982,0.000004,0.000003
14601,1,1,0.000014,0.999978,0.000003,0.000004
31340,0,0,0.995162,0.000001,0.000001,0.004836
6974,2,2,0.000000,0.000099,0.999899,0.000002
33053,0,3,0.144865,0.000139,0.000126,0.854870
22556,0,0,0.990652,0.000002,0.000001,0.009345
4760,3,3,0.000041,0.000014,0.000010,0.999934
16435,1,1,0.000025,0.999957,0.000007,0.000010
20250,1,1,0.000010,0.999984,0.000004,0.000003
8505,2,2,0.000000,0.000014,0.999986,0.000000
25836,0,0,0.994891,0.000001,0.000001,0.005107
4548,3,3,0.000005,0.000002,0.000001,0.999992
24411,0,0,0.995421,0.000001,0.000001,0.004577
7279,2,2,0.000000,0.000008,0.999991,0.000000
30050,0,0,0.996192,0.000001,0.000001,0.003807
16303,1,1,0.000040,0.999932,0.000007,0.000020
28184,0,0,0.994769,0.000001,0.000001,0.005229
21194,1,1,0.000013,0.999979,0.000004,0.000004
16701,1,1,0.000038,0.999933,0.000011,0.000018
24431,0,0,0.994195,0.000001,0.000001,0.005803
24202,0,0,0.994919,0.000001,0.000001,0.005079
11538,1,1,0.000000,0.999992,0.000008,0.000000
10313,1,1,0.000000,0.999991,0.000009,0.000000
3974,3,3,0.000004,0.000001,0.000001,0.999994
4965,3,3,0.000006,0.000002,0.000001,0.999990
20918,1,1,0.000028,0.999954,0.000008,0.000010
13242,1,1,0.000035,0.999938,0.000012,0.000014
18122,1,1,0.000019,0.999970,0.000004,0.000006
29121,0,0,0.994567,0.000001,0.000001,0.005431
24122,0,0,0.994890,0.000001,0.000001,0.005108
26500,0,0,0.995527,0.000001,0.000001,0.004471
20356,1,1,0.000012,0.999977,0.000007,0.000004
12366,1,1,0.000000,0.999991,0.000009,0.000000
20862,1,1,0.000078,0.999849,0.000013,0.000060
11472,1,1,0.000000,0.999992,0.000008,0.000000
10560,1,1,0.000000,0.999975,0.000024,0.000000
30830,0,0,0.995812,0.000001,0.000001,0.004186
1025,3,3,0.000002,0.000001,0.000001,0.999996
5947,3,3,0.000602,0.000051,0.000047,0.999300
13456,1,1,0.000065,0.999820,0.000025,0.000090
23665,0,0,0.993935,0.000001,0.000001,0.006063
629,3,3,0.000005,0.000001,0.000001,0.999992
21382,1,1,0.000482,0.998718,0.000057,0.000743
32870,0,0,0.988677,0.000003,0.000002,0.011319
10697,1,1,0.000000,0.999989,0.000011,0.000000
9375,1,1,0.000025,0.999957,0.000008,0.000010
3723,3,3,0.000002,0.000001,0.000001,0.999996
11479,1,1,0.000000,0.999993,0.000007,0.000000
25828,0,0,0.995671,0.000001,0.000001,0.004328
7843,2,2,0.000000,0.000011,0.999989,0.000000
9041,2,2,0.000000,0.000011,0.999989,0.000000
5946,3,3,0.000601,0.000051,0.000047,0.999301
3111,3,3,0.000004,0.000002,0.000001,0.999993
11857,1,1,0.000000,0.999987,0.000013,0.000000
8166,2,2,0.000000,0.000010,0.999990,0.000000
23150,0,0,0.993132,0.000002,0.000001,0.006865
15740,1,1,0.000004,0.999993,0.000002,0.000001
26927,0,0,0.995654,0.000001,0.000001,0.004344
30378,0,0,0.996280,0.000001,0.000001,0.003719
1231,3,3,0.000004,0.000001,0.000001,0.999994
416,3,3,0.000003,0.000001,0.000001,0.999996
20698,1,1,0.000038,0.999935,0.000009,0.000018
28864,0,0,0.995084,0.000001,0.000001,0.004914
4673,3,3,0.000002,0.000001,0.000001,0.999997
22453,0,0,0.993679,0.000002,0.000001,0.006319
3663,3,3,0.000006,0.000001,0.000002,0.999991
29960,0,0,0.996731,0.000001,0.000000,0.003268
23027,0,0,0.990278,0.000002,0.000001,0.009718
18713,1,1,0.000036,0.999927,0.000012,0.000025
28736,0,0,0.994731,0.000001,0.000001,0.005267
4606,3,3,0.000003,0.000001,0.000001,0.999995
28490,0,0,0.993359,0.000002,0.000001,0.006639
14216,1,1,0.000036,0.999936,0.000014,0.000014
11504,1,1,0.000000,0.999986,0.000014,0.000000
5278,3,3,0.000819,0.000051,0.000052,0.999079
24985,0,0,0.995071,0.000001,0.000001,0.004927
14446,1,1,0.000017,0.999972,0.000005,0.000005
22078,0,0,0.993827,0.000001,0.000001,0.006171
11341,1,1,0.000000,0.999990,0.000009,0.000000
30752,0,0,0.995558,0.000001,0.000001,0.004440
18216,1,1,0.000019,0.999971,0.000005,0.000006
28935,0,0,0.994776,0.000001,0.000001,0.005222
26264,0,0,0.995625,0.000001,0.000001,0.004373
2026,3,3,0.000110,0.000013,0.000020,0.999857
16902,1,1,0.000038,0.999936,0.000011,0.000015
8421,2,2,0.000000,0.000009,0.999990,0.000000
24565,0,0,0.994252,0.000001,0.000001,0.005746
32332,0,0,0.994987,0.000001,0.000001,0.005011
25001,0,0,0.995322,0.000001,0.000001,0.004676
1835,3,3,0.000004,0.000001,0.000001,0.999994
19186,1,1,0.000031,0.999946,0.000010,0.000012
5874,3,3,0.000610,0.000052,0.000047,0.999291
10556,1,1,0.000000,0.999986,0.000014,0.000000
12849,1,1,0.000000,0.999987,0.000013,0.000000
7644,2,2,0.000000,0.000014,0.999986,0.000001
29261,0,0,0.994660,0.000001,0.000001,0.005338
6094,3,3,0.000616,0.000052,0.000047,0.999284
18343,1,1,0.000011,0.999982,0.000003,0.000003
9061,2,2,0.000000,0.000013,0.999987,0.000001
3303,3,3,0.000002,0.000001,0.000001,0.999996
1641,3,3,0.000002,0.000001,0.000001,0.999996
15083,1,1,0.000009,0.999985,0.000003,0.000003
24529,0,0,0.994464,0.000001,0.000001,0.005534
20592,1,1,0.000009,0.999984,0.000004,0.000002
23304,0,0,0.992413,0.000002,0.000001,0.007584
7477,2,2,0.000000,0.000024,0.999975,0.000001
6954,2,2,0.000000,0.000010,0.999990,0.000000
5213,3,3,0.000825,0.000052,0.000052,0.999072
26123,0,0,0.994057,0.000001,0.000001,0.005941
28010,0,0,0.995117,0.000001,0.000001,0.004881
6156,3,3,0.000610,0.000051,0.000047,0.999291
10000,1,1,0.000000,0.999970,0.000029,0.000000
5054,3,3,0.000229,0.000055,0.000110,0.999606
19617,1,1,0.000088,0.999802,0.000014,0.000095
16480,1,1,0.000038,0.999933,0.000008,0.000020
3907,3,3,0.000002,0.000000,0.000001,0.999997
2142,3,3,0.257113,0.003245,0.003854,0.735789
6141,3,3,0.000611,0.000051,0.000047,0.999291
15948,1,1,0.000031,0.999947,0.000010,0.000012
2430,3,3,0.000011,0.000003,0.000002,0.999983
13883,1,1,0.000149,0.999605,0.000156,0.000090
22639,0,0,0.991480,0.000002,0.000001,0.008517
18267,1,1,0.000033,0.999946,0.000006,0.000014
12399,1,1,0.000000,0.999992,0.000008,0.000000
7438,2,2,0.000000,0.000012,0.999988,0.000000
27261,0,0,0.995830,0.000001,0.000001,0.004168
24780,0,0,0.995285,0.000001,0.000001,0.004713
20121,1,1,0.000022,0.999963,0.000007,0.000008
17039,1,1,0.000017,0.999972,0.000005,0.000006
19802,1,1,0.000024,0.999958,0.000009,0.000009
29240,0,0,0.995029,0.000001,0.000001,0.004969
11137,1,1,0.000000,0.999986,0.000014,0.000000
24058,0,0,0.994361,0.000001,0.000001,0.005637
5250,3,3,0.000818,0.000051,0.000052,0.999079
11063,1,1,0.000000,0.999983,0.000017,0.000000
3745,3,3,0.000003,0.000001,0.000001,0.999996
15410,1,1,0.000010,0.999983,0.000005,0.000002
6786,2,2,0.000000,0.000012,0.999987,0.000000
299,3,3,0.000004,0.000002,0.000002,0.999992
12588,1,1,0.000000,0.999987,0.000012,0.000000
7448,2,2,0.000000,0.000010,0.999990,0.000000
14132,1,1,0.000004,0.999994,0.000002,0.000001
10250,1,1,0.000000,0.999982,0.000018,0.000000
9910,1,1,0.000000,0.999980,0.000020,0.000000
31921,0,0,0.996055,0.000001,0.000001,0.003944
32565,0,0,0.996628,0.000001,0.000000,0.003371
26260,0,0,0.995357,0.000001,0.000001,0.004641
8875,2,2,0.000000,0.000009,0.999990,0.000000
9113,2,2,0.000000,0.000018,0.999981,0.000001
19326,1,1,0.000042,0.999915,0.000012,0.000030
31945,0,0,0.995468,0.000001,0.000001,0.004530
82,3,3,0.000001,0.000000,0.000000,0.999998
8220,2,2,0.000000,0.000014,0.999985,0.000001
31734,0,0,0.996786,0.000001,0.000000,0.003213
26015,0,0,0.994987,0.000001,0.000001,0.005011
29074,0,0,0.995541,0.000001,0.000001,0.004457
21102,1,1,0.000024,0.999961,0.000006,0.000009
20161,1,1,0.000042,0.999924,0.000009,0.000024
1754,3,3,0.000001,0.000000,0.000000,0.999999
14929,1,1,0.000004,0.999994,0.000002,0.000001
5111,3,3,0.000333,0.000033,0.000028,0.999605
3911,3,3,0.000006,0.000002,0.000002,0.999990
3120,3,3,0.000003,0.000001,0.000001,0.999996
4645,3,3,0.000005,0.000001,0.000001,0.999993
2706,3,3,0.000005,0.000001,0.000001,0.999992
1583,3,3,0.000009,0.000003,0.000002,0.999986
12673,1,1,0.000000,0.999977,0.000023,0.000000
26804,0,0,0.996040,0.000001,0.000001,0.003958
981,3,3,0.000005,0.000002,0.000002,0.999991
16351,1,1,0.000076,0.999860,0.000016,0.000048
16775,1,1,0.000017,0.999973,0.000004,0.000007
22001,0,0,0.992992,0.000002,0.000001,0.007006
21903,0,0,0.992792,0.000002,0.000001,0.007206
18352,1,1,0.000101,0.999814,0.000018,0.000066
3157,3,3,0.000007,0.000002,0.000002,0.999989
9922,1,1,0.000000,0.999979,0.000021,0.000000
31848,0,0,0.996863,0.000001,0.000000,0.003136
14804,1,1,0.000027,0.999948,0.000011,0.000014
705,3,3,0.000001,0.000000,0.000000,0.999999
14820,1,1,0.000004,0.999993,0.000002,0.000001
32067,0,0,0.996493,0.000001,0.000000,0.003505
32659,0,0,0.997042,0.000001,0.000000,0.002956
20993,1,1,0.000037,0.999938,0.000009,0.000016
6280,3,3,0.000617,0.000052,0.000048,0.999284
30883,0,0,0.995433,0.000001,0.000001,0.004566
25126,0,0,0.995615,0.000001,0.000001,0.004383
1722,3,3,0.000001,0.000000,0.000000,0.999998
19507,1,1,0.000011,0.999983,0.000004,0.000003
19876,1,1,0.000012,0.999978,0.000006,0.000004
7985,2,2,0.000000,0.000010,0.999990,0.000000
6058,3,3,0.000621,0.000052,0.000048,0.999279
17057,1,1,0.000022,0.999963,0.000007,0.000008
26834,0,0,0.995355,0.000001,0.000001,0.004643
12688,1,1,0.000000,0.999993,0.000007,0.000000
7506,2,2,0.000000,0.000011,0.999989,0.000000
15966,1,1,0.000015,0.999976,0.000005,0.000004
23857,0,0,0.992889,0.000002,0.000001,0.007109
23504,0,0,0.993826,0.000001,0.000001,0.006172
24358,0,0,0.993619,0.000002,0.000001,0.006379
30626,0,0,0.995496,0.000001,0.000001,0.004502
9225,1,1,0.000019,0.999957,0.000016,0.000007
32698,0,0,0.997212,0.000001,0.000000,0.002786
30315,0,0,0.995541,0.000001,0.000001,0.004457
1973,3,3,0.000093,0.000011,0.000012,0.999885
1400,3,3,0.006662,0.025409,0.003111,0.964817
17985,1,1,0.000076,0.999835,0.000015,0.000074
32231,0,0,0.995417,0.000001,0.000001,0.004581
7939,2,2,0.000000,0.000013,0.999986,0.000001
27747,0,0,0.993259,0.000002,0.000001,0.006739
25823,0,0,0.995826,0.000001,0.000001,0.004172
3698,3,3,0.000006,0.000002,0.000002,0.999990
13424,1,1,0.000037,0.999931,0.000008,0.000024
21337,1,1,0.005277,0.954736,0.004044,0.035943
26854,0,0,0.994605,0.000001,0.000001,0.005393
12360,1,1,0.000000,0.999992,0.000008,0.000000
33136,0,3,0.119164,0.000141,0.000129,0.880566
1602,3,3,0.000001,0.000000,0.000000,0.999999
443,3,3,0.000005,0.000001,0.000002,0.999992
3063,3,3,0.000006,0.000002,0.000001,0.999991
5205,3,3,0.000832,0.000052,0.000052,0.999065
6538,3,3,0.000303,0.000087,0.000047,0.999563
4439,3,3,0.000003,0.000001,0.000001,0.999995
15148,1,1,0.000175,0.999428,0.000018,0.000379
32833,0,0,0.996391,0.000001,0.000001,0.003607
30234,0,0,0.995848,0.000001,0.000001,0.004151
4853,3,3,0.000008,0.000001,0.000002,0.999989
4358,3,3,0.000002,0.000001,0.000001,0.999997
16881,1,1,0.000125,0.999751,0.000030,0.000094
25566,0,0,0.994587,0.000001,0.000001,0.005411
3265,3,3,0.000005,0.000001,0.000001,0.999992
1238,3,3,0.000043,0.000022,0.000023,0.999912
26240,0,0,0.995629,0.000001,0.000001,0.004369
24235,0,0,0.994082,0.000001,0.000001,0.005916
22431,0,0,0.987073,0.000003,0.000002,0.012922
10677,1,1,0.000000,0.999983,0.000017,0.000000
10941,1,1,0.000000,0.999989,0.000011,0.000000
11502,1,1,0.000000,0.999990,0.000010,0.000000
10708,1,1,0.000000,0.999985,0.000015,0.000000
5236,3,3,0.000818,0.000051,0.000052,0.999079
27533,0,0,0.994808,0.000001,0.000001,0.005190
29114,0,0,0.995902,0.000001,0.000001,0.004096
24569,0,0,0.994857,0.000001,0.000001,0.005141
23152,0,0,0.993139,0.000002,0.000001,0.006859
18129,1,1,0.000035,0.999941,0.000011,0.000013
9763,1,1,0.000000,0.999981,0.000019,0.000000
27278,0,0,0.995261,0.000001,0.000001,0.004737
16469,1,1,0.000053,0.999893,0.000016,0.000038
2057,3,3,0.000020,0.000006,0.000005,0.999969
8379,2,2,0.000000,0.000016,0.999984,0.000001
19874,1,1,0.000010,0.999984,0.000004,0.000002
11465,1,1,0.000000,0.999977,0.000023,0.000000
22732,0,0,0.994655,0.000001,0.000001,0.005343
11843,1,1,0.000000,0.999973,0.000027,0.000000
31622,0,0,0.993998,0.000001,0.000001,0.006000
20709,1,1,0.000027,0.999953,0.000009,0.000011
27345,0,0,0.995553,0.000001,0.000001,0.004445
8117,2,2,0.000000,0.000011,0.999989,0.000000
24685,0,0,0.995345,0.000001,0.000001,0.004654
3654,3,3,0.000001,0.000000,0.000001,0.999998
28765,0,0,0.989173,0.000003,0.000001,0.010823
23036,0,0,0.994056,0.000001,0.000001,0.005942
478,3,3,0.000006,0.000003,0.000003,0.999988
6352,3,3,0.000653,0.000053,0.000049,0.999244
24775,0,0,0.995689,0.000001,0.000001,0.004310
7122,2,2,0.000000,0.000008,0.999991,0.000000
5758,3,3,0.000584,0.000050,0.000046,0.999320
2194,3,3,0.000017,0.000003,0.000003,0.999977
7772,2,2,0.000000,0.000011,0.999988,0.000000
31733,0,0,0.996502,0.000001,0.000000,0.003496
31162,0,0,0.996072,0.000001,0.000001,0.003926
6979,2,2,0.000000,0.000016,0.999983,0.000001
22347,0,0,0.990259,0.000002,0.000001,0.009738
31708,0,0,0.995506,0.000001,0.000001,0.004492
10778,1,1,0.000000,0.999990,0.000010,0.000000
27921,0,0,0.991541,0.000002,0.000001,0.008456
755,3,3,0.000002,0.000001,0.000001,0.999996
29039,0,0,0.994716,0.000001,0.000001,0.005281
18002,1,1,0.000029,0.999953,0.000008,0.000011
1457,3,3,0.000408,0.000022,0.000032,0.999539
3459,3,3,0.000012,0.000002,0.000003,0.999983
4142,3,3,0.000005,0.000001,0.000001,0.999992
28874,0,0,0.995354,0.000001,0.000001,0.004644
24463,0,0,0.994716,0.000001,0.000001,0.005282
11254,1,1,0.000000,0.999990,0.000010,0.000000
11516,1,1,0.000000,0.999989,0.000011,0.000000
15497,1,1,0.000001,0.999998,0.000001,0.000000
10776,1,1,0.000000,0.999992,0.000007,0.000000
13319,1,1,0.000034,0.999937,0.000005,0.000024
2983,3,3,0.000003,0.000001,0.000001,0.999995
20493,1,1,0.000013,0.999978,0.000006,0.000004
31159,0,0,0.996055,0.000001,0.000001,0.003944
28587,0,0,0.995540,0.000001,0.000001,0.004458
23457,0,0,0.992605,0.000002,0.000001,0.007392
10719,1,1,0.000000,0.999989,0.000011,0.000000
8962,2,2,0.000000,0.000009,0.999991,0.000000
26711,0,0,0.993644,0.000002,0.000001,0.006354
14367,1,1,0.000071,0.999846,0.000013,0.000070
18683,1,1,0.000058,0.999899,0.000013,0.000031
24370,0,0,0.995578,0.000001,0.000001,0.004420
11160,1,1,0.000000,0.999993,0.000007,0.000000
31504,0,0,0.995831,0.000001,0.000001,0.004167
27406,0,0,0.995893,0.000001,0.000001,0.004105
20008,1,1,0.000026,0.999954,0.000008,0.000011
26507,0,0,0.994144,0.000001,0.000001,0.005853
20913,1,1,0.000022,0.999963,0.000005,0.000009
21143,1,1,0.000030,0.999946,0.000011,0.000012
32129,0,0,0.995283,0.000001,0.000001,0.004715
29397,0,0,0.993639,0.000001,0.000001,0.006359
10122,1,1,0.000000,0.999987,0.000013,0.000000
18850,1,1,0.000053,0.999914,0.000010,0.000023
19529,1,1,0.000036,0.999938,0.000009,0.000018
31294,0,0,0.995129,0.000001,0.000001,0.004869
12325,1,1,0.000000,0.999989,0.000011,0.000000
27862,0,0,0.994880,0.000001,0.000001,0.005118
24163,0,0,0.995084,0.000001,0.000001,0.004914
5721,3,3,0.000706,0.000056,0.000052,0.999186
31550,0,0,0.995783,0.000001,0.000001,0.004215
3781,3,3,0.000003,0.000001,0.000001,0.999996
16594,1,1,0.000021,0.999964,0.000006,0.000009
33184,0,3,0.114246,0.000142,0.000130,0.885482
5770,3,3,0.000586,0.000050,0.000046,0.999317
23929,0,0,0.993694,0.000001,0.000001,0.006303
27588,0,0,0.995485,0.000001,0.000001,0.004513
23981,0,0,0.995459,0.000001,0.000001,0.004539
9668,1,1,0.000037,0.999941,0.000006,0.000017
21264,1,1,0.000010,0.999985,0.000003,0.000003
19106,1,1,0.000066,0.999881,0.000011,0.000042
32664,0,0,0.996792,0.000001,0.000000,0.003206
27283,0,0,0.995530,0.000001,0.000001,0.004468
7376,2,2,0.000000,0.000010,0.999990,0.000000
29940,0,0,0.995199,0.000001,0.000001,0.004799
4610,3,3,0.000005,0.000001,0.000001,0.999993
11969,1,1,0.000000,0.999968,0.000032,0.000000
21552,0,0,0.993858,0.000001,0.000001,0.006140
969,3,3,0.000006,0.000003,0.000002,0.999989
7446,2,2,0.000000,0.000010,0.999989,0.000000
24129,0,0,0.993629,0.000002,0.000001,0.006369
14944,1,1,0.000018,0.999972,0.000003,0.000006
17015,1,1,0.000089,0.999823,0.000016,0.000073
19378,1,1,0.000016,0.999974,0.000004,0.000005
22265,0,0,0.993781,0.000001,0.000001,0.006216
1297,3,3,0.000003,0.000001,0.000001,0.999995
25676,0,0,0.995121,0.000001,0.000001,0.004877
4871,3,3,0.000002,0.000001,0.000001,0.999997
28703,0,0,0.994566,0.000001,0.000001,0.005432
21991,0,0,0.992546,0.000002,0.000001,0.007452
19114,1,1,0.000029,0.999950,0.000008,0.000012
15343,1,1,0.000016,0.999951,0.000024,0.000009
10790,1,1,0.000000,0.999992,0.000007,0.000000
29868,0,0,0.992431,0.000002,0.000001,0.007566
24989,0,0,0.995325,0.000001,0.000001,0.004673
29384,0,0,0.996737,0.000001,0.000000,0.003261
11481,1,1,0.000000,0.999993,0.000007,0.000000
15726,1,1,0.000001,0.999998,0.000001,0.000000
31439,0,0,0.995734,0.000001,0.000001,0.004264
12574,1,1,0.000000,0.999993,0.000007,0.000000
7363,2,2,0.000000,0.000008,0.999991,0.000000
1444,3,3,0.000368,0.000022,0.000028,0.999582
22005,0,0,0.993541,0.000002,0.000001,0.006456
17746,1,1,0.000026,0.999956,0.000006,0.000012
6230,3,3,0.000612,0.000051,0.000047,0.999289
4991,3,3,0.000011,0.000004,0.000003,0.999983
23964,0,0,0.995703,0.000001,0.000001,0.004295
14774,1,1,0.000040,0.999931,0.000006,0.000022
5465,3,3,0.000707,0.000051,0.000049,0.999192
18131,1,1,0.000016,0.999974,0.000004,0.000006
19656,1,1,0.000031,0.999949,0.000008,0.000012
16337,1,1,0.000018,0.999971,0.000005,0.000007
32719,0,0,0.996652,0.000001,0.000000,0.003347
32487,0,0,0.994787,0.000001,0.000001,0.005211
14314,1,1,0.000016,0.999969,0.000008,0.000007
24712,0,0,0.992251,0.000002,0.000001,0.007746
17080,1,1,0.000024,0.999957,0.000007,0.000012
21783,0,0,0.993277,0.000002,0.000001,0.006720
2821,3,3,0.000039,0.000009,0.000009,0.999943
10585,1,1,0.000000,0.999990,0.000010,0.000000
20280,1,1,0.000015,0.999974,0.000005,0.000005
5868,3,3,0.000613,0.000052,0.000047,0.999288
18446,1,1,0.000033,0.999946,0.000010,0.000012
26053,0,0,0.995644,0.000001,0.000001,0.004355
10183,1,1,0.000000,0.999994,0.000006,0.000000
1119,3,3,0.000007,0.000004,0.000003,0.999987
10820,1,1,0.000000,0.999991,0.000009,0.000000
24632,0,0,0.995050,0.000001,0.000001,0.004948
4110,3,3,0.000001,0.000000,0.000001,0.999998
32221,0,0,0.995252,0.000001,0.000001,0.004747
17668,1,1,0.000046,0.999919,0.000013,0.000021
31568,0,0,0.995551,0.000001,0.000001,0.004448
15796,1,1,0.000009,0.999985,0.000004,0.000002
29953,0,0,0.997552,0.000001,0.000000,0.002447
3954,3,3,0.000012,0.000002,0.000003,0.999982
4894,3,3,0.000002,0.000000,0.000000,0.999998
1875,3,3,0.000011,0.000003,0.000002,0.999984
710,3,3,0.000001,0.000000,0.000001,0.999997
18224,1,1,0.000025,0.999961,0.000006,0.000009
10712,1,1,0.000000,0.999988,0.000012,0.000000
72,3,3,0.000030,0.000010,0.000007,0.999953
26811,0,0,0.995706,0.000001,0.000001,0.004292
6561,3,3,0.000345,0.000036,0.000031,0.999588
17757,1,1,0.000042,0.999932,0.000008,0.000018
25890,0,0,0.995941,0.000001,0.000001,0.004058
508,3,3,0.000006,0.000002,0.000002,0.999990
23256,0,0,0.993459,0.000002,0.000001,0.006539
17992,1,1,0.000057,0.999895,0.000012,0.000036
8174,2,2,0.000000,0.000020,0.999979,0.000001
2520,3,3,0.000012,0.000002,0.000002,0.999983
11224,1,1,0.000000,0.999985,0.000015,0.000000
7507,2,2,0.000000,0.000015,0.999984,0.000001
17884,1,1,0.000113,0.999812,0.000025,0.000050
26734,0,0,0.995688,0.000001,0.000001,0.004310
29962,0,0,0.996015,0.000001,0.000001,0.003983
21554,0,0,0.994531,0.000001,0.000001,0.005467
26407,0,0,0.994140,0.000001,0.000001,0.005858
9175,1,1,0.000113,0.999724,0.000111,0.000052
13116,1,1,0.000007,0.999986,0.000004,0.000003
21331,1,1,0.000029,0.999948,0.000005,0.000017
2192,3,3,0.000011,0.000002,0.000002,0.999985
17670,1,1,0.000080,0.999854,0.000023,0.000043
30478,0,0,0.992966,0.000002,0.000001,0.007032
19108,1,1,0.000068,0.999880,0.000012,0.000040
21507,0,0,0.994761,0.000001,0.000001,0.005237
9992,1,1,0.000000,0.999810,0.000189,0.000000
11529,1,1,0.000000,0.999986,0.000014,0.000000
26301,0,0,0.996195,0.000001,0.000001,0.003803
1691,3,3,0.000001,0.000000,0.000000,0.999998
15573,1,1,0.000004,0.999992,0.000003,0.000001
2535,3,3,0.000003,0.000001,0.000001,0.999995
4337,3,3,0.000006,0.000001,0.000002,0.999991
1950,3,3,0.000061,0.000007,0.000007,0.999925
14741,1,1,0.000012,0.999979,0.000004,0.000004
6840,2,2,0.000000,0.000012,0.999988,0.000000
23581,0,0,0.992306,0.000002,0.000001,0.007691
25822,0,0,0.995913,0.000001,0.000001,0.004085
21181,1,1,0.000042,0.999929,0.000009,0.000020
1714,3,3,0.000024,0.000005,0.000005,0.999966
21655,0,0,0.991554,0.000002,0.000001,0.008443
19029,1,1,0.000040,0.999932,0.000012,0.000016
4446,3,3,0.000006,0.000002,0.000002,0.999990
5503,3,3,0.000619,0.000052,0.000048,0.999281
28880,0,0,0.996630,0.000001,0.000000,0.003369
32457,0,0,0.995059,0.000001,0.000001,0.004939
20147,1,1,0.000017,0.999970,0.000007,0.000006
29621,0,0,0.988205,0.000003,0.000001,0.011791
2951,3,3,0.000002,0.000000,0.000001,0.999997
4440,3,3,0.000003,0.000001,0.000001,0.999996
19675,1,1,0.000149,0.999650,0.000025,0.000176
5876,3,3,0.000612,0.000052,0.000047,0.999289
19586,1,1,0.000017,0.999973,0.000005,0.000005
29167,0,0,0.995640,0.000001,0.000001,0.004358
6850,2,2,0.000000,0.000011,0.999989,0.000000
13945,1,1,0.000047,0.999918,0.000006,0.000028
9160,2,2,0.000030,0.031853,0.967697,0.000420
6671,2,2,0.000000,0.000011,0.999988,0.000000
4613,3,3,0.000004,0.000001,0.000001,0.999995
12171,1,1,0.000000,0.999986,0.000014,0.000000
32269,0,0,0.994799,0.000001,0.000001,0.005199
11004,1,1,0.000000,0.999806,0.000193,0.000001
23787,0,0,0.992670,0.000002,0.000001,0.007327
26580,0,0,0.994799,0.000001,0.000001,0.005199
19849,1,1,0.000010,0.999983,0.000004,0.000003
21338,1,1,0.008859,0.869763,0.002374,0.119003
15854,1,1,0.000008,0.999986,0.000004,0.000002
25304,0,0,0.994862,0.000001,0.000001,0.005136
341,3,3,0.000002,0.000001,0.000001,0.999997
19968,1,1,0.000023,0.999961,0.000007,0.000009
10658,1,1,0.000000,0.999988,0.000012,0.000000
4454,3,3,0.000005,0.000001,0.000001,0.999993
9222,1,1,0.000008,0.999982,0.000008,0.000002
22657,0,0,0.991991,0.000002,0.000001,0.008006
21221,1,1,0.000006,0.999990,0.000002,0.000001
31982,0,0,0.996250,0.000001,0.000001,0.003749
18111,1,1,0.000022,0.999964,0.000005,0.000009
29197,0,0,0.994697,0.000001,0.000001,0.005301
15770,1,1,0.000005,0.999990,0.000003,0.000001
1676,3,3,0.000002,0.000001,0.000001,0.999996
11828,1,1,0.000000,0.999986,0.000014,0.000000
24718,0,0,0.995456,0.000001,0.000001,0.004542
22794,0,0,0.991010,0.000002,0.000001,0.008986
2528,3,3,0.000001,0.000001,0.000000,0.999998
1843,3,3,0.000002,0.000000,0.000000,0.999997
28842,0,0,0.992512,0.000002,0.000001,0.007486
7479,2,2,0.000000,0.000020,0.999979,0.000001
1361,3,3,0.000132,0.000033,0.000032,0.999803
15370,1,1,0.000026,0.999944,0.000019,0.000011
18893,1,1,0.000044,0.999928,0.000009,0.000019
5603,3,3,0.000606,0.000051,0.000047,0.999296
2319,3,3,0.000004,0.000001,0.000001,0.999994
9863,1,1,0.000000,0.999989,0.000011,0.000000
24701,0,0,0.996226,0.000001,0.000001,0.003772
30222,0,0,0.996385,0.000001,0.000001,0.003614
7127,2,2,0.000000,0.000010,0.999989,0.000000
26570,0,0,0.994292,0.000001,0.000001,0.005706
9437,1,1,0.000007,0.999986,0.000005,0.000002
20626,1,1,0.000036,0.999936,0.000010,0.000018
26475,0,0,0.995924,0.000001,0.000001,0.004074
13421,1,1,0.000047,0.999914,0.000010,0.000029
11548,1,1,0.000000,0.999985,0.000015,0.000000
19964,1,1,0.000013,0.999980,0.000003,0.000004
30815,0,0,0.995565,0.000001,0.000001,0.004433
29371,0,0,0.978945,0.000004,0.000003,0.021048
17123,1,1,0.000044,0.999925,0.000010,0.000021
16179,1,1,0.000047,0.999924,0.000008,0.000021
3584,3,3,0.000002,0.000001,0.000001,0.999996
19028,1,1,0.000033,0.999945,0.000010,0.000012
14604,1,1,0.000012,0.999983,0.000003,0.000003
17863,1,1,0.000040,0.999937,0.000009,0.000014
18612,1,1,0.000024,0.999959,0.000007,0.000010
16409,1,1,0.000070,0.999870,0.000016,0.000044
32478,0,0,0.996529,0.000001,0.000000,0.003470
3244,3,3,0.000072,0.000019,0.000018,0.999891
8188,2,2,0.000001,0.000381,0.999539,0.000079
22857,0,0,0.995485,0.000001,0.000001,0.004513
13750,1,1,0.000010,0.999984,0.000003,0.000003
32006,0,0,0.996432,0.000001,0.000000,0.003567
23713,0,0,0.995646,0.000001,0.000001,0.004352
21857,0,0,0.993574,0.000002,0.000001,0.006424
25861,0,0,0.995288,0.000001,0.000001,0.004711
5338,3,3,0.000809,0.000051,0.000051,0.999090
32209,0,0,0.995852,0.000001,0.000001,0.004146
9144,2,2,0.000000,0.000007,0.999992,0.000000
10862,1,1,0.000000,0.999991,0.000009,0.000000
9115,2,2,0.000000,0.000035,0.999963,0.000001
10553,1,1,0.000000,0.999989,0.000011,0.000000
9025,2,2,0.000000,0.000010,0.999990,0.000000
11997,1,1,0.000000,0.999986,0.000014,0.000000
18147,1,1,0.000046,0.999923,0.000008,0.000023
2147,3,3,0.000007,0.000002,0.000002,0.999990
13942,1,1,0.000114,0.999709,0.000012,0.000165
32495,0,0,0.996032,0.000001,0.000001,0.003966
20607,1,1,0.000029,0.999947,0.000011,0.000013
27648,0,0,0.995461,0.000001,0.000001,0.004538
8486,2,2,0.000000,0.000028,0.999971,0.000001
22258,0,0,0.992241,0.000002,0.000001,0.007756
17373,1,1,0.000017,0.999970,0.000006,0.000007
13017,1,1,0.000029,0.999955,0.000004,0.000012
32320,0,0,0.995819,0.000001,0.000001,0.004180
32251,0,0,0.993693,0.000002,0.000001,0.006305
3336,3,3,0.000001,0.000000,0.000000,0.999998
27762,0,0,0.994091,0.000001,0.000001,0.005906
15479,1,1,0.000002,0.999995,0.000002,0.000000
14050,1,1,0.000027,0.999961,0.000006,0.000005
28113,0,0,0.995576,0.000001,0.000001,0.004422
5375,3,3,0.000819,0.000051,0.000052,0.999079
990,3,3,0.000004,0.000001,0.000001,0.999993
30877,0,0,0.995022,0.000001,0.000001,0.004976
18548,1,1,0.000013,0.999980,0.000004,0.000003
6324,3,3,0.000646,0.000054,0.000049,0.999251
15105,1,1,0.000007,0.999985,0.000006,0.000002
13542,1,1,0.000055,0.999898,0.000025,0.000023
3172,3,3,0.000008,0.000002,0.000002,0.999988
30800,0,0,0.995813,0.000001,0.000001,0.004185
19603,1,1,0.000038,0.999932,0.000007,0.000022
8578,2,2,0.000000,0.000046,0.999951,0.000003
18447,1,1,0.000051,0.999913,0.000011,0.000025
23496,0,0,0.990905,0.000002,0.000001,0.009092
24759,0,0,0.995056,0.000001,0.000001,0.004942
30837,0,0,0.995298,0.000001,0.000001,0.004700
8746,2,2,0.000000,0.000014,0.999985,0.000001
24702,0,0,0.996375,0.000001,0.000001,0.003623
29435,0,0,0.993823,0.000001,0.000001,0.006175
8850,2,2,0.000000,0.000008,0.999991,0.000000
9432,1,1,0.000028,0.999946,0.000014,0.000011
20949,1,1,0.000011,0.999981,0.000004,0.000003
22822,0,0,0.993754,0.000002,0.000001,0.006244
24561,0,0,0.994989,0.000001,0.000001,0.005009
31508,0,0,0.996392,0.000001,0.000001,0.003606
19948,1,1,0.000015,0.999975,0.000005,0.000005
17281,1,1,0.000020,0.999967,0.000007,0.000006
12605,1,1,0.000000,0.999989,0.000011,0.000000
3925,3,3,0.000002,0.000000,0.000001,0.999998
13273,1,1,0.000010,0.999985,0.000003,0.000002
15085,1,1,0.000020,0.999970,0.000004,0.000006
25677,0,0,0.995517,0.000001,0.000001,0.004482
7336,2,2,0.000000,0.000008,0.999991,0.000000
22658,0,0,0.991565,0.000002,0.000001,0.008432
21346,1,1,0.000440,0.999073,0.000206,0.000280
8001,2,2,0.000000,0.000012,0.999988,0.000001
4221,3,3,0.000010,0.000003,0.000003,0.999984
19566,1,1,0.000025,0.999959,0.000009,0.000008
15372,1,1,0.000037,0.999920,0.000024,0.000020
2898,3,3,0.000002,0.000000,0.000001,0.999997
14802,1,1,0.000055,0.999896,0.000017,0.000032
32999,0,3,0.135750,0.000139,0.000126,0.863985
10377,1,1,0.000000,0.999987,0.000013,0.000000
31980,0,0,0.996332,0.000001,0.000001,0.003666
7558,2,2,0.000000,0.000011,0.999989,0.000000
15123,1,1,0.000086,0.999808,0.000010,0.000096
3991,3,3,0.000003,0.000001,0.000001,0.999995
16159,1,1,0.000065,0.999879,0.000011,0.000044
20204,1,1,0.000027,0.999953,0.000008,0.000013
8767,2,2,0.000000,0.000019,0.999981,0.000001
11006,1,1,0.000000,0.999957,0.000042,0.000000
17257,1,1,0.000014,0.999976,0.000005,0.000004
23308,0,0,0.991941,0.000002,0.000001,0.008056
8269,2,2,0.000000,0.000011,0.999988,0.000000
30192,0,0,0.992628,0.000002,0.000001,0.007369
25915,0,0,0.994993,0.000001,0.000001,0.005005
30910,0,0,0.995857,0.000001,0.000001,0.004142
18841,1,1,0.000158,0.999706,0.000027,0.000110
17786,1,1,0.000016,0.999971,0.000008,0.000005
27480,0,0,0.994364,0.000001,0.000001,0.005634
16863,1,1,0.000022,0.999961,0.000008,0.000010
33140,0,3,0.141625,0.000142,0.000128,0.858105
13675,1,1,0.000032,0.999943,0.000012,0.000014
20127,1,1,0.000005,0.999990,0.000003,0.000001
16089,1,1,0.000030,0.999947,0.000013,0.000010
32516,0,0,0.995873,0.000001,0.000001,0.004125
28621,0,0,0.996477,0.000001,0.000000,0.003521
14389,1,1,0.000006,0.999980,0.000012,0.000002
12603,1,1,0.000000,0.999980,0.000019,0.000000
41,3,3,0.000143,0.000040,0.000049,0.999767
24110,0,0,0.994112,0.000001,0.000001,0.005885
23229,0,0,0.994566,0.000001,0.000001,0.005432
30355,0,0,0.996657,0.000001,0.000000,0.003342
14228,1,1,0.000174,0.999643,0.000045,0.000138
31839,0,0,0.995886,0.000001,0.000001,0.004113
1450,3,3,0.000101,0.000011,0.000011,0.999877
28781,0,0,0.991454,0.000002,0.000001,0.008543
2321,3,3,0.000010,0.000002,0.000002,0.999986
23646,0,0,0.994760,0.000001,0.000001,0.005239
14154,1,1,0.000081,0.999873,0.000019,0.000027
411,3,3,0.000003,0.000001,0.000001,0.999995
28273,0,0,0.992417,0.000002,0.000001,0.007581
7112,2,2,0.000000,0.000010,0.999990,0.000000
18284,1,1,0.000067,0.999882,0.000015,0.000037
2622,3,3,0.000009,0.000003,0.000002,0.999986
25086,0,0,0.995744,0.000001,0.000001,0.004254
8490,2,2,0.000000,0.000018,0.999981,0.000001
25886,0,0,0.995728,0.000001,0.000001,0.004270
26976,0,0,0.995031,0.000001,0.000001,0.004967
16247,1,1,0.000242,0.999358,0.000043,0.000357
15803,1,1,0.000004,0.999994,0.000002,0.000001
21676,0,0,0.992684,0.000002,0.000001,0.007314
5175,3,3,0.000870,0.000052,0.000053,0.999025
27581,0,0,0.995713,0.000001,0.000001,0.004285
16272,1,1,0.000050,0.999915,0.000013,0.000021
4503,3,3,0.000145,0.000068,0.000060,0.999728
20739,1,1,0.000013,0.999977,0.000005,0.000005
1165,3,3,0.000007,0.000005,0.000003,0.999985
28904,0,0,0.995894,0.000001,0.000001,0.004104
11211,1,1,0.000000,0.999987,0.000012,0.000000
33054,0,3,0.141214,0.000139,0.000126,0.858521
32840,0,0,0.996094,0.000001,0.000001,0.003905
13825,1,1,0.000011,0.999975,0.000007,0.000007
4309,3,3,0.000062,0.000009,0.000011,0.999918
21951,0,0,0.994043,0.000001,0.000001,0.005955
11106,1,1,0.000000,0.999987,0.000012,0.000000
28742,0,0,0.994233,0.000001,0.000001,0.005765
11505,1,1,0.000000,0.999987,0.000013,0.000000
8431,2,2,0.000000,0.000016,0.999984,0.000000
17188,1,1,0.000022,0.999964,0.000007,0.000007
15863,1,1,0.000026,0.999953,0.000010,0.000011
14037,1,1,0.000053,0.999901,0.000013,0.000034
11424,1,1,0.000000,0.999987,0.000013,0.000000
6104,3,3,0.000611,0.000051,0.000047,0.999290
1022,3,3,0.000005,0.000005,0.000002,0.999987
12883,1,1,0.000000,0.999986,0.000014,0.000000
13488,1,1,0.000108,0.999823,0.000030,0.000040
8928,2,2,0.000000,0.000021,0.999979,0.000001
25594,0,0,0.995453,0.000001,0.000001,0.004546
6180,3,3,0.000619,0.000052,0.000048,0.999281
32885,0,3,0.165099,0.000144,0.000127,0.834630
24907,0,0,0.994293,0.000001,0.000001,0.005705
8249,2,2,0.000000,0.000041,0.999955,0.000004
21376,1,1,0.000181,0.999583,0.000028,0.000208
25117,0,0,0.996136,0.000001,0.000001,0.003862
27879,0,0,0.995593,0.000001,0.000001,0.004405
5697,3,3,0.000607,0.000052,0.000047,0.999293
487,3,3,0.000001,0.000000,0.000000,0.999998
8319,2,2,0.000000,0.000023,0.999976,0.000001
4388,3,3,0.000007,0.000002,0.000002,0.999990
9625,1,1,0.000053,0.998454,0.001357,0.000136
33202,0,3,0.122440,0.000142,0.000130,0.877289
2489,3,3,0.000014,0.000004,0.000003,0.999980
29048,0,0,0.994012,0.000001,0.000001,0.005986
22324,0,0,0.992285,0.000002,0.000001,0.007712
30285,0,0,0.989620,0.000002,0.000001,0.010376
22346,0,0,0.990782,0.000002,0.000001,0.009215
32479,0,0,0.996277,0.000001,0.000001,0.003721
27136,0,0,0.996123,0.000001,0.000001,0.003875
7634,2,2,0.000000,0.000015,0.999985,0.000001
13165,1,1,0.000020,0.999967,0.000004,0.000008
27009,0,0,0.995270,0.000001,0.000001,0.004729
29524,0,0,0.994147,0.000001,0.000001,0.005851
28967,0,0,0.993684,0.000002,0.000001,0.006314
16542,1,1,0.000063,0.999873,0.000011,0.000053
30730,0,0,0.994531,0.000001,0.000001,0.005467
22245,0,0,0.994312,0.000001,0.000001,0.005686
19148,1,1,0.000024,0.999960,0.000006,0.000010
3726,3,3,0.000013,0.000003,0.000003,0.999980
10019,1,1,0.000000,0.999991,0.000009,0.000000
20637,1,1,0.000031,0.999947,0.000008,0.000015
21546,0,0,0.993443,0.000002,0.000001,0.006555
29116,0,0,0.994769,0.000001,0.000001,0.005229
6149,3,3,0.000617,0.000052,0.000048,0.999283
28362,0,0,0.996633,0.000001,0.000000,0.003366
6837,2,2,0.000000,0.000014,0.999985,0.000001
24488,0,0,0.994900,0.000001,0.000001,0.005098
7049,2,2,0.000000,0.000015,0.999985,0.000001
22079,0,0,0.993605,0.000002,0.000001,0.006393
32558,0,0,0.996543,0.000001,0.000000,0.003456
9689,1,1,0.000006,0.999991,0.000001,0.000001
8949,2,2,0.000000,0.000039,0.999960,0.000001
12213,1,1,0.000000,0.999964,0.000036,0.000000
22223,0,0,0.993370,0.000002,0.000001,0.006627
25066,0,0,0.995221,0.000001,0.000001,0.004777
18462,1,1,0.000022,0.999965,0.000005,0.000007
10935,1,1,0.000000,0.999993,0.000007,0.000000
7605,2,2,0.000000,0.000009,0.999991,0.000000
19076,1,1,0.000015,0.999976,0.000004,0.000005
30545,0,0,0.995652,0.000001,0.000001,0.004347
21165,1,1,0.000023,0.999962,0.000008,0.000007
32471,0,0,0.995812,0.000001,0.000001,0.004186
8576,2,2,0.000000,0.000037,0.999959,0.000004
18992,1,1,0.000008,0.999987,0.000003,0.000002
9616,1,1,0.000522,0.994304,0.002679,0.002495
8477,2,2,0.000000,0.000028,0.999971,0.000001
4298,3,3,0.000003,0.000001,0.000001,0.999996
27836,0,0,0.995240,0.000001,0.000001,0.004758
11903,1,1,0.000000,0.999972,0.000028,0.000000
20244,1,1,0.000014,0.999977,0.000005,0.000004
9346,1,1,0.000009,0.999984,0.000005,0.000002
15208,1,1,0.000016,0.999974,0.000003,0.000007
2326,3,3,0.000110,0.000011,0.000016,0.999863
20225,1,1,0.000018,0.999970,0.000005,0.000007
5300,3,3,0.000814,0.000051,0.000051,0.999084
31307,0,0,0.995708,0.000001,0.000001,0.004290
24693,0,0,0.995028,0.000001,0.000001,0.004970
19636,1,1,0.000013,0.999979,0.000004,0.000004
21584,0,0,0.991932,0.000002,0.000001,0.008065
28107,0,0,0.995553,0.000001,0.000001,0.004445
25817,0,0,0.996120,0.000001,0.000001,0.003878
9187,1,1,0.000015,0.999970,0.000010,0.000005
14088,1,1,0.000047,0.999922,0.000010,0.000021
10110,1,1,0.000000,0.999994,0.000006,0.000000
33064,0,3,0.097835,0.000139,0.000130,0.901897
9448,1,1,0.000025,0.999950,0.000016,0.000009
28776,0,0,0.993082,0.000002,0.000001,0.006915
11614,1,1,0.000000,0.999995,0.000005,0.000000
17404,1,1,0.000030,0.999950,0.000008,0.000012
24847,0,0,0.994911,0.000001,0.000001,0.005087
17598,1,1,0.000022,0.999962,0.000007,0.000008
9882,1,1,0.000000,0.999839,0.000161,0.000000
20255,1,1,0.000022,0.999965,0.000006,0.000008
27935,0,0,0.966354,0.000006,0.000004,0.033636
22282,0,0,0.993775,0.000001,0.000001,0.006223
7699,2,2,0.000000,0.000011,0.999989,0.000000
26148,0,0,0.995351,0.000001,0.000001,0.004647
29282,0,0,0.993469,0.000002,0.000001,0.006529
7000,2,2,0.000000,0.000018,0.999982,0.000001
10375,1,1,0.000000,0.999994,0.000006,0.000000
2575,3,3,0.000007,0.000002,0.000001,0.999990
11518,1,1,0.000000,0.999981,0.000018,0.000000
7305,2,2,0.000000,0.000009,0.999991,0.000000
13765,1,1,0.000056,0.999898,0.000017,0.000029
28717,0,0,0.994885,0.000001,0.000001,0.005113
20273,1,1,0.000013,0.999978,0.000005,0.000004
26629,0,0,0.996048,0.000001,0.000001,0.003951
19523,1,1,0.000035,0.999941,0.000008,0.000017
10993,1,1,0.000000,0.999990,0.000010,0.000000
1393,3,3,0.000510,0.000347,0.000330,0.998813
17996,1,1,0.000070,0.999874,0.000012,0.000044
16158,1,1,0.000041,0.999929,0.000009,0.000021
19774,1,1,0.000016,0.999972,0.000007,0.000005
15091,1,1,0.000001,0.999998,0.000001,0.000000
18634,1,1,0.000019,0.999969,0.000006,0.000006
9694,1,1,0.000024,0.999963,0.000004,0.000009
29059,0,0,0.994833,0.000001,0.000001,0.005165
7034,2,2,0.000000,0.000012,0.999987,0.000000
26286,0,0,0.995549,0.000001,0.000001,0.004450
24302,0,0,0.995436,0.000001,0.000001,0.004562
13040,1,1,0.000049,0.999916,0.000009,0.000025
13201,1,1,0.000024,0.999963,0.000008,0.000005
5086,3,3,0.000002,0.000001,0.000000,0.999997
9027,2,2,0.000000,0.000013,0.999987,0.000001
7717,2,2,0.000000,0.000011,0.999989,0.000000
14080,1,1,0.000001,0.999999,0.000000,0.000000
19956,1,1,0.000030,0.999949,0.000007,0.000014
21795,0,0,0.992399,0.000002,0.000001,0.007599
8331,2,2,0.000000,0.000011,0.999988,0.000000
22419,0,0,0.992742,0.000002,0.000001,0.007255
22785,0,0,0.991762,0.000002,0.000001,0.008235
6321,3,3,0.000662,0.000054,0.000050,0.999234
2722,3,3,0.000200,0.000022,0.000019,0.999758
26,3,3,0.000003,0.000001,0.000001,0.999995
18870,1,1,0.000087,0.999838,0.000012,0.000064
12993,1,1,0.000012,0.999979,0.000003,0.000005
24952,0,0,0.995353,0.000001,0.000001,0.004645
1832,3,3,0.000176,0.000022,0.000018,0.999783
22021,0,0,0.992358,0.000002,0.000001,0.007640
15817,1,1,0.000011,0.999983,0.000003,0.000003
13715,1,1,0.000018,0.999969,0.000005,0.000007
2888,3,3,0.000002,0.000001,0.000001,0.999996
11430,1,1,0.000000,0.999989,0.000011,0.000000
25650,0,0,0.995083,0.000001,0.000001,0.004915
31348,0,0,0.996095,0.000001,0.000001,0.003904
3802,3,3,0.000049,0.000006,0.000015,0.999930
22640,0,0,0.991225,0.000002,0.000001,0.008771
26283,0,0,0.995866,0.000001,0.000001,0.004133
31387,0,0,0.996006,0.000001,0.000001,0.003992
11115,1,1,0.000000,0.999989,0.000011,0.000000
10813,1,1,0.000000,0.999990,0.000010,0.000000
6293,3,3,0.000615,0.000052,0.000048,0.999285
20720,1,1,0.000035,0.999937,0.000010,0.000018
20868,1,1,0.000024,0.999962,0.000005,0.000010
19573,1,1,0.000028,0.999954,0.000007,0.000011
12083,1,1,0.000000,0.999994,0.000006,0.000000
27902,0,0,0.995292,0.000001,0.000001,0.004706
2237,3,3,0.000004,0.000001,0.000001,0.999993
10046,1,1,0.000000,0.999987,0.000013,0.000000
10884,1,1,0.000000,0.999944,0.000055,0.000000
6851,2,2,0.000000,0.000012,0.999987,0.000000
12260,1,1,0.000000,0.999995,0.000005,0.000000
19549,1,1,0.000038,0.999935,0.000009,0.000018
27151,0,0,0.995086,0.000001,0.000001,0.004912
27298,0,0,0.994875,0.000001,0.000001,0.005123
24607,0,0,0.995186,0.000001,0.000001,0.004813
19908,1,1,0.000016,0.999972,0.000007,0.000005
3931,3,3,0.000013,0.000002,0.000002,0.999984
5524,3,3,0.000618,0.000052,0.000048,0.999283
19657,1,1,0.000027,0.999956,0.000008,0.000010
11069,1,1,0.000000,0.999984,0.000016,0.000000
21334,1,1,0.000123,0.999644,0.000098,0.000135
6951,2,2,0.000000,0.000012,0.999988,0.000000
31149,0,0,0.996261,0.000001,0.000001,0.003738
2605,3,3,0.000003,0.000001,0.000001,0.999995
32091,0,0,0.995407,0.000001,0.000001,0.004591
10070,1,1,0.000000,0.999990,0.000009,0.000000
14026,1,1,0.000028,0.999959,0.000006,0.000007
19042,1,1,0.000025,0.999959,0.000007,0.000009
32257,0,0,0.995195,0.000001,0.000001,0.004803
25754,0,0,0.994926,0.000001,0.000001,0.005072
27793,0,0,0.995278,0.000001,0.000001,0.004720
17316,1,1,0.000126,0.999749,0.000013,0.000112
1694,3,3,0.000003,0.000001,0.000001,0.999996
22545,0,0,0.992424,0.000002,0.000001,0.007573
13232,1,1,0.000010,0.999984,0.000004,0.000003
804,3,3,0.000057,0.000098,0.000030,0.999815
14431,1,1,0.000008,0.999985,0.000005,0.000002
14920,1,1,0.000117,0.999786,0.000044,0.000053
29555,0,0,0.994247,0.000001,0.000001,0.005751
14212,1,1,0.000006,0.999987,0.000005,0.000002
4552,3,3,0.000003,0.000001,0.000001,0.999995
10102,1,1,0.000000,0.999986,0.000014,0.000000
27881,0,0,0.994716,0.000001,0.000001,0.005282
28298,0,0,0.995149,0.000001,0.000001,0.004849
13620,1,1,0.000079,0.999854,0.000011,0.000056
31143,0,0,0.995777,0.000001,0.000001,0.004221
15249,1,1,0.000020,0.999937,0.000033,0.000010
33222,0,3,0.128313,0.000141,0.000129,0.871417
15913,1,1,0.000017,0.999969,0.000004,0.000009
12224,1,1,0.000000,0.999972,0.000028,0.000000
26774,0,0,0.995562,0.000001,0.000001,0.004436
20773,1,1,0.000024,0.999959,0.000007,0.000010
3783,3,3,0.000003,0.000001,0.000001,0.999995
7338,2,2,0.000000,0.000008,0.999992,0.000000
24821,0,0,0.995333,0.000001,0.000001,0.004665
25987,0,0,0.995901,0.000001,0.000001,0.004097
27338,0,0,0.995251,0.000001,0.000001,0.004747
30943,0,0,0.996217,0.000001,0.000001,0.003781
11342,1,1,0.000000,0.999988,0.000012,0.000000
32604,0,0,0.996148,0.000001,0.000001,0.003851
13374,1,1,0.000025,0.999959,0.000004,0.000012
14536,1,1,0.000015,0.999977,0.000005,0.000004
6839,2,2,0.000000,0.000011,0.999989,0.000000
13753,1,1,0.000012,0.999979,0.000004,0.000004
3632,3,3,0.000006,0.000002,0.000002,0.999991
18969,1,1,0.000020,0.999968,0.000006,0.000007
28200,0,0,0.995670,0.000001,0.000001,0.004328
2441,3,3,0.000008,0.000002,0.000002,0.999988
20235,1,1,0.000010,0.999983,0.000005,0.000002
7808,2,2,0.000000,0.000015,0.999985,0.000000
5398,3,3,0.000812,0.000051,0.000052,0.999085
1552,3,3,0.000010,0.000003,0.000003,0.999985
20952,1,1,0.000013,0.999977,0.000006,0.000004
33034,0,3,0.150471,0.000139,0.000124,0.849266
31484,0,0,0.996035,0.000001,0.000001,0.003963
26823,0,0,0.995023,0.000001,0.000001,0.004975
11698,1,1,0.000000,0.999990,0.000010,0.000000
4564,3,3,0.000002,0.000001,0.000001,0.999996
17741,1,1,0.000021,0.999967,0.000006,0.000006
17687,1,1,0.000037,0.999937,0.000011,0.000014
7623,2,2,0.000000,0.000012,0.999987,0.000001
10032,1,1,0.000000,0.999963,0.000037,0.000000
13290,1,1,0.000022,0.999962,0.000004,0.000012
19233,1,1,0.000042,0.999928,0.000009,0.000022
4632,3,3,0.000083,0.000012,0.000013,0.999892
32951,0,3,0.152809,0.000141,0.000126,0.846924
11237,1,1,0.000000,0.999970,0.000030,0.000000
21488,0,0,0.994433,0.000001,0.000001,0.005564
8037,2,2,0.000000,0.000016,0.999983,0.000000
23562,0,0,0.993217,0.000002,0.000001,0.006780
5686,3,3,0.000620,0.000053,0.000048,0.999280
4297,3,3,0.000003,0.000001,0.000001,0.999995
19209,1,1,0.000024,0.999962,0.000006,0.000009
4477,3,3,0.000002,0.000001,0.000001,0.999997
26863,0,0,0.995938,0.000001,0.000001,0.004060
33259,0,3,0.115914,0.000141,0.000130,0.883815
8685,2,2,0.000000,0.000009,0.999991,0.000000
3809,3,3,0.000018,0.000005,0.000006,0.999971
4630,3,3,0.000008,0.000002,0.000002,0.999988
18508,1,1,0.000028,0.999954,0.000009,0.000010
914,3,3,0.000005,0.000001,0.000002,0.999992
6927,2,2,0.000000,0.000035,0.999963,0.000001
5966,3,3,0.000600,0.000051,0.000047,0.999303
28127,0,0,0.995746,0.000001,0.000001,0.004252
31238,0,0,0.996563,0.000001,0.000000,0.003436
12486,1,1,0.000000,0.999979,0.000021,0.000000
7924,2,2,0.000000,0.000009,0.999991,0.000000
860,3,3,0.000001,0.000000,0.000001,0.999998
28047,0,0,0.994945,0.000001,0.000001,0.005053
10711,1,1,0.000000,0.999991,0.000009,0.000000
11218,1,1,0.000000,0.999984,0.000016,0.000000
26466,0,0,0.995519,0.000001,0.000001,0.004479
9883,1,1,0.000000,0.999953,0.000047,0.000000
20966,1,1,0.000012,0.999981,0.000004,0.000003
7454,2,2,0.000000,0.000010,0.999989,0.000000
20251,1,1,0.000019,0.999970,0.000004,0.000007
2146,3,3,0.000040,0.000008,0.000008,0.999945
13411,1,1,0.000019,0.999965,0.000008,0.000007
32038,0,0,0.996280,0.000001,0.000001,0.003718
5694,3,3,0.000621,0.000053,0.000048,0.999278
24991,0,0,0.995348,0.000001,0.000001,0.004650
7748,2,2,0.000000,0.000015,0.999985,0.000001
4065,3,3,0.000032,0.000017,0.000010,0.999941
23583,0,0,0.991692,0.000002,0.000001,0.008305
14317,1,1,0.000008,0.999989,0.000002,0.000002
7835,2,2,0.000000,0.000009,0.999991,0.000000
223,3,3,0.000001,0.000000,0.000000,0.999998
30828,0,0,0.995701,0.000001,0.000001,0.004297
31085,0,0,0.994862,0.000001,0.000001,0.005136
21137,1,1,0.000019,0.999967,0.000006,0.000008
17053,1,1,0.000029,0.999952,0.000009,0.000010
30979,0,0,0.995930,0.000001,0.000001,0.004068
31538,0,0,0.996259,0.000001,0.000001,0.003740
17420,1,1,0.000047,0.999922,0.000012,0.000019
4021,3,3,0.000001,0.000000,0.000000,0.999998
10272,1,1,0.000000,0.999982,0.000018,0.000000
16235,1,1,0.000011,0.999983,0.000003,0.000003
32099,0,0,0.995588,0.000001,0.000001,0.004411
33226,0,3,0.101492,0.000141,0.000130,0.898238
10339,1,1,0.000000,0.999990,0.000010,0.000000
4255,3,3,0.000002,0.000001,0.000001,0.999997
16331,1,1,0.000064,0.999887,0.000016,0.000033
13392,1,1,0.000029,0.999951,0.000008,0.000012
30467,0,0,0.993515,0.000002,0.000001,0.006482
9332,1,1,0.000037,0.999935,0.000015,0.000014
10341,1,1,0.000000,0.999990,0.000010,0.000000
2860,3,3,0.000083,0.000038,0.000020,0.999859
13923,1,1,0.000030,0.999945,0.000007,0.000018
7631,2,2,0.000000,0.000015,0.999984,0.000001
15421,1,1,0.000003,0.999996,0.000001,0.000000
3636,3,3,0.000009,0.000003,0.000003,0.999986
22159,0,0,0.992385,0.000002,0.000001,0.007612
30773,0,0,0.996434,0.000001,0.000000,0.003565
21531,0,0,0.992084,0.000002,0.000001,0.007913
24395,0,0,0.994746,0.000001,0.000001,0.005252
14342,1,1,0.000021,0.999962,0.000006,0.000010
4088,3,3,0.000016,0.000003,0.000004,0.999977
30566,0,0,0.995780,0.000001,0.000001,0.004219
22931,0,0,0.991743,0.000002,0.000001,0.008254
32276,0,0,0.996086,0.000001,0.000001,0.003912
21895,0,0,0.994230,0.000001,0.000001,0.005768
14602,1,1,0.000011,0.999983,0.000003,0.000003
11191,1,1,0.000000,0.999984,0.000016,0.000000
1966,3,3,0.000003,0.000001,0.000001,0.999995
30171,0,0,0.994372,0.000001,0.000001,0.005626
8270,2,2,0.000000,0.000011,0.999988,0.000000
29358,0,0,0.995845,0.000001,0.000001,0.004153
24445,0,0,0.994714,0.000001,0.000001,0.005284
2589,3,3,0.000004,0.000001,0.000001,0.999994
27337,0,0,0.995574,0.000001,0.000001,0.004425
2797,3,3,0.000071,0.000009,0.000010,0.999910
7536,2,2,0.000000,0.000009,0.999990,0.000000
4016,3,3,0.000036,0.000005,0.000008,0.999951
2524,3,3,0.000003,0.000001,0.000001,0.999995
10905,1,1,0.000000,0.999968,0.000032,0.000000
7986,2,2,0.000000,0.000009,0.999990,0.000000
17862,1,1,0.000048,0.999920,0.000011,0.000021
24266,0,0,0.994265,0.000001,0.000001,0.005732
3082,3,3,0.000002,0.000001,0.000001,0.999997
5182,3,3,0.000838,0.000051,0.000052,0.999058
31228,0,0,0.995221,0.000001,0.000001,0.004777
22162,0,0,0.992042,0.000002,0.000001,0.007955
27199,0,0,0.995115,0.000001,0.000001,0.004883
4927,3,3,0.000002,0.000001,0.000001,0.999996
7990,2,2,0.000000,0.000008,0.999992,0.000000
10645,1,1,0.000000,0.999986,0.000013,0.000000
12207,1,1,0.000000,0.999926,0.000074,0.000000
29944,0,0,0.997099,0.000001,0.000000,0.002900
28655,0,0,0.996024,0.000001,0.000001,0.003974
19705,1,1,0.000015,0.999973,0.000006,0.000005
12315,1,1,0.000000,0.999976,0.000024,0.000000
29819,0,0,0.992231,0.000002,0.000001,0.007767
27,3,3,0.000001,0.000001,0.000000,0.999998
11099,1,1,0.000000,0.999953,0.000047,0.000000
19172,1,1,0.000081,0.999860,0.000018,0.000041
29041,0,0,0.993683,0.000002,0.000001,0.006315
13051,1,1,0.000007,0.999989,0.000002,0.000002
19823,1,1,0.000010,0.999983,0.000004,0.000003
12101,1,1,0.000000,0.999887,0.000112,0.000001
9634,1,1,0.000280,0.998515,0.000127,0.001079
7625,2,2,0.000000,0.000010,0.999990,0.000000
9397,1,1,0.000024,0.999954,0.000010,0.000012
15408,1,1,0.000008,0.999985,0.000005,0.000002
480,3,3,0.000085,0.000088,0.000031,0.999797
9972,1,1,0.000000,0.999988,0.000011,0.000000
1804,3,3,0.000013,0.000002,0.000002,0.999982
2373,3,3,0.000020,0.000003,0.000004,0.999973
33040,0,3,0.151732,0.000139,0.000125,0.848004
20229,1,1,0.000028,0.999952,0.000007,0.000014
4701,3,3,0.000018,0.000003,0.000004,0.999974
8290,2,2,0.000000,0.000063,0.999935,0.000002
21808,0,0,0.993096,0.000002,0.000001,0.006902
30349,0,0,0.995611,0.000001,0.000001,0.004387
25389,0,0,0.994709,0.000001,0.000001,0.005289
17858,1,1,0.000056,0.999900,0.000010,0.000034
22840,0,0,0.992352,0.000002,0.000001,0.007646
27860,0,0,0.993195,0.000002,0.000001,0.006802
18494,1,1,0.000034,0.999945,0.000008,0.000013
25428,0,0,0.995519,0.000001,0.000001,0.004479
26737,0,0,0.995255,0.000001,0.000001,0.004743
1535,3,3,0.000005,0.000002,0.000001,0.999992
20650,1,1,0.000020,0.999967,0.000007,0.000007
27192,0,0,0.995891,0.000001,0.000001,0.004107
25110,0,0,0.995430,0.000001,0.000001,0.004568
32339,0,0,0.995461,0.000001,0.000001,0.004538
15927,1,1,0.000191,0.999557,0.000024,0.000228
32139,0,0,0.995843,0.000001,0.000001,0.004155
12581,1,1,0.000000,0.999983,0.000017,0.000000
17314,1,1,0.000045,0.999923,0.000008,0.000024
4036,3,3,0.000003,0.000001,0.000001,0.999996
12915,1,1,0.000000,0.999910,0.000088,0.000001
21122,1,1,0.000028,0.999949,0.000008,0.000015
16796,1,1,0.000031,0.999949,0.000008,0.000012
10189,1,1,0.000000,0.999991,0.000009,0.000000
30947,0,0,0.995729,0.000001,0.000001,0.004269
15016,1,1,0.000039,0.999910,0.000020,0.000031
18195,1,1,0.000049,0.999917,0.000011,0.000023
18480,1,1,0.000040,0.999927,0.000015,0.000018
9105,2,2,0.000000,0.000009,0.999991,0.000000
19574,1,1,0.000019,0.999968,0.000007,0.000006
2252,3,3,0.000989,0.000022,0.000035,0.998954
2568,3,3,0.000003,0.000001,0.000001,0.999996
9878,1,1,0.000000,0.999982,0.000018,0.000000
4079,3,3,0.000002,0.000001,0.000001,0.999997
13409,1,1,0.000008,0.999987,0.000003,0.000003
9657,1,1,0.000007,0.999990,0.000001,0.000002
32230,0,0,0.996507,0.000001,0.000000,0.003491
6261,3,3,0.000619,0.000052,0.000048,0.999281
16991,1,1,0.000034,0.999936,0.000015,0.000014
24535,0,0,0.994032,0.000001,0.000001,0.005966
16981,1,1,0.000048,0.999918,0.000011,0.000024
28618,0,0,0.994428,0.000001,0.000001,0.005570
20007,1,1,0.000018,0.999969,0.000006,0.000006
2986,3,3,0.000006,0.000002,0.000002,0.999990
26195,0,0,0.995367,0.000001,0.000001,0.004631
13322,1,1,0.000009,0.999985,0.000002,0.000003
26308,0,0,0.994982,0.000001,0.000001,0.005016
5672,3,3,0.000595,0.000051,0.000047,0.999306
15806,1,1,0.000006,0.999990,0.000003,0.000001
17780,1,1,0.000051,0.999907,0.000010,0.000033
25236,0,0,0.995227,0.000001,0.000001,0.004772
15369,1,1,0.000015,0.999969,0.000010,0.000005
10103,1,1,0.000000,0.999991,0.000009,0.000000
21197,1,1,0.000041,0.999932,0.000013,0.000014
4820,3,3,0.000003,0.000001,0.000001,0.999995
5385,3,3,0.000802,0.000051,0.000051,0.999096
30402,0,0,0.996875,0.000001,0.000000,0.003124
19027,1,1,0.000022,0.999965,0.000005,0.000008
10828,1,1,0.000000,0.999992,0.000007,0.000000
21120,1,1,0.000012,0.999979,0.000004,0.000005
13531,1,1,0.000012,0.999982,0.000003,0.000004
7974,2,2,0.000000,0.000013,0.999987,0.000001
9661,1,1,0.000012,0.999982,0.000003,0.000003
7742,2,2,0.000000,0.000011,0.999989,0.000000
22242,0,0,0.993288,0.000002,0.000001,0.006710
27841,0,0,0.996494,0.000001,0.000000,0.003505
2467,3,3,0.000047,0.000007,0.000007,0.999939
27469,0,0,0.994830,0.000001,0.000001,0.005168
21866,0,0,0.992169,0.000002,0.000001,0.007828
33199,0,3,0.124740,0.000142,0.000129,0.874989
8789,2,2,0.000000,0.000015,0.999984,0.000001
4833,3,3,0.000002,0.000001,0.000001,0.999997
27141,0,0,0.994946,0.000001,0.000001,0.005052
71,3,3,0.000182,0.000055,0.000035,0.999728
14455,1,1,0.000012,0.999959,0.000024,0.000004
1170,3,3,0.000059,0.000026,0.000021,0.999893
13112,1,1,0.000039,0.999925,0.000007,0.000030
23717,0,0,0.995293,0.000001,0.000001,0.004706
19845,1,1,0.000011,0.999982,0.000004,0.000003
2607,3,3,0.000006,0.000002,0.000001,0.999991
1879,3,3,0.000026,0.000004,0.000005,0.999964
12954,1,1,0.000000,0.999980,0.000019,0.000000
257,3,3,0.000002,0.000001,0.000001,0.999996
30517,0,0,0.994855,0.000001,0.000001,0.005143
4195,3,3,0.000005,0.000002,0.000002,0.999991
156,3,3,0.000019,0.000006,0.000005,0.999971
661,3,3,0.000027,0.000006,0.000007,0.999960
20684,1,1,0.000070,0.999872,0.000013,0.000046
2315,3,3,0.000012,0.000003,0.000003,0.999983
26877,0,0,0.996043,0.000001,0.000001,0.003955
30444,0,0,0.997488,0.000001,0.000000,0.002511
1547,3,3,0.000005,0.000001,0.000001,0.999993
23442,0,0,0.992762,0.000002,0.000001,0.007235
32012,0,0,0.995780,0.000001,0.000001,0.004218
15650,1,1,0.000003,0.999993,0.000004,0.000001
3398,3,3,0.000003,0.000001,0.000001,0.999996
12760,1,1,0.000000,0.999986,0.000014,0.000000
31431,0,0,0.995946,0.000001,0.000001,0.004053
20515,1,1,0.000068,0.999863,0.000013,0.000056
3535,3,3,0.000122,0.000010,0.000015,0.999853
13939,1,1,0.000068,0.999839,0.000025,0.000067
19244,1,1,0.000029,0.999948,0.000010,0.000012
28190,0,0,0.995942,0.000001,0.000001,0.004057
26930,0,0,0.995102,0.000001,0.000001,0.004896
27931,0,0,0.995641,0.000001,0.000001,0.004357
15399,1,1,0.000002,0.999996,0.000002,0.000000
3129,3,3,0.000013,0.000003,0.000003,0.999981
24170,0,0,0.995192,0.000001,0.000001,0.004807
16161,1,1,0.000051,0.999911,0.000012,0.000026
19862,1,1,0.000018,0.999969,0.000006,0.000006
20206,1,1,0.000026,0.999956,0.000006,0.000012
4570,3,3,0.000004,0.000001,0.000001,0.999994
19905,1,1,0.000029,0.999952,0.000009,0.000010
27332,0,0,0.995369,0.000001,0.000001,0.004629
2718,3,3,0.000022,0.000004,0.000004,0.999969
28260,0,0,0.996260,0.000001,0.000001,0.003739
3812,3,3,0.000022,0.000003,0.000005,0.999970
8382,2,2,0.000000,0.000024,0.999974,0.000001
32758,0,0,0.996924,0.000001,0.000000,0.003075
14288,1,1,0.000007,0.999980,0.000010,0.000003
17017,1,1,0.000015,0.999976,0.000004,0.000005
10613,1,1,0.000000,0.999988,0.000012,0.000000
10751,1,1,0.000000,0.999988,0.000012,0.000000
3039,3,3,0.000008,0.000002,0.000002,0.999988
22003,0,0,0.993258,0.000002,0.000001,0.006740
12248,1,1,0.000000,0.999992,0.000008,0.000000
28254,0,0,0.996156,0.000001,0.000001,0.003842
33107,0,3,0.130529,0.000142,0.000129,0.869200
1657,3,3,0.000002,0.000001,0.000000,0.999997
7903,2,2,0.000000,0.000010,0.999990,0.000000
33260,0,3,0.104542,0.000141,0.000131,0.895186
4755,3,3,0.000003,0.000001,0.000001,0.999996
22933,0,0,0.990382,0.000002,0.000001,0.009615
9440,1,1,0.000006,0.999990,0.000003,0.000001
26181,0,0,0.995438,0.000001,0.000001,0.004560
9691,1,1,0.000011,0.999983,0.000002,0.000003
23595,0,0,0.994074,0.000001,0.000001,0.005924
31600,0,0,0.996223,0.000001,0.000001,0.003775
6738,2,2,0.000000,0.000014,0.999986,0.000001
18202,1,1,0.000013,0.999980,0.000003,0.000004
31514,0,0,0.996190,0.000001,0.000001,0.003808
25135,0,0,0.995856,0.000001,0.000001,0.004142
15819,1,1,0.000006,0.999989,0.000004,0.000001
11038,1,1,0.000000,0.999989,0.000011,0.000000
10569,1,1,0.000000,0.999988,0.000012,0.000000
24025,0,0,0.993113,0.000002,0.000001,0.006884
10620,1,1,0.000000,0.999947,0.000053,0.000000
24721,0,0,0.995247,0.000001,0.000001,0.004752
19685,1,1,0.000202,0.999616,0.000029,0.000153
16357,1,1,0.000021,0.999965,0.000007,0.000007
5309,3,3,0.000818,0.000051,0.000051,0.999080
14262,1,1,0.000006,0.999985,0.000007,0.000002
6033,3,3,0.000692,0.000063,0.000058,0.999188
26337,0,0,0.995941,0.000001,0.000001,0.004057
4444,3,3,0.000002,0.000001,0.000001,0.999996
18709,1,1,0.000046,0.999910,0.000015,0.000030
31574,0,0,0.996587,0.000001,0.000000,0.003412
30931,0,0,0.994708,0.000001,0.000001,0.005290
31907,0,0,0.996061,0.000001,0.000001,0.003938
26541,0,0,0.994976,0.000001,0.000001,0.005022
26006,0,0,0.994737,0.000001,0.000001,0.005261
10142,1,1,0.000000,0.999989,0.000011,0.000000
24159,0,0,0.993940,0.000001,0.000001,0.006058
2798,3,3,0.000071,0.000009,0.000012,0.999907
4603,3,3,0.000002,0.000001,0.000000,0.999997
28453,0,0,0.995654,0.000001,0.000001,0.004344
29106,0,0,0.994854,0.000001,0.000001,0.005144
21997,0,0,0.992947,0.000002,0.000001,0.007050
32458,0,0,0.995189,0.000001,0.000001,0.004809
19194,1,1,0.000022,0.999965,0.000005,0.000008
14547,1,1,0.000194,0.999374,0.000021,0.000411
6523,3,3,0.000007,0.000003,0.000004,0.999986
4694,3,3,0.000001,0.000000,0.000000,0.999998
32850,0,0,0.996318,0.000001,0.000001,0.003680
946,3,3,0.000005,0.000002,0.000002,0.999991
19348,1,1,0.000309,0.999136,0.000024,0.000532
23059,0,0,0.985791,0.000003,0.000002,0.014204
14186,1,1,0.000004,0.999988,0.000006,0.000002
8884,2,2,0.000000,0.000012,0.999988,0.000000
23587,0,0,0.992458,0.000002,0.000001,0.007539
8821,2,2,0.000000,0.000007,0.999992,0.000000
21162,1,1,0.000020,0.999968,0.000005,0.000006
17028,1,1,0.000016,0.999975,0.000004,0.000005
24722,0,0,0.995196,0.000001,0.000001,0.004802
185,3,3,0.000013,0.000005,0.000004,0.999979
305,3,3,0.000006,0.000001,0.000001,0.999991
16707,1,1,0.000059,0.999901,0.000014,0.000026
4560,3,3,0.000002,0.000001,0.000001,0.999996
31446,0,0,0.995745,0.000001,0.000001,0.004253
25281,0,0,0.994906,0.000001,0.000001,0.005093
6329,3,3,0.000654,0.000054,0.000050,0.999243
5929,3,3,0.000599,0.000051,0.000047,0.999303
18801,1,1,0.000015,0.999977,0.000004,0.000005
26517,0,0,0.994569,0.000001,0.000001,0.005429
19436,1,1,0.000013,0.999978,0.000005,0.000004
24050,0,0,0.993465,0.000002,0.000001,0.006532
13059,1,1,0.000006,0.999990,0.000003,0.000001
17064,1,1,0.000036,0.999940,0.000009,0.000016
19563,1,1,0.000018,0.999970,0.000005,0.000006
21011,1,1,0.000084,0.999832,0.000019,0.000065
3083,3,3,0.000002,0.000001,0.000000,0.999997
6276,3,3,0.000616,0.000052,0.000047,0.999285
6040,3,3,0.000612,0.000052,0.000048,0.999288
22449,0,0,0.988899,0.000002,0.000001,0.011097
29297,0,0,0.992690,0.000002,0.000001,0.007308
84,3,3,0.000001,0.000000,0.000000,0.999998
21971,0,0,0.994055,0.000001,0.000001,0.005942
16019,1,1,0.000019,0.999968,0.000006,0.000007
20960,1,1,0.000015,0.999976,0.000005,0.000005
32715,0,0,0.996871,0.000001,0.000000,0.003128
4757,3,3,0.000004,0.000001,0.000001,0.999993
8511,2,2,0.000000,0.000024,0.999975,0.000001
14527,1,1,0.000014,0.999980,0.000003,0.000003
26515,0,0,0.996424,0.000001,0.000000,0.003575
25983,0,0,0.995105,0.000001,0.000001,0.004893
27454,0,0,0.995413,0.000001,0.000001,0.004586
18920,1,1,0.000019,0.999970,0.000005,0.000007
12420,1,1,0.000000,0.999995,0.000005,0.000000
13810,1,1,0.000040,0.999935,0.000010,0.000014
32065,0,0,0.996085,0.000001,0.000001,0.003913
17928,1,1,0.000067,0.999876,0.000010,0.000047
29565,0,0,0.993057,0.000002,0.000001,0.006940
31757,0,0,0.996181,0.000001,0.000001,0.003818
29289,0,0,0.996002,0.000001,0.000001,0.003997
17055,1,1,0.000021,0.999965,0.000007,0.000006
32176,0,0,0.996583,0.000001,0.000000,0.003416
1708,3,3,0.000001,0.000000,0.000000,0.999998
32852,0,0,0.996157,0.000001,0.000001,0.003842
15779,1,1,0.000128,0.999595,0.000185,0.000092
10918,1,1,0.000000,0.999978,0.000022,0.000000
29398,0,0,0.991909,0.000002,0.000001,0.008088
5720,3,3,0.000680,0.000055,0.000051,0.999214
15736,1,1,0.000005,0.999992,0.000002,0.000001
27218,0,0,0.994995,0.000001,0.000001,0.005003
7647,2,2,0.000000,0.000016,0.999984,0.000001
8622,2,2,0.000000,0.000009,0.999991,0.000000
460,3,3,0.000007,0.000003,0.000003,0.999987
13284,1,1,0.000012,0.999975,0.000006,0.000007
362,3,3,0.000000,0.000000,0.000000,0.999999
4017,3,3,0.000003,0.000001,0.000001,0.999995
4273,3,3,0.000006,0.000002,0.000002,0.999991
25614,0,0,0.996064,0.000001,0.000001,0.003935
23207,0,0,0.993564,0.000002,0.000001,0.006434
27875,0,0,0.997022,0.000001,0.000000,0.002976
25751,0,0,0.995836,0.000001,0.000001,0.004162
9854,1,1,0.000000,0.999987,0.000013,0.000000
485,3,3,0.000001,0.000000,0.000000,0.999999
7165,2,2,0.000000,0.000010,0.999989,0.000000
12996,1,1,0.000029,0.999952,0.000006,0.000013
269,3,3,0.000027,0.000065,0.000012,0.999897
30860,0,0,0.996090,0.000001,0.000001,0.003908
17891,1,1,0.000029,0.999952,0.000006,0.000014
4962,3,3,0.000047,0.000019,0.000008,0.999925
23465,0,0,0.995141,0.000001,0.000001,0.004857
23902,0,0,0.991590,0.000002,0.000001,0.008407
32055,0,0,0.995398,0.000001,0.000001,0.004600
30102,0,0,0.995102,0.000001,0.000001,0.004896
5227,3,3,0.000814,0.000051,0.000051,0.999084
32356,0,0,0.995443,0.000001,0.000001,0.004555
7989,2,2,0.000000,0.000008,0.999991,0.000000
14539,1,1,0.000008,0.999989,0.000002,0.000001
12157,1,1,0.000000,0.999994,0.000006,0.000000
28357,0,0,0.993197,0.000002,0.000001,0.006800
8592,2,2,0.000000,0.000009,0.999991,0.000000
6270,3,3,0.000613,0.000052,0.000047,0.999288
3526,3,3,0.000009,0.000002,0.000003,0.999986
4597,3,3,0.000001,0.000000,0.000000,0.999998
19793,1,1,0.000016,0.999973,0.000006,0.000005
29918,0,0,0.993886,0.000001,0.000001,0.006112
14227,1,1,0.000142,0.999678,0.000067,0.000113
23589,0,0,0.993768,0.000001,0.000001,0.006230
16717,1,1,0.000017,0.999973,0.000005,0.000005
1198,3,3,0.000003,0.000001,0.000001,0.999994
32104,0,0,0.995862,0.000001,0.000001,0.004136
7456,2,2,0.000000,0.000014,0.999985,0.000001
24947,0,0,0.994193,0.000001,0.000001,0.005805
23888,0,0,0.992969,0.000002,0.000001,0.007028
20910,1,1,0.000006,0.999990,0.000002,0.000001
17633,1,1,0.000041,0.999930,0.000010,0.000019
2631,3,3,0.000356,0.000031,0.000031,0.999582
29206,0,0,0.995894,0.000001,0.000001,0.004104
31046,0,0,0.994950,0.000001,0.000001,0.005048
2397,3,3,0.000025,0.000005,0.000004,0.999966
8510,2,2,0.000000,0.000015,0.999985,0.000001
30665,0,0,0.992253,0.000002,0.000001,0.007744
17355,1,1,0.000021,0.999966,0.000006,0.000007
13162,1,1,0.000017,0.999974,0.000005,0.000005
5428,3,3,0.000724,0.000052,0.000050,0.999174
12842,1,1,0.000000,0.999968,0.000032,0.000000
15318,1,1,0.001295,0.991095,0.000088,0.007523
10797,1,1,0.000000,0.999946,0.000053,0.000000
19377,1,1,0.000007,0.999989,0.000002,0.000002
25908,0,0,0.994603,0.000001,0.000001,0.005395
27407,0,0,0.995414,0.000001,0.000001,0.004585
3222,3,3,0.000003,0.000001,0.000001,0.999995
1405,3,3,0.000008,0.000003,0.000003,0.999986
14022,1,1,0.000060,0.999864,0.000038,0.000038
25888,0,0,0.996114,0.000001,0.000001,0.003884
16831,1,1,0.000047,0.999920,0.000014,0.000019
12992,1,1,0.000008,0.999987,0.000003,0.000003
14930,1,1,0.000021,0.999966,0.000007,0.000006
23360,0,0,0.992733,0.000002,0.000001,0.007265
7458,2,2,0.000000,0.000015,0.999985,0.000001
17944,1,1,0.000026,0.999959,0.000006,0.000009
14805,1,1,0.000056,0.999825,0.000069,0.000049
22251,0,0,0.992006,0.000002,0.000001,0.007991
30296,0,0,0.994610,0.000001,0.000001,0.005388
2539,3,3,0.000002,0.000001,0.000001,0.999996
7764,2,2,0.000000,0.000014,0.999986,0.000001
4164,3,3,0.000019,0.000003,0.000004,0.999973
12442,1,1,0.000000,0.999987,0.000012,0.000000
1123,3,3,0.000002,0.000001,0.000001,0.999996
31854,0,0,0.995424,0.000001,0.000001,0.004574
6667,2,2,0.000000,0.000015,0.999985,0.000001
9266,1,1,0.000030,0.999937,0.000019,0.000014
25797,0,0,0.995060,0.000001,0.000001,0.004938
15924,1,1,0.000053,0.999902,0.000014,0.000031
18789,1,1,0.000049,0.999915,0.000011,0.000024
31225,0,0,0.995470,0.000001,0.000001,0.004528
9916,1,1,0.000000,0.999984,0.000016,0.000000
20456,1,1,0.000026,0.999959,0.000006,0.000009
11071,1,1,0.000000,0.999981,0.000019,0.000000
13822,1,1,0.000019,0.999964,0.000006,0.000011
15500,1,1,0.000001,0.999997,0.000001,0.000000
17228,1,1,0.000029,0.999951,0.000008,0.000012
332,3,3,0.000001,0.000000,0.000000,0.999998
22665,0,0,0.989992,0.000002,0.000001,0.010005
31618,0,0,0.995869,0.000001,0.000001,0.004130
3166,3,3,0.000004,0.000001,0.000001,0.999993
18674,1,1,0.000017,0.999972,0.000006,0.000005
11807,1,1,0.000000,0.999986,0.000014,0.000000
18078,1,1,0.000061,0.999900,0.000010,0.000029
439,3,3,0.000002,0.000001,0.000001,0.999997
4046,3,3,0.000002,0.000000,0.000000,0.999998
16757,1,1,0.000027,0.999948,0.000009,0.000015
16290,1,1,0.000028,0.999953,0.000008,0.000011
14966,1,1,0.000059,0.999876,0.000014,0.000051
16997,1,1,0.000038,0.999937,0.000010,0.000015
15053,1,1,0.000002,0.999995,0.000003,0.000000
32092,0,0,0.995539,0.000001,0.000001,0.004459
13490,1,1,0.000071,0.999866,0.000012,0.000051
9143,2,2,0.000000,0.000009,0.999990,0.000000
16453,1,1,0.000021,0.999967,0.000005,0.000007
27419,0,0,0.995392,0.000001,0.000001,0.004607
26389,0,0,0.995411,0.000001,0.000001,0.004587
22319,0,0,0.989695,0.000002,0.000001,0.010301
4128,3,3,0.000002,0.000001,0.000001,0.999996
12232,1,1,0.000000,0.999993,0.000007,0.000000
5101,3,3,0.000451,0.000099,0.000075,0.999375
29109,0,0,0.996081,0.000001,0.000001,0.003917
26196,0,0,0.995370,0.000001,0.000001,0.004629
23984,0,0,0.994997,0.000001,0.000001,0.005001
26982,0,0,0.995578,0.000001,0.000001,0.004420
7882,2,2,0.000000,0.000009,0.999991,0.000000
13864,1,1,0.000016,0.999972,0.000007,0.000005
7394,2,2,0.000000,0.000014,0.999985,0.000001
8078,2,2,0.000000,0.000010,0.999990,0.000000
15209,1,1,0.000008,0.999983,0.000007,0.000002
23516,0,0,0.993909,0.000001,0.000001,0.006089
25255,0,0,0.994777,0.000001,0.000001,0.005221
21187,1,1,0.000036,0.999940,0.000008,0.000016
27685,0,0,0.989870,0.000002,0.000001,0.010127
5256,3,3,0.000805,0.000051,0.000051,0.999093
3864,3,3,0.000003,0.000001,0.000001,0.999995
15017,1,1,0.000037,0.999918,0.000011,0.000034
17434,1,1,0.000172,0.999627,0.000021,0.000179
19770,1,1,0.000028,0.999952,0.000008,0.000011
23259,0,0,0.994205,0.000001,0.000001,0.005793
11005,1,1,0.000001,0.999178,0.000820,0.000002
29865,0,0,0.993006,0.000002,0.000001,0.006991
29042,0,0,0.994947,0.000001,0.000001,0.005051
4397,3,3,0.000003,0.000001,0.000001,0.999996
12237,1,1,0.000000,0.999995,0.000005,0.000000
18520,1,1,0.000071,0.999869,0.000013,0.000047
19495,1,1,0.000006,0.999990,0.000002,0.000001
32838,0,0,0.995919,0.000001,0.000001,0.004079
3996,3,3,0.000003,0.000001,0.000001,0.999995
15427,1,1,0.000002,0.999996,0.000001,0.000000
14748,1,1,0.000029,0.999951,0.000008,0.000011
822,3,3,0.000007,0.000004,0.000003,0.999987
1322,3,3,0.000004,0.000006,0.000002,0.999988
22172,0,0,0.992888,0.000002,0.000001,0.007109
7001,2,2,0.000000,0.000020,0.999979,0.000001
2803,3,3,0.000035,0.000006,0.000008,0.999951
4295,3,3,0.000003,0.000001,0.000001,0.999996
19689,1,1,0.000084,0.999847,0.000020,0.000049
26983,0,0,0.995317,0.000001,0.000001,0.004681
14908,1,1,0.000003,0.999996,0.000001,0.000000
1309,3,3,0.005508,0.025195,0.005420,0.963878
6034,3,3,0.000613,0.000057,0.000051,0.999279
13006,1,1,0.000012,0.999980,0.000005,0.000004
27735,0,0,0.996070,0.000001,0.000001,0.003928
6772,2,2,0.000000,0.000017,0.999982,0.000001
2353,3,3,0.000006,0.000002,0.000001,0.999990
30865,0,0,0.995594,0.000001,0.000001,0.004404
16591,1,1,0.000019,0.999968,0.000007,0.000006
26492,0,0,0.995375,0.000001,0.000001,0.004623
26573,0,0,0.994660,0.000001,0.000001,0.005338
25350,0,0,0.994357,0.000001,0.000001,0.005641
9509,1,1,0.000056,0.999880,0.000024,0.000041
22457,0,0,0.991658,0.000002,0.000001,0.008339
28631,0,0,0.993023,0.000002,0.000001,0.006974
4698,3,3,0.000003,0.000001,0.000001,0.999995
6355,3,3,0.000634,0.000053,0.000049,0.999265
24811,0,0,0.994547,0.000001,0.000001,0.005451
25116,0,0,0.996339,0.000001,0.000001,0.003660
20702,1,1,0.000014,0.999977,0.000004,0.000004
18632,1,1,0.000016,0.999974,0.000005,0.000005
6766,2,2,0.000000,0.000011,0.999988,0.000000
2225,3,3,0.000036,0.000005,0.000007,0.999951
9757,1,1,0.000000,0.999990,0.000010,0.000000
3310,3,3,0.000120,0.000018,0.000021,0.999841
11824,1,1,0.000000,0.999810,0.000188,0.000001
30146,0,0,0.996423,0.000001,0.000000,0.003576
30952,0,0,0.995834,0.000001,0.000001,0.004164
27656,0,0,0.994359,0.000001,0.000001,0.005639
6041,3,3,0.000616,0.000052,0.000048,0.999285
32199,0,0,0.996436,0.000001,0.000001,0.003562
4323,3,3,0.000003,0.000001,0.000001,0.999995
32849,0,0,0.996037,0.000001,0.000001,0.003961
32865,0,0,0.996740,0.000001,0.000000,0.003259
2200,3,3,0.000184,0.000013,0.000021,0.999783
25361,0,0,0.994706,0.000001,0.000001,0.005292
23930,0,0,0.993727,0.000001,0.000001,0.006270
20965,1,1,0.000008,0.999987,0.000003,0.000002
24715,0,0,0.988896,0.000002,0.000001,0.011101
5446,3,3,0.000717,0.000051,0.000050,0.999182
28351,0,0,0.995880,0.000001,0.000001,0.004119
22582,0,0,0.991428,0.000002,0.000001,0.008569
1561,3,3,0.000001,0.000000,0.000000,0.999998
22920,0,0,0.994226,0.000001,0.000001,0.005771
16058,1,1,0.000060,0.999892,0.000017,0.000031
12190,1,1,0.000000,0.999991,0.000009,0.000000
30321,0,0,0.993714,0.000002,0.000001,0.006283
12675,1,1,0.000000,0.999976,0.000023,0.000000
16449,1,1,0.000029,0.999952,0.000009,0.000010
20866,1,1,0.000032,0.999947,0.000006,0.000015
22777,0,0,0.991945,0.000002,0.000001,0.008052
13283,1,1,0.000010,0.999980,0.000005,0.000005
6535,3,3,0.000035,0.000014,0.000014,0.999936
3302,3,3,0.000007,0.000002,0.000002,0.999989
9789,1,1,0.000000,0.999940,0.000060,0.000000
10546,1,1,0.000000,0.999985,0.000014,0.000000
14968,1,1,0.000064,0.999877,0.000008,0.000051
7316,2,2,0.000000,0.000010,0.999990,0.000000
29894,0,0,0.992299,0.000002,0.000001,0.007698
26447,0,0,0.994731,0.000001,0.000001,0.005267
10971,1,1,0.000000,0.999992,0.000008,0.000000
10024,1,1,0.000000,0.999987,0.000013,0.000000
32285,0,0,0.996684,0.000001,0.000000,0.003315
24658,0,0,0.995307,0.000001,0.000001,0.004692
9449,1,1,0.000038,0.999920,0.000025,0.000016
14964,1,1,0.000011,0.999974,0.000009,0.000006
24369,0,0,0.995755,0.000001,0.000001,0.004243
199,3,3,0.000003,0.000001,0.000001,0.999995
30037,0,0,0.995654,0.000001,0.000001,0.004345
26438,0,0,0.995471,0.000001,0.000001,0.004528
8920,2,2,0.000000,0.000016,0.999983,0.000001
31877,0,0,0.995988,0.000001,0.000001,0.004011
19753,1,1,0.000022,0.999964,0.000007,0.000008
27015,0,0,0.995480,0.000001,0.000001,0.004518
5774,3,3,0.000596,0.000051,0.000046,0.999306
5935,3,3,0.000603,0.000051,0.000047,0.999300
6699,2,2,0.000000,0.000009,0.999991,0.000000
26446,0,0,0.994935,0.000001,0.000001,0.005063
16243,1,1,0.000229,0.999383,0.000034,0.000354
1844,3,3,0.000004,0.000001,0.000001,0.999995
19548,1,1,0.000027,0.999954,0.000007,0.000012
8032,2,2,0.000000,0.000008,0.999991,0.000000
24352,0,0,0.995172,0.000001,0.000001,0.004826
22160,0,0,0.992412,0.000002,0.000001,0.007585
14191,1,1,0.000047,0.999913,0.000008,0.000032
3920,3,3,0.000003,0.000001,0.000001,0.999996
18590,1,1,0.000068,0.999882,0.000014,0.000036
28900,0,0,0.993953,0.000001,0.000001,0.006045
1417,3,3,0.000010,0.000002,0.000003,0.999985
1734,3,3,0.000001,0.000001,0.000000,0.999998
5511,3,3,0.000618,0.000052,0.000048,0.999283
2503,3,3,0.000017,0.000004,0.000003,0.999976
15232,1,1,0.000032,0.999951,0.000007,0.000009
12891,1,1,0.000000,0.999990,0.000010,0.000000
8030,2,2,0.000000,0.000010,0.999990,0.000000
31883,0,0,0.996210,0.000001,0.000001,0.003789
26127,0,0,0.995849,0.000001,0.000001,0.004149
19021,1,1,0.000027,0.999956,0.000007,0.000010
1652,3,3,0.000010,0.000005,0.000003,0.999982
2793,3,3,0.000004,0.000001,0.000001,0.999994
30311,0,0,0.994985,0.000001,0.000001,0.005013
5059,3,3,0.000296,0.000052,0.000069,0.999584
32572,0,0,0.996083,0.000001,0.000001,0.003915
5269,3,3,0.000844,0.000051,0.000052,0.999053
6980,2,2,0.000000,0.000010,0.999990,0.000000
9489,1,1,0.000028,0.999950,0.000012,0.000010
20813,1,1,0.000067,0.999857,0.000015,0.000061
7585,2,2,0.000000,0.000016,0.999984,0.000001
8995,2,2,0.000000,0.000018,0.999982,0.000001
31659,0,0,0.996807,0.000001,0.000000,0.003192
19276,1,1,0.000012,0.999982,0.000003,0.000003
23019,0,0,0.993726,0.000002,0.000001,0.006271
6007,3,3,0.000616,0.000052,0.000047,0.999285
15498,1,1,0.000001,0.999998,0.000001,0.000000
14658,1,1,0.000012,0.999978,0.000006,0.000005
10668,1,1,0.000000,0.999977,0.000023,0.000000
25957,0,0,0.995615,0.000001,0.000001,0.004383
10179,1,1,0.000000,0.999994,0.000006,0.000000
23456,0,0,0.993175,0.000002,0.000001,0.006822
8468,2,2,0.000000,0.000030,0.999969,0.000001
19695,1,1,0.000067,0.999882,0.000017,0.000034
23054,0,0,0.992721,0.000002,0.000001,0.007277
13023,1,1,0.000028,0.999938,0.000008,0.000027
7520,2,2,0.000000,0.000010,0.999990,0.000000
28965,0,0,0.994764,0.000001,0.000001,0.005234
29992,0,0,0.994327,0.000001,0.000001,0.005671
22758,0,0,0.990749,0.000002,0.000001,0.009247
29271,0,0,0.995069,0.000001,0.000001,0.004929
3346,3,3,0.000005,0.000001,0.000001,0.999992
20467,1,1,0.000023,0.999961,0.000007,0.000009
18340,1,1,0.000040,0.999933,0.000008,0.000019
1471,3,3,0.000008,0.000002,0.000002,0.999988
18799,1,1,0.000053,0.999903,0.000015,0.000029
23297,0,0,0.992408,0.000002,0.000001,0.007589
471,3,3,0.000003,0.000001,0.000001,0.999995
2936,3,3,0.000006,0.000001,0.000002,0.999991
3866,3,3,0.000004,0.000001,0.000001,0.999994
342,3,3,0.000004,0.000001,0.000001,0.999993
13962,1,1,0.000099,0.999828,0.000037,0.000036
24664,0,0,0.996068,0.000001,0.000001,0.003931
6799,2,2,0.000000,0.000010,0.999989,0.000000
12839,1,1,0.000000,0.999977,0.000023,0.000000
6028,3,3,0.000007,0.000002,0.000002,0.999988
22886,0,0,0.991470,0.000002,0.000001,0.008527
25771,0,0,0.995592,0.000001,0.000001,0.004406
11494,1,1,0.000000,0.999975,0.000024,0.000000
28372,0,0,0.995071,0.000001,0.000001,0.004927
9292,1,1,0.000022,0.999954,0.000017,0.000007
5501,3,3,0.000620,0.000052,0.000048,0.999281
12356,1,1,0.000000,0.999995,0.000005,0.000000
21532,0,0,0.992827,0.000002,0.000001,0.007171
11949,1,1,0.000000,0.999984,0.000015,0.000000
24747,0,0,0.995908,0.000001,0.000001,0.004090
7235,2,2,0.000000,0.000013,0.999987,0.000001
14048,1,1,0.000008,0.999987,0.000003,0.000002
16654,1,1,0.000056,0.999905,0.000014,0.000024
7993,2,2,0.000000,0.000009,0.999991,0.000000
5156,3,3,0.000845,0.000051,0.000052,0.999051
18654,1,1,0.000097,0.999820,0.000013,0.000071
31244,0,0,0.996422,0.000001,0.000000,0.003577
3752,3,3,0.000007,0.000002,0.000002,0.999989
31014,0,0,0.994676,0.000001,0.000001,0.005322
6170,3,3,0.000617,0.000052,0.000047,0.999284
22468,0,0,0.989884,0.000002,0.000001,0.010113
4868,3,3,0.000001,0.000001,0.000000,0.999998
3088,3,3,0.000003,0.000001,0.000001,0.999996
15050,1,1,0.000027,0.999956,0.000007,0.000009
31101,0,0,0.995485,0.000001,0.000001,0.004513
9093,2,2,0.000000,0.000014,0.999985,0.000001
12155,1,1,0.000000,0.999970,0.000030,0.000000
30659,0,0,0.993583,0.000002,0.000001,0.006414
3857,3,3,0.000014,0.000004,0.000004,0.999979
12227,1,1,0.000000,0.999993,0.000007,0.000000
3600,3,3,0.000014,0.000004,0.000004,0.999978
28154,0,0,0.995814,0.000001,0.000001,0.004184
6426,3,3,0.000616,0.000052,0.000048,0.999284
6930,2,2,0.000000,0.000012,0.999988,0.000000
32537,0,0,0.995503,0.000001,0.000001,0.004495
25634,0,0,0.994811,0.000001,0.000001,0.005187
3099,3,3,0.000002,0.000000,0.000001,0.999997
2061,3,3,0.000110,0.000026,0.000017,0.999847
2737,3,3,0.000481,0.000042,0.000031,0.999447
17258,1,1,0.000010,0.999983,0.000004,0.000002
22023,0,0,0.993088,0.000002,0.000001,0.006910
12656,1,1,0.000000,0.999995,0.000005,0.000000
21455,0,0,0.993988,0.000001,0.000001,0.006010
3071,3,3,0.000004,0.000001,0.000001,0.999994
15745,1,1,0.000004,0.999993,0.000002,0.000001
13155,1,1,0.000020,0.999964,0.000010,0.000007
23080,0,0,0.958883,0.000007,0.000004,0.041106
33253,0,3,0.106877,0.000142,0.000132,0.892848
15336,1,1,0.000089,0.999782,0.000065,0.000064
13543,1,1,0.000026,0.999957,0.000008,0.000009
3032,3,3,0.000005,0.000001,0.000001,0.999993
5316,3,3,0.000805,0.000051,0.000051,0.999093
10607,1,1,0.000000,0.999984,0.000016,0.000000
12780,1,1,0.000000,0.999990,0.000010,0.000000
6004,3,3,0.000611,0.000051,0.000047,0.999290
19294,1,1,0.000034,0.999941,0.000008,0.000016
11017,1,1,0.000000,0.999983,0.000017,0.000000
9457,1,1,0.000014,0.999970,0.000012,0.000004
17727,1,1,0.000015,0.999975,0.000006,0.000004
13698,1,1,0.000014,0.999977,0.000004,0.000005
2617,3,3,0.000078,0.000010,0.000011,0.999901
18184,1,1,0.000062,0.999886,0.000009,0.000043
26012,0,0,0.995397,0.000001,0.000001,0.004601
29580,0,0,0.995952,0.000001,0.000001,0.004047
28547,0,0,0.997151,0.000001,0.000000,0.002848
8794,2,2,0.000000,0.000070,0.999924,0.000006
7949,2,2,0.000000,0.000015,0.999985,0.000001
21245,1,1,0.000022,0.999964,0.000004,0.000010
5618,3,3,0.000625,0.000052,0.000048,0.999275
3473,3,3,0.000001,0.000000,0.000000,0.999999
31946,0,0,0.995454,0.000001,0.000001,0.004544
28327,0,0,0.995926,0.000001,0.000001,0.004072
15274,1,1,0.000110,0.999669,0.000104,0.000117
4451,3,3,0.000005,0.000001,0.000001,0.999992
8358,2,2,0.000000,0.000011,0.999989,0.000000
21200,1,1,0.000014,0.999977,0.000004,0.000004
28809,0,0,0.995224,0.000001,0.000001,0.004774
19807,1,1,0.000013,0.999979,0.000005,0.000004
19551,1,1,0.000047,0.999919,0.000012,0.000023
26761,0,0,0.995810,0.000001,0.000001,0.004189
19805,1,1,0.000043,0.999927,0.000010,0.000020
20959,1,1,0.000010,0.999984,0.000003,0.000003
23245,0,0,0.992415,0.000002,0.000001,0.007582
3865,3,3,0.000003,0.000001,0.000001,0.999995
13120,1,1,0.000012,0.999979,0.000004,0.000005
2398,3,3,0.000046,0.000006,0.000007,0.999941
32137,0,0,0.996527,0.000001,0.000000,0.003471
13153,1,1,0.000027,0.999952,0.000007,0.000014
8048,2,2,0.000000,0.000009,0.999991,0.000000
14574,1,1,0.000014,0.999978,0.000003,0.000005
18106,1,1,0.000034,0.999945,0.000007,0.000014
22800,0,0,0.990492,0.000002,0.000001,0.009505
19690,1,1,0.000089,0.999835,0.000024,0.000052
32975,0,3,0.152307,0.000140,0.000125,0.847429
16493,1,1,0.000023,0.999962,0.000007,0.000008
2883,3,3,0.000011,0.000003,0.000003,0.999983
12244,1,1,0.000000,0.999992,0.000008,0.000000
21356,1,1,0.000199,0.999617,0.000029,0.000156
12988,1,1,0.000017,0.999972,0.000003,0.000008
29347,0,0,0.989627,0.000002,0.000001,0.010369
18274,1,1,0.000043,0.999929,0.000007,0.000021
26266,0,0,0.995139,0.000001,0.000001,0.004859
10576,1,1,0.000000,0.999985,0.000015,0.000000
30071,0,0,0.996896,0.000001,0.000000,0.003103
31748,0,0,0.996415,0.000001,0.000001,0.003583
6177,3,3,0.000617,0.000052,0.000048,0.999284
6351,3,3,0.000651,0.000053,0.000049,0.999246
32451,0,0,0.996650,0.000001,0.000000,0.003349
27308,0,0,0.995894,0.000001,0.000001,0.004104
16066,1,1,0.000020,0.999966,0.000008,0.000006
5492,3,3,0.000622,0.000052,0.000048,0.999278
31150,0,0,0.996283,0.000001,0.000001,0.003716
16888,1,1,0.000031,0.999948,0.000007,0.000015
15319,1,1,0.001177,0.994107,0.000077,0.004639
32349,0,0,0.996014,0.000001,0.000001,0.003984
2910,3,3,0.000037,0.000006,0.000011,0.999946
3255,3,3,0.000003,0.000001,0.000001,0.999995
2354,3,3,0.000051,0.000015,0.000009,0.999925
15247,1,1,0.000007,0.999989,0.000003,0.000001
28741,0,0,0.994697,0.000001,0.000001,0.005301
25265,0,0,0.994288,0.000001,0.000001,0.005709
20067,1,1,0.000017,0.999972,0.000005,0.000006
27506,0,0,0.994881,0.000001,0.000001,0.005117
28161,0,0,0.995722,0.000001,0.000001,0.004276
11791,1,1,0.000000,0.999968,0.000031,0.000000
14319,1,1,0.000005,0.999992,0.000001,0.000001
24921,0,0,0.993593,0.000002,0.000001,0.006405
29491,0,0,0.995138,0.000001,0.000001,0.004860
27035,0,0,0.993775,0.000001,0.000001,0.006223
12503,1,1,0.000000,0.999992,0.000008,0.000000
32506,0,0,0.996645,0.000001,0.000000,0.003353
22609,0,0,0.992445,0.000002,0.000001,0.007552
1834,3,3,0.000006,0.000001,0.000001,0.999992
14793,1,1,0.000009,0.999983,0.000005,0.000003
16122,1,1,0.000111,0.999780,0.000030,0.000079
6956,2,2,0.000000,0.000013,0.999987,0.000001
6929,2,2,0.000000,0.000016,0.999983,0.000001
28959,0,0,0.996610,0.000001,0.000000,0.003389
27804,0,0,0.995637,0.000001,0.000001,0.004362
3306,3,3,0.000003,0.000001,0.000001,0.999995
4543,3,3,0.000002,0.000001,0.000001,0.999996
1792,3,3,0.000008,0.000002,0.000002,0.999989
3832,3,3,0.000004,0.000001,0.000001,0.999994
32703,0,0,0.997004,0.000001,0.000000,0.002995
21480,0,0,0.994910,0.000001,0.000001,0.005088
22699,0,0,0.991299,0.000002,0.000001,0.008698
31959,0,0,0.996457,0.000001,0.000000,0.003542
778,3,3,0.000003,0.000001,0.000001,0.999995
20179,1,1,0.000013,0.999979,0.000004,0.000003
25872,0,0,0.996239,0.000001,0.000001,0.003760
22695,0,0,0.991332,0.000002,0.000001,0.008665
10816,1,1,0.000000,0.999991,0.000009,0.000000
30093,0,0,0.995711,0.000001,0.000001,0.004288
1515,3,3,0.000002,0.000001,0.000001,0.999996
9194,1,1,0.000154,0.999566,0.000157,0.000122
14707,1,1,0.000022,0.999965,0.000004,0.000009
11217,1,1,0.000000,0.999986,0.000014,0.000000
25302,0,0,0.994709,0.000001,0.000001,0.005289
10040,1,1,0.000000,0.999994,0.000006,0.000000
23359,0,0,0.992911,0.000002,0.000001,0.007087
1409,3,3,0.000338,0.000110,0.000091,0.999461
7925,2,2,0.000000,0.000010,0.999989,0.000000
22375,0,0,0.992936,0.000002,0.000001,0.007061
31527,0,0,0.996056,0.000001,0.000001,0.003942
23187,0,0,0.993151,0.000002,0.000001,0.006847
32307,0,0,0.996054,0.000001,0.000001,0.003944
13981,1,1,0.000004,0.999993,0.000003,0.000001
26393,0,0,0.995845,0.000001,0.000001,0.004154
13653,1,1,0.000018,0.999971,0.000004,0.000007
8402,2,2,0.000000,0.000013,0.999987,0.000001
885,3,3,0.000005,0.000002,0.000002,0.999991
23414,0,0,0.992979,0.000002,0.000001,0.007018
7215,2,2,0.000000,0.000012,0.999988,0.000000
10680,1,1,0.000000,0.999990,0.000010,0.000000
17975,1,1,0.000016,0.999974,0.000004,0.000005
29863,0,0,0.994250,0.000001,0.000001,0.005747
13947,1,1,0.000029,0.999947,0.000017,0.000007
28289,0,0,0.996583,0.000001,0.000000,0.003416
1016,3,3,0.000009,0.000003,0.000003,0.999985
30614,0,0,0.992617,0.000002,0.000001,0.007380
17320,1,1,0.000050,0.999916,0.000009,0.000025
16690,1,1,0.000030,0.999950,0.000007,0.000013
11580,1,1,0.000000,0.999991,0.000009,0.000000
24583,0,0,0.994189,0.000001,0.000001,0.005809
12408,1,1,0.000000,0.999984,0.000016,0.000000
14121,1,1,0.000016,0.999928,0.000050,0.000006
10687,1,1,0.000000,0.999987,0.000013,0.000000
15648,1,1,0.000006,0.999986,0.000007,0.000001
19817,1,1,0.000018,0.999968,0.000004,0.000010
12251,1,1,0.000000,0.999982,0.000018,0.000000
22283,0,0,0.994090,0.000001,0.000001,0.005908
3532,3,3,0.000045,0.000005,0.000009,0.999941
29824,0,0,0.994831,0.000001,0.000001,0.005167
16405,1,1,0.000035,0.999940,0.000012,0.000013
15647,1,1,0.000011,0.999979,0.000007,0.000003
11730,1,1,0.000000,0.999990,0.000009,0.000000
13088,1,1,0.000053,0.999906,0.000010,0.000030
10669,1,1,0.000000,0.999980,0.000019,0.000000
16646,1,1,0.000033,0.999942,0.000010,0.000015
22550,0,0,0.992753,0.000002,0.000001,0.007244
3655,3,3,0.000002,0.000000,0.000001,0.999997
17263,1,1,0.000034,0.999944,0.000006,0.000016
30767,0,0,0.996524,0.000001,0.000000,0.003474
12165,1,1,0.000000,0.999988,0.000012,0.000000
4551,3,3,0.000002,0.000001,0.000001,0.999997
31786,0,0,0.995466,0.000001,0.000001,0.004532
13848,1,1,0.000026,0.999953,0.000008,0.000013
28204,0,0,0.994636,0.000001,0.000001,0.005362
15851,1,1,0.000005,0.999990,0.000004,0.000001
29332,0,0,0.993165,0.000002,0.000001,0.006832
7488,2,2,0.000000,0.000009,0.999990,0.000000
20319,1,1,0.000014,0.999979,0.000004,0.000004
5794,3,3,0.000580,0.000050,0.000046,0.999325
5504,3,3,0.000620,0.000052,0.000048,0.999280
11995,1,1,0.000000,0.999975,0.000025,0.000000
5135,3,3,0.000638,0.000046,0.000044,0.999271
2058,3,3,0.000015,0.000005,0.000004,0.999976
5567,3,3,0.000623,0.000052,0.000048,0.999277
19271,1,1,0.000022,0.999962,0.000008,0.000008
26359,0,0,0.996092,0.000001,0.000001,0.003907
23042,0,0,0.992074,0.000002,0.000001,0.007923
29772,0,0,0.993844,0.000002,0.000001,0.006153
12808,1,1,0.000000,0.999982,0.000018,0.000000
13815,1,1,0.000037,0.999935,0.000009,0.000019
25747,0,0,0.996243,0.000001,0.000001,0.003756
390,3,3,0.000001,0.000000,0.000000,0.999999
2601,3,3,0.000002,0.000001,0.000001,0.999997
6945,2,2,0.000000,0.000011,0.999989,0.000000
15021,1,1,0.000039,0.999934,0.000007,0.000020
31739,0,0,0.995474,0.000001,0.000001,0.004524
21797,0,0,0.992544,0.000002,0.000001,0.007453
1357,3,3,0.000296,0.000146,0.000082,0.999475
8756,2,2,0.000000,0.000009,0.999991,0.000000
22996,0,0,0.992064,0.000002,0.000001,0.007933
27255,0,0,0.995304,0.000001,0.000001,0.004694
1538,3,3,0.000009,0.000002,0.000002,0.999987
18963,1,1,0.000030,0.999950,0.000009,0.000011
32224,0,0,0.992834,0.000002,0.000001,0.007164
3223,3,3,0.000005,0.000002,0.000001,0.999992
9995,1,1,0.000000,0.999981,0.000019,0.000000
11422,1,1,0.000000,0.999993,0.000007,0.000000
22747,0,0,0.992017,0.000002,0.000001,0.007980
33114,0,3,0.122902,0.000141,0.000130,0.876827
25259,0,0,0.995443,0.000001,0.000001,0.004556
30863,0,0,0.996129,0.000001,0.000001,0.003869
16538,1,1,0.000088,0.999829,0.000015,0.000069
773,3,3,0.000004,0.000003,0.000002,0.999991
19300,1,1,0.000026,0.999955,0.000010,0.000010
31591,0,0,0.995722,0.000001,0.000001,0.004276
26479,0,0,0.994522,0.000001,0.000001,0.005476
24776,0,0,0.995876,0.000001,0.000001,0.004123
26937,0,0,0.995516,0.000001,0.000001,0.004482
22379,0,0,0.995975,0.000001,0.000001,0.004023
789,3,3,0.000006,0.000003,0.000002,0.999989
22118,0,0,0.991593,0.000002,0.000001,0.008404
13169,1,1,0.000024,0.999958,0.000006,0.000012
29249,0,0,0.995700,0.000001,0.000001,0.004298
16793,1,1,0.000036,0.999941,0.000010,0.000014
10948,1,1,0.000000,0.999994,0.000006,0.000000
33021,0,3,0.148775,0.000138,0.000124,0.850963
1671,3,3,0.000004,0.000002,0.000001,0.999994
26678,0,0,0.994185,0.000001,0.000001,0.005813
32573,0,0,0.995847,0.000001,0.000001,0.004151
25334,0,0,0.993188,0.000002,0.000001,0.006810
3978,3,3,0.000006,0.000003,0.000002,0.999989
17761,1,1,0.000022,0.999964,0.000006,0.000008
22463,0,0,0.990766,0.000002,0.000001,0.009231
26764,0,0,0.995312,0.000001,0.000001,0.004686
6162,3,3,0.000617,0.000052,0.000048,0.999283
15510,1,1,0.000006,0.999990,0.000002,0.000001
32883,0,3,0.169473,0.000144,0.000127,0.830255
20713,1,1,0.000030,0.999949,0.000010,0.000012
24287,0,0,0.994332,0.000001,0.000001,0.005666
17760,1,1,0.000023,0.999960,0.000008,0.000009
19000,1,1,0.000048,0.999909,0.000009,0.000034
25921,0,0,0.996012,0.000001,0.000001,0.003986
31775,0,0,0.996151,0.000001,0.000001,0.003847
7043,2,2,0.000000,0.000009,0.999990,0.000000
23193,0,0,0.994622,0.000001,0.000001,0.005376
10462,1,1,0.000000,0.999992,0.000008,0.000000
31595,0,0,0.995798,0.000001,0.000001,0.004201
10953,1,1,0.000000,0.999988,0.000012,0.000000
18804,1,1,0.000073,0.999870,0.000014,0.000043
8858,2,2,0.000000,0.000010,0.999990,0.000000
16497,1,1,0.000029,0.999950,0.000011,0.000010
10006,1,1,0.000000,0.999977,0.000023,0.000000
23424,0,0,0.994448,0.000001,0.000001,0.005550
31263,0,0,0.996183,0.000001,0.000001,0.003815
25409,0,0,0.994686,0.000001,0.000001,0.005312
8784,2,2,0.000000,0.000013,0.999986,0.000001
16547,1,1,0.000022,0.999959,0.000009,0.000011
853,3,3,0.000002,0.000001,0.000001,0.999996
22062,0,0,0.995286,0.000001,0.000001,0.004712
29361,0,0,0.993491,0.000002,0.000001,0.006507
18947,1,1,0.000030,0.999950,0.000006,0.000014
27433,0,0,0.996114,0.000001,0.000001,0.003885
5739,3,3,0.000602,0.000051,0.000047,0.999300
12630,1,1,0.000000,0.999987,0.000013,0.000000
20581,1,1,0.000009,0.999985,0.000003,0.000003
7956,2,2,0.000000,0.000010,0.999990,0.000000
17176,1,1,0.000036,0.999939,0.000009,0.000016
14131,1,1,0.000002,0.999997,0.000001,0.000000
10655,1,1,0.000000,0.999987,0.000013,0.000000
12183,1,1,0.000000,0.999994,0.000006,0.000000
9239,1,1,0.000007,0.999980,0.000011,0.000002
7915,2,2,0.000000,0.000009,0.999991,0.000000
10705,1,1,0.000000,0.999988,0.000012,0.000000
2633,3,3,0.000337,0.000030,0.000031,0.999603
29180,0,0,0.995709,0.000001,0.000001,0.004289
7138,2,2,0.000000,0.000008,0.999991,0.000000
30615,0,0,0.993324,0.000002,0.000001,0.006674
22051,0,0,0.992466,0.000002,0.000001,0.007531
24026,0,0,0.993444,0.000002,0.000001,0.006553
8872,2,2,0.000000,0.000016,0.999984,0.000001
7607,2,2,0.000000,0.000011,0.999989,0.000000
28966,0,0,0.994641,0.000001,0.000001,0.005357
17251,1,1,0.000042,0.999925,0.000014,0.000019
28506,0,0,0.991163,0.000002,0.000001,0.008833
14240,1,1,0.000054,0.999897,0.000006,0.000044
11800,1,1,0.000000,0.999986,0.000014,0.000000
25129,0,0,0.995690,0.000001,0.000001,0.004309
3013,3,3,0.000006,0.000001,0.000001,0.999992
14687,1,1,0.000018,0.999835,0.000141,0.000007
120,3,3,0.000005,0.000003,0.000001,0.999991
21912,0,0,0.994120,0.000001,0.000001,0.005878
16855,1,1,0.000051,0.999907,0.000012,0.000029
15724,1,1,0.000009,0.999982,0.000007,0.000002
8812,2,2,0.000000,0.000010,0.999990,0.000000
23920,0,0,0.993552,0.000002,0.000001,0.006446
19167,1,1,0.000026,0.999959,0.000008,0.000008
14017,1,1,0.000007,0.999988,0.000003,0.000002
31548,0,0,0.996708,0.000001,0.000000,0.003291
4296,3,3,0.000002,0.000001,0.000001,0.999996
14809,1,1,0.000052,0.999897,0.000006,0.000044
2280,3,3,0.000312,0.000020,0.000029,0.999640
18487,1,1,0.000032,0.999946,0.000010,0.000012
27555,0,0,0.996112,0.000001,0.000001,0.003887
16322,1,1,0.000058,0.999894,0.000019,0.000029
2978,3,3,0.000026,0.000004,0.000004,0.999966
26003,0,0,0.994836,0.000001,0.000001,0.005162
20092,1,1,0.000028,0.999951,0.000011,0.000011
5923,3,3,0.000603,0.000051,0.000047,0.999299
27675,0,0,0.995007,0.000001,0.000001,0.004991
1463,3,3,0.000041,0.000011,0.000007,0.999941
2243,3,3,0.000007,0.000003,0.000002,0.999988
5194,3,3,0.000823,0.000051,0.000052,0.999074
5178,3,3,0.000831,0.000051,0.000052,0.999065
27353,0,0,0.994627,0.000001,0.000001,0.005371
20057,1,1,0.000014,0.999976,0.000005,0.000005
694,3,3,0.000000,0.000000,0.000000,0.999999
1485,3,3,0.000002,0.000001,0.000001,0.999996
12890,1,1,0.000000,0.999994,0.000006,0.000000
19661,1,1,0.000015,0.999977,0.000003,0.000005
29461,0,0,0.994991,0.000001,0.000001,0.005007
24173,0,0,0.995959,0.000001,0.000001,0.004039
3862,3,3,0.000004,0.000001,0.000001,0.999994
32246,0,0,0.995538,0.000001,0.000001,0.004461
11379,1,1,0.000000,0.999985,0.000015,0.000000
9285,1,1,0.000025,0.999945,0.000019,0.000011
18551,1,1,0.000027,0.999955,0.000009,0.000009
13714,1,1,0.000008,0.999986,0.000004,0.000002
24380,0,0,0.995309,0.000001,0.000001,0.004689
17933,1,1,0.000016,0.999974,0.000004,0.000005
7899,2,2,0.000000,0.000011,0.999988,0.000001
25507,0,0,0.994958,0.000001,0.000001,0.005040
6823,2,2,0.000000,0.000016,0.999983,0.000001
10660,1,1,0.000000,0.999985,0.000015,0.000000
15531,1,1,0.000003,0.999995,0.000001,0.000000
695,3,3,0.000001,0.000000,0.000002,0.999997
17301,1,1,0.000031,0.999949,0.000008,0.000012
14090,1,1,0.000026,0.999961,0.000005,0.000008
12931,1,1,0.000000,0.999983,0.000016,0.000000
28319,0,0,0.997277,0.000001,0.000000,0.002722
12873,1,1,0.000000,0.999965,0.000035,0.000000
2752,3,3,0.000013,0.000003,0.000002,0.999982
6108,3,3,0.000614,0.000052,0.000047,0.999287
6802,2,2,0.000000,0.000020,0.999979,0.000001
28574,0,0,0.994349,0.000001,0.000001,0.005649
10185,1,1,0.000000,0.999994,0.000006,0.000000
7947,2,2,0.000000,0.000014,0.999985,0.000001
28391,0,0,0.995935,0.000001,0.000001,0.004063
27765,0,0,0.996757,0.000001,0.000000,0.003242
13296,1,1,0.000015,0.999976,0.000003,0.000006
24177,0,0,0.994018,0.000001,0.000001,0.005980
13478,1,1,0.000006,0.999990,0.000002,0.000002
28328,0,0,0.996462,0.000001,0.000000,0.003537
27624,0,0,0.997376,0.000001,0.000000,0.002623
8503,2,2,0.000000,0.000028,0.999971,0.000001
637,3,3,0.000009,0.000003,0.000002,0.999986
28174,0,0,0.995682,0.000001,0.000001,0.004316
13340,1,1,0.000008,0.999988,0.000002,0.000003
24003,0,0,0.991614,0.000002,0.000001,0.008383
17713,1,1,0.000024,0.999961,0.000005,0.000011
28783,0,0,0.995825,0.000001,0.000001,0.004174
30574,0,0,0.996172,0.000001,0.000001,0.003827
14223,1,1,0.000087,0.998903,0.000955,0.000056
12998,1,1,0.000039,0.999924,0.000010,0.000028
19340,1,1,0.000013,0.999979,0.000004,0.000004
1634,3,3,0.000002,0.000001,0.000001,0.999996
31664,0,0,0.996635,0.000001,0.000000,0.003364
6649,2,2,0.000000,0.000010,0.999990,0.000000
2788,3,3,0.000004,0.000001,0.000001,0.999994
22037,0,0,0.991645,0.000002,0.000001,0.008352
17048,1,1,0.000036,0.999939,0.000008,0.000017
22781,0,0,0.991560,0.000002,0.000001,0.008437
22998,0,0,0.993090,0.000002,0.000001,0.006908
26527,0,0,0.994740,0.000001,0.000001,0.005258
27919,0,0,0.993570,0.000002,0.000001,0.006428
16488,1,1,0.000067,0.999882,0.000013,0.000038
16387,1,1,0.000047,0.999919,0.000012,0.000022
20958,1,1,0.000014,0.999978,0.000004,0.000004
18507,1,1,0.000016,0.999974,0.000004,0.000005
2405,3,3,0.000111,0.000013,0.000013,0.999862
3133,3,3,0.000003,0.000001,0.000001,0.999995
8806,2,2,0.000000,0.000011,0.999989,0.000000
18049,1,1,0.000074,0.999873,0.000017,0.000037
26049,0,0,0.995252,0.000001,0.000001,0.004746
19257,1,1,0.000032,0.999946,0.000010,0.000012
16318,1,1,0.000188,0.999612,0.000036,0.000164
4770,3,3,0.000013,0.000002,0.000003,0.999982
22216,0,0,0.994879,0.000001,0.000001,0.005119
10565,1,1,0.000000,0.999991,0.000009,0.000000
26926,0,0,0.995823,0.000001,0.000001,0.004175
26037,0,0,0.995524,0.000001,0.000001,0.004474
14583,1,1,0.000003,0.999992,0.000004,0.000001
29248,0,0,0.996152,0.000001,0.000001,0.003847
50,3,3,0.000162,0.000034,0.000031,0.999773
29852,0,0,0.994579,0.000001,0.000001,0.005419
18243,1,1,0.000090,0.999836,0.000016,0.000058
7610,2,2,0.000000,0.000011,0.999989,0.000000
21064,1,1,0.000016,0.999973,0.000006,0.000005
17382,1,1,0.000046,0.999920,0.000008,0.000026
26506,0,0,0.994739,0.000001,0.000001,0.005259
12500,1,1,0.000000,0.999990,0.000010,0.000000
8643,2,2,0.000000,0.000011,0.999988,0.000000
9935,1,1,0.000000,0.999985,0.000015,0.000000
14514,1,1,0.000003,0.999996,0.000001,0.000000
2418,3,3,0.000053,0.000010,0.000008,0.999930
1744,3,3,0.000003,0.000001,0.000001,0.999995
27061,0,0,0.994459,0.000001,0.000001,0.005539
10746,1,1,0.000000,0.999989,0.000010,0.000000
23995,0,0,0.992897,0.000002,0.000001,0.007100
5797,3,3,0.000584,0.000050,0.000046,0.999320
33252,0,3,0.116746,0.000142,0.000131,0.882981
19143,1,1,0.000051,0.999906,0.000011,0.000032
7878,2,2,0.000000,0.000008,0.999992,0.000000
18239,1,1,0.000035,0.999940,0.000007,0.000017
13144,1,1,0.000026,0.999955,0.000006,0.000013
18307,1,1,0.000057,0.999896,0.000013,0.000034
4510,3,3,0.000007,0.000002,0.000002,0.999989
3218,3,3,0.000004,0.000001,0.000001,0.999994
8901,2,2,0.000000,0.000021,0.999978,0.000001
10947,1,1,0.000000,0.999982,0.000018,0.000000
23656,0,0,0.994501,0.000001,0.000001,0.005497
30597,0,0,0.993456,0.000002,0.000001,0.006542
2387,3,3,0.000010,0.000002,0.000002,0.999986
24477,0,0,0.995436,0.000001,0.000001,0.004563
22412,0,0,0.989631,0.000002,0.000001,0.010366
1316,3,3,0.000203,0.000141,0.000121,0.999535
3314,3,3,0.000044,0.000005,0.000006,0.999944
11948,1,1,0.000000,0.999975,0.000024,0.000000
12436,1,1,0.000000,0.999989,0.000011,0.000000
30024,0,0,0.992708,0.000002,0.000001,0.007290
18479,1,1,0.000025,0.999954,0.000011,0.000009
12884,1,1,0.000000,0.999966,0.000033,0.000000
6272,3,3,0.000616,0.000052,0.000047,0.999285
13093,1,1,0.000032,0.999947,0.000010,0.000011
14868,1,1,0.000031,0.999947,0.000011,0.000012
11840,1,1,0.000000,0.999894,0.000104,0.000002
2838,3,3,0.000002,0.000001,0.000001,0.999997
30199,0,0,0.994323,0.000001,0.000001,0.005675
2641,3,3,0.000057,0.000008,0.000008,0.999928
32668,0,0,0.997087,0.000001,0.000000,0.002912
33244,0,3,0.120856,0.000140,0.000128,0.878875
20053,1,1,0.000006,0.999990,0.000002,0.000001
22631,0,0,0.989822,0.000002,0.000001,0.010175
18011,1,1,0.000033,0.999945,0.000010,0.000013
30458,0,0,0.996384,0.000001,0.000001,0.003614
17509,1,1,0.000061,0.999889,0.000013,0.000037
6892,2,2,0.000000,0.000009,0.999990,0.000000
14626,1,1,0.000010,0.999985,0.000002,0.000003
27165,0,0,0.994173,0.000001,0.000001,0.005825
32218,0,0,0.996287,0.000001,0.000001,0.003712
17162,1,1,0.000024,0.999957,0.000007,0.000011
11846,1,1,0.000000,0.999988,0.000012,0.000000
11593,1,1,0.000000,0.999957,0.000042,0.000001
26702,0,0,0.995194,0.000001,0.000001,0.004804
4117,3,3,0.000002,0.000001,0.000001,0.999996
28340,0,0,0.995767,0.000001,0.000001,0.004231
16583,1,1,0.000040,0.999933,0.000010,0.000017
2447,3,3,0.000002,0.000001,0.000000,0.999997
28978,0,0,0.987125,0.000003,0.000002,0.012871
4752,3,3,0.000001,0.000000,0.000000,0.999998
15666,1,1,0.000002,0.999997,0.000001,0.000000
8838,2,2,0.000000,0.000010,0.999989,0.000000
12905,1,1,0.000000,0.999986,0.000014,0.000000
30570,0,0,0.995758,0.000001,0.000001,0.004240
26206,0,0,0.994580,0.000001,0.000001,0.005418
31450,0,0,0.995843,0.000001,0.000001,0.004155
16974,1,1,0.000030,0.999952,0.000008,0.000010
15502,1,1,0.000003,0.999995,0.000002,0.000000
6285,3,3,0.000620,0.000052,0.000048,0.999280
28632,0,0,0.993836,0.000001,0.000001,0.006162
14123,1,1,0.000003,0.999994,0.000002,0.000001
11774,1,1,0.000000,0.999987,0.000013,0.000000
32032,0,0,0.994786,0.000001,0.000001,0.005212
3841,3,3,0.000005,0.000001,0.000001,0.999993
17121,1,1,0.000202,0.999592,0.000032,0.000174
12483,1,1,0.000000,0.999975,0.000025,0.000000
19199,1,1,0.000039,0.999934,0.000010,0.000017
23405,0,0,0.993287,0.000002,0.000001,0.006711
18247,1,1,0.000056,0.999904,0.000011,0.000029
2392,3,3,0.000165,0.000023,0.000024,0.999788
18404,1,1,0.000088,0.999833,0.000019,0.000060
8948,2,2,0.000000,0.000035,0.999964,0.000001
25358,0,0,0.994920,0.000001,0.000001,0.005078
28005,0,0,0.995970,0.000001,0.000001,0.004028
6501,3,3,0.000614,0.000052,0.000047,0.999287
29986,0,0,0.996317,0.000001,0.000001,0.003682
16,3,3,0.000064,0.000057,0.000017,0.999863
12100,1,1,0.000000,0.999906,0.000092,0.000001
7821,2,2,0.000000,0.000015,0.999985,0.000001
12193,1,1,0.000000,0.999994,0.000006,0.000000
26057,0,0,0.995343,0.000001,0.000001,0.004655
1949,3,3,0.000038,0.000005,0.000005,0.999952
26824,0,0,0.995290,0.000001,0.000001,0.004708
771,3,3,0.000002,0.000001,0.000001,0.999997
25887,0,0,0.995925,0.000001,0.000001,0.004074
18754,1,1,0.000101,0.999808,0.000021,0.000070
5324,3,3,0.000817,0.000051,0.000051,0.999081
27574,0,0,0.996180,0.000001,0.000001,0.003818
11287,1,1,0.000000,0.999993,0.000007,0.000000
8151,2,2,0.000000,0.000010,0.999990,0.000000
3387,3,3,0.000011,0.000002,0.000002,0.999985
24862,0,0,0.993472,0.000002,0.000001,0.006526
19078,1,1,0.000027,0.999957,0.000007,0.000010
2538,3,3,0.000002,0.000001,0.000000,0.999997
13782,1,1,0.000069,0.999870,0.000014,0.000048
3012,3,3,0.000003,0.000001,0.000001,0.999996
21777,0,0,0.993855,0.000001,0.000001,0.006143
24808,0,0,0.995153,0.000001,0.000001,0.004845
14704,1,1,0.000039,0.999930,0.000006,0.000025
31641,0,0,0.996256,0.000001,0.000001,0.003742
10194,1,1,0.000000,0.999990,0.000010,0.000000
23747,0,0,0.991453,0.000002,0.000001,0.008544
11703,1,1,0.000000,0.999987,0.000013,0.000000
11872,1,1,0.000000,0.999990,0.000010,0.000000
4514,3,3,0.000009,0.000002,0.000002,0.999987
16092,1,1,0.000012,0.999982,0.000003,0.000004
11524,1,1,0.000000,0.999973,0.000027,0.000000
32397,0,0,0.993739,0.000002,0.000001,0.006259
7716,2,2,0.000000,0.000013,0.999987,0.000001
28986,0,0,0.989016,0.000002,0.000001,0.010980
18236,1,1,0.000029,0.999953,0.000007,0.000012
2017,3,3,0.000002,0.000001,0.000001,0.999996
24591,0,0,0.994550,0.000001,0.000001,0.005448
30469,0,0,0.997591,0.000001,0.000000,0.002408
1493,3,3,0.000001,0.000000,0.000000,0.999999
19128,1,1,0.000050,0.999913,0.000012,0.000026
12063,1,1,0.000000,0.999975,0.000025,0.000000
9303,1,1,0.000023,0.999952,0.000017,0.000008
2941,3,3,0.000029,0.000004,0.000006,0.999961
15111,1,1,0.000024,0.999964,0.000005,0.000007
4748,3,3,0.000002,0.000001,0.000001,0.999997
2073,3,3,0.000126,0.000010,0.000012,0.999852
28882,0,0,0.996082,0.000001,0.000001,0.003916
11231,1,1,0.000000,0.999989,0.000011,0.000000
12565,1,1,0.000000,0.999986,0.000013,0.000000
28712,0,0,0.994788,0.000001,0.000001,0.005210
4408,3,3,0.000008,0.000001,0.000002,0.999989
12218,1,1,0.000000,0.999992,0.000008,0.000000
4616,3,3,0.000004,0.000001,0.000001,0.999994
19316,1,1,0.000036,0.999936,0.000009,0.000019
12353,1,1,0.000000,0.999990,0.000010,0.000000
9653,1,1,0.000003,0.999996,0.000001,0.000000
32675,0,0,0.996550,0.000001,0.000000,0.003449
20118,1,1,0.000026,0.999955,0.000008,0.000011
27081,0,0,0.995682,0.000001,0.000001,0.004316
11759,1,1,0.000000,0.999988,0.000012,0.000000
28665,0,0,0.994548,0.000001,0.000001,0.005450
13667,1,1,0.000013,0.999978,0.000006,0.000003
22780,0,0,0.991124,0.000002,0.000001,0.008873
12491,1,1,0.000000,0.999992,0.000008,0.000000
2415,3,3,0.000015,0.000004,0.000003,0.999978
17201,1,1,0.000034,0.999942,0.000006,0.000018
27665,0,0,0.992731,0.000002,0.000001,0.007266
10646,1,1,0.000000,0.999987,0.000013,0.000000
20956,1,1,0.000020,0.999963,0.000011,0.000007
28197,0,0,0.995364,0.000001,0.000001,0.004634
29441,0,0,0.995518,0.000001,0.000001,0.004480
27422,0,0,0.995949,0.000001,0.000001,0.004049
21930,0,0,0.993539,0.000002,0.000001,0.006459
17106,1,1,0.000045,0.999921,0.000013,0.000021
644,3,3,0.000023,0.000009,0.000007,0.999961
16784,1,1,0.000082,0.999834,0.000019,0.000064
25591,0,0,0.994842,0.000001,0.000001,0.005156
12805,1,1,0.000000,0.999988,0.000012,0.000000
7919,2,2,0.000000,0.000011,0.999988,0.000001
8793,2,2,0.000000,0.000051,0.999947,0.000002
13618,1,1,0.000035,0.999945,0.000007,0.000014
24695,0,0,0.995270,0.000001,0.000001,0.004728
20443,1,1,0.000027,0.999954,0.000006,0.000012
1574,3,3,0.000001,0.000000,0.000000,0.999998
30323,0,0,0.994356,0.000001,0.000001,0.005642
25883,0,0,0.995496,0.000001,0.000001,0.004502
12001,1,1,0.000000,0.999989,0.000011,0.000000
145,3,3,0.000002,0.000001,0.000001,0.999997
24458,0,0,0.994640,0.000001,0.000001,0.005358
4677,3,3,0.000003,0.000001,0.000001,0.999995
10826,1,1,0.000000,0.999994,0.000006,0.000000
23718,0,0,0.994859,0.000001,0.000001,0.005140
21765,0,0,0.992260,0.000002,0.000001,0.007737
21782,0,0,0.993156,0.000002,0.000001,0.006841
21672,0,0,0.994599,0.000001,0.000001,0.005399
10600,1,1,0.000000,0.999994,0.000006,0.000000
2735,3,3,0.000495,0.000032,0.000032,0.999442
10135,1,1,0.000000,0.999988,0.000012,0.000000
15063,1,1,0.000003,0.999995,0.000001,0.000000
6963,2,2,0.000000,0.000045,0.999953,0.000002
8330,2,2,0.000000,0.000011,0.999989,0.000000
12852,1,1,0.000000,0.999983,0.000017,0.000000
957,3,3,0.000007,0.000004,0.000003,0.999986
17010,1,1,0.000242,0.999397,0.000027,0.000334
13909,1,1,0.000002,0.999995,0.000003,0.000000
15822,1,1,0.000005,0.999991,0.000003,0.000001
2018,3,3,0.000001,0.000000,0.000000,0.999998
12626,1,1,0.000000,0.999987,0.000012,0.000000
25500,0,0,0.994909,0.000001,0.000001,0.005089
7810,2,2,0.000000,0.000014,0.999986,0.000001
26332,0,0,0.995782,0.000001,0.000001,0.004216
25092,0,0,0.995151,0.000001,0.000001,0.004847
27527,0,0,0.996257,0.000001,0.000001,0.003742
3345,3,3,0.000006,0.000001,0.000001,0.999992
29585,0,0,0.992705,0.000002,0.000001,0.007292
18685,1,1,0.000029,0.999953,0.000006,0.000011
17899,1,1,0.000085,0.999847,0.000017,0.000051
14448,1,1,0.000007,0.999989,0.000003,0.000001
25081,0,0,0.995590,0.000001,0.000001,0.004408
19600,1,1,0.000027,0.999955,0.000008,0.000010
18578,1,1,0.000046,0.999923,0.000009,0.000022
16234,1,1,0.000011,0.999984,0.000003,0.000003
25755,0,0,0.995214,0.000001,0.000001,0.004784
31567,0,0,0.995538,0.000001,0.000001,0.004460
7987,2,2,0.000000,0.000009,0.999991,0.000000
3634,3,3,0.000005,0.000001,0.000002,0.999992
25843,0,0,0.994495,0.000001,0.000001,0.005503
22195,0,0,0.994868,0.000001,0.000001,0.005130
32166,0,0,0.996068,0.000001,0.000001,0.003930
8738,2,2,0.000000,0.000013,0.999987,0.000000
11010,1,1,0.000000,0.999992,0.000008,0.000000
10031,1,1,0.000000,0.999956,0.000044,0.000000
21402,0,0,0.997510,0.000001,0.000000,0.002489
26230,0,0,0.995480,0.000001,0.000001,0.004518
4666,3,3,0.000010,0.000002,0.000003,0.999985
30791,0,0,0.995200,0.000001,0.000001,0.004799
17286,1,1,0.000059,0.999893,0.000011,0.000037
14219,1,1,0.000015,0.999976,0.000005,0.000004
28168,0,0,0.996347,0.000001,0.000001,0.003652
11996,1,1,0.000000,0.999979,0.000020,0.000000
32594,0,0,0.996303,0.000001,0.000001,0.003696
22491,0,0,0.991185,0.000002,0.000001,0.008812
5225,3,3,0.000810,0.000051,0.000051,0.999087
28308,0,0,0.997251,0.000001,0.000000,0.002748
16178,1,1,0.000055,0.999906,0.000008,0.000031
8495,2,2,0.000000,0.000038,0.999960,0.000002
29564,0,0,0.994889,0.000001,0.000001,0.005109
20502,1,1,0.000017,0.999972,0.000006,0.000005
9166,1,1,0.000004,0.999984,0.000011,0.000001
32789,0,0,0.996314,0.000001,0.000001,0.003685
30007,0,0,0.995632,0.000001,0.000001,0.004366
30423,0,0,0.986658,0.000003,0.000002,0.013338
10295,1,1,0.000000,0.999989,0.000011,0.000000
23299,0,0,0.993609,0.000002,0.000001,0.006389
20216,1,1,0.000021,0.999964,0.000006,0.000009
31336,0,0,0.995423,0.000001,0.000001,0.004575
28286,0,0,0.992686,0.000002,0.000001,0.007311
20442,1,1,0.000013,0.999979,0.000004,0.000004
21545,0,0,0.993320,0.000002,0.000001,0.006677
1334,3,3,0.000010,0.000002,0.000002,0.999986
29077,0,0,0.996633,0.000001,0.000000,0.003366
26801,0,0,0.995382,0.000001,0.000001,0.004616
30941,0,0,0.995915,0.000001,0.000001,0.004084
10412,1,1,0.000000,0.999992,0.000008,0.000000
9986,1,1,0.000000,0.999987,0.000013,0.000000
12856,1,1,0.000000,0.999993,0.000007,0.000000
12825,1,1,0.000000,0.999992,0.000008,0.000000
20831,1,1,0.000033,0.999943,0.000009,0.000015
17020,1,1,0.000027,0.999953,0.000010,0.000010
19843,1,1,0.000009,0.999985,0.000003,0.000002
12608,1,1,0.000000,0.999993,0.000007,0.000000
23318,0,0,0.994213,0.000001,0.000001,0.005785
25461,0,0,0.995017,0.000001,0.000001,0.004981
6124,3,3,0.000622,0.000052,0.000048,0.999279
14172,1,1,0.000008,0.999984,0.000006,0.000002
7332,2,2,0.000000,0.000012,0.999988,0.000000
26197,0,0,0.995249,0.000001,0.000001,0.004749
15030,1,1,0.000010,0.999984,0.000004,0.000003
8253,2,2,0.000000,0.000013,0.999987,0.000000
21932,0,0,0.993575,0.000002,0.000001,0.006423
17894,1,1,0.000029,0.999951,0.000009,0.000010
21300,1,1,0.000041,0.999928,0.000010,0.000021
25317,0,0,0.995136,0.000001,0.000001,0.004862
6416,3,3,0.000619,0.000052,0.000048,0.999281
8621,2,2,0.000000,0.000009,0.999991,0.000000
4602,3,3,0.000003,0.000001,0.000001,0.999996
23016,0,0,0.994901,0.000001,0.000001,0.005097
17411,1,1,0.000047,0.999922,0.000009,0.000021
4150,3,3,0.000010,0.000002,0.000002,0.999986
6277,3,3,0.000613,0.000051,0.000047,0.999289
19560,1,1,0.000013,0.999978,0.000006,0.000003
1388,3,3,0.000004,0.000001,0.000001,0.999994
4230,3,3,0.000003,0.000001,0.000001,0.999996
19789,1,1,0.000022,0.999962,0.000007,0.000008
9261,1,1,0.000003,0.999992,0.000005,0.000001
29829,0,0,0.993959,0.000002,0.000001,0.006038
20146,1,1,0.000023,0.999958,0.000010,0.000009
14066,1,1,0.000021,0.999965,0.000008,0.000006
1468,3,3,0.000004,0.000001,0.000001,0.999993
27965,0,0,0.993741,0.000002,0.000001,0.006257
28528,0,0,0.996676,0.000001,0.000000,0.003322
11492,1,1,0.000000,0.999989,0.000011,0.000000
16349,1,1,0.000027,0.999954,0.000009,0.000010
15548,1,1,0.000005,0.999991,0.000002,0.000001
8718,2,2,0.000000,0.000013,0.999987,0.000001
400,3,3,0.000003,0.000001,0.000003,0.999994
33218,0,3,0.138576,0.000141,0.000128,0.861155
600,3,3,0.000057,0.000016,0.000011,0.999917
25100,0,0,0.995275,0.000001,0.000001,0.004724
26378,0,0,0.995001,0.000001,0.000001,0.004997
20823,1,1,0.000012,0.999982,0.000003,0.000003
3957,3,3,0.000011,0.000003,0.000003,0.999983
6255,3,3,0.000616,0.000052,0.000048,0.999285
29731,0,0,0.996398,0.000001,0.000001,0.003601
11464,1,1,0.000000,0.999988,0.000012,0.000000
11340,1,1,0.000000,0.999963,0.000036,0.000000
6027,3,3,0.000009,0.000003,0.000002,0.999986
32650,0,0,0.996854,0.000001,0.000000,0.003145
26028,0,0,0.995046,0.000001,0.000001,0.004952
18137,1,1,0.000074,0.999873,0.000017,0.000037
19246,1,1,0.000023,0.999962,0.000005,0.000010
30690,0,0,0.997695,0.000001,0.000000,0.002304
3574,3,3,0.000002,0.000000,0.000001,0.999997
4340,3,3,0.000016,0.000005,0.000005,0.999973
9720,1,1,0.000000,0.999982,0.000018,0.000000
4957,3,3,0.000029,0.000010,0.000004,0.999956
9024,2,2,0.000000,0.000012,0.999987,0.000000
30229,0,0,0.996534,0.000001,0.000000,0.003465
29013,0,0,0.995747,0.000001,0.000001,0.004252
31658,0,0,0.996310,0.000001,0.000001,0.003689
1461,3,3,0.000040,0.000007,0.000006,0.999947
15552,1,1,0.000004,0.999994,0.000002,0.000001
15052,1,1,0.000002,0.999997,0.000001,0.000000
27367,0,0,0.994601,0.000001,0.000001,0.005397
9084,2,2,0.000000,0.000009,0.999991,0.000000
8957,2,2,0.000000,0.000052,0.999946,0.000002
6125,3,3,0.000623,0.000052,0.000048,0.999277
17822,1,1,0.000042,0.999926,0.000010,0.000022
29702,0,0,0.993787,0.000001,0.000001,0.006211
17056,1,1,0.000022,0.999963,0.000006,0.000009
4713,3,3,0.000347,0.000114,0.000094,0.999446
31879,0,0,0.995798,0.000001,0.000001,0.004201
1764,3,3,0.000001,0.000000,0.000000,0.999999
22175,0,0,0.993973,0.000001,0.000001,0.006025
1608,3,3,0.000005,0.000002,0.000002,0.999990
20846,1,1,0.000014,0.999978,0.000004,0.000004
23385,0,0,0.991484,0.000002,0.000001,0.008513
12685,1,1,0.000000,0.999994,0.000006,0.000000
18249,1,1,0.000030,0.999952,0.000006,0.000012
8153,2,2,0.000000,0.000012,0.999988,0.000000
18543,1,1,0.000055,0.999901,0.000010,0.000034
3533,3,3,0.000095,0.000010,0.000015,0.999880
21311,1,1,0.000039,0.999932,0.000013,0.000016
14895,1,1,0.000018,0.999964,0.000010,0.000008
19941,1,1,0.000015,0.999975,0.000005,0.000005
16689,1,1,0.000053,0.999906,0.000012,0.000029
2581,3,3,0.000058,0.000008,0.000009,0.999925
9963,1,1,0.000000,0.999992,0.000008,0.000000
29287,0,0,0.996008,0.000001,0.000001,0.003991
14442,1,1,0.000006,0.999986,0.000006,0.000002
30432,0,0,0.994739,0.000001,0.000001,0.005259
28960,0,0,0.995368,0.000001,0.000001,0.004630
20535,1,1,0.000011,0.999983,0.000003,0.000003
26244,0,0,0.995969,0.000001,0.000001,0.004029
5355,3,3,0.000817,0.000051,0.000052,0.999081
27052,0,0,0.994290,0.000001,0.000001,0.005707
323,3,3,0.000005,0.000001,0.000001,0.999992
5000,3,3,0.000007,0.000002,0.000002,0.999989
13455,1,1,0.000013,0.999972,0.000009,0.000006
607,3,3,0.000002,0.000001,0.000001,0.999997
17436,1,1,0.000060,0.999896,0.000012,0.000032
5871,3,3,0.000618,0.000052,0.000048,0.999282
14078,1,1,0.000016,0.999977,0.000003,0.000004
16342,1,1,0.000065,0.999885,0.000014,0.000036
29469,0,0,0.994926,0.000001,0.000001,0.005072
6502,3,3,0.000614,0.000052,0.000047,0.999287
30039,0,0,0.994279,0.000001,0.000001,0.005719
25780,0,0,0.995021,0.000001,0.000001,0.004977
12525,1,1,0.000000,0.999993,0.000007,0.000000
21032,1,1,0.000050,0.999907,0.000017,0.000026
27933,0,0,0.957699,0.000007,0.000005,0.042289
12138,1,1,0.000000,0.999988,0.000012,0.000000
2251,3,3,0.000362,0.000015,0.000024,0.999598
26232,0,0,0.995878,0.000001,0.000001,0.004121
7562,2,2,0.000000,0.000010,0.999989,0.000000
25702,0,0,0.995282,0.000001,0.000001,0.004716
7957,2,2,0.000000,0.000010,0.999990,0.000000
23594,0,0,0.994863,0.000001,0.000001,0.005135
16150,1,1,0.000265,0.999369,0.000035,0.000330
11533,1,1,0.000000,0.999991,0.000009,0.000000
19175,1,1,0.000033,0.999944,0.000009,0.000014
22036,0,0,0.992763,0.000002,0.000001,0.007234
25470,0,0,0.995620,0.000001,0.000001,0.004378
29990,0,0,0.995735,0.000001,0.000001,0.004263
20352,1,1,0.000016,0.999974,0.000005,0.000005
6273,3,3,0.000619,0.000052,0.000048,0.999282
22946,0,0,0.992315,0.000002,0.000001,0.007682
28508,0,0,0.995695,0.000001,0.000001,0.004303
7083,2,2,0.000000,0.000010,0.999990,0.000000
6337,3,3,0.000639,0.000054,0.000049,0.999258
4037,3,3,0.000002,0.000001,0.000001,0.999996
32726,0,0,0.996745,0.000001,0.000000,0.003253
5735,3,3,0.000602,0.000051,0.000047,0.999299
29511,0,0,0.996313,0.000001,0.000001,0.003685
7241,2,2,0.000000,0.000008,0.999992,0.000000
16803,1,1,0.000037,0.999937,0.000011,0.000015
13719,1,1,0.000013,0.999979,0.000003,0.000005
24538,0,0,0.993680,0.000002,0.000001,0.006317
24056,0,0,0.994961,0.000001,0.000001,0.005038
5785,3,3,0.000588,0.000050,0.000046,0.999316
32866,0,0,0.996784,0.000001,0.000000,0.003215
26331,0,0,0.995911,0.000001,0.000001,0.004088
16575,1,1,0.000035,0.999940,0.000009,0.000016
31489,0,0,0.995774,0.000001,0.000001,0.004224
23767,0,0,0.995717,0.000001,0.000001,0.004282
11984,1,1,0.000000,0.999981,0.000019,0.000000
23055,0,0,0.992227,0.000002,0.000001,0.007770
7736,2,2,0.000000,0.000011,0.999989,0.000000
20780,1,1,0.000024,0.999958,0.000008,0.000010
17437,1,1,0.000050,0.999916,0.000012,0.000023
150,3,3,0.000003,0.000001,0.000001,0.999995
8233,2,2,0.000000,0.000012,0.999988,0.000000
10083,1,1,0.000000,0.999984,0.000016,0.000000
2908,3,3,0.000001,0.000000,0.000000,0.999999
23799,0,0,0.994249,0.000001,0.000001,0.005749
23688,0,0,0.994830,0.000001,0.000001,0.005168
21184,1,1,0.000009,0.999987,0.000002,0.000002
20527,1,1,0.000093,0.999785,0.000013,0.000108
8097,2,2,0.000000,0.000010,0.999990,0.000000
2924,3,3,0.000002,0.000001,0.000001,0.999996
30894,0,0,0.995993,0.000001,0.000001,0.004005
14068,1,1,0.000005,0.999992,0.000002,0.000001
7831,2,2,0.000000,0.000009,0.999991,0.000000
2400,3,3,0.000136,0.000017,0.000020,0.999828
1047,3,3,0.000003,0.000001,0.000001,0.999995
3097,3,3,0.000001,0.000000,0.000000,0.999998
25599,0,0,0.995341,0.000001,0.000001,0.004658
10446,1,1,0.000000,0.999989,0.000010,0.000000
28035,0,0,0.994775,0.000001,0.000001,0.005223
13416,1,1,0.000025,0.999960,0.000007,0.000008
440,3,3,0.000002,0.000000,0.000001,0.999997
23148,0,0,0.992400,0.000002,0.000001,0.007597
24138,0,0,0.994953,0.000001,0.000001,0.005045
18518,1,1,0.000015,0.999975,0.000004,0.000005
9058,2,2,0.000000,0.000012,0.999988,0.000000
28749,0,0,0.994554,0.000001,0.000001,0.005444
10689,1,1,0.000000,0.999983,0.000017,0.000000
21755,0,0,0.994071,0.000001,0.000001,0.005927
8686,2,2,0.000000,0.000009,0.999990,0.000000
7627,2,2,0.000000,0.000011,0.999988,0.000000
33155,0,3,0.129573,0.000141,0.000129,0.870157
22687,0,0,0.992914,0.000002,0.000001,0.007083
33104,0,3,0.145291,0.000142,0.000127,0.854440
16136,1,1,0.000063,0.999860,0.000013,0.000064
8921,2,2,0.000000,0.000019,0.999980,0.000001
12791,1,1,0.000000,0.999991,0.000009,0.000000
2431,3,3,0.000011,0.000003,0.000002,0.999983
17582,1,1,0.000050,0.999916,0.000015,0.000020
7187,2,2,0.000000,0.000009,0.999991,0.000000
25721,0,0,0.995033,0.000001,0.000001,0.004965
18569,1,1,0.000024,0.999960,0.000007,0.000009
21489,0,0,0.994418,0.000001,0.000001,0.005580
32374,0,0,0.995589,0.000001,0.000001,0.004409
15242,1,1,0.000075,0.999864,0.000020,0.000041
4661,3,3,0.000003,0.000001,0.000001,0.999995
29514,0,0,0.992853,0.000002,0.000001,0.007144
30915,0,0,0.995990,0.000001,0.000001,0.004009
19840,1,1,0.000014,0.999977,0.000004,0.000004
11607,1,1,0.000000,0.999986,0.000014,0.000000
26041,0,0,0.995257,0.000001,0.000001,0.004741
32631,0,0,0.994766,0.000001,0.000001,0.005232
12086,1,1,0.000000,0.999991,0.000009,0.000000
13778,1,1,0.000027,0.999960,0.000004,0.000009
23141,0,0,0.993546,0.000002,0.000001,0.006452
23638,0,0,0.993483,0.000002,0.000001,0.006514
16350,1,1,0.000077,0.999862,0.000019,0.000042
5664,3,3,0.000615,0.000052,0.000047,0.999286
30103,0,0,0.994779,0.000001,0.000001,0.005219
141,3,3,0.000001,0.000001,0.000000,0.999998
17883,1,1,0.000098,0.999833,0.000018,0.000050
5,3,3,0.000013,0.000016,0.000005,0.999966
17276,1,1,0.000015,0.999977,0.000004,0.000005
28031,0,0,0.995016,0.000001,0.000001,0.004983
2993,3,3,0.000010,0.000002,0.000002,0.999986
14129,1,1,0.000005,0.999993,0.000001,0.000001
12434,1,1,0.000000,0.999992,0.000008,0.000000
26434,0,0,0.995648,0.000001,0.000001,0.004350
32684,0,0,0.997111,0.000001,0.000000,0.002887
13710,1,1,0.000010,0.999984,0.000003,0.000004
9464,1,1,0.000012,0.999979,0.000006,0.000003
14428,1,1,0.000031,0.999819,0.000132,0.000018
17844,1,1,0.000134,0.999731,0.000023,0.000113
7409,2,2,0.000000,0.000012,0.999987,0.000001
22620,0,0,0.988974,0.000002,0.000001,0.011023
18428,1,1,0.000076,0.999862,0.000016,0.000046
16430,1,1,0.000028,0.999951,0.000010,0.000010
26035,0,0,0.995334,0.000001,0.000001,0.004664
19256,1,1,0.000032,0.999946,0.000011,0.000011
6117,3,3,0.000618,0.000052,0.000048,0.999282
9718,1,1,0.000000,0.999993,0.000007,0.000000
13068,1,1,0.000024,0.999957,0.000007,0.000012
604,3,3,0.000005,0.000002,0.000001,0.999992
27282,0,0,0.995512,0.000001,0.000001,0.004486
16129,1,1,0.000032,0.999939,0.000011,0.000017
12972,1,1,0.000022,0.999960,0.000007,0.000011
23144,0,0,0.994249,0.000001,0.000001,0.005749
2270,3,3,0.000830,0.000032,0.000044,0.999094
4778,3,3,0.000002,0.000001,0.000001,0.999996
24940,0,0,0.993827,0.000001,0.000001,0.006171
22010,0,0,0.993489,0.000002,0.000001,0.006509
24374,0,0,0.994924,0.000001,0.000001,0.005074
24548,0,0,0.995233,0.000001,0.000001,0.004765
30312,0,0,0.994185,0.000001,0.000001,0.005813
10126,1,1,0.000000,0.999984,0.000016,0.000000
22838,0,0,0.992827,0.000002,0.000001,0.007170
23154,0,0,0.993585,0.000002,0.000001,0.006413
1569,3,3,0.000003,0.000001,0.000001,0.999995
16200,1,1,0.000016,0.999975,0.000004,0.000005
4978,3,3,0.000007,0.000001,0.000001,0.999991
29893,0,0,0.990776,0.000002,0.000001,0.009220
20972,1,1,0.000014,0.999975,0.000007,0.000004
17601,1,1,0.000023,0.999963,0.000006,0.000009
6433,3,3,0.000617,0.000052,0.000048,0.999284
33237,0,3,0.123047,0.000142,0.000130,0.876682
12444,1,1,0.000000,0.999986,0.000014,0.000000
24928,0,0,0.994916,0.000001,0.000001,0.005082
11080,1,1,0.000000,0.999991,0.000009,0.000000
18962,1,1,0.000023,0.999961,0.000007,0.000008
10761,1,1,0.000000,0.999987,0.000013,0.000000
8412,2,2,0.000000,0.000014,0.999985,0.000001
8977,2,2,0.000000,0.000009,0.999990,0.000000
19218,1,1,0.000027,0.999949,0.000009,0.000015
15227,1,1,0.000052,0.999900,0.000007,0.000041
10781,1,1,0.000000,0.999982,0.000018,0.000000
16230,1,1,0.000060,0.999895,0.000012,0.000034
26881,0,0,0.995595,0.000001,0.000001,0.004404
21988,0,0,0.992757,0.000002,0.000001,0.007240
9079,2,2,0.000000,0.000008,0.999992,0.000000
13131,1,1,0.000061,0.999858,0.000009,0.000071
6143,3,3,0.000608,0.000051,0.000047,0.999294
11198,1,1,0.000000,0.999981,0.000019,0.000000
20021,1,1,0.000009,0.999985,0.000004,0.000002
24130,0,0,0.992945,0.000002,0.000001,0.007053
25199,0,0,0.995199,0.000001,0.000001,0.004799
19015,1,1,0.000035,0.999938,0.000008,0.000019
18966,1,1,0.000059,0.999896,0.000017,0.000028
30551,0,0,0.996648,0.000001,0.000000,0.003350
14806,1,1,0.000018,0.999962,0.000009,0.000011
15351,1,1,0.000008,0.999985,0.000005,0.000002
26684,0,0,0.996120,0.000001,0.000001,0.003878
32170,0,0,0.995693,0.000001,0.000001,0.004305
10648,1,1,0.000000,0.999980,0.000020,0.000000
30408,0,0,0.993895,0.000001,0.000001,0.006103
8799,2,2,0.000000,0.000022,0.999976,0.000002
2587,3,3,0.000023,0.000004,0.000004,0.999969
9226,1,1,0.000051,0.999897,0.000026,0.000025
28623,0,0,0.993934,0.000001,0.000001,0.006064
11453,1,1,0.000000,0.999977,0.000023,0.000000
29242,0,0,0.992921,0.000002,0.000001,0.007076
1002,3,3,0.000113,0.000235,0.000046,0.999606
21392,0,1,0.000744,0.997698,0.000101,0.001458
1508,3,3,0.000008,0.000002,0.000002,0.999989
12195,1,1,0.000000,0.999992,0.000008,0.000000
23058,0,0,0.989509,0.000002,0.000001,0.010488
6339,3,3,0.000648,0.000054,0.000049,0.999249
19023,1,1,0.000024,0.999962,0.000006,0.000008
16214,1,1,0.000013,0.999979,0.000004,0.000004
32981,0,3,0.138960,0.000141,0.000127,0.860772
32327,0,0,0.995955,0.000001,0.000001,0.004043
968,3,3,0.000004,0.000002,0.000001,0.999994
17908,1,1,0.000040,0.999932,0.000009,0.000019
4264,3,3,0.000003,0.000001,0.000001,0.999996
4981,3,3,0.000007,0.000001,0.000002,0.999990
11225,1,1,0.000000,0.999981,0.000019,0.000000
15882,1,1,0.000110,0.999702,0.000071,0.000117
13100,1,1,0.000010,0.999985,0.000003,0.000002
166,3,3,0.092988,0.001789,0.001370,0.903853
32735,0,0,0.996889,0.000001,0.000000,0.003110
22020,0,0,0.992043,0.000002,0.000001,0.007954
19688,1,1,0.000082,0.999859,0.000015,0.000044
28961,0,0,0.995510,0.000001,0.000001,0.004488
3081,3,3,0.000002,0.000001,0.000000,0.999997
2590,3,3,0.000006,0.000002,0.000001,0.999991
13086,1,1,0.000048,0.999920,0.000010,0.000023
9932,1,1,0.000000,0.999953,0.000047,0.000000
19328,1,1,0.000062,0.999868,0.000017,0.000053
10807,1,1,0.000000,0.999985,0.000015,0.000000
10925,1,1,0.000000,0.999973,0.000026,0.000000
24857,0,0,0.995801,0.000001,0.000001,0.004197
31298,0,0,0.995314,0.000001,0.000001,0.004684
30191,0,0,0.992713,0.000002,0.000001,0.007284
2170,3,3,0.000004,0.000001,0.000001,0.999994
19639,1,1,0.000039,0.999934,0.000008,0.000018
3919,3,3,0.000002,0.000001,0.000001,0.999996
28095,0,0,0.995775,0.000001,0.000001,0.004223
8697,2,2,0.000000,0.000014,0.999986,0.000000
16383,1,1,0.000064,0.999886,0.000012,0.000038
4012,3,3,0.000004,0.000001,0.000001,0.999994
21273,1,1,0.000105,0.999779,0.000022,0.000094
30000,0,0,0.996677,0.000001,0.000000,0.003322
8653,2,2,0.000000,0.000014,0.999985,0.000000
21549,0,0,0.992869,0.000002,0.000001,0.007128
26189,0,0,0.995739,0.000001,0.000001,0.004260
31644,0,0,0.995693,0.000001,0.000001,0.004305
11878,1,1,0.000000,0.999967,0.000032,0.000000
31656,0,0,0.995858,0.000001,0.000001,0.004140
29783,0,0,0.988743,0.000002,0.000001,0.011253
23812,0,0,0.995205,0.000001,0.000001,0.004793
15776,1,1,0.000691,0.997643,0.000144,0.001522
2303,3,3,0.000171,0.000024,0.000017,0.999787
16891,1,1,0.000069,0.999876,0.000018,0.000037
12473,1,1,0.000000,0.999981,0.000019,0.000000
8413,2,2,0.000000,0.000014,0.999985,0.000001
18556,1,1,0.000077,0.999863,0.000016,0.000044
15947,1,1,0.000043,0.999920,0.000021,0.000016
19499,1,1,0.000022,0.999963,0.000007,0.000008
27658,0,0,0.993600,0.000002,0.000001,0.006398
7555,2,2,0.000000,0.000015,0.999984,0.000001
30483,0,0,0.995121,0.000001,0.000001,0.004877
24532,0,0,0.993993,0.000001,0.000001,0.006005
12343,1,1,0.000000,0.999981,0.000018,0.000000
11591,1,1,0.000000,0.999978,0.000021,0.000000
12014,1,1,0.000000,0.999969,0.000030,0.000000
17012,1,1,0.000137,0.999732,0.000021,0.000109
488,3,3,0.000001,0.000001,0.000001,0.999997
13884,1,1,0.000030,0.999942,0.000016,0.000011
7427,2,2,0.000000,0.000012,0.999988,0.000000
26671,0,0,0.995310,0.000001,0.000001,0.004689
631,3,3,0.000003,0.000001,0.000001,0.999995
13634,1,1,0.000006,0.999990,0.000002,0.000002
1125,3,3,0.000003,0.000001,0.000001,0.999995
10287,1,1,0.000000,0.999977,0.000023,0.000000
31392,0,0,0.995897,0.000001,0.000001,0.004101
8930,2,2,0.000010,0.001005,0.998392,0.000594
14570,1,1,0.000005,0.999985,0.000009,0.000002
1659,3,3,0.000001,0.000000,0.000000,0.999999
11074,1,1,0.000000,0.999991,0.000009,0.000000
30944,0,0,0.996184,0.000001,0.000001,0.003815
18764,1,1,0.000059,0.999897,0.000017,0.000026
18798,1,1,0.000110,0.999780,0.000030,0.000081
28332,0,0,0.996009,0.000001,0.000001,0.003989
31698,0,0,0.995533,0.000001,0.000001,0.004465
14595,1,1,0.000017,0.999948,0.000023,0.000012
31558,0,0,0.996469,0.000001,0.000000,0.003530
10744,1,1,0.000000,0.999994,0.000006,0.000000
29827,0,0,0.996382,0.000001,0.000000,0.003617
2423,3,3,0.000016,0.000004,0.000003,0.999977
22912,0,0,0.991141,0.000002,0.000001,0.008855
4643,3,3,0.000002,0.000000,0.000001,0.999997
16593,1,1,0.000018,0.999969,0.000006,0.000006
20704,1,1,0.000039,0.999932,0.000011,0.000017
25602,0,0,0.994713,0.000001,0.000001,0.005285
20728,1,1,0.000017,0.999971,0.000005,0.000007
21180,1,1,0.000045,0.999923,0.000011,0.000021
1003,3,3,0.000024,0.000020,0.000009,0.999947
16266,1,1,0.000045,0.999923,0.000010,0.000022
3210,3,3,0.000003,0.000001,0.000001,0.999995
25864,0,0,0.995411,0.000001,0.000001,0.004588
27386,0,0,0.994813,0.000001,0.000001,0.005185
27398,0,0,0.995179,0.000001,0.000001,0.004820
24972,0,0,0.995222,0.000001,0.000001,0.004777
23652,0,0,0.992998,0.000002,0.000001,0.007000
20095,1,1,0.000009,0.999985,0.000003,0.000003
11177,1,1,0.000000,0.999995,0.000005,0.000000
10707,1,1,0.000000,0.999987,0.000012,0.000000
32194,0,0,0.996080,0.000001,0.000001,0.003918
29204,0,0,0.992566,0.000002,0.000001,0.007431
2981,3,3,0.000030,0.000005,0.000004,0.999961
13113,1,1,0.000017,0.999971,0.000004,0.000008
25990,0,0,0.995356,0.000001,0.000001,0.004642
10400,1,1,0.000000,0.999983,0.000017,0.000000
2468,3,3,0.000245,0.000025,0.000023,0.999707
19285,1,1,0.000075,0.999861,0.000013,0.000051
4473,3,3,0.000009,0.000002,0.000002,0.999987
25549,0,0,0.995633,0.000001,0.000001,0.004366
32992,0,3,0.151675,0.000140,0.000126,0.848059
30287,0,0,0.989519,0.000002,0.000001,0.010477
29981,0,0,0.994586,0.000001,0.000001,0.005412
10933,1,1,0.000000,0.999979,0.000020,0.000000
14787,1,1,0.000044,0.999918,0.000009,0.000029
9523,1,1,0.000011,0.999982,0.000004,0.000003
6023,3,3,0.000012,0.000004,0.000002,0.999981
16450,1,1,0.000011,0.999980,0.000006,0.000003
12216,1,1,0.000000,0.999989,0.000011,0.000000
8409,2,2,0.000000,0.000012,0.999987,0.000000
31112,0,0,0.995499,0.000001,0.000001,0.004499
7942,2,2,0.000000,0.000010,0.999990,0.000000
2859,3,3,0.000001,0.000001,0.000000,0.999998
817,3,3,0.000351,0.000328,0.000124,0.999196
5948,3,3,0.000601,0.000051,0.000047,0.999302
24765,0,0,0.994696,0.000001,0.000001,0.005302
11634,1,1,0.000000,0.999964,0.000035,0.000001
20934,1,1,0.000018,0.999969,0.000007,0.000006
8554,2,2,0.000000,0.000012,0.999987,0.000000
21781,0,0,0.992911,0.000002,0.000001,0.007087
22667,0,0,0.990500,0.000002,0.000001,0.009496
20639,1,1,0.000027,0.999954,0.000006,0.000013
951,3,3,0.000023,0.000009,0.000013,0.999956
18334,1,1,0.000025,0.999960,0.000006,0.000010
9750,1,1,0.000000,0.999986,0.000014,0.000000
15766,1,1,0.000009,0.999985,0.000004,0.000002
21225,1,1,0.000058,0.999900,0.000013,0.000029
9352,1,1,0.000009,0.999983,0.000006,0.000002
13105,1,1,0.000018,0.999972,0.000004,0.000006
1232,3,3,0.000008,0.000003,0.000003,0.999986
20528,1,1,0.000103,0.999762,0.000013,0.000123
18753,1,1,0.000051,0.999916,0.000012,0.000021
18210,1,1,0.000108,0.999781,0.000015,0.000096
7220,2,2,0.000000,0.000009,0.999991,0.000000
1753,3,3,0.000001,0.000000,0.000000,0.999999
8182,2,2,0.000000,0.000277,0.999710,0.000013
23037,0,0,0.993515,0.000002,0.000001,0.006482
19568,1,1,0.000007,0.999990,0.000002,0.000002
18701,1,1,0.000046,0.999915,0.000013,0.000026
16865,1,1,0.000057,0.999886,0.000016,0.000041
31219,0,0,0.996082,0.000001,0.000001,0.003916
1955,3,3,0.000010,0.000002,0.000002,0.999986
14921,1,1,0.000041,0.999923,0.000016,0.000020
14667,1,1,0.000075,0.999880,0.000011,0.000033
2084,3,3,0.000234,0.000011,0.000018,0.999737
3292,3,3,0.000002,0.000001,0.000001,0.999996
4442,3,3,0.000004,0.000001,0.000001,0.999994
4351,3,3,0.000458,0.000042,0.000052,0.999447
6526,3,3,0.000013,0.000007,0.000004,0.999976
2065,3,3,0.000034,0.000004,0.000005,0.999957
13959,1,1,0.000048,0.999924,0.000012,0.000015
1177,3,3,0.000006,0.000003,0.000002,0.999990
20040,1,1,0.000015,0.999975,0.000005,0.000005
16237,1,1,0.000026,0.999956,0.000007,0.000010
5005,3,3,0.000032,0.000011,0.000006,0.999951
17296,1,1,0.000037,0.999937,0.000009,0.000017
19268,1,1,0.000058,0.999897,0.000010,0.000036
449,3,3,0.000002,0.000001,0.000001,0.999996
4919,3,3,0.000009,0.000004,0.000002,0.999985
16116,1,1,0.000014,0.999978,0.000004,0.000004
12242,1,1,0.000000,0.999989,0.000011,0.000000
13268,1,1,0.000011,0.999982,0.000004,0.000003
22450,0,0,0.988155,0.000003,0.000002,0.011840
32548,0,0,0.995433,0.000001,0.000001,0.004565
31667,0,0,0.995970,0.000001,0.000001,0.004029
26039,0,0,0.995491,0.000001,0.000001,0.004508
2964,3,3,0.000005,0.000001,0.000001,0.999993
30075,0,0,0.996208,0.000001,0.000001,0.003791
9601,1,1,0.000669,0.993994,0.001741,0.003596
23773,0,0,0.993767,0.000001,0.000001,0.006230
11526,1,1,0.000000,0.999967,0.000032,0.000000
19112,1,1,0.000027,0.999957,0.000005,0.000011
11095,1,1,0.000000,0.999990,0.000010,0.000000
15150,1,1,0.000051,0.999911,0.000008,0.000030
17872,1,1,0.000041,0.999927,0.000012,0.000020
29387,0,0,0.993926,0.000001,0.000001,0.006072
15714,1,1,0.000003,0.999995,0.000002,0.000001
12259,1,1,0.000000,0.999989,0.000011,0.000000
14790,1,1,0.000289,0.999103,0.000086,0.000522
10204,1,1,0.000000,0.999987,0.000013,0.000000
32917,0,3,0.162199,0.000142,0.000126,0.837532
434,3,3,0.000003,0.000002,0.000001,0.999995
10867,1,1,0.000000,0.999990,0.000010,0.000000
19935,1,1,0.000028,0.999948,0.000012,0.000012
18242,1,1,0.000053,0.999911,0.000010,0.000027
28155,0,0,0.995657,0.000001,0.000001,0.004342
21226,1,1,0.000044,0.999926,0.000010,0.000020
6417,3,3,0.000619,0.000052,0.000048,0.999281
17917,1,1,0.000012,0.999982,0.000003,0.000003
12191,1,1,0.000000,0.999983,0.000017,0.000000
22826,0,0,0.991425,0.000002,0.000001,0.008572
29330,0,0,0.995535,0.000001,0.000001,0.004463
27357,0,0,0.995336,0.000001,0.000001,0.004663
16791,1,1,0.000032,0.999947,0.000010,0.000011
6122,3,3,0.000616,0.000052,0.000047,0.999285
16887,1,1,0.000065,0.999883,0.000020,0.000033
25824,0,0,0.995748,0.000001,0.000001,0.004251
20103,1,1,0.000021,0.999965,0.000006,0.000008
17124,1,1,0.000047,0.999919,0.000009,0.000026
10674,1,1,0.000000,0.999990,0.000010,0.000000
18114,1,1,0.000024,0.999963,0.000006,0.000008
3842,3,3,0.000006,0.000002,0.000002,0.999991
10288,1,1,0.000000,0.999976,0.000024,0.000000
3757,3,3,0.000003,0.000001,0.000001,0.999996
16680,1,1,0.000029,0.999944,0.000016,0.000011
23698,0,0,0.994187,0.000001,0.000001,0.005811
32041,0,0,0.996651,0.000001,0.000000,0.003348
5997,3,3,0.000611,0.000051,0.000047,0.999291
33122,0,3,0.148004,0.000140,0.000126,0.851730
10325,1,1,0.000000,0.999991,0.000009,0.000000
32,3,3,0.000001,0.000000,0.000000,0.999999
10112,1,1,0.000000,0.999988,0.000012,0.000000
10727,1,1,0.000000,0.999990,0.000010,0.000000
7718,2,2,0.000000,0.000010,0.999990,0.000000
24837,0,0,0.995131,0.000001,0.000001,0.004867
22441,0,0,0.985999,0.000003,0.000002,0.013997
16473,1,1,0.000055,0.999891,0.000015,0.000039
29295,0,0,0.994828,0.000001,0.000001,0.005170
32967,0,3,0.152459,0.000140,0.000125,0.847276
17821,1,1,0.000034,0.999943,0.000008,0.000015
3393,3,3,0.000009,0.000002,0.000002,0.999987
26725,0,0,0.995112,0.000001,0.000001,0.004886
218,3,3,0.000004,0.000001,0.000001,0.999994
8783,2,2,0.000000,0.000012,0.999987,0.000001
7314,2,2,0.000000,0.000012,0.999988,0.000000
29377,0,0,0.992931,0.000002,0.000001,0.007066
11947,1,1,0.000000,0.999961,0.000039,0.000000
29020,0,0,0.994805,0.000001,0.000001,0.005193
29545,0,0,0.993273,0.000002,0.000001,0.006724
14374,1,1,0.000003,0.999995,0.000001,0.000001
13461,1,1,0.000010,0.999984,0.000003,0.000003
65,3,3,0.000006,0.000003,0.000002,0.999990
12757,1,1,0.000000,0.999988,0.000012,0.000000
20253,1,1,0.000036,0.999939,0.000008,0.000017
30256,0,0,0.996041,0.000001,0.000001,0.003958
1195,3,3,0.000076,0.000065,0.000035,0.999823
539,3,3,0.000041,0.000035,0.000019,0.999904
6432,3,3,0.000617,0.000052,0.000048,0.999283
25151,0,0,0.994392,0.000001,0.000001,0.005606
12256,1,1,0.000000,0.999984,0.000016,0.000000
20152,1,1,0.000018,0.999971,0.000005,0.000006
32090,0,0,0.995148,0.000001,0.000001,0.004850
17541,1,1,0.000036,0.999936,0.000010,0.000018
22166,0,0,0.990406,0.000002,0.000001,0.009591
21150,1,1,0.000033,0.999943,0.000011,0.000013
11289,1,1,0.000000,0.999995,0.000005,0.000000
11827,1,1,0.000000,0.999986,0.000014,0.000000
22057,0,0,0.993603,0.000002,0.000001,0.006395
23367,0,0,0.993905,0.000001,0.000001,0.006093
11584,1,1,0.000000,0.999973,0.000026,0.000000
16368,1,1,0.000022,0.999966,0.000005,0.000007
20954,1,1,0.000011,0.999982,0.000004,0.000003
21879,0,0,0.995302,0.000001,0.000001,0.004696
22428,0,0,0.987424,0.000003,0.000002,0.012571
13050,1,1,0.000010,0.999985,0.000002,0.000003
17237,1,1,0.000047,0.999923,0.000009,0.000021
16391,1,1,0.000031,0.999949,0.000007,0.000014
12927,1,1,0.000001,0.999907,0.000088,0.000004
27956,0,0,0.993789,0.000002,0.000001,0.006209
24230,0,0,0.994946,0.000001,0.000001,0.005052
27910,0,0,0.993336,0.000002,0.000001,0.006661
28939,0,0,0.997120,0.000001,0.000000,0.002879
12818,1,1,0.000000,0.999975,0.000024,0.000000
6867,2,2,0.000000,0.000011,0.999988,0.000001
27653,0,0,0.995150,0.000001,0.000001,0.004848
20185,1,1,0.000009,0.999984,0.000004,0.000002
9709,1,1,0.000035,0.999941,0.000006,0.000019
10456,1,1,0.000000,0.999981,0.000019,0.000000
3384,3,3,0.000012,0.000002,0.000003,0.999983
1893,3,3,0.000119,0.000016,0.000017,0.999848
4875,3,3,0.000002,0.000001,0.000001,0.999997
2173,3,3,0.000021,0.000004,0.000005,0.999970
11366,1,1,0.000000,0.999945,0.000054,0.000000
671,3,3,0.000013,0.000003,0.000003,0.999981
11190,1,1,0.000000,0.999985,0.000015,0.000000
10817,1,1,0.000000,0.999992,0.000007,0.000000
27049,0,0,0.994339,0.000001,0.000001,0.005659
25452,0,0,0.995019,0.000001,0.000001,0.004979
15926,1,1,0.000217,0.999513,0.000028,0.000242
14856,1,1,0.000012,0.999981,0.000005,0.000002
4972,3,3,0.000002,0.000001,0.000000,0.999997
15735,1,1,0.000008,0.999986,0.000004,0.000002
20187,1,1,0.000010,0.999983,0.000004,0.000003
18454,1,1,0.000063,0.999895,0.000014,0.000028
26302,0,0,0.995873,0.000001,0.000001,0.004125
23044,0,0,0.990215,0.000002,0.000001,0.009781
26696,0,0,0.995394,0.000001,0.000001,0.004604
3007,3,3,0.000002,0.000001,0.000001,0.999997
17074,1,1,0.000025,0.999959,0.000006,0.000010
18263,1,1,0.000042,0.999931,0.000009,0.000018
32196,0,0,0.996055,0.000001,0.000001,0.003943
7026,2,2,0.000000,0.000013,0.999987,0.000000
24199,0,0,0.994837,0.000001,0.000001,0.005161
10447,1,1,0.000000,0.999988,0.000012,0.000000
18795,1,1,0.000119,0.999763,0.000020,0.000098
32523,0,0,0.995119,0.000001,0.000001,0.004879
22722,0,0,0.994646,0.000001,0.000001,0.005352
28657,0,0,0.995723,0.000001,0.000001,0.004276
8591,2,2,0.000000,0.000009,0.999991,0.000000
29711,0,0,0.991761,0.000002,0.000001,0.008236
5513,3,3,0.000620,0.000052,0.000048,0.999281
352,3,3,0.000001,0.000000,0.000000,0.999999
22962,0,0,0.990790,0.000002,0.000001,0.009207
15923,1,1,0.000029,0.999950,0.000006,0.000015
15762,1,1,0.000010,0.999985,0.000003,0.000002
14982,1,1,0.000053,0.999921,0.000007,0.000020
19094,1,1,0.000022,0.999964,0.000005,0.000008
6211,3,3,0.000616,0.000052,0.000047,0.999286
891,3,3,0.000005,0.000003,0.000002,0.999990
7264,2,2,0.000000,0.000011,0.999989,0.000000
7943,2,2,0.000000,0.000009,0.999991,0.000000
7744,2,2,0.000000,0.000011,0.999989,0.000000
31744,0,0,0.995833,0.000001,0.000001,0.004165
24366,0,0,0.995566,0.000001,0.000001,0.004432
26807,0,0,0.995561,0.000001,0.000001,0.004437
715,3,3,0.000001,0.000000,0.000000,0.999999
33012,0,3,0.166665,0.000139,0.000123,0.833073
32711,0,0,0.997353,0.000001,0.000000,0.002646
12696,1,1,0.000275,0.994501,0.003229,0.001995
21173,1,1,0.000017,0.999971,0.000006,0.000005
6046,3,3,0.000613,0.000052,0.000047,0.999288
20892,1,1,0.000005,0.999992,0.000002,0.000001
13697,1,1,0.000017,0.999971,0.000006,0.000007
14311,1,1,0.000004,0.999994,0.000001,0.000001
30129,0,0,0.992771,0.000002,0.000001,0.007226
5520,3,3,0.000618,0.000052,0.000048,0.999283
4969,3,3,0.000003,0.000001,0.000001,0.999995
13257,1,1,0.000094,0.999823,0.000015,0.000069
17984,1,1,0.000211,0.999402,0.000043,0.000345
16250,1,1,0.000048,0.999910,0.000011,0.000031
30845,0,0,0.995840,0.000001,0.000001,0.004159
22214,0,0,0.993619,0.000002,0.000001,0.006379
9772,1,1,0.000000,0.999980,0.000020,0.000000
11682,1,1,0.000000,0.999982,0.000018,0.000000
15632,1,1,0.000014,0.999976,0.000005,0.000005
16390,1,1,0.000030,0.999950,0.000008,0.000012
3439,3,3,0.000003,0.000001,0.000001,0.999996
25157,0,0,0.994786,0.000001,0.000001,0.005212
852,3,3,0.000022,0.000014,0.000016,0.999947
26245,0,0,0.995792,0.000001,0.000001,0.004207
8414,2,2,0.000000,0.000015,0.999985,0.000001
12458,1,1,0.000000,0.999995,0.000004,0.000000
27108,0,0,0.995099,0.000001,0.000001,0.004899
2163,3,3,0.000740,0.000072,0.000102,0.999086
29292,0,0,0.995438,0.000001,0.000001,0.004560
29078,0,0,0.995489,0.000001,0.000001,0.004509
11437,1,1,0.000000,0.999960,0.000039,0.000001
30183,0,0,0.994749,0.000001,0.000001,0.005249
3601,3,3,0.000029,0.000008,0.000008,0.999954
17997,1,1,0.000062,0.999890,0.000010,0.000038
20075,1,1,0.000015,0.999975,0.000006,0.000005
18853,1,1,0.000072,0.999870,0.000018,0.000041
31576,0,0,0.996700,0.000001,0.000000,0.003298
22773,0,0,0.990741,0.000002,0.000001,0.009256
25939,0,0,0.995081,0.000001,0.000001,0.004917
19735,1,1,0.000020,0.999966,0.000007,0.000007
13937,1,1,0.000058,0.999874,0.000009,0.000060
10243,1,1,0.000000,0.999988,0.000012,0.000000
23391,0,0,0.992245,0.000002,0.000001,0.007752
14576,1,1,0.000007,0.999989,0.000002,0.000002
20321,1,1,0.000025,0.999958,0.000007,0.000010
32489,0,0,0.994440,0.000001,0.000001,0.005558
19397,1,1,0.000021,0.999966,0.000004,0.000009
13211,1,1,0.000016,0.999972,0.000008,0.000003
5777,3,3,0.000603,0.000051,0.000047,0.999299
22928,0,0,0.992368,0.000002,0.000001,0.007630
3417,3,3,0.000006,0.000001,0.000002,0.999991
226,3,3,0.000001,0.000000,0.000000,0.999998
8487,2,2,0.000000,0.000044,0.999954,0.000001
14751,1,1,0.000004,0.999994,0.000002,0.000001
27197,0,0,0.995583,0.000001,0.000001,0.004415
17185,1,1,0.000016,0.999976,0.000004,0.000005
7459,2,2,0.000000,0.000013,0.999987,0.000001
2301,3,3,0.000168,0.000026,0.000022,0.999785
19779,1,1,0.000013,0.999979,0.000004,0.000004
30161,0,0,0.993887,0.000001,0.000001,0.006110
30082,0,0,0.994804,0.000001,0.000001,0.005194
9319,1,1,0.000029,0.999944,0.000017,0.000010
100,3,3,0.000001,0.000000,0.000000,0.999999
23863,0,0,0.992578,0.000002,0.000001,0.007419
7704,2,2,0.000000,0.000014,0.999985,0.000001
25625,0,0,0.995225,0.000001,0.000001,0.004773
32178,0,0,0.996371,0.000001,0.000001,0.003628
16376,1,1,0.000073,0.999854,0.000033,0.000040
18745,1,1,0.000054,0.999903,0.000014,0.000030
2209,3,3,0.000016,0.000003,0.000003,0.999979
21293,1,1,0.000025,0.999959,0.000006,0.000009
3921,3,3,0.000003,0.000001,0.000001,0.999996
31511,0,0,0.996236,0.000001,0.000001,0.003762
7952,2,2,0.000000,0.000010,0.999989,0.000000
16418,1,1,0.000073,0.999861,0.000013,0.000053
27897,0,0,0.994568,0.000001,0.000001,0.005431
28853,0,0,0.995564,0.000001,0.000001,0.004434
19408,1,1,0.000014,0.999977,0.000004,0.000005
11552,1,1,0.000000,0.999988,0.000012,0.000000
31300,0,0,0.995640,0.000001,0.000001,0.004358
28524,0,0,0.995608,0.000001,0.000001,0.004391
11794,1,1,0.000000,0.999988,0.000012,0.000000
1688,3,3,0.000002,0.000001,0.000000,0.999997
25029,0,0,0.995893,0.000001,0.000001,0.004105
20026,1,1,0.000020,0.999968,0.000005,0.000007
22568,0,0,0.989009,0.000002,0.000001,0.010987
31870,0,0,0.995958,0.000001,0.000001,0.004040
15257,1,1,0.000032,0.999933,0.000018,0.000017
18662,1,1,0.000014,0.999978,0.000004,0.000004
18099,1,1,0.000046,0.999915,0.000007,0.000033
3428,3,3,0.000004,0.000001,0.000001,0.999994
32929,0,3,0.172139,0.000142,0.000125,0.827594
12645,1,1,0.000000,0.999959,0.000041,0.000000
1519,3,3,0.000009,0.000002,0.000002,0.999987
11731,1,1,0.000000,0.999989,0.000011,0.000000
5198,3,3,0.000822,0.000051,0.000052,0.999074
2035,3,3,0.000027,0.000014,0.000014,0.999945
7589,2,2,0.000000,0.000012,0.999987,0.000001
14833,1,1,0.000051,0.999870,0.000038,0.000041
25169,0,0,0.996040,0.000001,0.000001,0.003958
24084,0,0,0.994462,0.000001,0.000001,0.005536
15335,1,1,0.000099,0.999753,0.000081,0.000067
5621,3,3,0.000617,0.000052,0.000047,0.999284
5116,3,3,0.000089,0.000016,0.000014,0.999881
12924,1,1,0.000048,0.998918,0.000720,0.000314
14169,1,1,0.000002,0.999997,0.000001,0.000000
11961,1,1,0.000000,0.999979,0.000020,0.000000
32148,0,0,0.996234,0.000001,0.000001,0.003764
28810,0,0,0.995709,0.000001,0.000001,0.004290
33066,0,3,0.129677,0.000134,0.000122,0.870067
7657,2,2,0.000000,0.000011,0.999989,0.000001
3290,3,3,0.000029,0.000007,0.000006,0.999958
9622,1,1,0.000391,0.996295,0.002501,0.000813
20433,1,1,0.000020,0.999968,0.000006,0.000006
22108,0,0,0.993147,0.000002,0.000001,0.006851
16334,1,1,0.000099,0.999800,0.000016,0.000085
32402,0,0,0.995404,0.000001,0.000001,0.004594
13530,1,1,0.000033,0.999943,0.000011,0.000013
3367,3,3,0.000007,0.000002,0.000002,0.999990
13804,1,1,0.000008,0.999987,0.000003,0.000002
14007,1,1,0.000005,0.999991,0.000004,0.000001
27393,0,0,0.995564,0.000001,0.000001,0.004435
8136,2,2,0.000000,0.000011,0.999989,0.000000
7749,2,2,0.000000,0.000018,0.999982,0.000001
15308,1,1,0.000049,0.999192,0.000716,0.000044
17628,1,1,0.000015,0.999974,0.000005,0.000005
13389,1,1,0.000033,0.999944,0.000009,0.000014
16220,1,1,0.000016,0.999973,0.000006,0.000005
11003,1,1,0.000000,0.999953,0.000047,0.000000
32990,0,3,0.151997,0.000140,0.000126,0.847736
18784,1,1,0.000035,0.999943,0.000007,0.000016
16415,1,1,0.000120,0.999769,0.000024,0.000088
12087,1,1,0.000000,0.999974,0.000026,0.000000
31742,0,0,0.994348,0.000001,0.000001,0.005650
17108,1,1,0.000023,0.999962,0.000006,0.000009
12013,1,1,0.000000,0.999976,0.000024,0.000000
2992,3,3,0.000008,0.000002,0.000002,0.999988
7252,2,2,0.000000,0.000008,0.999992,0.000000
14039,1,1,0.000122,0.999760,0.000018,0.000099
12994,1,1,0.000008,0.999987,0.000002,0.000003
21517,0,0,0.994291,0.000001,0.000001,0.005707
14463,1,1,0.000009,0.999985,0.000005,0.000001
21237,1,1,0.000008,0.999987,0.000003,0.000002
28730,0,0,0.994847,0.000001,0.000001,0.005151
27707,0,0,0.998426,0.000000,0.000000,0.001573
32484,0,0,0.996332,0.000001,0.000001,0.003666
23232,0,0,0.993989,0.000001,0.000001,0.006009
10916,1,1,0.000000,0.999985,0.000015,0.000000
9087,2,2,0.000000,0.000016,0.999983,0.000001
20003,1,1,0.000013,0.999977,0.000006,0.000004
14201,1,1,0.000023,0.999963,0.000006,0.000009
904,3,3,0.000005,0.000005,0.000002,0.999989
21720,0,0,0.993094,0.000002,0.000001,0.006904
19500,1,1,0.000033,0.999944,0.000007,0.000016
20792,1,1,0.000020,0.999968,0.000005,0.000007
7094,2,2,0.000000,0.000015,0.999985,0.000001
28376,0,0,0.995709,0.000001,0.000001,0.004289
13020,1,1,0.000011,0.999983,0.000002,0.000004
605,3,3,0.000005,0.000002,0.000001,0.999991
5378,3,3,0.000817,0.000051,0.000051,0.999081
18917,1,1,0.000036,0.999938,0.000011,0.000014
31692,0,0,0.996686,0.000001,0.000000,0.003313
28828,0,0,0.995060,0.000001,0.000001,0.004938
32818,0,0,0.996338,0.000001,0.000001,0.003661
4977,3,3,0.000004,0.000001,0.000001,0.999994
15772,1,1,0.000010,0.999982,0.000004,0.000004
28519,0,0,0.995783,0.000001,0.000001,0.004215
5255,3,3,0.000796,0.000051,0.000051,0.999102
26820,0,0,0.994033,0.000001,0.000001,0.005964
12284,1,1,0.000000,0.999989,0.000011,0.000000
15357,1,1,0.000005,0.999990,0.000004,0.000001
32243,0,0,0.994103,0.000001,0.000001,0.005894
16001,1,1,0.000054,0.999913,0.000012,0.000021
27660,0,0,0.995316,0.000001,0.000001,0.004682
33276,0,3,0.106530,0.000142,0.000132,0.893196
30010,0,0,0.996124,0.000001,0.000001,0.003875
25558,0,0,0.995411,0.000001,0.000001,0.004588
4916,3,3,0.000145,0.000025,0.000019,0.999812
5117,3,3,0.001404,0.000078,0.000072,0.998446
12738,1,1,0.000000,0.999993,0.000007,0.000000
9183,1,1,0.000030,0.999934,0.000014,0.000021
26951,0,0,0.995293,0.000001,0.000001,0.004705
10513,1,1,0.000000,0.999975,0.000025,0.000000
11970,1,1,0.000000,0.999976,0.000024,0.000000
20725,1,1,0.000018,0.999971,0.000005,0.000007
15481,1,1,0.000002,0.999997,0.000001,0.000000
30485,0,0,0.994272,0.000001,0.000001,0.005725
28436,0,0,0.995921,0.000001,0.000001,0.004077
10811,1,1,0.000000,0.999990,0.000010,0.000000
12952,1,1,0.000000,0.999985,0.000014,0.000000
3585,3,3,0.000003,0.000001,0.000001,0.999995
17964,1,1,0.000061,0.999894,0.000009,0.000036
3724,3,3,0.000004,0.000001,0.000001,0.999994
22058,0,0,0.993144,0.000002,0.000001,0.006854
4502,3,3,0.000083,0.000040,0.000034,0.999843
14561,1,1,0.000016,0.999969,0.000010,0.000005
30464,0,0,0.995400,0.000001,0.000001,0.004598
23870,0,0,0.993657,0.000002,0.000001,0.006340
19204,1,1,0.000052,0.999908,0.000011,0.000029
13588,1,1,0.000036,0.999934,0.000012,0.000018
4923,3,3,0.000001,0.000000,0.000000,0.999998
7178,2,2,0.000000,0.000010,0.999990,0.000000
22158,0,0,0.992798,0.000002,0.000001,0.007199
16401,1,1,0.000022,0.999965,0.000006,0.000007
17421,1,1,0.000038,0.999938,0.000010,0.000014
8890,2,2,0.000000,0.000013,0.999987,0.000001
19930,1,1,0.000015,0.999974,0.000004,0.000007
12519,1,1,0.000000,0.999985,0.000015,0.000000
24963,0,0,0.996440,0.000001,0.000000,0.003558
32022,0,0,0.996184,0.000001,0.000001,0.003814
29806,0,0,0.992933,0.000002,0.000001,0.007064
29553,0,0,0.990905,0.000002,0.000001,0.009091
10306,1,1,0.000000,0.999989,0.000011,0.000000
22576,0,0,0.991234,0.000002,0.000001,0.008763
24367,0,0,0.995626,0.000001,0.000001,0.004372
29586,0,0,0.958926,0.000007,0.000005,0.041063
17424,1,1,0.000051,0.999908,0.000016,0.000025
16907,1,1,0.000031,0.999945,0.000012,0.000011
15983,1,1,0.000116,0.999766,0.000045,0.000073
16631,1,1,0.000015,0.999975,0.000005,0.000005
33194,0,3,0.116714,0.000141,0.000130,0.883015
18613,1,1,0.000022,0.999963,0.000005,0.000010
15138,1,1,0.000025,0.999964,0.000007,0.000005
7740,2,2,0.000000,0.000015,0.999984,0.000001
32273,0,0,0.996204,0.000001,0.000001,0.003795
27133,0,0,0.996229,0.000001,0.000001,0.003770
168,3,3,0.000157,0.000026,0.000025,0.999791
12521,1,1,0.000000,0.999971,0.000029,0.000000
32613,0,0,0.995598,0.000001,0.000001,0.004401
5237,3,3,0.000832,0.000052,0.000052,0.999064
14685,1,1,0.000065,0.999811,0.000090,0.000035
13568,1,1,0.000038,0.999932,0.000009,0.000021
31581,0,0,0.996360,0.000001,0.000001,0.003639
354,3,3,0.000002,0.000001,0.000001,0.999996
18315,1,1,0.000034,0.999937,0.000008,0.000021
23752,0,0,0.993704,0.000002,0.000001,0.006294
3390,3,3,0.000009,0.000002,0.000002,0.999988
22779,0,0,0.990744,0.000002,0.000001,0.009253
19375,1,1,0.000024,0.999961,0.000005,0.000010
27972,0,0,0.997113,0.000001,0.000000,0.002885
32354,0,0,0.996229,0.000001,0.000001,0.003769
6732,2,2,0.000000,0.000010,0.999990,0.000000
32744,0,0,0.996201,0.000001,0.000001,0.003797
21114,1,1,0.000034,0.999943,0.000008,0.000016
14441,1,1,0.000008,0.999975,0.000013,0.000003
12789,1,1,0.000000,0.999994,0.000006,0.000000
2473,3,3,0.000004,0.000001,0.000001,0.999994
9356,1,1,0.000015,0.999972,0.000009,0.000004
13282,1,1,0.000009,0.999984,0.000004,0.000004
21036,1,1,0.000051,0.999902,0.000021,0.000026
5162,3,3,0.000833,0.000051,0.000052,0.999065
28479,0,0,0.995134,0.000001,0.000001,0.004864
26784,0,0,0.996018,0.000001,0.000001,0.003980
9690,1,1,0.000007,0.999989,0.000002,0.000002
24176,0,0,0.994672,0.000001,0.000001,0.005326
25344,0,0,0.995356,0.000001,0.000001,0.004642
3710,3,3,0.000009,0.000002,0.000003,0.999986
28769,0,0,0.996074,0.000001,0.000001,0.003924
365,3,3,0.000000,0.000000,0.000000,0.999999
30558,0,0,0.994180,0.000001,0.000001,0.005818
19146,1,1,0.000065,0.999882,0.000015,0.000038
14682,1,1,0.000018,0.999972,0.000005,0.000005
25949,0,0,0.995943,0.000001,0.000001,0.004055
27017,0,0,0.995233,0.000001,0.000001,0.004765
10774,1,1,0.000000,0.999991,0.000009,0.000000
11678,1,1,0.000000,0.999980,0.000020,0.000000
26839,0,0,0.995251,0.000001,0.000001,0.004747
14926,1,1,0.000004,0.999988,0.000007,0.000001
28612,0,0,0.996957,0.000001,0.000000,0.003042
18397,1,1,0.000107,0.999752,0.000019,0.000122
7058,2,2,0.000000,0.000011,0.999989,0.000000
7679,2,2,0.000000,0.000012,0.999987,0.000001
13414,1,1,0.000006,0.999990,0.000002,0.000002
12553,1,1,0.000000,0.999983,0.000017,0.000000
4909,3,3,0.000003,0.000001,0.000001,0.999996
3870,3,3,0.000004,0.000001,0.000001,0.999994
17463,1,1,0.000135,0.999744,0.000020,0.000101
32896,0,3,0.182910,0.000143,0.000125,0.816823
20898,1,1,0.000046,0.999921,0.000014,0.000020
23507,0,0,0.992986,0.000002,0.000001,0.007011
20845,1,1,0.000018,0.999971,0.000006,0.000005
2010,3,3,0.000832,0.000076,0.000082,0.999010
3015,3,3,0.000034,0.000005,0.000006,0.999955
21539,0,0,0.992600,0.000002,0.000001,0.007397
2446,3,3,0.000001,0.000000,0.000000,0.999998
4902,3,3,0.000001,0.000000,0.000000,0.999998
14250,1,1,0.000007,0.999985,0.000006,0.000002
12441,1,1,0.000000,0.999979,0.000020,0.000000
23278,0,0,0.991998,0.000002,0.000001,0.007999
27562,0,0,0.995392,0.000001,0.000001,0.004607
17337,1,1,0.000023,0.999962,0.000007,0.000008
14995,1,1,0.000019,0.999970,0.000003,0.000009
11576,1,1,0.000000,0.999977,0.000023,0.000000
16930,1,1,0.000065,0.999885,0.000014,0.000036
15793,1,1,0.000008,0.999986,0.000004,0.000002
22630,0,0,0.991293,0.000002,0.000001,0.008704
10522,1,1,0.000000,0.999951,0.000048,0.000000
31410,0,0,0.995399,0.000001,0.000001,0.004599
6593,2,2,0.000000,0.000013,0.999987,0.000000
2124,3,3,0.000432,0.000035,0.000045,0.999488
17920,1,1,0.000010,0.999983,0.000004,0.000003
30595,0,0,0.994872,0.000001,0.000001,0.005126
8347,2,2,0.000000,0.000018,0.999981,0.000001
22744,0,0,0.993775,0.000002,0.000001,0.006223
2394,3,3,0.000009,0.000002,0.000002,0.999987
12139,1,1,0.000000,0.999994,0.000006,0.000000
21054,1,1,0.000019,0.999970,0.000005,0.000006
1129,3,3,0.000004,0.000002,0.000001,0.999992
21063,1,1,0.000016,0.999974,0.000006,0.000004
25834,0,0,0.994967,0.000001,0.000001,0.005031
15998,1,1,0.000022,0.999965,0.000005,0.000008
22029,0,0,0.991593,0.000002,0.000001,0.008404
29818,0,0,0.991163,0.000002,0.000001,0.008834
8145,2,2,0.000000,0.000010,0.999989,0.000000
30765,0,0,0.996307,0.000001,0.000001,0.003691
7710,2,2,0.000000,0.000009,0.999991,0.000000
19393,1,1,0.000010,0.999985,0.000003,0.000003
21753,0,0,0.992924,0.000002,0.000001,0.007074
14340,1,1,0.000016,0.999967,0.000010,0.000007
27807,0,0,0.994697,0.000001,0.000001,0.005301
32000,0,0,0.996360,0.000001,0.000001,0.003639
29754,0,0,0.996416,0.000001,0.000000,0.003583
29896,0,0,0.994536,0.000001,0.000001,0.005462
8911,2,2,0.000000,0.000009,0.999991,0.000000
17223,1,1,0.000043,0.999929,0.000009,0.000019
11065,1,1,0.000000,0.999994,0.000006,0.000000
21604,0,0,0.991612,0.000002,0.000001,0.008385
26396,0,0,0.996111,0.000001,0.000001,0.003888
23178,0,0,0.994254,0.000001,0.000001,0.005744
7687,2,2,0.000000,0.000015,0.999985,0.000001
26401,0,0,0.994700,0.000001,0.000001,0.005298
12912,1,1,0.000000,0.999961,0.000038,0.000000
31624,0,0,0.996369,0.000001,0.000001,0.003629
1223,3,3,0.000003,0.000001,0.000001,0.999995
15286,1,1,0.000022,0.999842,0.000114,0.000022
13896,1,1,0.000944,0.997120,0.000106,0.001830
383,3,3,0.000081,0.000026,0.000026,0.999867
24614,0,0,0.995708,0.000001,0.000001,0.004290
16860,1,1,0.000038,0.999929,0.000010,0.000023
28056,0,0,0.994486,0.000001,0.000001,0.005512
27316,0,0,0.995374,0.000001,0.000001,0.004624
22756,0,0,0.991363,0.000002,0.000001,0.008635
8537,2,2,0.000000,0.000016,0.999983,0.000001
88,3,3,0.000039,0.000015,0.000009,0.999937
1563,3,3,0.000003,0.000001,0.000001,0.999996
15909,1,1,0.000239,0.999367,0.000050,0.000344
4554,3,3,0.000004,0.000001,0.000001,0.999993
23921,0,0,0.993751,0.000001,0.000001,0.006247
17907,1,1,0.000031,0.999949,0.000009,0.000011
25245,0,0,0.994878,0.000001,0.000001,0.005120
25291,0,0,0.995024,0.000001,0.000001,0.004974
19431,1,1,0.000016,0.999975,0.000005,0.000005
386,3,3,0.000004,0.000001,0.000001,0.999993
15043,1,1,0.000020,0.999963,0.000008,0.000010
21211,1,1,0.000036,0.999936,0.000010,0.000018
30998,0,0,0.995211,0.000001,0.000001,0.004788
1312,3,3,0.000092,0.000036,0.000043,0.999829
28232,0,0,0.995086,0.000001,0.000001,0.004912
11635,1,1,0.000000,0.999972,0.000027,0.000000
2553,3,3,0.000014,0.000004,0.000003,0.999980
1059,3,3,0.000006,0.000003,0.000002,0.999990
28432,0,0,0.995348,0.000001,0.000001,0.004650
19450,1,1,0.000038,0.999933,0.000012,0.000017
927,3,3,0.000001,0.000000,0.000001,0.999998
23895,0,0,0.992763,0.000002,0.000001,0.007234
26179,0,0,0.995262,0.000001,0.000001,0.004737
25574,0,0,0.995607,0.000001,0.000001,0.004391
19664,1,1,0.000035,0.999939,0.000011,0.000016
14535,1,1,0.000007,0.999988,0.000003,0.000001
18882,1,1,0.000044,0.999927,0.000008,0.000020
15701,1,1,0.000009,0.999986,0.000004,0.000002
29619,0,0,0.994795,0.000001,0.000001,0.005203
29599,0,0,0.991255,0.000002,0.000001,0.008742
16023,1,1,0.000024,0.999959,0.000009,0.000008
1030,3,3,0.000095,0.000036,0.000034,0.999835
17806,1,1,0.000015,0.999977,0.000004,0.000004
28020,0,0,0.994871,0.000001,0.000001,0.005127
28870,0,0,0.995088,0.000001,0.000001,0.004910
25715,0,0,0.995606,0.000001,0.000001,0.004392
240,3,3,0.000053,0.000017,0.000014,0.999916
22872,0,0,0.990945,0.000002,0.000001,0.009052
27759,0,0,0.993735,0.000001,0.000001,0.006262
5249,3,3,0.000825,0.000051,0.000052,0.999072
16472,1,1,0.000064,0.999864,0.000015,0.000057
13439,1,1,0.000016,0.999974,0.000005,0.000005
24640,0,0,0.993295,0.000002,0.000001,0.006703
24916,0,0,0.995120,0.000001,0.000001,0.004878
10840,1,1,0.000000,0.999980,0.000020,0.000000
32626,0,0,0.996124,0.000001,0.000001,0.003874
26367,0,0,0.994015,0.000001,0.000001,0.005982
17241,1,1,0.000047,0.999921,0.000012,0.000020
33152,0,3,0.111472,0.000141,0.000130,0.888257
20941,1,1,0.000015,0.999976,0.000004,0.000004
18976,1,1,0.000031,0.999948,0.000008,0.000013
1434,3,3,0.000216,0.000024,0.000028,0.999732
9131,2,2,0.000000,0.000013,0.999986,0.000000
19339,1,1,0.000022,0.999965,0.000006,0.000008
5331,3,3,0.000814,0.000051,0.000051,0.999084
8065,2,2,0.000000,0.000009,0.999990,0.000000
25568,0,0,0.994398,0.000001,0.000001,0.005600
1132,3,3,0.000002,0.000000,0.000001,0.999997
20916,1,1,0.000014,0.999978,0.000005,0.000004
27066,0,0,0.994672,0.000001,0.000001,0.005326
3348,3,3,0.000015,0.000003,0.000003,0.999979
11410,1,1,0.000000,0.999992,0.000008,0.000000
27304,0,0,0.995614,0.000001,0.000001,0.004384
16239,1,1,0.000021,0.999964,0.000005,0.000009
6545,3,3,0.000003,0.000001,0.000001,0.999994
17501,1,1,0.000024,0.999962,0.000006,0.000008
9387,1,1,0.000010,0.999980,0.000007,0.000003
2582,3,3,0.000083,0.000010,0.000012,0.999895
4619,3,3,0.000265,0.000022,0.000034,0.999679
22734,0,0,0.994962,0.000001,0.000001,0.005036
25104,0,0,0.995428,0.000001,0.000001,0.004570
21078,1,1,0.000011,0.999982,0.000004,0.000003
5940,3,3,0.000598,0.000051,0.000047,0.999305
23217,0,0,0.991950,0.000002,0.000001,0.008047
4555,3,3,0.000006,0.000002,0.000002,0.999990
32070,0,0,0.996518,0.000001,0.000000,0.003481
33003,0,3,0.135156,0.000139,0.000127,0.864578
28570,0,0,0.996613,0.000001,0.000000,0.003386
18560,1,1,0.000046,0.999922,0.000008,0.000024
28968,0,0,0.993925,0.000001,0.000001,0.006073
4830,3,3,0.000003,0.000001,0.000001,0.999996
12221,1,1,0.000000,0.999989,0.000011,0.000000
28734,0,0,0.993657,0.000002,0.000001,0.006340
13880,1,1,0.000040,0.999911,0.000028,0.000021
17213,1,1,0.000031,0.999950,0.000007,0.000012
12480,1,1,0.000000,0.999989,0.000011,0.000000
6889,2,2,0.000000,0.000013,0.999986,0.000001
14060,1,1,0.000014,0.999972,0.000006,0.000007
7362,2,2,0.000000,0.000009,0.999991,0.000000
8717,2,2,0.000000,0.000014,0.999985,0.000001
14749,1,1,0.000008,0.999987,0.000003,0.000002
2145,3,3,0.000153,0.000019,0.000023,0.999805
1576,3,3,0.000006,0.000001,0.000001,0.999992
25603,0,0,0.994724,0.000001,0.000001,0.005274
80,3,3,0.000003,0.000001,0.000001,0.999996
17897,1,1,0.000024,0.999958,0.000010,0.000007
15062,1,1,0.000018,0.999973,0.000006,0.000003
15730,1,1,0.000004,0.999994,0.000001,0.000001
6659,2,2,0.000000,0.000016,0.999983,0.000000
22562,0,0,0.992156,0.000002,0.000001,0.007841
32220,0,0,0.996885,0.000001,0.000000,0.003113
9640,1,1,0.000007,0.999990,0.000001,0.000002
25201,0,0,0.995684,0.000001,0.000001,0.004315
30275,0,0,0.987380,0.000003,0.000002,0.012616
23727,0,0,0.994970,0.000001,0.000001,0.005028
21732,0,0,0.993251,0.000002,0.000001,0.006746
29370,0,0,0.992174,0.000002,0.000001,0.007824
22724,0,0,0.993947,0.000001,0.000001,0.006051
2710,3,3,0.000003,0.000001,0.000001,0.999995
21396,0,3,0.136329,0.103379,0.024439,0.735853
8066,2,2,0.000000,0.000010,0.999990,0.000000
16311,1,1,0.000028,0.999954,0.000008,0.000010
10047,1,1,0.000000,0.999980,0.000020,0.000000
15721,1,1,0.000004,0.999992,0.000003,0.000001
7063,2,2,0.000000,0.000016,0.999983,0.000001
12840,1,1,0.000000,0.999977,0.000023,0.000000
5456,3,3,0.000716,0.000051,0.000050,0.999183
8945,2,2,0.000000,0.000193,0.999803,0.000004
6508,3,3,0.000574,0.000049,0.000045,0.999332
20948,1,1,0.000012,0.999981,0.000004,0.000003
21646,0,0,0.992339,0.000002,0.000001,0.007658
30852,0,0,0.996247,0.000001,0.000001,0.003752
31157,0,0,0.996020,0.000001,0.000001,0.003978
22052,0,0,0.992400,0.000002,0.000001,0.007597
18951,1,1,0.000012,0.999982,0.000004,0.000003
7755,2,2,0.000000,0.000012,0.999987,0.000001
9556,1,1,0.000045,0.999892,0.000044,0.000020
27366,0,0,0.995015,0.000001,0.000001,0.004983
10099,1,1,0.000000,0.999991,0.000009,0.000000
25405,0,0,0.995728,0.000001,0.000001,0.004270
26237,0,0,0.995315,0.000001,0.000001,0.004683
20790,1,1,0.000020,0.999968,0.000006,0.000006
14010,1,1,0.000293,0.999173,0.000045,0.000489
16687,1,1,0.000071,0.999868,0.000021,0.000040
30785,0,0,0.995343,0.000001,0.000001,0.004655
20575,1,1,0.000036,0.999938,0.000010,0.000016
7566,2,2,0.000000,0.000011,0.999989,0.000000
18836,1,1,0.000030,0.999951,0.000009,0.000010
26525,0,0,0.995489,0.000001,0.000001,0.004509
11639,1,1,0.000000,0.999986,0.000014,0.000000
28720,0,0,0.995813,0.000001,0.000001,0.004185
173,3,3,0.000010,0.000002,0.000002,0.999986
15244,1,1,0.000044,0.999933,0.000007,0.000015
24844,0,0,0.995553,0.000001,0.000001,0.004445
10220,1,1,0.000000,0.999769,0.000230,0.000001
17817,1,1,0.000011,0.999983,0.000003,0.000003
26019,0,0,0.994581,0.000001,0.000001,0.005417
563,3,3,0.000007,0.000002,0.000002,0.999989
2591,3,3,0.000007,0.000002,0.000002,0.999989
26334,0,0,0.995919,0.000001,0.000001,0.004079
9494,1,1,0.000005,0.999990,0.000003,0.000001
9259,1,1,0.000029,0.999922,0.000041,0.000009
16857,1,1,0.000062,0.999886,0.000015,0.000037
11687,1,1,0.000000,0.999977,0.000023,0.000000
726,3,3,0.000002,0.000001,0.000001,0.999996
2211,3,3,0.000008,0.000002,0.000002,0.999989
583,3,3,0.000004,0.000002,0.000001,0.999993
9827,1,1,0.000000,0.999858,0.000142,0.000001
8415,2,2,0.000000,0.000012,0.999988,0.000000
8856,2,2,0.000000,0.000012,0.999987,0.000000
25311,0,0,0.995851,0.000001,0.000001,0.004147
19443,1,1,0.000011,0.999983,0.000003,0.000003
13202,1,1,0.000022,0.999965,0.000008,0.000005
9803,1,1,0.000000,0.999990,0.000010,0.000000
23873,0,0,0.994425,0.000001,0.000001,0.005572
17236,1,1,0.000011,0.999984,0.000002,0.000003
7795,2,2,0.000000,0.000011,0.999989,0.000000
22869,0,0,0.993854,0.000001,0.000001,0.006144
11815,1,1,0.000000,0.999988,0.000011,0.000000
28413,0,0,0.996722,0.000001,0.000000,0.003276
26104,0,0,0.995506,0.000001,0.000001,0.004492
21729,0,0,0.993647,0.000002,0.000001,0.006351
23810,0,0,0.993601,0.000002,0.000001,0.006397
32208,0,0,0.996082,0.000001,0.000001,0.003917
33092,0,3,0.152823,0.000137,0.000123,0.846918
2023,3,3,0.000024,0.000004,0.000005,0.999968
8167,2,2,0.000000,0.000008,0.999991,0.000000
30930,0,0,0.994854,0.000001,0.000001,0.005144
9961,1,1,0.000000,0.999986,0.000014,0.000000
14021,1,1,0.000026,0.999858,0.000104,0.000012
10939,1,1,0.000000,0.999991,0.000009,0.000000
30258,0,0,0.993349,0.000002,0.000001,0.006649
12585,1,1,0.000000,0.999988,0.000012,0.000000
3437,3,3,0.000002,0.000001,0.000000,0.999997
8690,2,2,0.000000,0.000024,0.999975,0.000001
14215,1,1,0.000027,0.999952,0.000012,0.000010
26168,0,0,0.995397,0.000001,0.000001,0.004602
11171,1,1,0.000000,0.999992,0.000008,0.000000
459,3,3,0.000023,0.000007,0.000011,0.999959
33268,0,3,0.107366,0.000141,0.000131,0.892362
29283,0,0,0.994263,0.000001,0.000001,0.005734
30336,0,0,0.996291,0.000001,0.000001,0.003708
31915,0,0,0.995049,0.000001,0.000001,0.004949
22269,0,0,0.993148,0.000002,0.000001,0.006849
20197,1,1,0.000011,0.999982,0.000003,0.000004
6182,3,3,0.000619,0.000052,0.000048,0.999282
28951,0,0,0.995150,0.000001,0.000001,0.004848
13973,1,1,0.000011,0.999984,0.000003,0.000002
18228,1,1,0.000019,0.999969,0.000005,0.000007
16876,1,1,0.000065,0.999876,0.000020,0.000039
32560,0,0,0.995703,0.000001,0.000001,0.004296
10301,1,1,0.000000,0.999994,0.000006,0.000000
24181,0,0,0.994643,0.000001,0.000001,0.005355
10726,1,1,0.000000,0.999989,0.000011,0.000000
3813,3,3,0.000023,0.000003,0.000005,0.999968
25374,0,0,0.993468,0.000002,0.000001,0.006530
9604,1,1,0.000631,0.993519,0.001093,0.004757
6739,2,2,0.000000,0.000012,0.999988,0.000000
27306,0,0,0.995964,0.000001,0.000001,0.004034
30318,0,0,0.993524,0.000002,0.000001,0.006473
8361,2,2,0.000000,0.000010,0.999990,0.000000
14878,1,1,0.000015,0.999977,0.000005,0.000003
26925,0,0,0.995747,0.000001,0.000001,0.004252
25424,0,0,0.993743,0.000001,0.000001,0.006255
17065,1,1,0.000027,0.999955,0.000006,0.000012
25145,0,0,0.995594,0.000001,0.000001,0.004405
14671,1,1,0.000002,0.999996,0.000002,0.000000
30345,0,0,0.993051,0.000002,0.000001,0.006946
31634,0,0,0.996162,0.000001,0.000001,0.003836
10303,1,1,0.000000,0.999993,0.000007,0.000000
7101,2,2,0.000000,0.000010,0.999989,0.000000
21111,1,1,0.000022,0.999964,0.000006,0.000008
5442,3,3,0.000712,0.000051,0.000050,0.999187
32120,0,0,0.995784,0.000001,0.000001,0.004214
24240,0,0,0.993860,0.000001,0.000001,0.006138
1661,3,3,0.000002,0.000000,0.000000,0.999998
19098,1,1,0.000028,0.999956,0.000006,0.000010
13925,1,1,0.000082,0.999823,0.000017,0.000077
23423,0,0,0.994411,0.000001,0.000001,0.005587
3075,3,3,0.000003,0.000001,0.000001,0.999995
27269,0,0,0.995615,0.000001,0.000001,0.004383
10257,1,1,0.000000,0.999994,0.000006,0.000000
13377,1,1,0.000042,0.999918,0.000009,0.000032
4131,3,3,0.000004,0.000001,0.000001,0.999993
26143,0,0,0.995749,0.000001,0.000001,0.004249
7117,2,2,0.000000,0.000011,0.999988,0.000001
5632,3,3,0.000607,0.000051,0.000047,0.999295
5084,3,3,0.000005,0.000008,0.000001,0.999985
6291,3,3,0.000619,0.000052,0.000048,0.999282
797,3,3,0.000003,0.000001,0.000001,0.999996
9231,1,1,0.000011,0.999969,0.000016,0.000003
16363,1,1,0.000041,0.999932,0.000010,0.000017
15355,1,1,0.000002,0.999995,0.000002,0.000000
22410,0,0,0.990051,0.000002,0.000001,0.009946
23439,0,0,0.992459,0.000002,0.000001,0.007538
14653,1,1,0.000009,0.999986,0.000003,0.000002
28881,0,0,0.996447,0.000001,0.000000,0.003552
4873,3,3,0.000007,0.000001,0.000002,0.999990
17548,1,1,0.000035,0.999942,0.000007,0.000016
2563,3,3,0.000006,0.000002,0.000001,0.999991
32991,0,3,0.146571,0.000141,0.000127,0.853162
7249,2,2,0.000000,0.000012,0.999988,0.000000
29127,0,0,0.997078,0.000001,0.000000,0.002920
27450,0,0,0.994173,0.000001,0.000001,0.005824
9865,1,1,0.000000,0.999989,0.000011,0.000000
17216,1,1,0.000031,0.999948,0.000011,0.000010
7991,2,2,0.000000,0.000007,0.999992,0.000000
12064,1,1,0.000000,0.999952,0.000047,0.000000
31844,0,0,0.996483,0.000001,0.000000,0.003515
13323,1,1,0.000008,0.999987,0.000002,0.000003
11255,1,1,0.000000,0.999986,0.000014,0.000000
12532,1,1,0.000000,0.999986,0.000014,0.000000
27062,0,0,0.994631,0.000001,0.000001,0.005367
12814,1,1,0.000000,0.999992,0.000008,0.000000
29424,0,0,0.993948,0.000002,0.000001,0.006050
15905,1,1,0.000261,0.999322,0.000216,0.000200
2006,3,3,0.000075,0.000011,0.000013,0.999902
21371,1,1,0.000227,0.999529,0.000024,0.000220
6311,3,3,0.000642,0.000053,0.000049,0.999256
12349,1,1,0.000000,0.999974,0.000026,0.000000
24419,0,0,0.995702,0.000001,0.000001,0.004297
27722,0,0,0.967254,0.000006,0.000004,0.032735
1342,3,3,0.000013,0.000003,0.000003,0.999981
17544,1,1,0.000051,0.999914,0.000009,0.000026
23866,0,0,0.992550,0.000002,0.000001,0.007447
11724,1,1,0.000000,0.999991,0.000009,0.000000
28529,0,0,0.997055,0.000001,0.000000,0.002944
6651,2,2,0.000000,0.000010,0.999989,0.000000
21336,1,1,0.001791,0.978415,0.012511,0.007283
2281,3,3,0.000178,0.000013,0.000019,0.999790
18761,1,1,0.000037,0.999940,0.000008,0.000015
19208,1,1,0.000038,0.999935,0.000009,0.000018
20055,1,1,0.000009,0.999986,0.000003,0.000002
4211,3,3,0.000004,0.000001,0.000001,0.999994
26454,0,0,0.996180,0.000001,0.000001,0.003819
29955,0,0,0.996740,0.000001,0.000000,0.003258
6444,3,3,0.000614,0.000052,0.000047,0.999287
15126,1,1,0.000075,0.999863,0.000009,0.000053
12168,1,1,0.000000,0.999965,0.000034,0.000000
30716,0,0,0.996234,0.000001,0.000001,0.003764
22054,0,0,0.992223,0.000002,0.000001,0.007774
18941,1,1,0.000058,0.999901,0.000010,0.000031
10601,1,1,0.000000,0.999991,0.000009,0.000000
24360,0,0,0.993943,0.000001,0.000001,0.006054
31371,0,0,0.994946,0.000001,0.000001,0.005052
21598,0,0,0.991914,0.000002,0.000001,0.008083
17879,1,1,0.000014,0.999978,0.000004,0.000004
11103,1,1,0.000000,0.999985,0.000015,0.000000
15240,1,1,0.000023,0.999952,0.000014,0.000011
28532,0,0,0.995966,0.000001,0.000001,0.004032
26202,0,0,0.995489,0.000001,0.000001,0.004509
17151,1,1,0.000026,0.999953,0.000007,0.000014
4947,3,3,0.000002,0.000001,0.000001,0.999996
30357,0,0,0.997164,0.000001,0.000000,0.002835
21573,0,0,0.992524,0.000002,0.000001,0.007473
12174,1,1,0.000000,0.999985,0.000015,0.000000
3935,3,3,0.000003,0.000001,0.000001,0.999995
23125,0,0,0.988269,0.000003,0.000001,0.011727
14002,1,1,0.000033,0.999949,0.000010,0.000008
6160,3,3,0.000615,0.000052,0.000047,0.999286
28434,0,0,0.996130,0.000001,0.000001,0.003869
18159,1,1,0.000019,0.999970,0.000004,0.000007
32388,0,0,0.996429,0.000001,0.000001,0.003569
19351,1,1,0.000177,0.999632,0.000020,0.000171
23434,0,0,0.993810,0.000001,0.000001,0.006188
14871,1,1,0.000006,0.999974,0.000018,0.000002
30433,0,0,0.995050,0.000001,0.000001,0.004948
1391,3,3,0.000037,0.000010,0.000009,0.999944
29065,0,0,0.996983,0.000001,0.000000,0.003016
1381,3,3,0.000023,0.000004,0.000005,0.999968
27036,0,0,0.993529,0.000002,0.000001,0.006469
6190,3,3,0.000614,0.000052,0.000047,0.999287
13722,1,1,0.000027,0.999950,0.000009,0.000015
31974,0,0,0.996362,0.000001,0.000001,0.003636
20282,1,1,0.000012,0.999981,0.000004,0.000003
3518,3,3,0.000344,0.000037,0.000061,0.999559
6690,2,2,0.000000,0.000009,0.999991,0.000000
3956,3,3,0.000017,0.000003,0.000005,0.999976
1558,3,3,0.000005,0.000001,0.000001,0.999993
1523,3,3,0.000023,0.000006,0.000005,0.999966
5379,3,3,0.000817,0.000051,0.000052,0.999080
28171,0,0,0.996023,0.000001,0.000001,0.003976
23106,0,0,0.989365,0.000002,0.000001,0.010632
24970,0,0,0.994270,0.000001,0.000001,0.005728
10672,1,1,0.000000,0.999977,0.000023,0.000000
21253,1,1,0.000017,0.999973,0.000004,0.000005
11899,1,1,0.000000,0.999983,0.000017,0.000000
18791,1,1,0.000052,0.999908,0.000011,0.000029
33099,0,3,0.119210,0.000141,0.000129,0.880520
13796,1,1,0.000007,0.999987,0.000004,0.000002
7547,2,2,0.000000,0.000010,0.999990,0.000000
15350,1,1,0.000019,0.999964,0.000009,0.000008
26175,0,0,0.996236,0.000001,0.000001,0.003763
31735,0,0,0.996816,0.000001,0.000000,0.003182
24810,0,0,0.994625,0.000001,0.000001,0.005373
17766,1,1,0.000129,0.999699,0.000019,0.000153
22451,0,0,0.990508,0.000002,0.000001,0.009488
28000,0,0,0.995262,0.000001,0.000001,0.004736
15635,1,1,0.000007,0.999989,0.000003,0.000002
24955,0,0,0.995078,0.000001,0.000001,0.004920
28401,0,0,0.997200,0.000001,0.000000,0.002799
31390,0,0,0.995889,0.000001,0.000001,0.004109
3630,3,3,0.000005,0.000001,0.000002,0.999992
19468,1,1,0.000031,0.999948,0.000008,0.000013
16782,1,1,0.000033,0.999935,0.000018,0.000014
21445,0,0,0.995395,0.000001,0.000001,0.004603
9671,1,1,0.000011,0.999982,0.000003,0.000004
15320,1,1,0.000706,0.997599,0.000050,0.001644
21580,0,0,0.992451,0.000002,0.000001,0.007546
10234,1,1,0.000000,0.999993,0.000007,0.000000
28731,0,0,0.995232,0.000001,0.000001,0.004766
28584,0,0,0.994402,0.000001,0.000001,0.005596
12621,1,1,0.000000,0.999994,0.000006,0.000000
20076,1,1,0.000024,0.999960,0.000007,0.000010
14884,1,1,0.000014,0.999969,0.000010,0.000007
14876,1,1,0.000010,0.999983,0.000005,0.000002
18727,1,1,0.000032,0.999949,0.000007,0.000013
32254,0,0,0.995998,0.000001,0.000001,0.004000
1773,3,3,0.000004,0.000001,0.000001,0.999995
26002,0,0,0.994923,0.000001,0.000001,0.005075
13756,1,1,0.000015,0.999974,0.000006,0.000005
1173,3,3,0.000007,0.000003,0.000002,0.999988
4823,3,3,0.000002,0.000001,0.000001,0.999997
17430,1,1,0.000095,0.999814,0.000016,0.000075
12748,1,1,0.000000,0.999984,0.000016,0.000000
24490,0,0,0.994364,0.000001,0.000001,0.005634
24733,0,0,0.993831,0.000001,0.000001,0.006167
2030,3,3,0.000022,0.000016,0.000010,0.999952
15416,1,1,0.000003,0.999996,0.000001,0.000000
21972,0,0,0.993369,0.000002,0.000001,0.006629
33082,0,3,0.151035,0.000138,0.000124,0.848703
3779,3,3,0.000014,0.000003,0.000003,0.999980
20266,1,1,0.000007,0.999989,0.000003,0.000001
29920,0,0,0.991369,0.000002,0.000001,0.008628
2534,3,3,0.000004,0.000001,0.000001,0.999993
5668,3,3,0.000614,0.000052,0.000047,0.999286
5289,3,3,0.000827,0.000051,0.000052,0.999070
22767,0,0,0.990736,0.000002,0.000001,0.009261
22089,0,0,0.993682,0.000002,0.000001,0.006316
1338,3,3,0.000012,0.000003,0.000003,0.999982
21592,0,0,0.992018,0.000002,0.000001,0.007980
11033,1,1,0.000000,0.999988,0.000012,0.000000
32549,0,0,0.995860,0.000001,0.000001,0.004138
33028,0,3,0.164618,0.000138,0.000123,0.835122
17672,1,1,0.000044,0.999925,0.000010,0.000020
7587,2,2,0.000000,0.000038,0.999961,0.000001
524,3,3,0.000002,0.000001,0.000001,0.999997
1984,3,3,0.000147,0.000011,0.000014,0.999828
12166,1,1,0.000000,0.999990,0.000010,0.000000
22342,0,0,0.990067,0.000002,0.000001,0.009929
542,3,3,0.018078,0.001539,0.003090,0.977293
32817,0,0,0.995987,0.000001,0.000001,0.004011
23275,0,0,0.992587,0.000002,0.000001,0.007410
10531,1,1,0.000000,0.999990,0.000009,0.000000
17624,1,1,0.000074,0.999870,0.000021,0.000035
31197,0,0,0.996189,0.000001,0.000001,0.003810
12991,1,1,0.000014,0.999975,0.000003,0.000007
30002,0,0,0.995471,0.000001,0.000001,0.004528
18026,1,1,0.000069,0.999875,0.000017,0.000038
11814,1,1,0.000000,0.999973,0.000026,0.000000
16614,1,1,0.000064,0.999887,0.000015,0.000034
23670,0,0,0.993477,0.000002,0.000001,0.006521
29610,0,0,0.989623,0.000002,0.000001,0.010373
4941,3,3,0.000003,0.000001,0.000001,0.999996
24835,0,0,0.996272,0.000001,0.000001,0.003727
17874,1,1,0.000051,0.999908,0.000009,0.000032
28492,0,0,0.995665,0.000001,0.000001,0.004333
1437,3,3,0.000275,0.000036,0.000031,0.999658
27918,0,0,0.994557,0.000001,0.000001,0.005441
12835,1,1,0.000000,0.999988,0.000012,0.000000
26442,0,0,0.995037,0.000001,0.000001,0.004961
20530,1,1,0.000037,0.999934,0.000010,0.000019
26830,0,0,0.995358,0.000001,0.000001,0.004641
3620,3,3,0.000036,0.000007,0.000007,0.999951
28043,0,0,0.995060,0.000001,0.000001,0.004938
14879,1,1,0.000015,0.999977,0.000005,0.000003
11046,1,1,0.000000,0.999990,0.000010,0.000000
24901,0,0,0.995572,0.000001,0.000001,0.004426
474,3,3,0.000002,0.000001,0.000001,0.999996
14767,1,1,0.000029,0.999947,0.000009,0.000016
20546,1,1,0.000011,0.999982,0.000003,0.000003
10643,1,1,0.000000,0.999988,0.000012,0.000000
19782,1,1,0.000008,0.999987,0.000003,0.000002
7416,2,2,0.000000,0.000011,0.999988,0.000001
4052,3,3,0.000003,0.000001,0.000001,0.999995
30497,0,0,0.996153,0.000001,0.000001,0.003846
28759,0,0,0.990583,0.000002,0.000001,0.009414
22558,0,0,0.992761,0.000002,0.000001,0.007236
31316,0,0,0.995073,0.000001,0.000001,0.004925
3608,3,3,0.000008,0.000003,0.000003,0.999987
27531,0,0,0.995265,0.000001,0.000001,0.004733
5536,3,3,0.000620,0.000052,0.000048,0.999280
11221,1,1,0.000000,0.999987,0.000013,0.000000
32633,0,0,0.995397,0.000001,0.000001,0.004601
13987,1,1,0.000040,0.999930,0.000012,0.000019
25856,0,0,0.995778,0.000001,0.000001,0.004220
18815,1,1,0.000048,0.999919,0.000015,0.000018
23470,0,0,0.994581,0.000001,0.000001,0.005417
1874,3,3,0.000005,0.000001,0.000001,0.999993
20854,1,1,0.000030,0.999947,0.000009,0.000014
30047,0,0,0.996639,0.000001,0.000000,0.003360
14200,1,1,0.000013,0.999975,0.000007,0.000005
3213,3,3,0.000015,0.000006,0.000003,0.999976
24127,0,0,0.994958,0.000001,0.000001,0.005040
8350,2,2,0.000000,0.000051,0.999947,0.000002
28448,0,0,0.995150,0.000001,0.000001,0.004848
7540,2,2,0.000000,0.000012,0.999987,0.000001
6191,3,3,0.000614,0.000052,0.000047,0.999287
3277,3,3,0.000002,0.000001,0.000000,0.999997
2380,3,3,0.000013,0.000003,0.000003,0.999980
14938,1,1,0.000014,0.999955,0.000020,0.000011
30067,0,0,0.992737,0.000002,0.000001,0.007261
27507,0,0,0.995194,0.000001,0.000001,0.004805
9181,1,1,0.000004,0.999990,0.000005,0.000001
1475,3,3,0.000074,0.000013,0.000012,0.999900
23320,0,0,0.994505,0.000001,0.000001,0.005493
14637,1,1,0.000032,0.999929,0.000025,0.000015
6752,2,2,0.000000,0.000014,0.999985,0.000001
5517,3,3,0.000622,0.000052,0.000048,0.999278
11058,1,1,0.000000,0.999984,0.000016,0.000000
253,3,3,0.000001,0.000000,0.000000,0.999998
15337,1,1,0.000058,0.999705,0.000203,0.000033
20088,1,1,0.000027,0.999955,0.000009,0.000010
31233,0,0,0.995613,0.000001,0.000001,0.004385
3534,3,3,0.000090,0.000010,0.000015,0.999884
31123,0,0,0.994834,0.000001,0.000001,0.005164
13952,1,1,0.000002,0.999997,0.000001,0.000000
22968,0,0,0.989337,0.000002,0.000001,0.010659
32408,0,0,0.995757,0.000001,0.000001,0.004241
4081,3,3,0.000001,0.000000,0.000000,0.999998
30724,0,0,0.995832,0.000001,0.000001,0.004167
6325,3,3,0.000642,0.000054,0.000049,0.999255
18884,1,1,0.000062,0.999894,0.000010,0.000033
19755,1,1,0.000018,0.999971,0.000004,0.000006
3903,3,3,0.000209,0.000021,0.000035,0.999736
20632,1,1,0.000012,0.999981,0.000004,0.000003
7979,2,2,0.000000,0.000015,0.999985,0.000000
10886,1,1,0.000000,0.999987,0.000013,0.000000
3281,3,3,0.000003,0.000001,0.000001,0.999995
26969,0,0,0.995590,0.000001,0.000001,0.004409
28034,0,0,0.994087,0.000001,0.000001,0.005911
12043,1,1,0.000001,0.999875,0.000122,0.000002
12287,1,1,0.000000,0.999956,0.000043,0.000000
25056,0,0,0.994917,0.000001,0.000001,0.005081
17664,1,1,0.000017,0.999972,0.000005,0.000005
2916,3,3,0.000087,0.000022,0.000020,0.999871
5006,3,3,0.000291,0.000071,0.000052,0.999586
21413,0,0,0.997185,0.000001,0.000000,0.002814
4352,3,3,0.000258,0.000027,0.000035,0.999681
22314,0,0,0.989190,0.000002,0.000001,0.010806
33100,0,3,0.125767,0.000142,0.000129,0.873962
19891,1,1,0.000010,0.999984,0.000004,0.000002
27272,0,0,0.995868,0.000001,0.000001,0.004130
16103,1,1,0.000018,0.999971,0.000005,0.000006
24311,0,0,0.994881,0.000001,0.000001,0.005117
6520,3,3,0.000001,0.000000,0.000000,0.999999
31028,0,0,0.995211,0.000001,0.000001,0.004788
10008,1,1,0.000000,0.999978,0.000022,0.000000
2789,3,3,0.000003,0.000001,0.000001,0.999996
11550,1,1,0.000000,0.999992,0.000008,0.000000
21029,1,1,0.000019,0.999968,0.000005,0.000008
18932,1,1,0.000040,0.999925,0.000009,0.000026
17540,1,1,0.000032,0.999943,0.000011,0.000014
32662,0,0,0.996906,0.000001,0.000000,0.003093
9176,1,1,0.000013,0.999964,0.000017,0.000005
11007,1,1,0.000000,0.999973,0.000027,0.000000
24495,0,0,0.994730,0.000001,0.000001,0.005268
6715,2,2,0.000000,0.000022,0.999978,0.000001
6899,2,2,0.000000,0.000356,0.999624,0.000021
3254,3,3,0.000002,0.000001,0.000001,0.999997
9756,1,1,0.000000,0.999970,0.000030,0.000000
9498,1,1,0.000058,0.999877,0.000023,0.000042
16884,1,1,0.000021,0.999967,0.000005,0.000007
26364,0,0,0.994896,0.000001,0.000001,0.005102
12721,1,1,0.000000,0.999968,0.000032,0.000000
10581,1,1,0.000000,0.999991,0.000009,0.000000
11429,1,1,0.000000,0.999991,0.000008,0.000000
6580,2,2,0.000000,0.000072,0.999924,0.000004
23321,0,0,0.994657,0.000001,0.000001,0.005341
6827,2,2,0.000000,0.000018,0.999982,0.000001
2988,3,3,0.000003,0.000001,0.000001,0.999995
2522,3,3,0.000168,0.000015,0.000018,0.999799
19949,1,1,0.000020,0.999967,0.000006,0.000007
26007,0,0,0.995630,0.000001,0.000001,0.004368
5985,3,3,0.000609,0.000051,0.000047,0.999293
7649,2,2,0.000000,0.000094,0.999904,0.000003
30502,0,0,0.995546,0.000001,0.000001,0.004453
31654,0,0,0.995568,0.000001,0.000001,0.004431
23497,0,0,0.990878,0.000002,0.000001,0.009119
8010,2,2,0.000000,0.000009,0.999991,0.000000
12606,1,1,0.000000,0.999996,0.000004,0.000000
3134,3,3,0.000005,0.000002,0.000001,0.999992
5303,3,3,0.000813,0.000051,0.000051,0.999085
4598,3,3,0.000006,0.000002,0.000002,0.999991
28837,0,0,0.994429,0.000001,0.000001,0.005569
18988,1,1,0.000065,0.999887,0.000011,0.000036
9340,1,1,0.000017,0.999972,0.000006,0.000005
23932,0,0,0.993711,0.000002,0.000001,0.006286
12811,1,1,0.000000,0.999987,0.000012,0.000000
20298,1,1,0.000008,0.999988,0.000003,0.000002
31732,0,0,0.996266,0.000001,0.000001,0.003733
29988,0,0,0.992457,0.000002,0.000001,0.007541
11397,1,1,0.000000,0.999977,0.000022,0.000000
30945,0,0,0.996203,0.000001,0.000001,0.003796
27575,0,0,0.996358,0.000001,0.000001,0.003641
8868,2,2,0.000000,0.000014,0.999985,0.000001
23774,0,0,0.993904,0.000001,0.000001,0.006094
5643,3,3,0.000587,0.000050,0.000046,0.999317
25188,0,0,0.996049,0.000001,0.000001,0.003949
18075,1,1,0.000045,0.999927,0.000008,0.000019
23860,0,0,0.991669,0.000002,0.000001,0.008328
26563,0,0,0.995089,0.000001,0.000001,0.004909
5322,3,3,0.000814,0.000051,0.000051,0.999084
4009,3,3,0.000001,0.000000,0.000000,0.999998
5321,3,3,0.000815,0.000051,0.000051,0.999082
13152,1,1,0.000010,0.999982,0.000004,0.000004
4547,3,3,0.000003,0.000001,0.000001,0.999995
24305,0,0,0.995599,0.000001,0.000001,0.004399
30180,0,0,0.995650,0.000001,0.000001,0.004349
1260,3,3,0.000019,0.000005,0.000009,0.999968
6830,2,2,0.000000,0.000025,0.999974,0.000001
13604,1,1,0.000114,0.999800,0.000015,0.000071
25027,0,0,0.995432,0.000001,0.000001,0.004566
20741,1,1,0.000023,0.999958,0.000007,0.000011
7863,2,2,0.000000,0.000011,0.999988,0.000000
28024,0,0,0.996817,0.000001,0.000000,0.003182
30895,0,0,0.996001,0.000001,0.000001,0.003998
19196,1,1,0.000022,0.999966,0.000005,0.000008
25141,0,0,0.996121,0.000001,0.000001,0.003877
18482,1,1,0.000056,0.999900,0.000013,0.000032
1221,3,3,0.000004,0.000001,0.000002,0.999993
28059,0,0,0.996947,0.000001,0.000000,0.003052
27150,0,0,0.994952,0.000001,0.000001,0.005046
26445,0,0,0.995266,0.000001,0.000001,0.004732
24396,0,0,0.995171,0.000001,0.000001,0.004827
4168,3,3,0.000002,0.000001,0.000000,0.999997
3372,3,3,0.000089,0.000012,0.000015,0.999884
4808,3,3,0.000002,0.000001,0.000001,0.999997
15068,1,1,0.000004,0.999990,0.000005,0.000002
374,3,3,0.054987,0.054530,0.088985,0.801499
623,3,3,0.000016,0.000005,0.000004,0.999974
7945,2,2,0.000000,0.000009,0.999991,0.000000
26631,0,0,0.995612,0.000001,0.000001,0.004387
32954,0,3,0.148456,0.000141,0.000127,0.851276
23453,0,0,0.993766,0.000001,0.000001,0.006232
32284,0,0,0.996578,0.000001,0.000000,0.003421
1625,3,3,0.000007,0.000004,0.000002,0.999986
2640,3,3,0.000014,0.000003,0.000003,0.999980
28840,0,0,0.991639,0.000002,0.000001,0.008358
16072,1,1,0.000023,0.999960,0.000007,0.000010
23361,0,0,0.993090,0.000002,0.000001,0.006908
16306,1,1,0.000022,0.999964,0.000006,0.000008
18371,1,1,0.000052,0.999913,0.000012,0.000023
28686,0,0,0.993663,0.000002,0.000001,0.006335
28549,0,0,0.993540,0.000002,0.000001,0.006458
3538,3,3,0.000017,0.000003,0.000004,0.999976
18967,1,1,0.000035,0.999939,0.000012,0.000014
31845,0,0,0.996662,0.000001,0.000000,0.003336
32369,0,0,0.995781,0.000001,0.000001,0.004217
17962,1,1,0.000057,0.999902,0.000009,0.000032
28788,0,0,0.993841,0.000002,0.000001,0.006157
16560,1,1,0.000090,0.999848,0.000017,0.000045
5285,3,3,0.000829,0.000051,0.000052,0.999069
15575,1,1,0.000007,0.999987,0.000004,0.000001
30438,0,0,0.992965,0.000002,0.000001,0.007032
31643,0,0,0.996039,0.000001,0.000001,0.003959
7166,2,2,0.000000,0.000010,0.999990,0.000000
8608,2,2,0.000000,0.000017,0.999982,0.000001
8475,2,2,0.000000,0.000021,0.999979,0.000001
25024,0,0,0.994939,0.000001,0.000001,0.005059
25102,0,0,0.995415,0.000001,0.000001,0.004584
13563,1,1,0.000015,0.999973,0.000006,0.000005
11196,1,1,0.000000,0.999989,0.000011,0.000000
19525,1,1,0.000008,0.999988,0.000003,0.000002
10972,1,1,0.000000,0.999993,0.000007,0.000000
527,3,3,0.000011,0.000005,0.000004,0.999980
27388,0,0,0.995537,0.000001,0.000001,0.004462
28377,0,0,0.995946,0.000001,0.000001,0.004052
1646,3,3,0.000083,0.000039,0.000019,0.999859
27690,0,0,0.995060,0.000001,0.000001,0.004938
21096,1,1,0.000011,0.999983,0.000003,0.000003
19488,1,1,0.000008,0.999986,0.000004,0.000002
30522,0,0,0.994407,0.000001,0.000001,0.005591
18800,1,1,0.000016,0.999976,0.000003,0.000006
11110,1,1,0.000000,0.999982,0.000018,0.000000
1946,3,3,0.000003,0.000001,0.000001,0.999995
1567,3,3,0.000007,0.000002,0.000002,0.999989
16601,1,1,0.000034,0.999943,0.000010,0.000013
9486,1,1,0.000008,0.999985,0.000005,0.000002
8797,2,2,0.000000,0.000023,0.999975,0.000001
4034,3,3,0.000002,0.000001,0.000001,0.999996
24289,0,0,0.994877,0.000001,0.000001,0.005121
11578,1,1,0.000000,0.999973,0.000027,0.000000
8688,2,2,0.000000,0.000017,0.999983,0.000001
19954,1,1,0.000026,0.999957,0.000007,0.000010
32540,0,0,0.995654,0.000001,0.000001,0.004344
11373,1,1,0.000000,0.999989,0.000011,0.000000
4365,3,3,0.000004,0.000001,0.000001,0.999994
8833,2,2,0.000000,0.000016,0.999983,0.000001
9114,2,2,0.000000,0.000016,0.999984,0.000001
27621,0,0,0.995741,0.000001,0.000001,0.004257
28922,0,0,0.993547,0.000002,0.000001,0.006451
24621,0,0,0.995437,0.000001,0.000001,0.004561
28474,0,0,0.994661,0.000001,0.000001,0.005337
15134,1,1,0.000003,0.999995,0.000002,0.000000
4593,3,3,0.000002,0.000001,0.000001,0.999997
15702,1,1,0.000003,0.999996,0.000001,0.000000
6407,3,3,0.000627,0.000052,0.000048,0.999273
14723,1,1,0.000120,0.999752,0.000024,0.000104
26958,0,0,0.996257,0.000001,0.000001,0.003741
32839,0,0,0.995553,0.000001,0.000001,0.004446
23065,0,0,0.995384,0.000001,0.000001,0.004614
22344,0,0,0.988873,0.000002,0.000001,0.011123
21786,0,0,0.995091,0.000001,0.000001,0.004907
2367,3,3,0.000009,0.000002,0.000002,0.999986
6163,3,3,0.000612,0.000051,0.000047,0.999289
28393,0,0,0.994258,0.000001,0.000001,0.005740
21005,1,1,0.000027,0.999955,0.000008,0.000010
3512,3,3,0.000003,0.000001,0.000001,0.999996
31438,0,0,0.995931,0.000001,0.000001,0.004067
19472,1,1,0.000015,0.999975,0.000004,0.000005
11417,1,1,0.000000,0.999991,0.000009,0.000000
5507,3,3,0.000621,0.000052,0.000048,0.999279
18834,1,1,0.000037,0.999936,0.000010,0.000016
8127,2,2,0.000000,0.000018,0.999981,0.000001
28112,0,0,0.996071,0.000001,0.000001,0.003927
31594,0,0,0.995676,0.000001,0.000001,0.004323
10192,1,1,0.000000,0.999992,0.000008,0.000000
18400,1,1,0.000035,0.999938,0.000009,0.000018
9758,1,1,0.000000,0.999984,0.000016,0.000000
28771,0,0,0.995261,0.000001,0.000001,0.004737
31579,0,0,0.996461,0.000001,0.000000,0.003537
8723,2,2,0.000000,0.000009,0.999991,0.000000
1914,3,3,0.000083,0.000011,0.000011,0.999895
29385,0,0,0.995205,0.000001,0.000001,0.004794
8900,2,2,0.000000,0.000024,0.999975,0.000001
16182,1,1,0.000033,0.999947,0.000008,0.000012
23487,0,0,0.992276,0.000002,0.000001,0.007722
21595,0,0,0.992922,0.000002,0.000001,0.007075
15522,1,1,0.000006,0.999991,0.000002,0.000001
18364,1,1,0.000019,0.999970,0.000004,0.000008
9726,1,1,0.000000,0.999990,0.000010,0.000000
31034,0,0,0.993875,0.000001,0.000001,0.006122
10241,1,1,0.000000,0.999993,0.000007,0.000000
9774,1,1,0.000000,0.999980,0.000020,0.000000
26783,0,0,0.996237,0.000001,0.000001,0.003761
18275,1,1,0.000061,0.999894,0.000011,0.000034
13388,1,1,0.000036,0.999938,0.000009,0.000017
11223,1,1,0.000000,0.999987,0.000012,0.000000
3491,3,3,0.000004,0.000001,0.000001,0.999994
19744,1,1,0.000017,0.999973,0.000005,0.000005
10237,1,1,0.000000,0.999990,0.000010,0.000000
324,3,3,0.000008,0.000002,0.000002,0.999988
25505,0,0,0.994934,0.000001,0.000001,0.005064
27821,0,0,0.994701,0.000001,0.000001,0.005297
4490,3,3,0.000003,0.000001,0.000001,0.999995
7260,2,2,0.000000,0.000010,0.999990,0.000000
24662,0,0,0.995786,0.000001,0.000001,0.004212
32146,0,0,0.995719,0.000001,0.000001,0.004280
23115,0,0,0.996252,0.000001,0.000001,0.003747
11936,1,1,0.000000,0.999967,0.000032,0.000000
355,3,3,0.000002,0.000001,0.000001,0.999997
4521,3,3,0.000003,0.000001,0.000001,0.999995
14284,1,1,0.000003,0.999996,0.000001,0.000001
26357,0,0,0.995221,0.000001,0.000001,0.004777
2214,3,3,0.000003,0.000001,0.000001,0.999996
4345,3,3,0.000005,0.000001,0.000001,0.999993
17823,1,1,0.000034,0.999942,0.000008,0.000016
7469,2,2,0.000000,0.000011,0.999988,0.000000
20600,1,1,0.000014,0.999977,0.000005,0.000004
32504,0,0,0.995706,0.000001,0.000001,0.004292
11114,1,1,0.000000,0.999986,0.000014,0.000000
18038,1,1,0.000117,0.999773,0.000027,0.000083
10824,1,1,0.000000,0.999986,0.000014,0.000000
30105,0,0,0.991511,0.000002,0.000001,0.008486
18139,1,1,0.000092,0.999834,0.000019,0.000055
8963,2,2,0.000000,0.000009,0.999990,0.000000
25669,0,0,0.994933,0.000001,0.000001,0.005065
12707,1,1,0.000001,0.999826,0.000168,0.000005
32366,0,0,0.995283,0.000001,0.000001,0.004716
21191,1,1,0.000015,0.999977,0.000004,0.000005
2041,3,3,0.000102,0.000018,0.000016,0.999864
27170,0,0,0.993660,0.000002,0.000001,0.006338
13803,1,1,0.000009,0.999986,0.000003,0.000002
15218,1,1,0.000029,0.999955,0.000006,0.000011
32318,0,0,0.995700,0.000001,0.000001,0.004299
2871,3,3,0.000003,0.000001,0.000001,0.999995
11316,1,1,0.000000,0.999992,0.000009,0.000000
16501,1,1,0.000041,0.999930,0.000010,0.000020
9240,1,1,0.000008,0.999983,0.000007,0.000002
9920,1,1,0.000000,0.999981,0.000019,0.000000
7366,2,2,0.000000,0.000010,0.999990,0.000000
27961,0,0,0.994884,0.000001,0.000001,0.005114
15979,1,1,0.000060,0.999898,0.000018,0.000023
3065,3,3,0.000010,0.000002,0.000002,0.999985
22377,0,0,0.995138,0.000001,0.000001,0.004860
28791,0,0,0.992655,0.000002,0.000001,0.007343
14165,1,1,0.000110,0.999785,0.000018,0.000087
32474,0,0,0.995256,0.000001,0.000001,0.004742
9232,1,1,0.000008,0.999980,0.000010,0.000002
18025,1,1,0.000045,0.999924,0.000011,0.000020
2009,3,3,0.000882,0.000069,0.000081,0.998969
14069,1,1,0.000005,0.999992,0.000002,0.000001
32414,0,0,0.996187,0.000001,0.000001,0.003812
1992,3,3,0.000071,0.000008,0.000009,0.999912
5202,3,3,0.000824,0.000051,0.000052,0.999073
32450,0,0,0.996580,0.000001,0.000000,0.003419
6962,2,2,0.000000,0.000053,0.999944,0.000003
31168,0,0,0.996269,0.000001,0.000001,0.003730
9742,1,1,0.000000,0.999971,0.000029,0.000000
268,3,3,0.000048,0.000158,0.000019,0.999776
28418,0,0,0.993616,0.000002,0.000001,0.006381
28820,0,0,0.995404,0.000001,0.000001,0.004594
24023,0,0,0.992008,0.000002,0.000001,0.007989
10492,1,1,0.000000,0.999990,0.000010,0.000000
7832,2,2,0.000000,0.000010,0.999990,0.000000
8714,2,2,0.000000,0.000033,0.999966,0.000001
4213,3,3,0.000005,0.000001,0.000001,0.999993
11347,1,1,0.000000,0.999988,0.000012,0.000000
17914,1,1,0.000015,0.999975,0.000004,0.000005
22326,0,0,0.992317,0.000002,0.000001,0.007680
28101,0,0,0.995276,0.000001,0.000001,0.004722
1190,3,3,0.000006,0.000003,0.000002,0.999988
26781,0,0,0.996299,0.000001,0.000001,0.003699
11686,1,1,0.000000,0.999981,0.000019,0.000000
30195,0,0,0.996235,0.000001,0.000001,0.003764
22846,0,0,0.991697,0.000002,0.000001,0.008300
27369,0,0,0.994995,0.000001,0.000001,0.005004
12735,1,1,0.000000,0.999987,0.000013,0.000000
32118,0,0,0.995191,0.000001,0.000001,0.004807
23010,0,0,0.990341,0.000002,0.000001,0.009656
31648,0,0,0.996594,0.000001,0.000000,0.003405
17142,1,1,0.000030,0.999947,0.000011,0.000012
22596,0,0,0.993284,0.000002,0.000001,0.006713
11959,1,1,0.000000,0.999977,0.000023,0.000000
11998,1,1,0.000000,0.999992,0.000008,0.000000
17616,1,1,0.000049,0.999916,0.000011,0.000023
11965,1,1,0.000000,0.999987,0.000013,0.000000
21775,0,0,0.993139,0.000002,0.000001,0.006859
26190,0,0,0.995509,0.000001,0.000001,0.004489
30437,0,0,0.995924,0.000001,0.000001,0.004074
13075,1,1,0.000014,0.999976,0.000004,0.000005
18176,1,1,0.000087,0.999834,0.000018,0.000061
15302,1,1,0.000031,0.998512,0.001434,0.000023
9127,2,2,0.000000,0.000010,0.999990,0.000000
23948,0,0,0.993930,0.000001,0.000001,0.006067
25703,0,0,0.995149,0.000001,0.000001,0.004849
29820,0,0,0.993007,0.000002,0.000001,0.006991
9976,1,1,0.000000,0.999967,0.000033,0.000000
14567,1,1,0.000003,0.999996,0.000001,0.000000
6844,2,2,0.000000,0.000018,0.999981,0.000001
23358,0,0,0.992969,0.000002,0.000001,0.007029
27868,0,0,0.995993,0.000001,0.000001,0.004005
27629,0,0,0.993020,0.000002,0.000001,0.006977
3736,3,3,0.000018,0.000003,0.000004,0.999974
22529,0,0,0.992256,0.000002,0.000001,0.007742
6640,2,2,0.000000,0.000011,0.999989,0.000000
21839,0,0,0.993963,0.000001,0.000001,0.006035
22460,0,0,0.988193,0.000003,0.000001,0.011803
22359,0,0,0.991512,0.000002,0.000001,0.008485
24223,0,0,0.994888,0.000001,0.000001,0.005110
20220,1,1,0.000012,0.999979,0.000004,0.000004
1276,3,3,0.000001,0.000000,0.000000,0.999998
14349,1,1,0.000018,0.999964,0.000010,0.000008
11743,1,1,0.000000,0.999989,0.000011,0.000000
10160,1,1,0.000000,0.999995,0.000006,0.000000
14900,1,1,0.000007,0.999988,0.000004,0.000002
25640,0,0,0.995979,0.000001,0.000001,0.004020
22489,0,0,0.991172,0.000002,0.000001,0.008825
10775,1,1,0.000000,0.999991,0.000009,0.000000
11988,1,1,0.000000,0.999970,0.000030,0.000000
19442,1,1,0.000011,0.999983,0.000003,0.000003
15929,1,1,0.000207,0.999611,0.000045,0.000137
14724,1,1,0.000114,0.999760,0.000040,0.000086
4223,3,3,0.000004,0.000002,0.000001,0.999994
32984,0,3,0.152568,0.000140,0.000125,0.847167
3720,3,3,0.000002,0.000000,0.000001,0.999997
6275,3,3,0.000616,0.000052,0.000047,0.999285
3050,3,3,0.000001,0.000000,0.000000,0.999998
16541,1,1,0.000045,0.999916,0.000009,0.000030
24877,0,0,0.995389,0.000001,0.000001,0.004610
14783,1,1,0.000047,0.999915,0.000007,0.000031
11249,1,1,0.000000,0.999938,0.000061,0.000000
27637,0,0,0.993866,0.000001,0.000001,0.006132
5390,3,3,0.000819,0.000051,0.000052,0.999079
1989,3,3,0.000068,0.000007,0.000008,0.999918
2530,3,3,0.000006,0.000002,0.000001,0.999990
14784,1,1,0.000031,0.999947,0.000005,0.000018
29958,0,0,0.994340,0.000001,0.000001,0.005658
18298,1,1,0.000029,0.999951,0.000008,0.000012
27695,0,0,0.994717,0.000001,0.000001,0.005281
31564,0,0,0.996176,0.000001,0.000001,0.003822
26739,0,0,0.994076,0.000001,0.000001,0.005921
77,3,3,0.000003,0.000001,0.000001,0.999996
25105,0,0,0.995310,0.000001,0.000001,0.004688
17681,1,1,0.000021,0.999967,0.000004,0.000008
10105,1,1,0.000000,0.999990,0.000010,0.000000
17149,1,1,0.000028,0.999952,0.000008,0.000011
3385,3,3,0.000015,0.000003,0.000003,0.999979
30333,0,0,0.996115,0.000001,0.000001,0.003884
24982,0,0,0.995935,0.000001,0.000001,0.004064
29629,0,0,0.988901,0.000002,0.000001,0.011096
7982,2,2,0.000000,0.000010,0.999989,0.000000
12446,1,1,0.000000,0.999992,0.000008,0.000000
11467,1,1,0.000000,0.999992,0.000008,0.000000
32477,0,0,0.995964,0.000001,0.000001,0.004035
4413,3,3,0.000005,0.000001,0.000001,0.999993
32774,0,0,0.996415,0.000001,0.000001,0.003583
9918,1,1,0.000000,0.999990,0.000010,0.000000
20697,1,1,0.000018,0.999971,0.000005,0.000006
27443,0,0,0.994868,0.000001,0.000001,0.005130
31926,0,0,0.995895,0.000001,0.000001,0.004103
4177,3,3,0.000007,0.000002,0.000002,0.999989
13418,1,1,0.000008,0.999988,0.000002,0.000002
27350,0,0,0.994184,0.000001,0.000001,0.005814
30468,0,0,0.996431,0.000001,0.000000,0.003568
23290,0,0,0.993479,0.000002,0.000001,0.006519
16202,1,1,0.000050,0.999909,0.000009,0.000032
18357,1,1,0.000107,0.999801,0.000024,0.000069
22215,0,0,0.994205,0.000001,0.000001,0.005793
22915,0,0,0.988483,0.000002,0.000001,0.011513
31861,0,0,0.995501,0.000001,0.000001,0.004497
26228,0,0,0.995287,0.000001,0.000001,0.004712
3389,3,3,0.000010,0.000002,0.000002,0.999986
12935,1,1,0.000000,0.999987,0.000012,0.000000
1085,3,3,0.000009,0.000004,0.000003,0.999984
25481,0,0,0.994319,0.000001,0.000001,0.005679
19701,1,1,0.000014,0.999978,0.000004,0.000004
1779,3,3,0.000003,0.000001,0.000001,0.999995
26721,0,0,0.994391,0.000001,0.000001,0.005607
30419,0,0,0.997904,0.000001,0.000000,0.002095
23946,0,0,0.993817,0.000001,0.000001,0.006180
161,3,3,0.000010,0.000002,0.000002,0.999986
9698,1,1,0.000032,0.999948,0.000007,0.000014
18193,1,1,0.000006,0.999992,0.000001,0.000001
22471,0,0,0.993875,0.000001,0.000001,0.006123
2187,3,3,0.000014,0.000003,0.000003,0.999980
25087,0,0,0.995770,0.000001,0.000001,0.004229
20391,1,1,0.000007,0.999988,0.000003,0.000002
11627,1,1,0.000000,0.999990,0.000010,0.000000
21303,1,1,0.000013,0.999979,0.000003,0.000004
829,3,3,0.000002,0.000001,0.000001,0.999997
12452,1,1,0.000000,0.999989,0.000011,0.000000
5310,3,3,0.000817,0.000051,0.000051,0.999081
16165,1,1,0.000034,0.999945,0.000009,0.000012
28785,0,0,0.996646,0.000001,0.000000,0.003353
10452,1,1,0.000000,0.999969,0.000030,0.000000
1502,3,3,0.000003,0.000001,0.000001,0.999995
27745,0,0,0.993395,0.000002,0.000001,0.006603
8715,2,2,0.000000,0.000043,0.999952,0.000005
29223,0,0,0.993855,0.000001,0.000001,0.006143
5839,3,3,0.000615,0.000052,0.000047,0.999286
14628,1,1,0.000010,0.999986,0.000001,0.000003
16155,1,1,0.000068,0.999875,0.000011,0.000046
18948,1,1,0.000013,0.999979,0.000005,0.000004
3055,3,3,0.000001,0.000000,0.000000,0.999998
22244,0,0,0.994503,0.000001,0.000001,0.005495
18538,1,1,0.000022,0.999966,0.000005,0.000007
20398,1,1,0.000014,0.999978,0.000004,0.000005
5588,3,3,0.000609,0.000051,0.000047,0.999292
15791,1,1,0.000004,0.999994,0.000002,0.000001
9490,1,1,0.000044,0.999924,0.000013,0.000019
26859,0,0,0.995076,0.000001,0.000001,0.004923
11874,1,1,0.000000,0.999982,0.000018,0.000000
31766,0,0,0.996431,0.000001,0.000000,0.003568
2355,3,3,0.000024,0.000006,0.000004,0.999966
2699,3,3,0.000025,0.000006,0.000005,0.999964
9377,1,1,0.000023,0.999958,0.000010,0.000008
15374,1,1,0.000005,0.999987,0.000007,0.000001
5146,3,3,0.000848,0.000051,0.000052,0.999049
28420,0,0,0.997214,0.000001,0.000000,0.002785
3225,3,3,0.000535,0.000081,0.000053,0.999332
23852,0,0,0.991780,0.000002,0.000001,0.008217
18827,1,1,0.000099,0.999802,0.000017,0.000083
2220,3,3,0.000012,0.000002,0.000002,0.999983
20930,1,1,0.000016,0.999974,0.000006,0.000005
23013,0,0,0.992010,0.000002,0.000001,0.007987
9915,1,1,0.000000,0.999945,0.000055,0.000000
30398,0,0,0.993868,0.000001,0.000001,0.006130
25688,0,0,0.995701,0.000001,0.000001,0.004297
20643,1,1,0.000021,0.999965,0.000004,0.000009
13663,1,1,0.000013,0.999978,0.000004,0.000005
22656,0,0,0.991832,0.000002,0.000001,0.008165
6878,2,2,0.000000,0.000018,0.999981,0.000001
27993,0,0,0.996319,0.000001,0.000001,0.003680
32105,0,0,0.995886,0.000001,0.000001,0.004112
19197,1,1,0.000039,0.999934,0.000007,0.000020
4896,3,3,0.000001,0.000000,0.000000,0.999998
19679,1,1,0.000127,0.999700,0.000015,0.000157
16971,1,1,0.000045,0.999923,0.000013,0.000019
14323,1,1,0.000021,0.999962,0.000008,0.000010
10978,1,1,0.000000,0.999993,0.000007,0.000000
28422,0,0,0.997369,0.000001,0.000000,0.002630
32418,0,0,0.995118,0.000001,0.000001,0.004880
31552,0,0,0.995281,0.000001,0.000001,0.004717
10652,1,1,0.000000,0.999990,0.000010,0.000000
5096,3,3,0.000030,0.000011,0.000007,0.999952
8544,2,2,0.000000,0.000011,0.999989,0.000000
13214,1,1,0.000016,0.999974,0.000006,0.000004
2249,3,3,0.000016,0.000003,0.000003,0.999978
31130,0,0,0.994982,0.000001,0.000001,0.005016
30422,0,0,0.988796,0.000002,0.000001,0.011201
3782,3,3,0.000004,0.000001,0.000001,0.999994
24726,0,0,0.995180,0.000001,0.000001,0.004818
29293,0,0,0.994015,0.000001,0.000001,0.005982
5846,3,3,0.000597,0.000051,0.000046,0.999305
10310,1,1,0.000000,0.999996,0.000004,0.000000
24782,0,0,0.995750,0.000001,0.000001,0.004248
32959,0,3,0.150988,0.000140,0.000126,0.848746
13398,1,1,0.000027,0.999957,0.000008,0.000007
31670,0,0,0.995787,0.000001,0.000001,0.004212
28918,0,0,0.996938,0.000001,0.000000,0.003060
12652,1,1,0.000000,0.999991,0.000009,0.000000
24229,0,0,0.994390,0.000001,0.000001,0.005608
31546,0,0,0.996963,0.000001,0.000000,0.003036
21322,1,1,0.000050,0.999908,0.000011,0.000031
29546,0,0,0.993920,0.000001,0.000001,0.006078
16316,1,1,0.000030,0.999950,0.000007,0.000012
15954,1,1,0.000025,0.999956,0.000008,0.000010
484,3,3,0.000001,0.000000,0.000000,0.999999
4501,3,3,0.000081,0.000036,0.000033,0.999850
22296,0,0,0.993336,0.000002,0.000001,0.006661
12132,1,1,0.000000,0.999994,0.000006,0.000000
12897,1,1,0.000000,0.999985,0.000015,0.000000
27016,0,0,0.995504,0.000001,0.000001,0.004494
20063,1,1,0.000008,0.999987,0.000003,0.000002
261,3,3,0.000001,0.000000,0.000000,0.999999
13474,1,1,0.000010,0.999981,0.000005,0.000004
8100,2,2,0.000000,0.000011,0.999988,0.000000
22541,0,0,0.992478,0.000002,0.000001,0.007519
14502,1,1,0.000016,0.999973,0.000004,0.000007
24108,0,0,0.994864,0.000001,0.000001,0.005134
31058,0,0,0.995586,0.000001,0.000001,0.004412
28334,0,0,0.996068,0.000001,0.000001,0.003931
14077,1,1,0.000055,0.999913,0.000012,0.000020
